Vulnerable Library,CVE ID,CVE Severity,Products Affected,Affected Products,Enterprises Exposed
twentytwentyone 2.7.0,N/A,Critical,1,WordPress,2338038
form-data 2.3.3,CVE-2025-7783,Critical,13,"Angular Material, AngularJS, Apache Hadoop, Bolt, CloudStack, Concrete5, Less, Liferay, Neos, Piwik, Ruby on Rails, WooCommerce, ZURB Foundation",1738932
handlebars 4.7.8,CVE-2026-33937,Critical,13,"Angular Material, AngularJS, Apache Hadoop, Discourse, Ghost, Grafana, Liferay, Piwik, Presto, Selenium, Umbraco, WooCommerce, dotCMS",1554822
form-data 4.0.0,CVE-2025-7783,Critical,6,"Commerce Software, Ionic Framework, Liferay, React, WooCommerce, dotCMS",1483954
loader-utils 1.2.3,CVE-2022-37601,Critical,3,"AngularJS, Neos, React",1478878
cipher-base 1.0.4,CVE-2025-9287,Critical,6,"CloudStack, Ghost, Meteor, Neos, React, WooCommerce",1380205
sha.js 2.4.11,CVE-2025-9288,Critical,6,"CloudStack, Ghost, Meteor, Neos, React, WooCommerce",1380205
pbkdf2 3.1.2,CVE-2025-6545,Critical,5,"CloudStack, Ghost, Meteor, React, WooCommerce",1378116
pbkdf2 3.1.2,CVE-2025-6547,Critical,5,"CloudStack, Ghost, Meteor, React, WooCommerce",1378116
elliptic 6.5.4,N/A,Critical,3,"CloudStack, React, WooCommerce",1329919
basic-ftp 5.0.5,CVE-2026-27699,Critical,3,"React, Rust, WooCommerce",1327276
json-schema 0.2.3,CVE-2021-3918,Critical,6,"Apache Ambari, Apache Hadoop, Liferay, Neos, Piwik, React",1216683
minimist 1.2.5,CVE-2021-44906,Critical,4,"Apache Hadoop, Liferay, LocomotiveCMS, React",1119132
form-data 2.1.4,CVE-2025-7783,Critical,4,"Apache Ambari, Apache Hadoop, Neos, React",1096732
loader-utils 1.4.0,CVE-2022-37601,Critical,4,"Ionic Framework, Liferay, Neos, React",1056655
eventsource 0.1.6,CVE-2022-1650,Critical,2,"Piwik, React",1003661
babel-traverse 6.26.0,CVE-2023-45133,Critical,6,"Ghost, Liferay, LocomotiveCMS, Neos, OrientDB, React",1001272
loader-utils 1.1.0,CVE-2022-37601,Critical,3,"Liferay, OrientDB, React",993101
deep-extend 0.4.1,CVE-2018-3750,Critical,2,"Apache Ambari, React",964615
fsevents 1.1.1,CVE-2023-45311,Critical,2,"Apache Ambari, React",964615
fsevents 1.1.1,N/A,Critical,2,"Apache Ambari, React",964615
growl 1.8.1,CVE-2017-16042,Critical,2,"Apache Ambari, React",964615
lodash 4.17.4,CVE-2019-10744,Critical,2,"Apache Ambari, React",964615
loader-utils 2.0.0,CVE-2022-37601,Critical,2,"Druid, React",943519
loader-utils 0.2.16,CVE-2022-37601,Critical,2,"OrientDB, React",940526
lodash 4.17.11,CVE-2019-10744,Critical,2,"Neos, React",938374
pbkdf2 3.1.1,CVE-2025-6545,Critical,2,"Neos, React",938374
pbkdf2 3.1.1,CVE-2025-6547,Critical,2,"Neos, React",938374
loader-utils 0.2.17,CVE-2022-37601,Critical,2,"Bolt, React",937124
chrome-launcher 0.10.5,CVE-2020-7645,Critical,1,React,936285
deep-extend 0.4.2,CVE-2018-3750,Critical,1,React,936285
deep-extend 0.5.0,CVE-2018-3750,Critical,1,React,936285
elliptic 6.4.0,N/A,Critical,1,React,936285
eventsource 1.1.0,CVE-2022-1650,Critical,1,React,936285
form-data 2.1.2,CVE-2025-7783,Critical,1,React,936285
fsevents 1.0.17,CVE-2023-45311,Critical,1,React,936285
fsevents 1.0.17,N/A,Critical,1,React,936285
fsevents 1.1.2,CVE-2023-45311,Critical,1,React,936285
fsevents 1.1.2,N/A,Critical,1,React,936285
fsevents 1.1.3,CVE-2023-45311,Critical,1,React,936285
fsevents 1.1.3,N/A,Critical,1,React,936285
macaddress 0.2.8,CVE-2018-13797,Critical,1,React,936285
open 0.0.5,N/A,Critical,1,React,936285
pbkdf2 3.0.13,CVE-2025-6545,Critical,1,React,936285
pbkdf2 3.0.13,CVE-2025-6547,Critical,1,React,936285
pbkdf2 3.0.14,CVE-2025-6545,Critical,1,React,936285
pbkdf2 3.0.14,CVE-2025-6547,Critical,1,React,936285
sha.js 2.2.6,CVE-2025-9288,Critical,1,React,936285
sha.js 2.4.8,CVE-2025-9288,Critical,1,React,936285
sha.js 2.4.9,CVE-2025-9288,Critical,1,React,936285
shell-quote 1.7.1,CVE-2021-42740,Critical,1,React,936285
url-parse 1.0.5,CVE-2018-3774,Critical,1,React,936285
url-parse 1.0.5,CVE-2022-0686,Critical,1,React,936285
url-parse 1.1.7,CVE-2018-3774,Critical,1,React,936285
url-parse 1.1.7,CVE-2022-0686,Critical,1,React,936285
url-parse 1.1.9,CVE-2018-3774,Critical,1,React,936285
url-parse 1.1.9,CVE-2022-0686,Critical,1,React,936285
url-parse 1.2.0,CVE-2018-3774,Critical,1,React,936285
url-parse 1.2.0,CVE-2022-0686,Critical,1,React,936285
url-parse 1.5.1,CVE-2022-0686,Critical,1,React,936285
form-data 3.0.1,CVE-2025-7783,Critical,3,"Ionic Framework, Liferay, WooCommerce",505232
j178/prek-action v1,N/A,Critical,1,Python,392149
fast-xml-parser 5.3.0,CVE-2026-25896,Critical,1,WooCommerce,386951
form-data 2.5.1,CVE-2025-7783,Critical,1,WooCommerce,386951
locutus 2.0.16,CVE-2026-25521,Critical,1,WooCommerce,386951
locutus 2.0.16,CVE-2026-32304,Critical,1,WooCommerce,386951
simple-git 3.21.0,CVE-2026-28292,Critical,1,WooCommerce,386951
lodash 3.10.1,CVE-2019-10744,Critical,5,"Apache Ambari, Apache Hadoop, Apache Tez, Liferay, Neos",219290
minimist 1.2.0,CVE-2021-44906,Critical,5,"Apache Ambari, Apache Hadoop, Apache Tez, Liferay, Neos",219290
minimist 0.0.8,CVE-2021-44906,Critical,6,"Apache Ambari, Apache Hadoop, Liferay, LocomotiveCMS, Neos, OrientDB",217507
derby 10.14.2.0,CVE-2022-46337,Critical,4,"Apache Hadoop, Apache Oozie, Druid, Jahia",201867
h11 0.14.0,CVE-2025-43859,Critical,1,MongoDB,174761
pillow 10.0.1,CVE-2023-50447,Critical,1,MongoDB,174761
derby 10.16.1.1,CVE-2022-46337,Critical,1,Apache Spark,170568
form-data 1.0.1,CVE-2025-7783,Critical,3,"Apache Ambari, Apache Hadoop, Apache Tez",164626
flink-dashboard 2.0.0,N/A,Critical,1,Apache Flink,159046
log4j-core @log4j.version@,CVE-2021-45046,Critical,1,Apache Flink,159046
socket.io-parser 2.3.1,CVE-2022-2421,Critical,2,"Apache Ambari, Apache Hadoop",158358
xmlhttprequest-ssl 1.5.3,CVE-2020-28502,Critical,2,"Apache Ambari, Apache Hadoop",158358
xmlhttprequest-ssl 1.5.3,CVE-2021-31597,Critical,2,"Apache Ambari, Apache Hadoop",158358
kramdown 1.17.0,CVE-2020-14001,Critical,4,"Apache Mesos, Capistrano, Marathon, Scala",157285
lodash 2.4.2,CVE-2019-10744,Critical,3,"Apache Ambari, Apache Tez, Less",146223
log4j 1.2.17,CVE-2019-17571,Critical,7,"Apache Ambari, Apache Flume, Apache Giraph, Apache Oozie, GlassFish, GridGain, Weka",137789
log4j 1.2.17,CVE-2022-23305,Critical,7,"Apache Ambari, Apache Flume, Apache Giraph, Apache Oozie, GlassFish, GridGain, Weka",137789
log4j 1.2.17,CVE-2022-23307,Critical,7,"Apache Ambari, Apache Flume, Apache Giraph, Apache Oozie, GlassFish, GridGain, Weka",137789
lodash 2.3.0,CVE-2019-10744,Critical,2,"Apache Hadoop, Apache Tez",136296
socket.io-parser 2.2.2,CVE-2022-2421,Critical,2,"Apache Hadoop, Apache Tez",136296
socket.io-parser 2.2.4,CVE-2022-2421,Critical,2,"Apache Hadoop, Apache Tez",136296
xmlhttprequest-ssl 1.5.1,CVE-2020-28502,Critical,2,"Apache Hadoop, Apache Tez",136296
xmlhttprequest-ssl 1.5.1,CVE-2021-31597,Critical,2,"Apache Hadoop, Apache Tez",136296
aquasecurity/trivy-action v0.33.1,CVE-2026-33634,Critical,1,Apache Kafka,130978
htmlunit 2.70.0,CVE-2023-26119,Critical,2,"GlassFish, Hive",130795
apidoc-core 0.8.3,CVE-2025-13158,Critical,1,Apache Hadoop,130028
lodash-es 3.10.1,CVE-2019-10744,Critical,1,Apache Hadoop,130028
logback-classic 1.1.2,CVE-2017-5929,Critical,1,Apache Hadoop,130028
xmldom 0.1.31,CVE-2022-39353,Critical,1,Apache Hadoop,130028
laminas/laminas-http 2.3.1,CVE-2021-3007,Critical,1,Magento Commerce,115807
laminas/laminas-http 2.4.0,CVE-2021-3007,Critical,1,Magento Commerce,115807
laminas/laminas-http 2.8.4,CVE-2021-3007,Critical,1,Magento Commerce,115807
netty 3.10.5.Final,CVE-2019-20444,Critical,1,Hive,115545
plexus-utils 1.5.6,CVE-2017-1000487,Critical,1,Hive,115545
form-data 0.0.8,CVE-2025-7783,Critical,1,Less,111625
lodash 2.4.1,CVE-2019-10744,Critical,1,Less,111625
underscore 1.4.4,CVE-2021-23358,Critical,1,Less,111625
@xmldom/xmldom 0.8.3,CVE-2022-39353,Critical,2,"Ghost, Ravenjs",108209
logback-classic 1.0.13,CVE-2017-5929,Critical,1,SonarQube,87080
logback-core 1.0.13,CVE-2017-5929,Critical,1,SonarQube,87080
loader-utils 2.0.2,CVE-2022-37601,Critical,2,"CloudStack, Ionic Framework",72389
fast-xml-parser 4.2.5,CVE-2026-25896,Critical,1,Piwik,67376
fast-xml-parser 4.5.0,CVE-2026-25896,Critical,1,Piwik,67376
koa 2.7.0,CVE-2025-25200,Critical,1,Piwik,67376
webpack 5.51.1,CVE-2023-28154,Critical,1,Piwik,67376
jackson-databind @jackson.version@,CVE-2017-17485,Critical,1,Jetty,65973
jackson-databind @jackson.version@,CVE-2017-7525,Critical,1,Jetty,65973
jackson-databind @jackson.version@,CVE-2018-7489,Critical,1,Jetty,65973
jackson-databind @jackson.version@,CVE-2019-14379,Critical,1,Jetty,65973
jackson-databind @jackson.version@,CVE-2019-14540,Critical,1,Jetty,65973
jackson-databind @jackson.version@,CVE-2019-16335,Critical,1,Jetty,65973
jackson-databind @jackson.version@,CVE-2019-16943,Critical,1,Jetty,65973
jackson-databind @jackson.version@,CVE-2019-17267,Critical,1,Jetty,65973
jackson-databind @jackson.version@,CVE-2019-17531,Critical,1,Jetty,65973
@angular/ssr 17.0.0,CVE-2026-27739,Critical,1,Ionic Framework,65706
@angular/ssr 18.0.2,CVE-2026-27739,Critical,1,Ionic Framework,65706
@angular/ssr 19.0.2,CVE-2026-27739,Critical,1,Ionic Framework,65706
@angular/ssr 20.0.3,CVE-2026-27739,Critical,1,Ionic Framework,65706
@babel/traverse 7.18.2,CVE-2023-45133,Critical,1,Ionic Framework,65706
@nguniversal/common 16.0.0,CVE-2026-27739,Critical,1,Ionic Framework,65706
@nguniversal/express-engine 16.0.0,CVE-2026-27739,Critical,1,Ionic Framework,65706
webpack 5.73.0,CVE-2023-28154,Critical,1,Ionic Framework,65706
hadoop-common 2.8.5,CVE-2021-37404,Critical,2,"Apache Oozie, GridGain",61320
hadoop-common 2.8.5,CVE-2022-25168,Critical,2,"Apache Oozie, GridGain",61320
hadoop-common 2.8.5,CVE-2022-26612,Critical,2,"Apache Oozie, GridGain",61320
activemq-client 5.15.9,CVE-2023-46604,Critical,1,Apache Oozie,59842
avro 1.8.2,CVE-2024-47561,Critical,1,Apache Oozie,59842
hive-jdbc 1.2.2,CVE-2018-1282,Critical,1,Apache Oozie,59842
jackson-databind 2.6.7.5,CVE-2017-17485,Critical,1,Apache Oozie,59842
jackson-databind 2.6.7.5,CVE-2018-11307,Critical,1,Apache Oozie,59842
jackson-databind 2.6.7.5,CVE-2018-14719,Critical,1,Apache Oozie,59842
jackson-databind 2.6.7.5,CVE-2019-14379,Critical,1,Apache Oozie,59842
jackson-databind 2.6.7.5,CVE-2019-17267,Critical,1,Apache Oozie,59842
jackson-databind 2.6.7.5,CVE-2020-9547,Critical,1,Apache Oozie,59842
jackson-databind 2.6.7.5,CVE-2020-9548,Critical,1,Apache Oozie,59842
spark-core_2.10 1.6.1,CVE-2018-17190,Critical,1,Apache Oozie,59842
set-value 0.4.3,CVE-2019-10747,Critical,3,"Liferay, Neos, OrientDB",58905
set-value 2.0.0,CVE-2019-10747,Critical,3,"Liferay, Neos, OrientDB",58905
@babel/traverse 7.4.0,CVE-2023-45133,Critical,2,"Liferay, Neos",54664
minimist 1.1.3,CVE-2021-44906,Critical,2,"Liferay, Neos",54664
mixin-deep 1.3.1,CVE-2019-10746,Critical,2,"Liferay, Neos",54664
@babel/traverse 7.22.10,CVE-2023-45133,Critical,2,"Liferay, Thelia",52714
@babel/traverse 7.12.1,CVE-2023-45133,Critical,1,Liferay,52575
@babel/traverse 7.21.5,CVE-2023-45133,Critical,1,Liferay,52575
@babel/traverse 7.22.20,CVE-2023-45133,Critical,1,Liferay,52575
@babel/traverse 7.4.5,CVE-2023-45133,Critical,1,Liferay,52575
billboard.js 1.12.12,CVE-2025-49223,Critical,1,Liferay,52575
billboard.js 1.8.1,CVE-2025-49223,Critical,1,Liferay,52575
fast-xml-parser 4.4.1,CVE-2026-25896,Critical,1,Liferay,52575
form-data 3.0.2,CVE-2025-7783,Critical,1,Liferay,52575
fsevents 1.2.9,CVE-2023-45311,Critical,1,Liferay,52575
fsevents 1.2.9,N/A,Critical,1,Liferay,52575
jetty-server 8.1.8.v20121106,CVE-2017-7657,Critical,1,Liferay,52575
jetty-server 8.1.8.v20121106,CVE-2017-7658,Critical,1,Liferay,52575
jspdf 3.0.4,CVE-2025-68428,Critical,1,Liferay,52575
jspdf 3.0.4,CVE-2026-31938,Critical,1,Liferay,52575
lodash-es 4.17.11,CVE-2019-10744,Critical,1,Liferay,52575
lodash-es 4.17.4,CVE-2019-10744,Critical,1,Liferay,52575
log4j 1.2.14,CVE-2019-17571,Critical,1,Liferay,52575
log4j 1.2.14,CVE-2022-23305,Critical,1,Liferay,52575
log4j 1.2.14,CVE-2022-23307,Critical,1,Liferay,52575
set-getter 0.1.0,CVE-2021-25949,Critical,1,Liferay,52575
shiro-core 1.1.0,CVE-2016-4437,Critical,1,Liferay,52575
shiro-core 1.1.0,CVE-2020-11989,Critical,1,Liferay,52575
shiro-core 1.1.0,CVE-2020-1957,Critical,1,Liferay,52575
shiro-core 1.1.0,CVE-2021-41303,Critical,1,Liferay,52575
shiro-core 1.1.0,CVE-2022-32532,Critical,1,Liferay,52575
shiro-core 1.1.0,CVE-2022-40664,Critical,1,Liferay,52575
spring-beans 4.1.2.RELEASE,CVE-2022-22965,Critical,1,Liferay,52575
spring-beans 4.1.9.RELEASE,CVE-2022-22965,Critical,1,Liferay,52575
spring-security-core 5.5.1,CVE-2022-22978,Critical,1,Liferay,52575
spring-security-web 5.5.1,CVE-2022-22978,Critical,1,Liferay,52575
spring-security-web 5.5.1,CVE-2024-38821,Critical,1,Liferay,52575
spring-security-web 5.5.1,CVE-2026-22732,Critical,1,Liferay,52575
spring-web 4.1.2.RELEASE,CVE-2016-1000027,Critical,1,Liferay,52575
spring-web 4.1.9.RELEASE,CVE-2016-1000027,Critical,1,Liferay,52575
spring-webmvc 4.1.2.RELEASE,CVE-2022-22965,Critical,1,Liferay,52575
spring-webmvc 4.1.9.RELEASE,CVE-2022-22965,Critical,1,Liferay,52575
underscore 1.9.1,CVE-2021-23358,Critical,1,Liferay,52575
commons-collections 3.2.1,CVE-2015-7501,Critical,3,"Apache Ambari, Apache Giraph, GlassFish",44061
google.golang.org/grpc v1.71.1,CVE-2026-33186,Critical,1,Swarm,43748
google.golang.org/grpc v1.75.0,CVE-2026-33186,Critical,1,Swarm,43748
@babel/traverse 7.7.2,CVE-2023-45133,Critical,1,Meteor,42359
elliptic 6.5.5,N/A,Critical,1,Meteor,42359
growl 1.9.2,CVE-2017-16042,Critical,3,"Apache Ambari, Apache Tez, Ghost",40436
underscore 1.8.3,CVE-2021-23358,Critical,3,"Apache Ambari, Apache Tez, Ghost",40436
dompurify 2.4.0,CVE-2024-48910,Critical,1,Commerce Software,35570
fast-xml-parser 5.0.9,CVE-2026-25896,Critical,1,Commerce Software,35570
maildev 2.1.0,CVE-2024-27448,Critical,1,Commerce Software,35570
lodash 3.7.0,CVE-2019-10744,Critical,2,"Apache Ambari, Apache Tez",34598
morgan 1.8.1,CVE-2019-5413,Critical,2,"Apache Ambari, Apache Tez",34598
uglify-js 2.3.6,CVE-2015-8857,Critical,2,"Apache Ambari, Apache Tez",34598
xmldom 0.1.27,CVE-2022-39353,Critical,2,"Apache Ambari, Apache Tez",34598
zookeeper 3.5.5,CVE-2023-44981,Critical,2,"Alluxio, Apache Ambari",30482
avro 1.7.4,CVE-2024-47561,Critical,2,"Apache Ambari, Apache MINA",29037
jackson-mapper-asl 1.9.2,CVE-2019-10202,Critical,2,"Apache Ambari, Apache Giraph",28811
babel-traverse 6.24.1,CVE-2023-45133,Critical,1,Apache Ambari,28330
c3p0 [0.9.5.4],CVE-2018-20433,Critical,1,Apache Ambari,28330
deep-extend 0.2.11,CVE-2018-3750,Critical,1,Apache Ambari,28330
form-data 0.2.0,CVE-2025-7783,Critical,1,Apache Ambari,28330
fsevents 0.3.0,CVE-2023-45311,Critical,1,Apache Ambari,28330
fsevents 0.3.8,CVE-2023-45311,Critical,1,Apache Ambari,28330
h2 1.4.193,CVE-2021-42392,Critical,1,Apache Ambari,28330
h2 1.4.193,CVE-2022-23221,Critical,1,Apache Ambari,28330
hadoop-common 2.2.0,CVE-2021-37404,Critical,1,Apache Ambari,28330
hadoop-common 2.2.0,CVE-2022-25168,Critical,1,Apache Ambari,28330
hadoop-common 2.2.0,CVE-2022-26612,Critical,1,Apache Ambari,28330
hadoop-common 2.7.7,CVE-2021-37404,Critical,1,Apache Ambari,28330
hadoop-common 2.7.7,CVE-2022-25168,Critical,1,Apache Ambari,28330
hadoop-common 2.7.7,CVE-2022-26612,Critical,1,Apache Ambari,28330
handlebars 1.0.12,CVE-2019-19919,Critical,1,Apache Ambari,28330
handlebars 1.0.12,CVE-2021-23369,Critical,1,Apache Ambari,28330
handlebars 1.0.12,CVE-2021-23383,Critical,1,Apache Ambari,28330
handlebars 2.0.0,CVE-2019-19919,Critical,1,Apache Ambari,28330
handlebars 2.0.0,CVE-2021-23369,Critical,1,Apache Ambari,28330
handlebars 2.0.0,CVE-2021-23383,Critical,1,Apache Ambari,28330
handlebars 4.0.6,CVE-2019-19919,Critical,1,Apache Ambari,28330
handlebars 4.0.6,CVE-2021-23369,Critical,1,Apache Ambari,28330
handlebars 4.0.6,CVE-2021-23383,Critical,1,Apache Ambari,28330
handlebars 4.0.6,CVE-2026-33937,Critical,1,Apache Ambari,28330
jackson-databind 2.4.0,CVE-2017-15095,Critical,1,Apache Ambari,28330
jackson-databind 2.4.0,CVE-2017-17485,Critical,1,Apache Ambari,28330
jackson-databind 2.4.0,CVE-2017-7525,Critical,1,Apache Ambari,28330
jackson-databind 2.4.0,CVE-2018-11307,Critical,1,Apache Ambari,28330
jackson-databind 2.4.0,CVE-2018-14718,Critical,1,Apache Ambari,28330
jackson-databind 2.4.0,CVE-2018-14719,Critical,1,Apache Ambari,28330
jackson-databind 2.4.0,CVE-2018-19362,Critical,1,Apache Ambari,28330
jackson-databind 2.4.0,CVE-2018-7489,Critical,1,Apache Ambari,28330
jackson-databind 2.4.0,CVE-2019-14379,Critical,1,Apache Ambari,28330
jackson-databind 2.4.0,CVE-2019-14540,Critical,1,Apache Ambari,28330
jackson-databind 2.4.0,CVE-2019-16335,Critical,1,Apache Ambari,28330
jackson-databind 2.4.0,CVE-2019-16942,Critical,1,Apache Ambari,28330
jackson-databind 2.4.0,CVE-2019-16943,Critical,1,Apache Ambari,28330
jackson-databind 2.4.0,CVE-2019-17267,Critical,1,Apache Ambari,28330
jackson-databind 2.4.0,CVE-2019-17531,Critical,1,Apache Ambari,28330
jackson-databind 2.4.0,CVE-2019-20330,Critical,1,Apache Ambari,28330
jackson-databind 2.4.0,CVE-2020-8840,Critical,1,Apache Ambari,28330
jackson-databind 2.4.0,CVE-2020-9547,Critical,1,Apache Ambari,28330
jackson-databind 2.4.0,CVE-2020-9548,Critical,1,Apache Ambari,28330
java-xmlbuilder 0.4,CVE-2014-125087,Critical,1,Apache Ambari,28330
lodash 4.16.6,CVE-2019-10744,Critical,1,Apache Ambari,28330
netty 3.7.0.Final,CVE-2019-20444,Critical,1,Apache Ambari,28330
nimbus-jose-jwt 5.9,CVE-2019-17195,Critical,1,Apache Ambari,28330
spring-beans 3.1.2.RELEASE,CVE-2022-22965,Critical,1,Apache Ambari,28330
spring-beans 4.0.5.RELEASE,CVE-2022-22965,Critical,1,Apache Ambari,28330
spring-security-web 6.0.8,CVE-2024-38821,Critical,1,Apache Ambari,28330
spring-security-web 6.0.8,CVE-2026-22732,Critical,1,Apache Ambari,28330
spring-web 4.0.5.RELEASE,CVE-2016-1000027,Critical,1,Apache Ambari,28330
spring-webmvc 4.0.5.RELEASE,CVE-2022-22965,Critical,1,Apache Ambari,28330
uglify-js 1.3.2,CVE-2015-8857,Critical,1,Apache Ambari,28330
avro 1.11.1,CVE-2024-47561,Critical,1,Apache Flume,28178
hadoop-common 3.2.2,CVE-2021-37404,Critical,1,Apache Flume,28178
hadoop-common 3.2.2,CVE-2022-25168,Critical,1,Apache Flume,28178
hadoop-common 3.2.2,CVE-2022-26612,Critical,1,Apache Flume,28178
mina-core 2.1.5,CVE-2024-52046,Critical,1,Apache Flume,28178
parquet-avro 1.11.2,CVE-2025-30065,Critical,1,Apache Flume,28178
nokogiri 1.13.6,N/A,Critical,1,Apache Mesos,27494
rack 1.6.12,CVE-2022-30123,Critical,1,Apache Mesos,27494
golang.org/x/crypto v0.27.0,CVE-2024-45337,Critical,1,Liquibase,25920
liquibase-core 0-SNAPSHOT,CVE-2022-0839,Critical,1,Liquibase,25920
liquibase-core 1.0-SNAPSHOT,CVE-2022-0839,Critical,1,Liquibase,25920
h2 1.4.199,CVE-2021-42392,Critical,1,Presto,22940
h2 1.4.199,CVE-2022-23221,Critical,1,Presto,22940
form-data 0.1.4,CVE-2025-7783,Critical,1,Emberjs,18683
postgresql 42.1.1.jre7,CVE-2024-1597,Critical,1,Jython,18048
form-data 4.0.2,CVE-2025-7783,Critical,1,EllisLab ExpressionEngine,16978
mysql2 2.3.3,CVE-2024-21508,Critical,1,EllisLab ExpressionEngine,16978
mysql2 2.3.3,CVE-2024-21511,Critical,1,EllisLab ExpressionEngine,16978
htmlunit 2.58.0,CVE-2023-26119,Critical,1,GlassFish,15250
sshd-core 1.7.0,CVE-2022-45047,Critical,2,"Cask Data Application Platform, Vaadin",12997
nokogiri 1.10.4,N/A,Critical,1,Marathon,12777
com.liferay.portal.kernel 2.0.0,CVE-2020-7961,Critical,1,Vaadin,12500
log4j-core 2.8.2,CVE-2021-44228,Critical,1,Vaadin,12500
log4j-core 2.8.2,CVE-2021-45046,Critical,1,Vaadin,12500
org.apache.karaf.specs.java.xml 4.2.1,CVE-2018-11788,Critical,1,Vaadin,12500
org.eclipse.jgit 3.5.1.201410131835-r,CVE-2014-9390,Critical,1,Vaadin,12500
pax-logging-log4j2 1.10.1,CVE-2021-44228,Critical,1,Vaadin,12500
pax-logging-log4j2 1.10.1,CVE-2021-45046,Critical,1,Vaadin,12500
pax-logging-log4j2 1.10.1,N/A,Critical,1,Vaadin,12500
form-data 3.0.3,CVE-2025-7783,Critical,1,Apollo Client,11501
next 15.2.1,CVE-2025-29927,Critical,1,Apollo Client,11501
next 15.2.1,N/A,Critical,1,Apollo Client,11501
webpack 5.66.0,CVE-2023-28154,Critical,1,Open Web Analytics,10658
shell-quote 1.7.2,CVE-2021-42740,Critical,2,"Druid, Neos",9323
next 14.1.3,CVE-2025-29927,Critical,1,Quill,8304
jackson-mapper-asl 1.9.13,CVE-2019-10202,Critical,2,"Apache Apex, Druid",7877
fast-xml-parser 4.5.3,CVE-2026-25896,Critical,2,"Druid, ReDoc",7796
crypto-js 4.1.1,CVE-2023-46233,Critical,1,NopCommerce,7599
swiper 11.1.14,CVE-2026-27212,Critical,1,NopCommerce,7599
immer 8.0.1,CVE-2021-23436,Critical,1,Druid,7234
netty 3.10.6.Final,CVE-2019-20444,Critical,1,Druid,7234
ranger-plugins-common 2.7.0,CVE-2025-59059,Critical,1,Druid,7234
@angular/ssr 20.3.3,CVE-2026-27739,Critical,1,dotCMS,6867
dart 2.17.6,N/A,Critical,1,dotCMS,6867
happy-dom 15.7.4,CVE-2024-51757,Critical,1,dotCMS,6867
happy-dom 15.7.4,CVE-2025-61927,Critical,1,dotCMS,6867
next 14.0.4,CVE-2025-29927,Critical,1,dotCMS,6867
next 14.2.16,CVE-2025-29927,Critical,1,dotCMS,6867
webpack 5.64.0,CVE-2023-28154,Critical,1,dotCMS,6867
fast-xml-parser 4.3.0,CVE-2026-25896,Critical,1,CloudStack,6683
spring-web 5.3.26,CVE-2016-1000027,Critical,1,CloudStack,6683
handlebars 3.0.3,CVE-2019-19919,Critical,1,Apache Tez,6268
handlebars 3.0.3,CVE-2021-23369,Critical,1,Apache Tez,6268
handlebars 3.0.3,CVE-2021-23383,Critical,1,Apache Tez,6268
fast-xml-parser 5.2.5,CVE-2026-25896,Critical,1,Ghost,5838
underscore 1.7.0,CVE-2021-23358,Critical,1,Ghost,5838
class-validator 0.13.2,CVE-2019-18413,Critical,1,Jahia,4763
drools-core 6.0.0.Final-jahia2,CVE-2021-41411,Critical,1,Jahia,4763
quartz 1.8.6,CVE-2019-13990,Critical,1,Jahia,4763
spring-beans 3.2.18.jahia2_OSGI,CVE-2022-22965,Critical,1,Jahia,4763
spring-web 3.2.18.jahia5_OSGI,CVE-2016-1000027,Critical,1,Jahia,4763
spring-webmvc 3.2.18.RELEASE_OSGI,CVE-2022-22965,Critical,1,Jahia,4763
tj-actions/branch-names v8,CVE-2025-54416,Critical,1,Jahia,4763
clojure 1.5.1,CVE-2017-20189,Critical,1,Weka,4230
groovy-all 1.8.5,CVE-2015-3253,Critical,1,Weka,4230
groovy-all 1.8.5,CVE-2016-6814,Critical,1,Weka,4230
jython-standalone 2.5.2,CVE-2016-4000,Critical,1,Weka,4230
spark-core_2.10 1.1.1,CVE-2018-17190,Critical,1,Weka,4230
spark-core_2.10 1.6.3,CVE-2018-17190,Critical,1,Weka,4230
spark-core_2.10 2.4.0,CVE-2018-17190,Critical,1,Weka,4230
spark-core_2.12 3.0.0,CVE-2023-22946,Critical,1,Weka,4230
xmlbeans 2.6.0,CVE-2021-23926,Critical,1,Weka,4230
http 0.1.0,CVE-2019-25009,Critical,1,Rust,4040
rust-analyzer 0.5.0-dev,N/A,Critical,1,Rust,4040
lldb-dap 0.2.0,N/A,Critical,1,OpenBSD,3695
nokogiri 1.10.8,N/A,Critical,1,Capistrano,3189
calcite-core 1.30.0-kylin-5.x-r3,CVE-2022-39135,Critical,1,Apache Kylin,3107
hadoop-common 2.10.1,CVE-2021-37404,Critical,1,Apache Kylin,3107
hadoop-common 2.10.1,CVE-2022-25168,Critical,1,Apache Kylin,3107
hadoop-common 2.10.1,CVE-2022-26612,Critical,1,Apache Kylin,3107
spark-core_2.12 3.3.0-kylin-5.2.2,CVE-2023-22946,Critical,1,Apache Kylin,3107
tomcat-embed-core 9.0.90,CVE-2025-24813,Critical,1,Apache Kylin,3107
unboundid-ldapsdk 3.1.1,CVE-2018-1000134,Critical,1,Apache Kylin,3107
zookeeper 3.4.14,CVE-2023-44981,Critical,1,Apache Kylin,3107
minimist 0.0.10,CVE-2021-44906,Critical,2,"Bolt, Neos",2928
opentelemetry-javaagent 2.14.0,CVE-2026-33701,Critical,1,Apache Accumulo,2922
sqlalchemy 1.0.13,CVE-2019-7164,Critical,1,Formspree,2846
sqlalchemy 1.0.13,CVE-2019-7548,Critical,1,Formspree,2846
log4j 1.2.16,CVE-2019-17571,Critical,3,"Apache Chukwa, Apache Trafodion, JBoss Seam Framework",2774
log4j 1.2.16,CVE-2022-23305,Critical,3,"Apache Chukwa, Apache Trafodion, JBoss Seam Framework",2774
log4j 1.2.16,CVE-2022-23307,Critical,3,"Apache Chukwa, Apache Trafodion, JBoss Seam Framework",2774
webpack 5.74.0,CVE-2023-28154,Critical,2,"Neos, Thelia",2228
kramdown 1.6.0,CVE-2020-14001,Critical,1,Apache PredictionIO,2177
nokogiri 1.8.2,CVE-2019-11068,Critical,1,Apache PredictionIO,2177
nokogiri 1.8.2,CVE-2019-5477,Critical,1,Apache PredictionIO,2177
nokogiri 1.8.2,N/A,Critical,1,Apache PredictionIO,2177
rack 1.6.0,CVE-2022-30123,Critical,1,Apache PredictionIO,2177
uglifier 2.7.1,CVE-2015-8857,Critical,1,Apache PredictionIO,2177
commons-collections4 4.0,CVE-2015-7501,Critical,1,Alluxio,2152
github.com/emicklei/go-restful v0.0.0-20170410110728-ff4f55a20633,CVE-2022-1996,Critical,1,Alluxio,2152
golang.org/x/crypto v0.0.0-20190820162420-60c769a6c586,CVE-2024-45337,Critical,1,Alluxio,2152
golang.org/x/crypto v0.0.0-20200622213623-75b288015ac9,CVE-2024-45337,Critical,1,Alluxio,2152
golang.org/x/crypto v0.1.0,CVE-2024-45337,Critical,1,Alluxio,2152
google.golang.org/grpc v1.37.1,CVE-2026-33186,Critical,1,Alluxio,2152
parquet-avro 1.11.0,CVE-2025-30065,Critical,1,Alluxio,2152
@babel/traverse 7.0.0-beta.44,CVE-2023-45133,Critical,1,Neos,2089
@babel/traverse 7.10.5,CVE-2023-45133,Critical,1,Neos,2089
elliptic 6.4.1,N/A,Critical,1,Neos,2089
elliptic 6.5.3,N/A,Critical,1,Neos,2089
eslint-utils 1.3.1,CVE-2019-15657,Critical,1,Neos,2089
form-data 2.3.2,CVE-2025-7783,Critical,1,Neos,2089
fsevents 1.2.7,CVE-2023-45311,Critical,1,Neos,2089
fsevents 1.2.7,N/A,Critical,1,Neos,2089
getobject 0.1.0,CVE-2020-28282,Critical,1,Neos,2089
handlebars 4.1.1,CVE-2019-19919,Critical,1,Neos,2089
handlebars 4.1.1,CVE-2021-23369,Critical,1,Neos,2089
handlebars 4.1.1,CVE-2021-23383,Critical,1,Neos,2089
handlebars 4.1.1,CVE-2026-33937,Critical,1,Neos,2089
lodash 4.17.10,CVE-2019-10744,Critical,1,Neos,2089
lodash 4.17.5,CVE-2019-10744,Critical,1,Neos,2089
minimist 0.1.0,CVE-2021-44906,Critical,1,Neos,2089
pbkdf2 3.0.17,CVE-2025-6545,Critical,1,Neos,2089
pbkdf2 3.0.17,CVE-2025-6547,Critical,1,Neos,2089
replicator 1.0.3,CVE-2021-33420,Critical,1,Neos,2089
tree-kill 1.2.1,CVE-2019-15598,Critical,1,Neos,2089
cassandra-all 3.11.3,CVE-2021-44521,Critical,1,GridGain,1478
hadoop-common 2.9.2,CVE-2021-37404,Critical,1,GridGain,1478
hadoop-common 2.9.2,CVE-2022-25168,Critical,1,GridGain,1478
hadoop-common 2.9.2,CVE-2022-26612,Critical,1,GridGain,1478
hadoop-common 3.3.2,CVE-2022-25168,Critical,1,GridGain,1478
hadoop-common 3.3.2,CVE-2022-26612,Critical,1,GridGain,1478
hsqldb 1.8.0.10,CVE-2022-41853,Critical,1,GridGain,1478
ignite-core 2.4.0,CVE-2018-8018,Critical,1,GridGain,1478
ignite-core 2.4.0,CVE-2020-1963,Critical,1,GridGain,1478
postgresql 42.5.4,CVE-2024-1597,Critical,1,GridGain,1478
spring-beans 5.2.15.RELEASE,CVE-2022-22965,Critical,1,ZK,1472
spring-web 5.2.15.RELEASE,CVE-2016-1000027,Critical,1,ZK,1472
zk-build-utils 2.0.0,N/A,Critical,1,ZK,1472
zookeeper 3.4.5,CVE-2023-44981,Critical,3,"Apache Chukwa, Apache Giraph, Apache Trafodion",1429
commons-collections 3.1,CVE-2015-7501,Critical,1,Apache Chukwa,914
commons-fileupload 1.2,CVE-2016-1000031,Critical,1,Apache Chukwa,914
hadoop-common 2.7.2,CVE-2021-37404,Critical,1,Apache Chukwa,914
hadoop-common 2.7.2,CVE-2022-25168,Critical,1,Apache Chukwa,914
hadoop-common 2.7.2,CVE-2022-26612,Critical,1,Apache Chukwa,914
log4j 1.2.15,CVE-2019-17571,Critical,1,Apache Chukwa,914
log4j 1.2.15,CVE-2022-23305,Critical,1,Apache Chukwa,914
log4j 1.2.15,CVE-2022-23307,Critical,1,Apache Chukwa,914
parquet-avro 1.7.0,CVE-2025-30065,Critical,1,Apache Chukwa,914
shiro-core 1.2.3,CVE-2016-4437,Critical,1,Apache Chukwa,914
shiro-core 1.2.3,CVE-2020-11989,Critical,1,Apache Chukwa,914
shiro-core 1.2.3,CVE-2020-1957,Critical,1,Apache Chukwa,914
shiro-core 1.2.3,CVE-2021-41303,Critical,1,Apache Chukwa,914
shiro-core 1.2.3,CVE-2022-32532,Critical,1,Apache Chukwa,914
shiro-core 1.2.3,CVE-2022-40664,Critical,1,Apache Chukwa,914
shiro-web 1.2.3,CVE-2020-17523,Critical,1,Apache Chukwa,914
shiro-web 1.2.3,CVE-2023-34478,Critical,1,Apache Chukwa,914
ejs 2.7.4,CVE-2022-29078,Critical,1,Bolt,839
locutus 2.0.39,CVE-2026-32304,Critical,1,Bolt,839
log4j-core 2.1,CVE-2017-5645,Critical,1,Apache MINA,707
log4j-core 2.1,CVE-2021-44228,Critical,1,Apache MINA,707
log4j-core 2.1,CVE-2021-45046,Critical,1,Apache MINA,707
netty 3.6.6.Final,CVE-2019-20444,Critical,1,Apache MINA,707
hadoop-common 2.6.0,CVE-2021-37404,Critical,1,Apache Apex,643
hadoop-common 2.6.0,CVE-2022-25168,Critical,1,Apache Apex,643
hadoop-common 2.6.0,CVE-2022-26612,Critical,1,Apache Apex,643
google.golang.org/grpc v1.77.0,CVE-2026-33186,Critical,2,"Ethereum, Juju",538
avro 1.11.0,CVE-2024-47561,Critical,1,Cask Data Application Platform,497
hadoop-common 2.3.0,CVE-2021-37404,Critical,1,Cask Data Application Platform,497
hadoop-common 2.3.0,CVE-2022-25168,Critical,1,Cask Data Application Platform,497
hadoop-common 2.3.0,CVE-2022-26612,Critical,1,Cask Data Application Platform,497
quartz 2.2.0,CVE-2019-13990,Critical,1,Cask Data Application Platform,497
spark-core_2.12 3.1.1,CVE-2023-22946,Critical,1,Cask Data Application Platform,497
spark-core_2.12 3.3.2,CVE-2023-22946,Critical,1,Cask Data Application Platform,497
unboundid-ldapsdk 2.3.6,CVE-2018-1000134,Critical,1,Cask Data Application Platform,497
maven-core 3.6.3,CVE-2021-26291,Critical,1,HHVM,444
golang.org/x/crypto v0.3.0,CVE-2024-45337,Critical,1,Sensu,380
google.golang.org/grpc v1.41.0,CVE-2026-33186,Critical,1,Sensu,380
@babel/traverse 7.12.0,CVE-2023-45133,Critical,1,LocomotiveCMS,244
activestorage 7.1.5.1,CVE-2025-24293,Critical,1,LocomotiveCMS,244
nokogiri 1.16.8,N/A,Critical,1,LocomotiveCMS,244
symfony/http-foundation v3.0.9,CVE-2019-10913,Critical,1,Pagekit,190
@xmldom/xmldom 0.8.2,CVE-2022-39353,Critical,1,Thelia,139
lodash 4.2.1,CVE-2019-10744,Critical,1,XWiki,82
xwiki-platform-oldcore [18.3.0-SNAPSHOT],CVE-2021-29459,Critical,1,XWiki,82
gevent 21.8.0,CVE-2023-41419,Critical,1,Odoo Website Builder,75
gevent 22.10.2,CVE-2023-41419,Critical,1,Odoo Website Builder,75
pillow 9.0.1,CVE-2023-50447,Critical,1,Odoo Website Builder,75
pillow 9.4.0,CVE-2023-50447,Critical,1,Odoo Website Builder,75
LiteDB 3.1.0.0,CVE-2022-23535,Critical,1,Hotcakes,56
log4net 1.2.10.0,CVE-2018-1285,Critical,1,Hotcakes,56
log4net 2.0.6.0-.NET 4.5,CVE-2018-1285,Critical,1,Hotcakes,56
avro 1.7.3,CVE-2024-47561,Critical,1,Apache Trafodion,34
jackson-mapper-asl 1.8.8,CVE-2019-10202,Critical,1,Apache Trafodion,34
jetty-server 9.2.10.v20150310,CVE-2017-7657,Critical,1,Apache Trafodion,34
jetty-server 9.2.10.v20150310,CVE-2017-7658,Critical,1,Apache Trafodion,34
jython-standalone 2.5.3,CVE-2016-4000,Critical,1,Apache Trafodion,34
django 3.0.4,CVE-2021-35042,Critical,1,Zinnia,2
django 3.0.4,CVE-2025-64459,Critical,1,Zinnia,2
pillow 7.0.0,CVE-2020-11538,Critical,1,Zinnia,2
pillow 7.0.0,CVE-2021-25289,Critical,1,Zinnia,2
pillow 7.0.0,CVE-2021-34552,Critical,1,Zinnia,2
pillow 7.0.0,CVE-2022-22817,Critical,1,Zinnia,2
pillow 7.0.0,CVE-2023-50447,Critical,1,Zinnia,2
eslint-tools 0.0.0,N/A,Critical,1,Node js,0
pyarrow 10.0.1,CVE-2023-47248,Critical,1,H20 ai,0
picomatch 2.3.1,CVE-2026-33671,High,40,"Angular Material, AngularJS, Apache Hadoop, Apollo Client, CKEditor, Cacti, Commerce Software, Countly, Druid, EllisLab ExpressionEngine, Grafana, HHVM, Ionic Framework, Jahia, Less, Liferay, Live Helper Chat, Meteor, Neos, Node js, Nunjucks, Open Web Analytics, Piwik, Presto, Prometheus, Quill, React, Ruby on Rails, Rust, Selenium, Selenium IDE, Shopsys Framework, Shopware, Thelia, WooCommerce, XWiki, ZK, Zabbix, dotCMS, phpMyAdmin",3522178
serialize-javascript 6.0.2,N/A,High,28,"Angular Material, AngularJS, Apache Mahout, Apollo Client, Bolt, Commerce Software, Discourse, Druid, Drupal, Emberjs, Ghost, Grafana, HHVM, Liferay, Live Helper Chat, Meteor, Presto, Quill, React, Roundcube, Rundeck, Selenium, Shopsys Framework, Thelia, WooCommerce, cube net, dotCMS, phpMyAdmin",2708406
path-to-regexp 0.1.12,CVE-2026-4867,High,21,"Angular Material, AngularJS, Apache Hadoop, Apache Mahout, Apollo Client, Bolt, Countly, Discourse, Druid, Ghost, HHVM, Hbase, Ionic Framework, JetPack, OrientDB, Presto, Ravenjs, React, Selenium, WooCommerce, dotCMS",2705206
serialize-javascript 4.0.0,N/A,High,11,"AngularJS, Apollo Client, Bolt, CloudStack, Ghost, Ionic Framework, Less, Liferay, React, Ruby on Rails, WooCommerce",2522455
braces 3.0.2,CVE-2024-4068,High,17,"Bolt, Commerce Software, EllisLab ExpressionEngine, HHVM, Ionic Framework, Jahia, Liferay, Neos, Open Web Analytics, Piwik, Quill, React, Ruby on Rails, Selenium IDE, Thelia, WooCommerce, Zabbix",2236101
actions/download-artifact v4,N/A,High,19,"Apache Flink, Cask Data Application Platform, Commerce Software, Django, F , Ghost, Grafana, Java, Presto, Ravenjs, ReDoc, React, RethinkDB, Rust, SaltStack, Selenium, Shopsys Framework, WooCommerce, dotCMS",2050869
path-to-regexp 0.1.7,CVE-2024-45296,High,10,"Apache Ambari, Apache Hadoop, Apache Tez, Commerce Software, HHVM, Ionic Framework, Liferay, React, Selenium IDE, WooCommerce",1844816
path-to-regexp 0.1.7,CVE-2024-52798,High,10,"Apache Ambari, Apache Hadoop, Apache Tez, Commerce Software, HHVM, Ionic Framework, Liferay, React, Selenium IDE, WooCommerce",1844816
path-to-regexp 0.1.7,CVE-2026-4867,High,10,"Apache Ambari, Apache Hadoop, Apache Tez, Commerce Software, HHVM, Ionic Framework, Liferay, React, Selenium IDE, WooCommerce",1844816
cross-spawn 7.0.3,CVE-2024-21538,High,12,"Commerce Software, Druid, HHVM, Ionic Framework, Liferay, Neos, Open Web Analytics, Piwik, Quill, React, Selenium IDE, WooCommerce",1759235
body-parser 1.20.2,CVE-2024-45590,High,5,"Ionic Framework, Liferay, React, Ruby on Rails, Selenium IDE",1661173
minimatch 3.1.2,CVE-2026-26996,High,28,"Angular Material, Apache Hadoop, Apollo Client, CloudStack, Commerce Software, Druid, HHVM, Ionic Framework, Jahia, Less, Liferay, Live Helper Chat, Meteor, Neos, Node js, Piwik, Presto, Quill, Ruby on Rails, Rust, Selenium IDE, Thelia, WooCommerce, XWiki, ZK, Zabbix, dotCMS, phpMyAdmin",1639083
minimatch 3.1.2,CVE-2026-27903,High,28,"Angular Material, Apache Hadoop, Apollo Client, CloudStack, Commerce Software, Druid, HHVM, Ionic Framework, Jahia, Less, Liferay, Live Helper Chat, Meteor, Neos, Node js, Piwik, Presto, Quill, Ruby on Rails, Rust, Selenium IDE, Thelia, WooCommerce, XWiki, ZK, Zabbix, dotCMS, phpMyAdmin",1639083
minimatch 3.1.2,CVE-2026-27904,High,28,"Angular Material, Apache Hadoop, Apollo Client, CloudStack, Commerce Software, Druid, HHVM, Ionic Framework, Jahia, Less, Liferay, Live Helper Chat, Meteor, Neos, Node js, Piwik, Presto, Quill, Ruby on Rails, Rust, Selenium IDE, Thelia, WooCommerce, XWiki, ZK, Zabbix, dotCMS, phpMyAdmin",1639083
cross-spawn 5.1.0,CVE-2024-21538,High,10,"Apache Ambari, Apache Hadoop, Druid, Emberjs, Liferay, Neos, OrientDB, Piwik, React, WooCommerce",1633792
lodash.template 4.5.0,CVE-2021-23337,High,8,"Angular Material, Apache Hadoop, Druid, Emberjs, Ghost, Ravenjs, React, WooCommerce",1590806
handlebars 4.7.8,CVE-2026-33938,High,13,"Angular Material, AngularJS, Apache Hadoop, Discourse, Ghost, Grafana, Liferay, Piwik, Presto, Selenium, Umbraco, WooCommerce, dotCMS",1554822
handlebars 4.7.8,CVE-2026-33939,High,13,"Angular Material, AngularJS, Apache Hadoop, Discourse, Ghost, Grafana, Liferay, Piwik, Presto, Selenium, Umbraco, WooCommerce, dotCMS",1554822
handlebars 4.7.8,CVE-2026-33940,High,13,"Angular Material, AngularJS, Apache Hadoop, Discourse, Ghost, Grafana, Liferay, Piwik, Presto, Selenium, Umbraco, WooCommerce, dotCMS",1554822
handlebars 4.7.8,CVE-2026-33941,High,13,"Angular Material, AngularJS, Apache Hadoop, Discourse, Ghost, Grafana, Liferay, Piwik, Presto, Selenium, Umbraco, WooCommerce, dotCMS",1554822
node-forge 1.3.1,CVE-2025-12816,High,12,"Angular Material, Apollo Client, Druid, Ghost, Ionic Framework, Liferay, Meteor, Presto, React, Thelia, WooCommerce, dotCMS",1541811
node-forge 1.3.1,CVE-2025-66031,High,12,"Angular Material, Apollo Client, Druid, Ghost, Ionic Framework, Liferay, Meteor, Presto, React, Thelia, WooCommerce, dotCMS",1541811
node-forge 1.3.1,CVE-2026-33891,High,12,"Angular Material, Apollo Client, Druid, Ghost, Ionic Framework, Liferay, Meteor, Presto, React, Thelia, WooCommerce, dotCMS",1541811
node-forge 1.3.1,CVE-2026-33894,High,12,"Angular Material, Apollo Client, Druid, Ghost, Ionic Framework, Liferay, Meteor, Presto, React, Thelia, WooCommerce, dotCMS",1541811
node-forge 1.3.1,CVE-2026-33895,High,12,"Angular Material, Apollo Client, Druid, Ghost, Ionic Framework, Liferay, Meteor, Presto, React, Thelia, WooCommerce, dotCMS",1541811
node-forge 1.3.1,CVE-2026-33896,High,12,"Angular Material, Apollo Client, Druid, Ghost, Ionic Framework, Liferay, Meteor, Presto, React, Thelia, WooCommerce, dotCMS",1541811
svgo 2.8.0,CVE-2026-29074,High,8,"Apollo Client, HHVM, Ionic Framework, Liferay, React, Thelia, WooCommerce, Zabbix",1511034
loader-utils 1.2.3,CVE-2022-37599,High,3,"AngularJS, Neos, React",1478878
loader-utils 1.2.3,CVE-2022-37603,High,3,"AngularJS, Neos, React",1478878
body-parser 1.20.1,CVE-2024-45590,High,6,"Commerce Software, HHVM, Ionic Framework, Liferay, React, WooCommerce",1477531
braces 2.3.2,CVE-2024-4068,High,13,"Bolt, CloudStack, Discourse, Druid, Jahia, Liferay, MovableType, Neos, OrientDB, React, Thelia, WooCommerce, Zabbix",1470615
nth-check 1.0.2,CVE-2021-3803,High,9,"Apollo Client, Bolt, Druid, Ghost, Ionic Framework, Liferay, Neos, React, WooCommerce",1469018
http-proxy-middleware 2.0.6,CVE-2024-21536,High,5,"HHVM, Ionic Framework, Liferay, React, WooCommerce",1441961
minimatch 3.0.4,CVE-2022-3517,High,12,"Apache Hadoop, Druid, Ionic Framework, Less, Liferay, LocomotiveCMS, Meteor, Neos, NopCommerce, Open Web Analytics, Piwik, React",1433778
minimatch 3.0.4,CVE-2026-26996,High,12,"Apache Hadoop, Druid, Ionic Framework, Less, Liferay, LocomotiveCMS, Meteor, Neos, NopCommerce, Open Web Analytics, Piwik, React",1433778
minimatch 3.0.4,CVE-2026-27903,High,12,"Apache Hadoop, Druid, Ionic Framework, Less, Liferay, LocomotiveCMS, Meteor, Neos, NopCommerce, Open Web Analytics, Piwik, React",1433778
minimatch 3.0.4,CVE-2026-27904,High,12,"Apache Hadoop, Druid, Ionic Framework, Less, Liferay, LocomotiveCMS, Meteor, Neos, NopCommerce, Open Web Analytics, Piwik, React",1433778
trim 0.0.1,CVE-2020-7753,High,8,"Ghost, HHVM, Liferay, Meteor, Neos, React, Thelia, WooCommerce",1426680
trim-newlines 1.0.0,CVE-2021-33623,High,6,"Apache Ambari, Druid, Liferay, Neos, React, WooCommerce",1413464
serialize-javascript 6.0.1,N/A,High,6,"Commerce Software, HHVM, Liferay, Neos, React, WooCommerce",1397298
d3-color 1.4.1,N/A,High,5,"Liferay, Node js, OrientDB, React, WooCommerce",1380052
semver 6.3.0,CVE-2022-25883,High,5,"Commerce Software, Ionic Framework, Liferay, React, Selenium IDE",1292795
semver 5.7.1,CVE-2022-25883,High,5,"Apache Hadoop, Jahia, Liferay, Meteor, React",1166010
node-fetch 1.7.3,CVE-2022-0235,High,5,"Apache Hadoop, Liferay, Meteor, Neos, React",1163336
braces 1.8.5,CVE-2024-4068,High,7,"Apache Ambari, Apache Hadoop, Apache Tez, Liferay, MovableType, Neos, React",1157515
ini 1.3.5,CVE-2020-7788,High,4,"Apache Hadoop, Liferay, Neos, React",1120977
kind-of 6.0.2,CVE-2019-20149,High,4,"Apache Hadoop, Liferay, Neos, React",1120977
body-parser 1.19.0,CVE-2024-45590,High,3,"Apache Hadoop, Liferay, React",1118888
qs 6.7.0,CVE-2022-24999,High,3,"Apache Hadoop, Liferay, React",1118888
websocket-extensions 0.1.3,CVE-2020-7662,High,3,"Apache Hadoop, Liferay, React",1118888
hawk 3.1.3,CVE-2022-29167,High,5,"Apache Ambari, Apache Hadoop, Apache Tez, Neos, React",1103000
hoek 2.16.3,CVE-2018-3728,High,5,"Apache Ambari, Apache Hadoop, Apache Tez, Neos, React",1103000
hoek 2.16.3,CVE-2020-36604,High,5,"Apache Ambari, Apache Hadoop, Apache Tez, Neos, React",1103000
debug 2.2.0,CVE-2017-20165,High,4,"Apache Ambari, Apache Hadoop, Neos, React",1096732
dot-prop 3.0.0,CVE-2020-8116,High,4,"Apache Ambari, Apache Hadoop, Neos, React",1096732
qs 6.4.0,CVE-2022-24999,High,4,"Apache Ambari, Apache Hadoop, Neos, React",1096732
mime 1.2.11,CVE-2017-16138,High,4,"Apache Ambari, Emberjs, Less, React",1094923
ansi-html 0.0.7,CVE-2021-23424,High,5,"Discourse, Emberjs, Ghost, Ravenjs, React",1072620
tar 2.2.2,CVE-2021-32804,High,3,"Apache Hadoop, LocomotiveCMS, React",1066557
tar 2.2.2,CVE-2021-37713,High,3,"Apache Hadoop, LocomotiveCMS, React",1066557
tar 2.2.2,CVE-2026-23745,High,3,"Apache Hadoop, LocomotiveCMS, React",1066557
tar 2.2.2,CVE-2026-23950,High,3,"Apache Hadoop, LocomotiveCMS, React",1066557
tar 2.2.2,CVE-2026-24842,High,3,"Apache Hadoop, LocomotiveCMS, React",1066557
tar 2.2.2,CVE-2026-26960,High,3,"Apache Hadoop, LocomotiveCMS, React",1066557
tar 2.2.2,CVE-2026-29786,High,3,"Apache Hadoop, LocomotiveCMS, React",1066557
tar 2.2.2,CVE-2026-31802,High,3,"Apache Hadoop, LocomotiveCMS, React",1066557
async 2.6.3,CVE-2021-43138,High,2,"Apache Hadoop, React",1066313
ansi-regex 3.0.0,CVE-2021-3807,High,4,"Liferay, Neos, Piwik, React",1058325
json5 1.0.1,CVE-2022-46175,High,4,"Ionic Framework, Liferay, Neos, React",1056655
loader-utils 1.4.0,CVE-2022-37599,High,4,"Ionic Framework, Liferay, Neos, React",1056655
loader-utils 1.4.0,CVE-2022-37603,High,4,"Ionic Framework, Liferay, Neos, React",1056655
path-to-regexp 1.7.0,CVE-2024-45296,High,3,"Liferay, Piwik, React",1056236
path-to-regexp 8.2.0,CVE-2026-4926,High,2,"Ravenjs, React",1038656
y18n 3.2.1,CVE-2020-7774,High,5,"Apache Ambari, Apache Tez, Liferay, Neos, React",1025547
json5 0.5.1,CVE-2022-46175,High,6,"Apache Ambari, Bolt, Liferay, Neos, OrientDB, React",1024359
image-size 1.1.1,N/A,High,2,"React, React Native",1024293
path-to-regexp 1.8.0,CVE-2024-45296,High,5,"Ghost, HHVM, Ionic Framework, LocomotiveCMS, React",1008517
decode-uri-component 0.2.0,CVE-2022-38900,High,7,"CloudStack, Ghost, Jahia, Liferay, LocomotiveCMS, Neos, React",1008477
loader-utils 3.2.0,CVE-2022-37599,High,3,"Ionic Framework, React, Thelia",1002130
loader-utils 3.2.0,CVE-2022-37603,High,3,"Ionic Framework, React, Thelia",1002130
semver 7.0.0,CVE-2022-25883,High,2,"Ionic Framework, React",1001991
html-minifier 3.5.21,CVE-2022-37620,High,4,"Bolt, Liferay, OrientDB, React",993940
loader-utils 1.1.0,CVE-2022-37599,High,3,"Liferay, OrientDB, React",993101
loader-utils 1.1.0,CVE-2022-37603,High,3,"Liferay, OrientDB, React",993101
nth-check 1.0.1,CVE-2021-3803,High,3,"Liferay, OrientDB, React",993101
ansi-regex 4.1.0,CVE-2021-3807,High,3,"Liferay, Neos, React",990949
glob-parent 5.1.1,CVE-2020-28469,High,3,"Liferay, Neos, React",990949
ip 1.1.5,CVE-2024-29415,High,3,"Liferay, Neos, React",990949
picomatch 2.2.2,CVE-2026-33671,High,3,"Liferay, Neos, React",990949
node-forge 0.10.0,CVE-2022-24771,High,3,"Bolt, Liferay, React",989699
node-forge 0.10.0,CVE-2022-24772,High,3,"Bolt, Liferay, React",989699
node-forge 0.10.0,CVE-2025-12816,High,3,"Bolt, Liferay, React",989699
node-forge 0.10.0,CVE-2025-66031,High,3,"Bolt, Liferay, React",989699
node-forge 0.10.0,CVE-2026-33891,High,3,"Bolt, Liferay, React",989699
node-forge 0.10.0,CVE-2026-33894,High,3,"Bolt, Liferay, React",989699
node-forge 0.10.0,CVE-2026-33895,High,3,"Bolt, Liferay, React",989699
node-forge 0.10.0,CVE-2026-33896,High,3,"Bolt, Liferay, React",989699
ansi-regex 5.0.0,CVE-2021-3807,High,2,"Liferay, React",988860
dns-packet 1.3.1,CVE-2021-23386,High,2,"Liferay, React",988860
json5 2.1.3,CVE-2022-46175,High,2,"Liferay, React",988860
next 15.5.9,N/A,High,2,"Liferay, React",988860
websocket-extensions 0.1.1,CVE-2020-7662,High,4,"Apache Ambari, Apache Tez, OrientDB, React",975124
underscore 1.12.1,CVE-2026-27601,High,4,"Apollo Client, Commerce Software, React, dotCMS",973607
fstream 1.0.11,CVE-2019-13173,High,4,"Apache Ambari, Apache Tez, Neos, React",972972
tar 2.2.1,CVE-2018-20834,High,4,"Apache Ambari, Apache Tez, Neos, React",972972
tar 2.2.1,CVE-2021-32804,High,4,"Apache Ambari, Apache Tez, Neos, React",972972
tar 2.2.1,CVE-2021-37713,High,4,"Apache Ambari, Apache Tez, Neos, React",972972
tar 2.2.1,CVE-2026-23745,High,4,"Apache Ambari, Apache Tez, Neos, React",972972
tar 2.2.1,CVE-2026-23950,High,4,"Apache Ambari, Apache Tez, Neos, React",972972
tar 2.2.1,CVE-2026-24842,High,4,"Apache Ambari, Apache Tez, Neos, React",972972
tar 2.2.1,CVE-2026-26960,High,4,"Apache Ambari, Apache Tez, Neos, React",972972
tar 2.2.1,CVE-2026-29786,High,4,"Apache Ambari, Apache Tez, Neos, React",972972
tar 2.2.1,CVE-2026-31802,High,4,"Apache Ambari, Apache Tez, Neos, React",972972
forwarded 0.1.0,CVE-2017-16118,High,3,"Apache Ambari, Apache Tez, React",970883
fresh 0.5.0,CVE-2017-16119,High,3,"Apache Ambari, Apache Tez, React",970883
http-proxy 1.16.2,N/A,High,3,"Apache Ambari, Apache Tez, React",970883
ini 1.3.4,CVE-2020-7788,High,3,"Apache Ambari, Apache Tez, React",970883
mime 1.3.4,CVE-2017-16138,High,3,"Apache Ambari, Apache Tez, React",970883
tough-cookie 2.3.2,CVE-2017-15010,High,3,"Apache Ambari, Apache Tez, React",970883
lodash 4.17.4,CVE-2018-16487,High,2,"Apache Ambari, React",964615
lodash 4.17.4,CVE-2020-8203,High,2,"Apache Ambari, React",964615
lodash 4.17.4,CVE-2021-23337,High,2,"Apache Ambari, React",964615
qs 2.3.3,CVE-2017-1000048,High,2,"Apache Ambari, React",964615
qs 2.3.3,CVE-2022-24999,High,2,"Apache Ambari, React",964615
jsonpath 1.1.1,CVE-2026-1615,High,2,"Apollo Client, React",947786
path-to-regexp 8.3.0,CVE-2026-4926,High,8,"Angular Material, AngularJS, Discourse, Ghost, Hbase, Ravenjs, Selenium, dotCMS",946103
terser 4.8.0,CVE-2022-25858,High,3,"CloudStack, Neos, React",945057
loader-utils 2.0.0,CVE-2022-37599,High,2,"Druid, React",943519
loader-utils 2.0.0,CVE-2022-37603,High,2,"Druid, React",943519
semver-regex 2.0.0,CVE-2021-3795,High,2,"Druid, React",943519
http-cache-semantics 4.1.0,CVE-2022-25881,High,2,"CloudStack, React",942968
is-svg 2.1.0,CVE-2021-28092,High,3,"Neos, OrientDB, React",942615
is-svg 2.1.0,CVE-2021-29059,High,3,"Neos, OrientDB, React",942615
sshpk 1.11.0,CVE-2018-3737,High,2,"Apache Tez, React",942553
axios 0.21.4,CVE-2025-27152,High,5,"AngularJS, CloudStack, Orchard CMS, Thelia, WooCommerce",940601
axios 0.21.4,CVE-2026-25639,High,5,"AngularJS, CloudStack, Orchard CMS, Thelia, WooCommerce",940601
dot-prop 4.2.0,CVE-2020-8116,High,2,"Neos, React",938374
lodash 4.17.11,CVE-2020-8203,High,2,"Neos, React",938374
lodash 4.17.11,CVE-2021-23337,High,2,"Neos, React",938374
lodash.template 4.4.0,CVE-2021-23337,High,2,"Neos, React",938374
mout 1.1.0,CVE-2020-7792,High,2,"Neos, React",938374
mout 1.1.0,CVE-2022-21213,High,2,"Neos, React",938374
ua-parser-js 0.7.22,CVE-2020-7793,High,2,"LocomotiveCMS, React",936529
ua-parser-js 0.7.22,CVE-2021-27292,High,2,"LocomotiveCMS, React",936529
path-to-regexp 0.1.10,CVE-2024-52798,High,2,"React, Thelia",936424
path-to-regexp 0.1.10,CVE-2026-4867,High,2,"React, Thelia",936424
@modelcontextprotocol/sdk 1.9.0,CVE-2025-66414,High,1,React,936285
@modelcontextprotocol/sdk 1.9.0,CVE-2026-0621,High,1,React,936285
ansi-html 0.0.5,CVE-2021-23424,High,1,React,936285
async 2.5.0,CVE-2021-43138,High,1,React,936285
axios 1.7.4,CVE-2025-27152,High,1,React,936285
axios 1.7.4,CVE-2025-58754,High,1,React,936285
axios 1.7.4,CVE-2026-25639,High,1,React,936285
axios 1.7.7,CVE-2025-27152,High,1,React,936285
axios 1.7.7,CVE-2025-58754,High,1,React,936285
axios 1.7.7,CVE-2026-25639,High,1,React,936285
base-x 3.0.10,CVE-2025-27611,High,1,React,936285
body-parser 1.18.2,CVE-2024-45590,High,1,React,936285
body-parser 1.19.2,CVE-2024-45590,High,1,React,936285
cached-path-relative 1.0.1,CVE-2018-16472,High,1,React,936285
cached-path-relative 1.0.1,CVE-2021-23518,High,1,React,936285
cross-spawn 4.0.2,CVE-2024-21538,High,1,React,936285
debug 2.6.7,CVE-2017-20165,High,1,React,936285
debug 2.6.8,CVE-2017-20165,High,1,React,936285
dns-packet 1.2.2,CVE-2021-23386,High,1,React,936285
elliptic 6.4.0,CVE-2020-13822,High,1,React,936285
file-type 14.7.1,CVE-2022-36313,High,1,React,936285
fresh 0.3.0,CVE-2017-16119,High,1,React,936285
fstream 1.0.10,CVE-2019-13173,High,1,React,936285
html-minifier 3.2.3,CVE-2022-37620,High,1,React,936285
html-minifier 3.5.3,CVE-2022-37620,High,1,React,936285
html-minifier 3.5.6,CVE-2022-37620,High,1,React,936285
http-proxy-middleware 0.17.3,CVE-2024-21536,High,1,React,936285
http-proxy-middleware 0.17.4,CVE-2024-21536,High,1,React,936285
immutable 4.0.0-rc.12,CVE-2026-29063,High,1,React,936285
ip 1.1.9,CVE-2024-29415,High,1,React,936285
jpeg-js 0.1.2,CVE-2022-25851,High,1,React,936285
mime 1.3.6,CVE-2017-16138,High,1,React,936285
no-case 2.3.1,CVE-2017-16099,High,1,React,936285
node-forge 0.6.33,CVE-2020-7720,High,1,React,936285
node-forge 0.6.33,CVE-2022-24771,High,1,React,936285
node-forge 0.6.33,CVE-2022-24772,High,1,React,936285
node-forge 0.6.33,CVE-2025-12816,High,1,React,936285
node-forge 0.6.33,CVE-2025-66031,High,1,React,936285
node-forge 0.6.33,CVE-2026-33891,High,1,React,936285
node-forge 0.6.33,CVE-2026-33894,High,1,React,936285
node-forge 0.6.33,CVE-2026-33895,High,1,React,936285
node-forge 0.6.33,CVE-2026-33896,High,1,React,936285
normalize-url 4.5.0,CVE-2021-33502,High,1,React,936285
picomatch 2.3.0,CVE-2026-33671,High,1,React,936285
playwright 1.51.1,CVE-2025-59288,High,1,React,936285
qs 6.5.1,CVE-2022-24999,High,1,React,936285
querystringify 0.0.4,N/A,High,1,React,936285
querystringify 1.0.0,N/A,High,1,React,936285
react-dev-utils 3.1.1,CVE-2018-6342,High,1,React,936285
react-dev-utils 4.2.1,CVE-2018-6342,High,1,React,936285
requirejs 2.3.5,CVE-2024-38999,High,1,React,936285
sshpk 1.13.1,CVE-2018-3737,High,1,React,936285
tar-fs 2.1.2,CVE-2025-48387,High,1,React,936285
tar-fs 2.1.2,CVE-2025-59343,High,1,React,936285
tar-fs 3.0.8,CVE-2025-48387,High,1,React,936285
tar-fs 3.0.8,CVE-2025-59343,High,1,React,936285
urijs 1.18.12,CVE-2021-27516,High,1,React,936285
urijs 1.18.12,CVE-2022-1243,High,1,React,936285
urijs 1.19.0,CVE-2021-27516,High,1,React,936285
urijs 1.19.0,CVE-2022-1243,High,1,React,936285
urijs 1.19.6,CVE-2022-1243,High,1,React,936285
webpack-dev-middleware 1.12.0,CVE-2024-29180,High,1,React,936285
webpack-dev-middleware 1.12.2,CVE-2024-29180,High,1,React,936285
webpack-dev-middleware 1.9.0,CVE-2024-29180,High,1,React,936285
webpack-dev-server 1.16.2,CVE-2018-14732,High,1,React,936285
webpack-dev-server 2.11.3,CVE-2018-14732,High,1,React,936285
webpack-dev-server 2.7.1,CVE-2018-14732,High,1,React,936285
webpack-dev-server 2.9.4,CVE-2018-14732,High,1,React,936285
ws 3.3.2,CVE-2024-37890,High,1,React,936285
picomatch 4.0.3,CVE-2026-33671,High,12,"Angular Material, AngularJS, CKEditor, Countly, Node js, Presto, Roundcube, Selenium, Shopsys Framework, Shopware, XWiki, dotCMS",787451
minimatch 9.0.5,CVE-2026-26996,High,11,"Angular Material, Apollo Client, Commerce Software, Less, Liferay, Liveblog, Piwik, Presto, WooCommerce, XWiki, dotCMS",698907
minimatch 9.0.5,CVE-2026-27903,High,11,"Angular Material, Apollo Client, Commerce Software, Less, Liferay, Liveblog, Piwik, Presto, WooCommerce, XWiki, dotCMS",698907
minimatch 9.0.5,CVE-2026-27904,High,11,"Angular Material, Apollo Client, Commerce Software, Less, Liferay, Liveblog, Piwik, Presto, WooCommerce, XWiki, dotCMS",698907
flatted 3.3.3,CVE-2026-32141,High,11,"Angular Material, Apollo Client, Drupal, Ionic Framework, Less, Live Helper Chat, Presto, Rust, Selenium, Shopsys Framework, XWiki",693420
flatted 3.3.3,CVE-2026-33228,High,11,"Angular Material, Apollo Client, Drupal, Ionic Framework, Less, Live Helper Chat, Presto, Rust, Selenium, Shopsys Framework, XWiki",693420
picomatch 4.0.2,CVE-2026-33671,High,5,"Angular Material, Drupal, Shopware, WooCommerce, dotCMS",674920
angular 1.6.10,CVE-2019-10768,High,2,"AngularJS, Apache Hadoop",670532
angular 1.6.10,CVE-2024-21490,High,2,"AngularJS, Apache Hadoop",670532
glob 10.3.10,CVE-2025-64756,High,4,"Commerce Software, Quill, Selenium IDE, WooCommerce",616868
webpack-dev-middleware 5.3.3,CVE-2024-29180,High,4,"Ionic Framework, Liferay, Ravenjs, WooCommerce",607603
angular 1.8.3,CVE-2024-21490,High,2,"AngularJS, OrientDB",544745
@angular/common 19.1.7,CVE-2025-66035,High,1,AngularJS,540504
@angular/compiler 19.1.7,CVE-2025-66412,High,1,AngularJS,540504
@angular/compiler 19.1.7,CVE-2026-22610,High,1,AngularJS,540504
@angular/compiler 19.1.7,CVE-2026-32635,High,1,AngularJS,540504
@angular/core 19.1.7,CVE-2026-22610,High,1,AngularJS,540504
@angular/core 19.1.7,CVE-2026-27970,High,1,AngularJS,540504
@angular/core 19.1.7,CVE-2026-32635,High,1,AngularJS,540504
angular 1.5.11,CVE-2019-10768,High,1,AngularJS,540504
angular 1.5.11,CVE-2024-21490,High,1,AngularJS,540504
angular 1.7.9,CVE-2024-21490,High,1,AngularJS,540504
lite-server 2.6.1,CVE-2022-25940,High,1,AngularJS,540504
rollup 1.11.3,CVE-2024-47068,High,1,AngularJS,540504
rollup 1.11.3,CVE-2026-27606,High,1,AngularJS,540504
minimatch 9.0.3,CVE-2026-26996,High,7,"Commerce Software, Ionic Framework, Liferay, Quill, WooCommerce, dotCMS, phpMyAdmin",539385
minimatch 9.0.3,CVE-2026-27903,High,7,"Commerce Software, Ionic Framework, Liferay, Quill, WooCommerce, dotCMS, phpMyAdmin",539385
minimatch 9.0.3,CVE-2026-27904,High,7,"Commerce Software, Ionic Framework, Liferay, Quill, WooCommerce, dotCMS, phpMyAdmin",539385
minimatch 3.0.8,CVE-2026-26996,High,6,"Angular Material, Concrete5, Countly, Druid, Less, WooCommerce",538499
minimatch 3.0.8,CVE-2026-27903,High,6,"Angular Material, Concrete5, Countly, Druid, Less, WooCommerce",538499
minimatch 3.0.8,CVE-2026-27904,High,6,"Angular Material, Concrete5, Countly, Druid, Less, WooCommerce",538499
flatted 3.3.1,CVE-2026-32141,High,4,"Ionic Framework, Liferay, Quill, Ruby on Rails",530533
flatted 3.3.1,CVE-2026-33228,High,4,"Ionic Framework, Liferay, Quill, Ruby on Rails",530533
ip 2.0.0,CVE-2024-29415,High,4,"Commerce Software, Liferay, WooCommerce, Zabbix",515913
flatted 3.3.2,CVE-2026-32141,High,4,"Ionic Framework, Liferay, WooCommerce, dotCMS",512099
flatted 3.3.2,CVE-2026-33228,High,4,"Ionic Framework, Liferay, WooCommerce, dotCMS",512099
serialize-javascript 5.0.1,N/A,High,3,"Liferay, Piwik, WooCommerce",506902
ws 8.13.0,CVE-2024-37890,High,4,"HHVM, Ionic Framework, Liferay, WooCommerce",505676
node-fetch 2.6.1,CVE-2022-0235,High,5,"LocomotiveCMS, Meteor, Piwik, WooCommerce, dotCMS",503797
jws 3.2.2,CVE-2025-65945,High,4,"Ghost, Ravenjs, WooCommerce, dotCMS",502027
socket.io-parser 4.2.4,CVE-2026-33151,High,6,"Angular Material, CKEditor, Commerce Software, Ghost, Liferay, Ruby on Rails",501347
rack 3.2.1,CVE-2025-61770,High,2,"Opscode Chef, Ruby on Rails",462036
rack 3.2.1,CVE-2025-61771,High,2,"Opscode Chef, Ruby on Rails",462036
rack 3.2.1,CVE-2025-61772,High,2,"Opscode Chef, Ruby on Rails",462036
rack 3.2.1,CVE-2025-61919,High,2,"Opscode Chef, Ruby on Rails",462036
rack 3.2.1,CVE-2026-22860,High,2,"Opscode Chef, Ruby on Rails",462036
rollup 2.79.1,CVE-2024-47068,High,2,"Liferay, Ruby on Rails",456523
rollup 2.79.1,CVE-2026-27606,High,2,"Liferay, Ruby on Rails",456523
flatted 3.2.9,CVE-2026-32141,High,4,"Bolt, Ionic Framework, Neos, WooCommerce",455585
flatted 3.2.9,CVE-2026-33228,High,4,"Bolt, Ionic Framework, Neos, WooCommerce",455585
tar-fs 2.1.1,CVE-2024-12905,High,2,"Piwik, WooCommerce",454327
tar-fs 2.1.1,CVE-2025-48387,High,2,"Piwik, WooCommerce",454327
tar-fs 2.1.1,CVE-2025-59343,High,2,"Piwik, WooCommerce",454327
minimatch 3.0.5,CVE-2026-26996,High,2,"Ionic Framework, WooCommerce",452657
minimatch 3.0.5,CVE-2026-27903,High,2,"Ionic Framework, WooCommerce",452657
minimatch 3.0.5,CVE-2026-27904,High,2,"Ionic Framework, WooCommerce",452657
cross-spawn 6.0.5,CVE-2024-21538,High,4,"Jahia, Liferay, Neos, WooCommerce",446378
ip 2.0.1,CVE-2024-29415,High,3,"Ghost, Liferay, WooCommerce",445364
@isaacs/brace-expansion 5.0.0,CVE-2026-25547,High,5,"Angular Material, Drupal, Less, Liferay, Orchard CMS",442501
immutable 4.3.4,CVE-2026-29063,High,3,"Liferay, Neos, WooCommerce",441615
webpack-dev-middleware 3.7.3,CVE-2024-29180,High,3,"Bolt, Liferay, WooCommerce",440365
minimatch 7.4.6,CVE-2026-26996,High,2,"Liferay, WooCommerce",439526
minimatch 7.4.6,CVE-2026-27903,High,2,"Liferay, WooCommerce",439526
minimatch 7.4.6,CVE-2026-27904,High,2,"Liferay, WooCommerce",439526
path-to-regexp 6.2.1,CVE-2024-45296,High,2,"Liferay, WooCommerce",439526
webpack-dev-middleware 6.1.1,CVE-2024-29180,High,2,"Liferay, WooCommerce",439526
ws 8.5.0,CVE-2024-37890,High,2,"Liferay, WooCommerce",439526
minimatch 10.1.1,CVE-2026-26996,High,4,"Angular Material, Drupal, Less, Liferay",436177
minimatch 10.1.1,CVE-2026-27903,High,4,"Angular Material, Drupal, Less, Liferay",436177
minimatch 10.1.1,CVE-2026-27904,High,4,"Angular Material, Drupal, Less, Liferay",436177
ws 6.2.2,CVE-2024-37890,High,3,"Bolt, Meteor, WooCommerce",430149
tar-fs 2.0.0,CVE-2024-12905,High,2,"Meteor, WooCommerce",429310
tar-fs 2.0.0,CVE-2025-48387,High,2,"Meteor, WooCommerce",429310
tar-fs 2.0.0,CVE-2025-59343,High,2,"Meteor, WooCommerce",429310
ws 7.4.6,CVE-2024-37890,High,2,"Meteor, WooCommerce",429310
minimatch 5.1.6,CVE-2026-26996,High,5,"Apollo Client, EllisLab ExpressionEngine, Neos, ReDoc, WooCommerce",418081
minimatch 5.1.6,CVE-2026-27903,High,5,"Apollo Client, EllisLab ExpressionEngine, Neos, ReDoc, WooCommerce",418081
minimatch 5.1.6,CVE-2026-27904,High,5,"Apollo Client, EllisLab ExpressionEngine, Neos, ReDoc, WooCommerce",418081
tar 6.2.0,CVE-2026-23745,High,2,"Commerce Software, WooCommerce",405905
tar 6.2.0,CVE-2026-23950,High,2,"Commerce Software, WooCommerce",405905
tar 6.2.0,CVE-2026-24842,High,2,"Commerce Software, WooCommerce",405905
tar 6.2.0,CVE-2026-26960,High,2,"Commerce Software, WooCommerce",405905
tar 6.2.0,CVE-2026-29786,High,2,"Commerce Software, WooCommerce",405905
tar 6.2.0,CVE-2026-31802,High,2,"Commerce Software, WooCommerce",405905
svgo 3.3.2,CVE-2026-29074,High,4,"Cacti, Druid, Ghost, WooCommerce",404325
json 2.15.2,CVE-2026-33210,High,1,Ruby on Rails,403948
sigstore 0.2.2,CVE-2026-31830,High,1,Ruby on Rails,403948
urijs 1.17.1,CVE-2021-27516,High,1,Ruby on Rails,403948
urijs 1.17.1,CVE-2022-1243,High,1,Ruby on Rails,403948
flatted 2.0.2,CVE-2026-32141,High,5,"Jahia, Live Helper Chat, Neos, Thelia, WooCommerce",396793
flatted 2.0.2,CVE-2026-33228,High,5,"Jahia, Live Helper Chat, Neos, Thelia, WooCommerce",396793
minimatch 9.0.1,CVE-2026-26996,High,3,"Liveblog, WooCommerce, XWiki",387037
minimatch 9.0.1,CVE-2026-27903,High,3,"Liveblog, WooCommerce, XWiki",387037
minimatch 9.0.1,CVE-2026-27904,High,3,"Liveblog, WooCommerce, XWiki",387037
@remix-run/router 1.16.0,CVE-2026-22029,High,1,WooCommerce,386951
async 3.1.1,CVE-2021-43138,High,1,WooCommerce,386951
axios 0.24.0,CVE-2025-27152,High,1,WooCommerce,386951
axios 0.24.0,CVE-2026-25639,High,1,WooCommerce,386951
axios 1.8.4,CVE-2025-58754,High,1,WooCommerce,386951
axios 1.8.4,CVE-2026-25639,High,1,WooCommerce,386951
fast-json-patch 2.2.1,CVE-2021-4279,High,1,WooCommerce,386951
fast-xml-parser 5.3.0,CVE-2026-25128,High,1,WooCommerce,386951
fast-xml-parser 5.3.0,CVE-2026-26278,High,1,WooCommerce,386951
fast-xml-parser 5.3.0,CVE-2026-33036,High,1,WooCommerce,386951
grunt 1.3.0,CVE-2022-1537,High,1,WooCommerce,386951
js-yaml 3.5.3,N/A,High,1,WooCommerce,386951
locutus 2.0.16,CVE-2026-29091,High,1,WooCommerce,386951
storybook 7.6.19,CVE-2025-68429,High,1,WooCommerce,386951
storybook 7.6.4,CVE-2025-68429,High,1,WooCommerce,386951
svgo 3.1.0,CVE-2026-29074,High,1,WooCommerce,386951
tar-fs 3.0.4,CVE-2024-12905,High,1,WooCommerce,386951
tar-fs 3.0.4,CVE-2025-48387,High,1,WooCommerce,386951
tar-fs 3.0.4,CVE-2025-59343,High,1,WooCommerce,386951
tar-fs 3.0.6,CVE-2024-12905,High,1,WooCommerce,386951
tar-fs 3.0.6,CVE-2025-48387,High,1,WooCommerce,386951
tar-fs 3.0.6,CVE-2025-59343,High,1,WooCommerce,386951
undici 5.28.2,CVE-2026-1526,High,1,WooCommerce,386951
undici 5.28.2,CVE-2026-2229,High,1,WooCommerce,386951
multer 2.0.2,CVE-2026-2359,High,3,"Ghost, Ravenjs, Selenium",310868
multer 2.0.2,CVE-2026-3304,High,3,"Ghost, Ravenjs, Selenium",310868
multer 2.0.2,CVE-2026-3520,High,3,"Ghost, Ravenjs, Selenium",310868
protobuf-java 3.24.4,CVE-2024-7254,High,3,"MySQL, Percona, Percona XtraDB Cluster",291486
protobuf-javalite 3.24.4,CVE-2024-7254,High,3,"MySQL, Percona, Percona XtraDB Cluster",291486
protobuf-kotlin 3.24.4,CVE-2024-7254,High,3,"MySQL, Percona, Percona XtraDB Cluster",291486
protobuf-kotlin-lite 3.24.4,CVE-2024-7254,High,3,"MySQL, Percona, Percona XtraDB Cluster",291486
underscore 1.13.2,CVE-2026-27601,High,1,Backbonejs,288237
assertj-core 3.27.3,CVE-2026-24400,High,2,"Apache Flink, Hive",274591
tar 7.4.3,CVE-2026-23745,High,2,"Angular Material, Drupal",271977
tar 7.4.3,CVE-2026-23950,High,2,"Angular Material, Drupal",271977
tar 7.4.3,CVE-2026-24842,High,2,"Angular Material, Drupal",271977
tar 7.4.3,CVE-2026-26960,High,2,"Angular Material, Drupal",271977
tar 7.4.3,CVE-2026-29786,High,2,"Angular Material, Drupal",271977
tar 7.4.3,CVE-2026-31802,High,2,"Angular Material, Drupal",271977
drupal/core 9.8.0,CVE-2024-55637,High,1,Drupal,268561
drupal/core 9.8.0,CVE-2024-55638,High,1,Drupal,268561
drupal/core-recommended 9.8.0,CVE-2024-55637,High,1,Drupal,268561
drupal/core-recommended 9.8.0,CVE-2024-55638,High,1,Drupal,268561
@remix-run/router 1.23.0,CVE-2026-22029,High,2,"Liferay, Selenium",255234
qs 6.5.2,CVE-2022-24999,High,4,"Apache Hadoop, Liferay, Neos, Piwik",252068
tar 6.2.1,CVE-2026-23745,High,8,"Angular Material, Concrete5, Countly, Discourse, Liferay, Meteor, Ravenjs, dotCMS",246304
tar 6.2.1,CVE-2026-23950,High,8,"Angular Material, Concrete5, Countly, Discourse, Liferay, Meteor, Ravenjs, dotCMS",246304
tar 6.2.1,CVE-2026-24842,High,8,"Angular Material, Concrete5, Countly, Discourse, Liferay, Meteor, Ravenjs, dotCMS",246304
tar 6.2.1,CVE-2026-26960,High,8,"Angular Material, Concrete5, Countly, Discourse, Liferay, Meteor, Ravenjs, dotCMS",246304
tar 6.2.1,CVE-2026-29786,High,8,"Angular Material, Concrete5, Countly, Discourse, Liferay, Meteor, Ravenjs, dotCMS",246304
tar 6.2.1,CVE-2026-31802,High,8,"Angular Material, Concrete5, Countly, Discourse, Liferay, Meteor, Ravenjs, dotCMS",246304
lodash 3.10.1,CVE-2018-16487,High,5,"Apache Ambari, Apache Hadoop, Apache Tez, Liferay, Neos",219290
lodash 3.10.1,CVE-2020-8203,High,5,"Apache Ambari, Apache Hadoop, Apache Tez, Liferay, Neos",219290
lodash 3.10.1,CVE-2021-23337,High,5,"Apache Ambari, Apache Hadoop, Apache Tez, Liferay, Neos",219290
semver 4.3.6,CVE-2022-25883,High,5,"Apache Ambari, Apache Hadoop, Apache Tez, Liferay, Neos",219290
tmpl 1.0.4,CVE-2021-3777,High,4,"Apache Ambari, Apache Hadoop, Apache Tez, Liferay",217201
minimatch 10.2.2,CVE-2026-27903,High,2,"Selenium, Shopsys Framework",202698
minimatch 10.2.2,CVE-2026-27904,High,2,"Selenium, Shopsys Framework",202698
minimatch 3.1.3,CVE-2026-27904,High,2,"Selenium, Shopsys Framework",202698
minimatch 9.0.6,CVE-2026-27903,High,2,"Selenium, Shopsys Framework",202698
minimatch 9.0.6,CVE-2026-27904,High,2,"Selenium, Shopsys Framework",202698
electron-updater 6.1.7,CVE-2024-39698,High,1,Selenium IDE,202659
glob 10.3.1,CVE-2025-64756,High,1,Selenium IDE,202659
json 2.18.1,CVE-2026-33210,High,1,Selenium,202659
json 2.18.1-java,CVE-2026-33210,High,1,Selenium,202659
minimatch 9.0.2,CVE-2026-26996,High,1,Selenium IDE,202659
minimatch 9.0.2,CVE-2026-27903,High,1,Selenium IDE,202659
minimatch 9.0.2,CVE-2026-27904,High,1,Selenium IDE,202659
quinn-proto 0.11.13,CVE-2026-31812,High,1,Selenium,202659
tar 7.1.0,CVE-2026-23745,High,1,Selenium IDE,202659
tar 7.1.0,CVE-2026-23950,High,1,Selenium IDE,202659
tar 7.1.0,CVE-2026-24842,High,1,Selenium IDE,202659
tar 7.1.0,CVE-2026-26960,High,1,Selenium IDE,202659
tar 7.1.0,CVE-2026-29786,High,1,Selenium IDE,202659
tar 7.1.0,CVE-2026-31802,High,1,Selenium IDE,202659
ws 8.14.2,CVE-2024-37890,High,1,Selenium IDE,202659
protobuf-java 2.5.0,CVE-2021-22569,High,7,"Apache Ambari, Apache Flume, Apache Giraph, Apache Hadoop, Apache Phoenix, Apache Trafodion, Cask Data Application Platform",192382
protobuf-java 2.5.0,CVE-2024-7254,High,7,"Apache Ambari, Apache Flume, Apache Giraph, Apache Hadoop, Apache Phoenix, Apache Trafodion, Cask Data Application Platform",192382
fast-xml-parser 4.5.4,CVE-2026-33036,High,2,"Ravenjs, React Native",190379
immutable 4.3.7,CVE-2026-29063,High,3,"Apache Hadoop, Liferay, phpMyAdmin",182631
github.com/docker/docker v28.5.2+incompatible,CVE-2026-34040,High,2,"Grafana, Prometheus",176342
cryptography 44.0.2,CVE-2026-26007,High,1,MongoDB,174761
ecdsa 0.19.0,CVE-2024-23342,High,1,MongoDB,174761
jaraco-context 6.0.1,CVE-2026-23949,High,1,MongoDB,174761
pillow 10.0.1,CVE-2024-28219,High,1,MongoDB,174761
protobuf 5.29.3,CVE-2025-4565,High,1,MongoDB,174761
protobuf 5.29.3,CVE-2026-0994,High,1,MongoDB,174761
pyasn1 0.6.1,CVE-2026-23490,High,1,MongoDB,174761
pyasn1 0.6.1,CVE-2026-30922,High,1,MongoDB,174761
pyjwt 2.10.1,CVE-2026-32597,High,1,MongoDB,174761
pyopenssl 25.0.0,CVE-2026-27459,High,1,MongoDB,174761
urllib3 2.3.0,CVE-2025-66418,High,2,"MongoDB, Node js",174761
urllib3 2.3.0,CVE-2025-66471,High,2,"MongoDB, Node js",174761
urllib3 2.3.0,CVE-2026-21441,High,2,"MongoDB, Node js",174761
urllib3 2.5.0,CVE-2025-66418,High,1,MongoDB,174761
urllib3 2.5.0,CVE-2025-66471,High,1,MongoDB,174761
urllib3 2.5.0,CVE-2026-21441,High,1,MongoDB,174761
werkzeug 2.3.7,CVE-2024-34069,High,1,MongoDB,174761
wheel 0.45.0,CVE-2026-24049,High,1,MongoDB,174761
okhttp 3.12.12,CVE-2021-0341,High,2,"Apache Kylin, Apache Spark",173675
body-parser 1.14.2,CVE-2024-45590,High,4,"Apache Ambari, Apache Hadoop, Apache Tez, Neos",166715
semver 5.3.0,CVE-2022-25883,High,4,"Apache Ambari, Apache Hadoop, Apache Tez, Neos",166715
json5 0.4.0,CVE-2022-46175,High,3,"Apache Ambari, Apache Hadoop, Apache Tez",164626
minimatch 0.2.14,CVE-2016-10540,High,3,"Apache Ambari, Apache Hadoop, Apache Tez",164626
minimatch 0.2.14,CVE-2022-3517,High,3,"Apache Ambari, Apache Hadoop, Apache Tez",164626
minimatch 0.2.14,CVE-2026-26996,High,3,"Apache Ambari, Apache Hadoop, Apache Tez",164626
minimatch 0.2.14,CVE-2026-27903,High,3,"Apache Ambari, Apache Hadoop, Apache Tez",164626
minimatch 0.2.14,CVE-2026-27904,High,3,"Apache Ambari, Apache Hadoop, Apache Tez",164626
minimatch 2.0.10,CVE-2016-10540,High,3,"Apache Ambari, Apache Hadoop, Apache Tez",164626
minimatch 2.0.10,CVE-2022-3517,High,3,"Apache Ambari, Apache Hadoop, Apache Tez",164626
minimatch 2.0.10,CVE-2026-26996,High,3,"Apache Ambari, Apache Hadoop, Apache Tez",164626
minimatch 2.0.10,CVE-2026-27903,High,3,"Apache Ambari, Apache Hadoop, Apache Tez",164626
minimatch 2.0.10,CVE-2026-27904,High,3,"Apache Ambari, Apache Hadoop, Apache Tez",164626
npm-user-validate 0.1.5,CVE-2020-7754,High,3,"Apache Ambari, Apache Hadoop, Apache Tez",164626
printf 0.2.5,CVE-2021-23354,High,3,"Apache Ambari, Apache Hadoop, Apache Tez",164626
shelljs 0.3.0,CVE-2022-0144,High,3,"Apache Ambari, Apache Hadoop, Apache Tez",164626
tough-cookie 2.2.2,CVE-2017-15010,High,3,"Apache Ambari, Apache Hadoop, Apache Tez",164626
flatted 3.4.1,CVE-2026-33228,High,2,"CKEditor, Joomla",163635
phpseclib/phpseclib 3.0.46,CVE-2026-32935,High,1,Joomla,163635
qs 5.1.0,CVE-2017-1000048,High,3,"Apache Ambari, Apache Hadoop, Neos",160447
qs 5.1.0,CVE-2022-24999,High,3,"Apache Ambari, Apache Hadoop, Neos",160447
qs 5.2.0,CVE-2017-1000048,High,3,"Apache Ambari, Apache Hadoop, Neos",160447
qs 5.2.0,CVE-2022-24999,High,3,"Apache Ambari, Apache Hadoop, Neos",160447
@angular/common 20.1.3,CVE-2025-66035,High,1,Apache Flink,159046
@angular/compiler 20.1.3,CVE-2025-66412,High,1,Apache Flink,159046
@angular/compiler 20.1.3,CVE-2026-22610,High,1,Apache Flink,159046
@angular/compiler 20.1.3,CVE-2026-32635,High,1,Apache Flink,159046
@angular/core 20.1.3,CVE-2026-22610,High,1,Apache Flink,159046
@angular/core 20.1.3,CVE-2026-27970,High,1,Apache Flink,159046
@angular/core 20.1.3,CVE-2026-32635,High,1,Apache Flink,159046
aircompressor 0.27,CVE-2025-67721,High,1,Apache Flink,159046
log4j-core @log4j.version@,CVE-2021-45105,High,1,Apache Flink,159046
okhttp 3.14.9,CVE-2021-0341,High,1,Apache Flink,159046
okhttp 3.7.0,CVE-2021-0341,High,1,Apache Flink,159046
debug 0.7.4,CVE-2017-20165,High,2,"Apache Ambari, Apache Hadoop",158358
debug 2.3.3,CVE-2017-20165,High,2,"Apache Ambari, Apache Hadoop",158358
engine.io 1.8.0,CVE-2020-36048,High,2,"Apache Ambari, Apache Hadoop",158358
lodash.merge 3.3.2,N/A,High,2,"Apache Ambari, Apache Hadoop",158358
parsejson 0.0.3,CVE-2017-16113,High,2,"Apache Ambari, Apache Hadoop",158358
socket.io-parser 2.3.1,CVE-2020-36049,High,2,"Apache Ambari, Apache Hadoop",158358
socket.io-parser 2.3.1,CVE-2026-33151,High,2,"Apache Ambari, Apache Hadoop",158358
ws 1.1.1,N/A,High,2,"Apache Ambari, Apache Hadoop",158358
kramdown 1.17.0,CVE-2021-28834,High,4,"Apache Mesos, Capistrano, Marathon, Scala",157285
commons-beanutils 1.9.4,CVE-2025-48734,High,4,"Apache Ambari, Apache Kylin, Hive, ZK",148454
lodash 2.4.2,CVE-2018-16487,High,3,"Apache Ambari, Apache Tez, Less",146223
lodash 2.4.2,CVE-2021-23337,High,3,"Apache Ambari, Apache Tez, Less",146223
moment 2.24.0,CVE-2022-24785,High,4,"Apache Hadoop, Ghost, Neos, NopCommerce",145554
moment 2.24.0,CVE-2022-31129,High,4,"Apache Hadoop, Ghost, Neos, NopCommerce",145554
phpseclib/phpseclib 3.0.49,CVE-2026-32935,High,2,"Concrete5, Magento Commerce",143831
serialize-javascript 6.0.0,N/A,High,3,"Ionic Framework, Open Web Analytics, Piwik",143740
merge 1.2.1,CVE-2020-28499,High,3,"Apache Hadoop, Ghost, Neos",137955
log4j 1.2.17,CVE-2021-4104,High,7,"Apache Ambari, Apache Flume, Apache Giraph, Apache Oozie, GlassFish, GridGain, Weka",137789
log4j 1.2.17,CVE-2022-23302,High,7,"Apache Ambari, Apache Flume, Apache Giraph, Apache Oozie, GlassFish, GridGain, Weka",137789
log4j 1.2.17,CVE-2023-26464,High,7,"Apache Ambari, Apache Flume, Apache Giraph, Apache Oozie, GlassFish, GridGain, Weka",137789
lodash 2.3.0,CVE-2018-16487,High,2,"Apache Hadoop, Apache Tez",136296
lodash 2.3.0,CVE-2021-23337,High,2,"Apache Hadoop, Apache Tez",136296
parsejson 0.0.1,CVE-2017-16113,High,2,"Apache Hadoop, Apache Tez",136296
socket.io-parser 2.2.2,CVE-2020-36049,High,2,"Apache Hadoop, Apache Tez",136296
socket.io-parser 2.2.2,CVE-2026-33151,High,2,"Apache Hadoop, Apache Tez",136296
socket.io-parser 2.2.4,CVE-2020-36049,High,2,"Apache Hadoop, Apache Tez",136296
socket.io-parser 2.2.4,CVE-2026-33151,High,2,"Apache Hadoop, Apache Tez",136296
redis 4.5.1,CVE-2023-28859,High,1,Redis,132399
hoek 0.9.1,CVE-2018-3728,High,2,"Emberjs, Less",130308
hoek 0.9.1,CVE-2020-36604,High,2,"Emberjs, Less",130308
apidoc-core 0.8.3,CVE-2025-57317,High,1,Apache Hadoop,130028
assertj-core 3.12.2,CVE-2026-24400,High,1,Apache Hadoop,130028
debug 1.0.2,CVE-2017-20165,High,1,Apache Hadoop,130028
debug 1.0.3,CVE-2017-20165,High,1,Apache Hadoop,130028
debug 1.0.4,CVE-2017-20165,High,1,Apache Hadoop,130028
debug 2.1.0,CVE-2017-20165,High,1,Apache Hadoop,130028
diff 2.2.3,N/A,High,1,Apache Hadoop,130028
lodash-es 3.10.1,CVE-2020-8203,High,1,Apache Hadoop,130028
lodash-es 3.10.1,CVE-2021-23337,High,1,Apache Hadoop,130028
logback-classic 1.1.2,CVE-2023-6378,High,1,Apache Hadoop,130028
ms 0.6.2,CVE-2015-8315,High,1,Apache Hadoop,130028
npm 2.15.1,CVE-2018-7408,High,1,Apache Hadoop,130028
npm 2.15.1,CVE-2019-16775,High,1,Apache Hadoop,130028
npm 2.15.1,CVE-2019-16776,High,1,Apache Hadoop,130028
npm 2.15.1,CVE-2019-16777,High,1,Apache Hadoop,130028
qs 6.0.4,CVE-2022-24999,High,1,Apache Hadoop,130028
qs 6.2.3,CVE-2022-24999,High,1,Apache Hadoop,130028
semver 5.1.1,CVE-2022-25883,High,1,Apache Hadoop,130028
shelljs 0.2.6,CVE-2022-0144,High,1,Apache Hadoop,130028
solr-core 8.11.2,CVE-2023-50291,High,1,Apache Hadoop,130028
solr-core 8.11.2,CVE-2023-50386,High,1,Apache Hadoop,130028
solr-core 8.11.2,CVE-2025-24814,High,1,Apache Hadoop,130028
solr-core 8.11.2,CVE-2026-22022,High,1,Apache Hadoop,130028
solr-core 8.11.2,CVE-2026-22444,High,1,Apache Hadoop,130028
tar 4.4.19,CVE-2026-23745,High,1,Apache Hadoop,130028
tar 4.4.19,CVE-2026-23950,High,1,Apache Hadoop,130028
tar 4.4.19,CVE-2026-24842,High,1,Apache Hadoop,130028
tar 4.4.19,CVE-2026-26960,High,1,Apache Hadoop,130028
tar 4.4.19,CVE-2026-29786,High,1,Apache Hadoop,130028
tar 4.4.19,CVE-2026-31802,High,1,Apache Hadoop,130028
underscore 1.13.1,CVE-2026-27601,High,1,Apache Hadoop,130028
minimatch 5.1.0,CVE-2026-26996,High,3,"Ionic Framework, Thelia, Zabbix",123278
minimatch 5.1.0,CVE-2026-27903,High,3,"Ionic Framework, Thelia, Zabbix",123278
minimatch 5.1.0,CVE-2026-27904,High,3,"Ionic Framework, Thelia, Zabbix",123278
lodash 4.17.15,CVE-2020-8203,High,3,"Apache Ambari, Liferay, Meteor",123264
lodash 4.17.15,CVE-2021-23337,High,3,"Apache Ambari, Liferay, Meteor",123264
rollup 2.79.2,CVE-2026-27606,High,2,"Apollo Client, Less",123126
zookeeper 3.8.4,CVE-2026-24281,High,3,"Apache Phoenix, GridGain, Hive",121857
zookeeper 3.8.4,CVE-2026-24308,High,3,"Apache Phoenix, GridGain, Hive",121857
glob 10.4.5,CVE-2025-64756,High,4,"Angular Material, Apollo Client, Commerce Software, Piwik",117863
spring-core 5.3.39,CVE-2025-41249,High,2,"GridGain, Hive",117023
composer/composer 1.0.0-alpha8,CVE-2021-29472,High,1,Magento Commerce,115807
composer/composer 1.0.0-alpha8,CVE-2021-41116,High,1,Magento Commerce,115807
composer/composer 1.0.0-alpha8,CVE-2022-24828,High,1,Magento Commerce,115807
composer/composer 1.0.0-alpha8,CVE-2023-43655,High,1,Magento Commerce,115807
composer/composer 1.8.5,CVE-2021-29472,High,1,Magento Commerce,115807
composer/composer 1.8.5,CVE-2021-41116,High,1,Magento Commerce,115807
composer/composer 1.8.5,CVE-2022-24828,High,1,Magento Commerce,115807
composer/composer 1.8.5,CVE-2023-43655,High,1,Magento Commerce,115807
composer/composer 2.2.17,CVE-2023-43655,High,1,Magento Commerce,115807
composer/composer 2.2.17,CVE-2024-24821,High,1,Magento Commerce,115807
composer/composer 2.2.17,CVE-2024-35241,High,1,Magento Commerce,115807
composer/composer 2.2.17,CVE-2024-35242,High,1,Magento Commerce,115807
guzzlehttp/guzzle 6.3.3,CVE-2022-29248,High,1,Magento Commerce,115807
guzzlehttp/guzzle 6.3.3,CVE-2022-31042,High,1,Magento Commerce,115807
guzzlehttp/guzzle 6.3.3,CVE-2022-31043,High,1,Magento Commerce,115807
guzzlehttp/guzzle 6.3.3,CVE-2022-31090,High,1,Magento Commerce,115807
guzzlehttp/guzzle 6.3.3,CVE-2022-31091,High,1,Magento Commerce,115807
laminas/laminas-diactoros 1.8.6,CVE-2023-29530,High,1,Magento Commerce,115807
magento/product-community-edition 2.3.1,CVE-2019-7865,High,1,Magento Commerce,115807
magento/product-community-edition 2.3.1,CVE-2019-7876,High,1,Magento Commerce,115807
magento/product-community-edition 2.3.1,CVE-2019-8121,High,1,Magento Commerce,115807
phpseclib/phpseclib 0.3.10,CVE-2021-30130,High,1,Magento Commerce,115807
phpseclib/phpseclib 0.3.10,CVE-2023-52892,High,1,Magento Commerce,115807
phpseclib/phpseclib 0.3.10,CVE-2026-32935,High,1,Magento Commerce,115807
phpseclib/phpseclib 2.0.15,CVE-2021-30130,High,1,Magento Commerce,115807
phpseclib/phpseclib 2.0.15,CVE-2023-52892,High,1,Magento Commerce,115807
phpseclib/phpseclib 2.0.15,CVE-2024-27354,High,1,Magento Commerce,115807
phpseclib/phpseclib 2.0.15,CVE-2024-27355,High,1,Magento Commerce,115807
phpseclib/phpseclib 2.0.15,CVE-2026-32935,High,1,Magento Commerce,115807
symfony/process 2.8.x-dev,CVE-2024-51736,High,1,Magento Commerce,115807
symfony/process v2.8.52,CVE-2024-51736,High,1,Magento Commerce,115807
symfony/process v4.1.11,CVE-2024-51736,High,1,Magento Commerce,115807
grpc-netty-shaded 1.72.0,CVE-2025-55163,High,1,Hive,115545
libthrift 0.9.1,CVE-2018-1320,High,1,Hive,115545
libthrift 0.9.1,CVE-2019-0205,High,1,Hive,115545
netty 3.10.5.Final,CVE-2021-37136,High,1,Hive,115545
netty 3.10.5.Final,CVE-2021-37137,High,1,Hive,115545
plexus-utils 1.5.6,CVE-2022-4244,High,1,Hive,115545
plexus-utils 1.5.6,CVE-2025-67030,High,1,Hive,115545
spring-boot-starter-actuator 2.7.18,CVE-2026-22733,High,1,Hive,115545
commons-io 2.4,CVE-2024-47554,High,2,"Apache Ambari, SonarQube",115410
node-forge 1.3.3,CVE-2026-33891,High,4,"Countly, Grafana, HHVM, dotCMS",112819
node-forge 1.3.3,CVE-2026-33894,High,4,"Countly, Grafana, HHVM, dotCMS",112819
node-forge 1.3.3,CVE-2026-33895,High,4,"Countly, Grafana, HHVM, dotCMS",112819
node-forge 1.3.3,CVE-2026-33896,High,4,"Countly, Grafana, HHVM, dotCMS",112819
glob 11.0.3,CVE-2025-64756,High,1,Less,111625
hawk 0.13.1,CVE-2016-2515,High,1,Less,111625
hawk 0.13.1,CVE-2022-29167,High,1,Less,111625
hoek 0.8.5,CVE-2018-3728,High,1,Less,111625
hoek 0.8.5,CVE-2020-36604,High,1,Less,111625
lodash 2.4.1,CVE-2018-16487,High,1,Less,111625
lodash 2.4.1,CVE-2021-23337,High,1,Less,111625
parse-link-header 0.1.0,CVE-2021-23490,High,1,Less,111625
playwright 1.50.1,CVE-2025-59288,High,1,Less,111625
qs 0.6.6,CVE-2014-10064,High,1,Less,111625
qs 0.6.6,CVE-2014-7191,High,1,Less,111625
qs 0.6.6,CVE-2017-1000048,High,1,Less,111625
qs 0.6.6,CVE-2022-24999,High,1,Less,111625
requestretry 1.9.1,CVE-2022-0654,High,1,Less,111625
semver 5.4.1,CVE-2022-25883,High,1,Less,111625
underscore 1.4.4,CVE-2026-27601,High,1,Less,111625
json 2.18.0,CVE-2026-33210,High,2,"Opscode Chef, Phusion Passenger",107991
ws 7.5.9,CVE-2024-37890,High,5,"Commerce Software, Concrete5, Ghost, HHVM, Liferay",105835
protobuf 6.31.1,CVE-2026-0994,High,1,TensorFlow,104572
wheel 0.41.3,CVE-2026-24049,High,1,TensorFlow,104572
@hono/node-server 1.19.9,CVE-2026-29087,High,1,Grafana,104259
github.com/moby/moby v28.5.2+incompatible,CVE-2026-34040,High,1,Grafana,104259
tar 7.5.8,CVE-2026-29786,High,1,Grafana,104259
tar 7.5.8,CVE-2026-31802,High,1,Grafana,104259
tj-actions/changed-files ed68ef82c095e0d48ec87eccea555d944a631a4c,CVE-2023-51664,High,1,Grafana,104259
tj-actions/changed-files ed68ef82c095e0d48ec87eccea555d944a631a4c,CVE-2025-30066,High,1,Grafana,104259
@angular/common 14.3.0,CVE-2025-66035,High,1,Ravenjs,102371
@angular/compiler 14.3.0,CVE-2025-66412,High,1,Ravenjs,102371
@angular/compiler 14.3.0,CVE-2026-22610,High,1,Ravenjs,102371
@angular/core 14.3.0,CVE-2026-22610,High,1,Ravenjs,102371
@angular/core 14.3.0,CVE-2026-27970,High,1,Ravenjs,102371
astro 3.5.0,CVE-2024-56159,High,1,Ravenjs,102371
astro 3.5.0,CVE-2025-64764,High,1,Ravenjs,102371
devalue 4.3.3,CVE-2025-57820,High,1,Ravenjs,102371
effect 3.16.12,CVE-2026-32887,High,1,Ravenjs,102371
fast-xml-parser 5.3.6,CVE-2026-33036,High,1,Ravenjs,102371
h3 1.15.3,CVE-2026-23527,High,1,Ravenjs,102371
h3 1.15.3,CVE-2026-33128,High,1,Ravenjs,102371
jws 4.0.0,CVE-2025-65945,High,1,Ravenjs,102371
next 14.2.35,N/A,High,1,Ravenjs,102371
undici 5.29.0,CVE-2026-1526,High,1,Ravenjs,102371
undici 5.29.0,CVE-2026-2229,High,1,Ravenjs,102371
undici 7.18.2,CVE-2026-1526,High,1,Ravenjs,102371
undici 7.18.2,CVE-2026-1528,High,1,Ravenjs,102371
undici 7.18.2,CVE-2026-2229,High,1,Ravenjs,102371
minimatch 3.0.3,CVE-2022-3517,High,3,"Apache Ambari, Apache Tez, Piwik",101974
minimatch 3.0.3,CVE-2026-26996,High,3,"Apache Ambari, Apache Tez, Piwik",101974
minimatch 3.0.3,CVE-2026-27903,High,3,"Apache Ambari, Apache Tez, Piwik",101974
minimatch 3.0.3,CVE-2026-27904,High,3,"Apache Ambari, Apache Tez, Piwik",101974
axios 1.12.2,CVE-2026-25639,High,3,"Druid, Piwik, Rundeck",101824
ws 6.2.1,CVE-2024-37890,High,2,"Liferay, Meteor",94934
ws 8.11.0,CVE-2024-37890,High,3,"Commerce Software, Ghost, Liferay",93983
commons-io 2.11.0,CVE-2024-47554,High,2,"Apache Flume, Apache Oozie",88020
rexml 3.2.6,CVE-2024-43398,High,1,React Native,88008
undici 6.23.0,CVE-2026-1526,High,1,React Native,88008
undici 6.23.0,CVE-2026-1528,High,1,React Native,88008
undici 6.23.0,CVE-2026-2229,High,1,React Native,88008
logback-classic 1.0.13,CVE-2023-6378,High,1,SonarQube,87080
logback-core 1.0.13,CVE-2023-6378,High,1,SonarQube,87080
immutable 5.0.3,CVE-2026-29063,High,2,"Cacti, Prometheus",76385
json5 2.2.1,CVE-2022-46175,High,2,"CloudStack, Ionic Framework",72389
loader-utils 2.0.2,CVE-2022-37599,High,2,"CloudStack, Ionic Framework",72389
loader-utils 2.0.2,CVE-2022-37603,High,2,"CloudStack, Ionic Framework",72389
semver 7.3.7,CVE-2022-25883,High,2,"CloudStack, Ionic Framework",72389
github.com/buger/jsonparser v1.1.1,N/A,High,1,Prometheus,72083
d3-color 2.0.0,N/A,High,2,"Emberjs, Liferay",71258
immutable 4.3.0,CVE-2026-29063,High,2,"EllisLab ExpressionEngine, Liferay",69553
fast-xml-parser 4.2.5,CVE-2026-26278,High,1,Piwik,67376
fast-xml-parser 4.2.5,CVE-2026-33036,High,1,Piwik,67376
fast-xml-parser 4.5.0,CVE-2026-26278,High,1,Piwik,67376
fast-xml-parser 4.5.0,CVE-2026-33036,High,1,Piwik,67376
koa 2.7.0,CVE-2026-27959,High,1,Piwik,67376
qs 4.0.0,CVE-2017-1000048,High,1,Piwik,67376
qs 4.0.0,CVE-2022-24999,High,1,Piwik,67376
terser 5.7.1,CVE-2022-25858,High,1,Piwik,67376
ws 7.5.3,CVE-2024-37890,High,1,Piwik,67376
jackson-databind @jackson.version@,CVE-2018-12022,High,1,Jetty,65973
jackson-databind @jackson.version@,CVE-2018-5968,High,1,Jetty,65973
jackson-databind @jackson.version@,CVE-2019-14439,High,1,Jetty,65973
jackson-databind @jackson.version@,CVE-2019-14892,High,1,Jetty,65973
jackson-databind @jackson.version@,CVE-2020-10650,High,1,Jetty,65973
jackson-databind @jackson.version@,CVE-2020-36189,High,1,Jetty,65973
jackson-databind @jackson.version@,CVE-2020-36518,High,1,Jetty,65973
jackson-databind @jackson.version@,CVE-2021-20190,High,1,Jetty,65973
jackson-databind @jackson.version@,CVE-2022-42004,High,1,Jetty,65973
@angular/common 16.0.0,CVE-2025-66035,High,1,Ionic Framework,65706
@angular/common 17.0.2,CVE-2025-66035,High,1,Ionic Framework,65706
@angular/common 18.0.1,CVE-2025-66035,High,1,Ionic Framework,65706
@angular/common 19.0.0,CVE-2025-66035,High,1,Ionic Framework,65706
@angular/common 20.0.4,CVE-2025-66035,High,1,Ionic Framework,65706
@angular/compiler 16.0.0,CVE-2025-66412,High,1,Ionic Framework,65706
@angular/compiler 16.0.0,CVE-2026-22610,High,1,Ionic Framework,65706
@angular/compiler 17.0.2,CVE-2025-66412,High,1,Ionic Framework,65706
@angular/compiler 17.0.2,CVE-2026-22610,High,1,Ionic Framework,65706
@angular/compiler 17.0.2,CVE-2026-32635,High,1,Ionic Framework,65706
@angular/compiler 18.0.1,CVE-2025-66412,High,1,Ionic Framework,65706
@angular/compiler 18.0.1,CVE-2026-22610,High,1,Ionic Framework,65706
@angular/compiler 18.0.1,CVE-2026-32635,High,1,Ionic Framework,65706
@angular/compiler 19.0.0,CVE-2025-66412,High,1,Ionic Framework,65706
@angular/compiler 19.0.0,CVE-2026-22610,High,1,Ionic Framework,65706
@angular/compiler 19.0.0,CVE-2026-32635,High,1,Ionic Framework,65706
@angular/compiler 20.0.4,CVE-2025-66412,High,1,Ionic Framework,65706
@angular/compiler 20.0.4,CVE-2026-22610,High,1,Ionic Framework,65706
@angular/compiler 20.0.4,CVE-2026-32635,High,1,Ionic Framework,65706
@angular/core 16.0.0,CVE-2026-22610,High,1,Ionic Framework,65706
@angular/core 16.0.0,CVE-2026-27970,High,1,Ionic Framework,65706
@angular/core 17.0.2,CVE-2026-22610,High,1,Ionic Framework,65706
@angular/core 17.0.2,CVE-2026-27970,High,1,Ionic Framework,65706
@angular/core 17.0.2,CVE-2026-32635,High,1,Ionic Framework,65706
@angular/core 18.0.1,CVE-2026-22610,High,1,Ionic Framework,65706
@angular/core 18.0.1,CVE-2026-27970,High,1,Ionic Framework,65706
@angular/core 18.0.1,CVE-2026-32635,High,1,Ionic Framework,65706
@angular/core 19.0.0,CVE-2026-22610,High,1,Ionic Framework,65706
@angular/core 19.0.0,CVE-2026-27970,High,1,Ionic Framework,65706
@angular/core 19.0.0,CVE-2026-32635,High,1,Ionic Framework,65706
@angular/core 20.0.4,CVE-2026-22610,High,1,Ionic Framework,65706
@angular/core 20.0.4,CVE-2026-27970,High,1,Ionic Framework,65706
@angular/core 20.0.4,CVE-2026-32635,High,1,Ionic Framework,65706
@angular/platform-server 16.0.0,CVE-2025-59052,High,1,Ionic Framework,65706
@angular/platform-server 17.0.2,CVE-2025-59052,High,1,Ionic Framework,65706
@angular/platform-server 18.0.1,CVE-2025-59052,High,1,Ionic Framework,65706
@angular/platform-server 19.0.0,CVE-2025-59052,High,1,Ionic Framework,65706
@angular/platform-server 20.0.4,CVE-2025-59052,High,1,Ionic Framework,65706
@angular/ssr 17.0.0,CVE-2025-59052,High,1,Ionic Framework,65706
@angular/ssr 18.0.2,CVE-2025-59052,High,1,Ionic Framework,65706
@angular/ssr 19.0.2,CVE-2025-59052,High,1,Ionic Framework,65706
@angular/ssr 19.0.2,CVE-2025-62427,High,1,Ionic Framework,65706
@angular/ssr 20.0.3,CVE-2025-59052,High,1,Ionic Framework,65706
@angular/ssr 20.0.3,CVE-2025-62427,High,1,Ionic Framework,65706
@nguniversal/common 16.0.0,CVE-2025-59052,High,1,Ionic Framework,65706
body-parser 1.20.0,CVE-2024-45590,High,1,Ionic Framework,65706
flatted 3.2.5,CVE-2026-32141,High,1,Ionic Framework,65706
flatted 3.2.5,CVE-2026-33228,High,1,Ionic Framework,65706
rollup 2.75.6,CVE-2024-47068,High,1,Ionic Framework,65706
rollup 2.75.6,CVE-2026-27606,High,1,Ionic Framework,65706
terser 5.14.0,CVE-2022-25858,High,1,Ionic Framework,65706
terser 5.14.1,CVE-2022-25858,High,1,Ionic Framework,65706
ws 7.5.8,CVE-2024-37890,High,1,Ionic Framework,65706
ws 8.7.0,CVE-2024-37890,High,1,Ionic Framework,65706
ws 8.8.0,CVE-2024-37890,High,1,Ionic Framework,65706
tar 6.1.11,CVE-2026-23745,High,2,"CloudStack, Zabbix",64116
tar 6.1.11,CVE-2026-23950,High,2,"CloudStack, Zabbix",64116
tar 6.1.11,CVE-2026-24842,High,2,"CloudStack, Zabbix",64116
tar 6.1.11,CVE-2026-26960,High,2,"CloudStack, Zabbix",64116
tar 6.1.11,CVE-2026-29786,High,2,"CloudStack, Zabbix",64116
tar 6.1.11,CVE-2026-31802,High,2,"CloudStack, Zabbix",64116
rollup 3.29.5,CVE-2026-27606,High,3,"Apollo Client, Liferay, Node js",64076
lodash.pick 4.4.0,CVE-2020-8203,High,3,"Ghost, Liferay, ZURB Foundation",63287
http-cache-semantics 3.8.1,CVE-2022-25881,High,3,"Druid, Liferay, Neos",61898
hadoop-common 2.8.5,CVE-2020-9492,High,2,"Apache Oozie, GridGain",61320
psf/black stable,CVE-2026-31900,High,2,"Django, MoinMoin",61234
avro 1.8.2,CVE-2023-39410,High,1,Apache Oozie,59842
gson 2.8.5,CVE-2022-25647,High,1,Apache Oozie,59842
hive-exec 1.2.2,CVE-2018-11777,High,1,Apache Oozie,59842
jackson-core 2.6.7,CVE-2025-52999,High,1,Apache Oozie,59842
jackson-databind 2.6.7.5,CVE-2018-12022,High,1,Apache Oozie,59842
jackson-databind 2.6.7.5,CVE-2018-5968,High,1,Apache Oozie,59842
jackson-databind 2.6.7.5,CVE-2020-10650,High,1,Apache Oozie,59842
jackson-databind 2.6.7.5,CVE-2020-24616,High,1,Apache Oozie,59842
jackson-databind 2.6.7.5,CVE-2020-35490,High,1,Apache Oozie,59842
jackson-databind 2.6.7.5,CVE-2020-35491,High,1,Apache Oozie,59842
jackson-databind 2.6.7.5,CVE-2020-35728,High,1,Apache Oozie,59842
jackson-databind 2.6.7.5,CVE-2020-36184,High,1,Apache Oozie,59842
jackson-databind 2.6.7.5,CVE-2020-36185,High,1,Apache Oozie,59842
jackson-databind 2.6.7.5,CVE-2020-36186,High,1,Apache Oozie,59842
jackson-databind 2.6.7.5,CVE-2020-36187,High,1,Apache Oozie,59842
jackson-databind 2.6.7.5,CVE-2020-36518,High,1,Apache Oozie,59842
jackson-databind 2.6.7.5,CVE-2022-42003,High,1,Apache Oozie,59842
jackson-databind 2.6.7.5,CVE-2022-42004,High,1,Apache Oozie,59842
jetty-server 9.4.44.v20210927,CVE-2024-13009,High,1,Apache Oozie,59842
mysql-connector-java 5.1.34,CVE-2017-3523,High,1,Apache Oozie,59842
mysql-connector-java 5.1.34,CVE-2018-3258,High,1,Apache Oozie,59842
mysql-connector-java 5.1.34,CVE-2023-22102,High,1,Apache Oozie,59842
org.eclipse.jgit 5.0.1.201806211838-r,CVE-2023-4759,High,1,Apache Oozie,59842
spark-core_2.10 1.6.1,CVE-2017-12612,High,1,Apache Oozie,59842
spark-core_2.10 1.6.1,CVE-2018-11804,High,1,Apache Oozie,59842
spark-core_2.10 1.6.1,CVE-2025-54920,High,1,Apache Oozie,59842
xercesImpl 2.11.0,CVE-2012-0881,High,1,Apache Oozie,59842
xercesImpl 2.11.0,CVE-2013-4002,High,1,Apache Oozie,59842
set-value 0.4.3,CVE-2021-23440,High,3,"Liferay, Neos, OrientDB",58905
set-value 2.0.0,CVE-2021-23440,High,3,"Liferay, Neos, OrientDB",58905
immutable 5.1.4,CVE-2026-29063,High,3,"Angular Material, Liferay, Live Helper Chat",58842
robrichards/xmlseclibs 3.1.4,CVE-2026-32313,High,1,Zabbix,57433
taffydb 2.6.2,CVE-2019-10790,High,2,"Jahia, Liferay",57338
marked 0.7.0,CVE-2022-21680,High,2,"Angular Material, Liferay",55991
marked 0.7.0,CVE-2022-21681,High,2,"Angular Material, Liferay",55991
axios 1.13.2,CVE-2026-25639,High,3,"Liferay, Live Helper Chat, XWiki",55508
acorn 5.7.3,N/A,High,2,"Liferay, Neos",54664
flatted 2.0.0,CVE-2026-32141,High,2,"Liferay, Neos",54664
flatted 2.0.0,CVE-2026-33228,High,2,"Liferay, Neos",54664
json5 2.1.0,CVE-2022-46175,High,2,"Liferay, Neos",54664
semver-regex 1.0.0,CVE-2021-3795,High,2,"Liferay, Neos",54664
tar 4.4.8,CVE-2021-32803,High,2,"Liferay, Neos",54664
tar 4.4.8,CVE-2021-32804,High,2,"Liferay, Neos",54664
tar 4.4.8,CVE-2021-37701,High,2,"Liferay, Neos",54664
tar 4.4.8,CVE-2021-37712,High,2,"Liferay, Neos",54664
tar 4.4.8,CVE-2021-37713,High,2,"Liferay, Neos",54664
tar 4.4.8,CVE-2026-23745,High,2,"Liferay, Neos",54664
tar 4.4.8,CVE-2026-23950,High,2,"Liferay, Neos",54664
tar 4.4.8,CVE-2026-24842,High,2,"Liferay, Neos",54664
tar 4.4.8,CVE-2026-26960,High,2,"Liferay, Neos",54664
tar 4.4.8,CVE-2026-29786,High,2,"Liferay, Neos",54664
tar 4.4.8,CVE-2026-31802,High,2,"Liferay, Neos",54664
y18n 4.0.0,CVE-2020-7774,High,2,"Liferay, Neos",54664
flatted 3.2.7,CVE-2026-32141,High,3,"Liferay, Thelia, ZK",54186
flatted 3.2.7,CVE-2026-33228,High,3,"Liferay, Thelia, ZK",54186
http-proxy-middleware 0.19.1,CVE-2024-21536,High,2,"Bolt, Liferay",53414
immutable 3.8.2,CVE-2026-29063,High,2,"Liferay, LocomotiveCMS",52819
lodash 4.17.20,CVE-2021-23337,High,2,"Liferay, LocomotiveCMS",52819
@angular/common 16.2.1,CVE-2025-66035,High,1,Liferay,52575
@angular/compiler 16.2.1,CVE-2025-66412,High,1,Liferay,52575
@angular/compiler 16.2.1,CVE-2026-22610,High,1,Liferay,52575
@angular/core 16.2.1,CVE-2026-22610,High,1,Liferay,52575
@angular/core 16.2.1,CVE-2026-27970,High,1,Liferay,52575
@remix-run/router 1.14.2,CVE-2026-22029,High,1,Liferay,52575
async 3.2.0,CVE-2021-43138,High,1,Liferay,52575
billboard.js 1.12.12,CVE-2026-1513,High,1,Liferay,52575
billboard.js 1.8.1,CVE-2026-1513,High,1,Liferay,52575
com.liferay.util.java 4.0.0,CVE-2024-25606,High,1,Liferay,52575
copy-props 2.0.4,CVE-2020-28503,High,1,Liferay,52575
cross-spawn 2.2.3,CVE-2024-21538,High,1,Liferay,52575
css-what 2.1.0,CVE-2022-21222,High,1,Liferay,52575
d3-color 1.2.3,N/A,High,1,Liferay,52575
d3-color 3.0.1,N/A,High,1,Liferay,52575
fast-json-patch 3.0.0-1,CVE-2021-4279,High,1,Liferay,52575
fast-xml-parser 4.4.1,CVE-2026-26278,High,1,Liferay,52575
fast-xml-parser 4.4.1,CVE-2026-33036,High,1,Liferay,52575
flatted 3.1.1,CVE-2026-32141,High,1,Liferay,52575
flatted 3.1.1,CVE-2026-33228,High,1,Liferay,52575
glob 10.3.3,CVE-2025-64756,High,1,Liferay,52575
glob 10.4.1,CVE-2025-64756,High,1,Liferay,52575
immutable 4.3.3,CVE-2026-29063,High,1,Liferay,52575
immutable 4.3.6,CVE-2026-29063,High,1,Liferay,52575
jetty-server 8.1.8.v20121106,CVE-2015-2080,High,1,Liferay,52575
jetty-server 8.1.8.v20121106,CVE-2017-7656,High,1,Liferay,52575
jetty-server 8.1.8.v20121106,CVE-2017-9735,High,1,Liferay,52575
jetty-server 8.1.8.v20121106,CVE-2021-28165,High,1,Liferay,52575
jetty-webapp 8.1.8.v20121106,CVE-2020-27216,High,1,Liferay,52575
jspdf 3.0.4,CVE-2026-24133,High,1,Liferay,52575
jspdf 3.0.4,CVE-2026-24737,High,1,Liferay,52575
jspdf 3.0.4,CVE-2026-25535,High,1,Liferay,52575
jspdf 3.0.4,CVE-2026-25755,High,1,Liferay,52575
jspdf 3.0.4,CVE-2026-25940,High,1,Liferay,52575
jspdf 3.0.4,CVE-2026-31898,High,1,Liferay,52575
lodash-es 4.17.11,CVE-2020-8203,High,1,Liferay,52575
lodash-es 4.17.11,CVE-2021-23337,High,1,Liferay,52575
lodash-es 4.17.4,CVE-2020-8203,High,1,Liferay,52575
lodash-es 4.17.4,CVE-2021-23337,High,1,Liferay,52575
lodash.template 3.6.2,CVE-2021-23337,High,1,Liferay,52575
log4j 1.2.14,CVE-2021-4104,High,1,Liferay,52575
log4j 1.2.14,CVE-2022-23302,High,1,Liferay,52575
log4j 1.2.14,CVE-2023-26464,High,1,Liferay,52575
marked 0.6.3,CVE-2022-21680,High,1,Liferay,52575
marked 0.6.3,CVE-2022-21681,High,1,Liferay,52575
minimatch 4.2.1,CVE-2026-26996,High,1,Liferay,52575
minimatch 4.2.1,CVE-2026-27903,High,1,Liferay,52575
minimatch 4.2.1,CVE-2026-27904,High,1,Liferay,52575
minimatch 9.0.4,CVE-2026-26996,High,1,Liferay,52575
minimatch 9.0.4,CVE-2026-27903,High,1,Liferay,52575
minimatch 9.0.4,CVE-2026-27904,High,1,Liferay,52575
path-to-regexp 3.0.0,CVE-2024-45296,High,1,Liferay,52575
qs 6.9.6,CVE-2022-24999,High,1,Liferay,52575
rollup 3.28.1,CVE-2024-47068,High,1,Liferay,52575
rollup 3.28.1,CVE-2026-27606,High,1,Liferay,52575
rollup 3.29.3,CVE-2024-47068,High,1,Liferay,52575
rollup 3.29.3,CVE-2026-27606,High,1,Liferay,52575
rollup 3.29.4,CVE-2024-47068,High,1,Liferay,52575
rollup 3.29.4,CVE-2026-27606,High,1,Liferay,52575
semver 5.7.0,CVE-2022-25883,High,1,Liferay,52575
semver 6.1.1,CVE-2022-25883,High,1,Liferay,52575
semver 7.3.2,CVE-2022-25883,High,1,Liferay,52575
semver 7.3.4,CVE-2022-25883,High,1,Liferay,52575
shiro-core 1.1.0,CVE-2019-12422,High,1,Liferay,52575
shiro-core 1.1.0,CVE-2020-13933,High,1,Liferay,52575
spring-beans 4.1.2.RELEASE,CVE-2022-22970,High,1,Liferay,52575
spring-beans 4.1.9.RELEASE,CVE-2022-22970,High,1,Liferay,52575
spring-context 4.1.2.RELEASE,CVE-2022-22968,High,1,Liferay,52575
spring-context 4.1.9.RELEASE,CVE-2022-22968,High,1,Liferay,52575
spring-core 4.1.2.RELEASE,CVE-2015-5211,High,1,Liferay,52575
spring-core 4.1.2.RELEASE,CVE-2016-5007,High,1,Liferay,52575
spring-core 4.1.2.RELEASE,CVE-2018-1272,High,1,Liferay,52575
spring-core 4.1.9.RELEASE,CVE-2016-5007,High,1,Liferay,52575
spring-core 4.1.9.RELEASE,CVE-2018-1272,High,1,Liferay,52575
spring-expression 4.1.2.RELEASE,CVE-2023-20863,High,1,Liferay,52575
spring-expression 4.1.9.RELEASE,CVE-2023-20863,High,1,Liferay,52575
spring-security-core 5.5.1,CVE-2024-22257,High,1,Liferay,52575
spring-web 4.1.2.RELEASE,CVE-2024-22243,High,1,Liferay,52575
spring-web 4.1.2.RELEASE,CVE-2024-22259,High,1,Liferay,52575
spring-web 4.1.2.RELEASE,CVE-2024-22262,High,1,Liferay,52575
spring-web 4.1.9.RELEASE,CVE-2024-22243,High,1,Liferay,52575
spring-web 4.1.9.RELEASE,CVE-2024-22259,High,1,Liferay,52575
spring-web 4.1.9.RELEASE,CVE-2024-22262,High,1,Liferay,52575
spring-webmvc 4.1.2.RELEASE,CVE-2024-38819,High,1,Liferay,52575
spring-webmvc 4.1.9.RELEASE,CVE-2024-38819,High,1,Liferay,52575
storybook 8.6.15,CVE-2026-27148,High,1,Liferay,52575
tar 6.1.15,CVE-2026-23745,High,1,Liferay,52575
tar 6.1.15,CVE-2026-23950,High,1,Liferay,52575
tar 6.1.15,CVE-2026-24842,High,1,Liferay,52575
tar 6.1.15,CVE-2026-26960,High,1,Liferay,52575
tar 6.1.15,CVE-2026-29786,High,1,Liferay,52575
tar 6.1.15,CVE-2026-31802,High,1,Liferay,52575
tar 7.2.0,CVE-2026-23745,High,1,Liferay,52575
tar 7.2.0,CVE-2026-23950,High,1,Liferay,52575
tar 7.2.0,CVE-2026-24842,High,1,Liferay,52575
tar 7.2.0,CVE-2026-26960,High,1,Liferay,52575
tar 7.2.0,CVE-2026-29786,High,1,Liferay,52575
tar 7.2.0,CVE-2026-31802,High,1,Liferay,52575
tar-fs 1.16.3,CVE-2024-12905,High,1,Liferay,52575
tar-fs 1.16.3,CVE-2025-48387,High,1,Liferay,52575
tar-fs 1.16.3,CVE-2025-59343,High,1,Liferay,52575
tar-fs 1.16.4,CVE-2025-48387,High,1,Liferay,52575
tar-fs 1.16.4,CVE-2025-59343,High,1,Liferay,52575
trim-newlines 3.0.0,CVE-2021-33623,High,1,Liferay,52575
ua-parser-js 0.7.17,CVE-2020-7733,High,1,Liferay,52575
ua-parser-js 0.7.17,CVE-2020-7793,High,1,Liferay,52575
ua-parser-js 0.7.17,CVE-2021-27292,High,1,Liferay,52575
ua-parser-js 0.7.20,CVE-2020-7733,High,1,Liferay,52575
ua-parser-js 0.7.20,CVE-2020-7793,High,1,Liferay,52575
ua-parser-js 0.7.20,CVE-2021-27292,High,1,Liferay,52575
underscore 1.9.1,CVE-2026-27601,High,1,Liferay,52575
undici 5.0.0,CVE-2022-32210,High,1,Liferay,52575
undici 5.0.0,CVE-2023-24807,High,1,Liferay,52575
undici 5.0.0,CVE-2026-1526,High,1,Liferay,52575
undici 5.0.0,CVE-2026-2229,High,1,Liferay,52575
vite 3.2.7,CVE-2024-23331,High,1,Liferay,52575
vite 4.4.7,CVE-2024-23331,High,1,Liferay,52575
vite 4.4.9,CVE-2024-23331,High,1,Liferay,52575
vite 4.5.1,CVE-2024-23331,High,1,Liferay,52575
webpack-dev-middleware 3.7.2,CVE-2024-29180,High,1,Liferay,52575
webpack-dev-middleware 4.3.0,CVE-2024-29180,High,1,Liferay,52575
webpack-dev-middleware 7.0.0,CVE-2024-29180,High,1,Liferay,52575
ws 7.3.1,CVE-2024-37890,High,1,Liferay,52575
ws 8.16.0,CVE-2024-37890,High,1,Liferay,52575
assertj-core 3.26.3,CVE-2026-24400,High,1,Neo4j,51288
rack 3.2.4,CVE-2026-22860,High,1,Phusion Passenger,49903
@angular/common 11.2.14,CVE-2025-66035,High,1,Apache NiFi,45452
@angular/compiler 11.2.14,CVE-2025-66412,High,1,Apache NiFi,45452
@angular/compiler 11.2.14,CVE-2026-22610,High,1,Apache NiFi,45452
@angular/core 11.2.14,CVE-2026-22610,High,1,Apache NiFi,45452
@angular/core 11.2.14,CVE-2026-27970,High,1,Apache NiFi,45452
commons-collections 3.2.1,CVE-2015-6420,High,3,"Apache Ambari, Apache Giraph, GlassFish",44061
github.com/docker/docker v24.0.0-rc.2.0.20230908212318-6ce5aa1cd5a4+incompatible,CVE-2026-34040,High,1,Swarm,43748
dnsjava 3.5.1,CVE-2024-25638,High,1,Apache Zookeeper,42493
dnsjava 3.5.1,N/A,High,1,Apache Zookeeper,42493
playwright 1.48.2,CVE-2025-59288,High,2,"Commerce Software, dotCMS",42437
aws-sdk 2.572.0,CVE-2020-28472,High,1,Meteor,42359
glob 11.0.0,CVE-2025-64756,High,1,Meteor,42359
markdown-to-jsx 4.0.3,N/A,High,1,Meteor,42359
minimatch 10.0.1,CVE-2026-26996,High,1,Meteor,42359
minimatch 10.0.1,CVE-2026-27903,High,1,Meteor,42359
minimatch 10.0.1,CVE-2026-27904,High,1,Meteor,42359
diff 1.4.0,N/A,High,3,"Apache Ambari, Apache Tez, Ghost",40436
underscore 1.8.3,CVE-2026-27601,High,3,"Apache Ambari, Apache Tez, Ghost",40436
dompurify 2.4.0,CVE-2024-45801,High,1,Commerce Software,35570
dompurify 2.4.0,CVE-2024-47875,High,1,Commerce Software,35570
fast-xml-parser 5.0.9,CVE-2026-25128,High,1,Commerce Software,35570
fast-xml-parser 5.0.9,CVE-2026-26278,High,1,Commerce Software,35570
fast-xml-parser 5.0.9,CVE-2026-33036,High,1,Commerce Software,35570
guzzlehttp/guzzle 7.3.0,CVE-2022-29248,High,1,Commerce Software,35570
guzzlehttp/guzzle 7.3.0,CVE-2022-31042,High,1,Commerce Software,35570
guzzlehttp/guzzle 7.3.0,CVE-2022-31043,High,1,Commerce Software,35570
guzzlehttp/guzzle 7.3.0,CVE-2022-31090,High,1,Commerce Software,35570
guzzlehttp/guzzle 7.3.0,CVE-2022-31091,High,1,Commerce Software,35570
nodemailer 6.7.3,CVE-2025-14874,High,1,Commerce Software,35570
nodemailer 6.8.0,CVE-2025-14874,High,1,Commerce Software,35570
pdfjs-dist 3.6.172,CVE-2024-4367,High,1,Commerce Software,35570
pear/archive_tar 1.4.13,CVE-2021-32610,High,1,Commerce Software,35570
phpoffice/phpspreadsheet 1.17.1,CVE-2024-45048,High,1,Commerce Software,35570
phpoffice/phpspreadsheet 1.17.1,CVE-2024-45290,High,1,Commerce Software,35570
phpoffice/phpspreadsheet 1.17.1,CVE-2024-45293,High,1,Commerce Software,35570
phpoffice/phpspreadsheet 1.17.1,CVE-2024-47873,High,1,Commerce Software,35570
phpoffice/phpspreadsheet 1.17.1,CVE-2024-48917,High,1,Commerce Software,35570
phpoffice/phpspreadsheet 1.17.1,CVE-2024-56365,High,1,Commerce Software,35570
phpoffice/phpspreadsheet 1.17.1,CVE-2024-56366,High,1,Commerce Software,35570
phpoffice/phpspreadsheet 1.17.1,CVE-2024-56408,High,1,Commerce Software,35570
phpoffice/phpspreadsheet 1.17.1,CVE-2024-56409,High,1,Commerce Software,35570
phpoffice/phpspreadsheet 1.17.1,CVE-2025-54370,High,1,Commerce Software,35570
phpunit/phpunit 7.3.2,CVE-2026-24765,High,1,Commerce Software,35570
prestashop/blockwishlist v2.0.1,CVE-2022-31101,High,1,Commerce Software,35570
smarty/smarty v3.1.43,CVE-2022-29221,High,1,Commerce Software,35570
smarty/smarty v3.1.43,CVE-2023-28447,High,1,Commerce Software,35570
smarty/smarty v3.1.43,CVE-2024-35226,High,1,Commerce Software,35570
symfony/symfony v4.4.32,CVE-2024-51736,High,1,Commerce Software,35570
symfony/symfony v4.4.32,CVE-2025-64500,High,1,Commerce Software,35570
tar 6.1.13,CVE-2026-23745,High,1,Commerce Software,35570
tar 6.1.13,CVE-2026-23950,High,1,Commerce Software,35570
tar 6.1.13,CVE-2026-24842,High,1,Commerce Software,35570
tar 6.1.13,CVE-2026-26960,High,1,Commerce Software,35570
tar 6.1.13,CVE-2026-29786,High,1,Commerce Software,35570
tar 6.1.13,CVE-2026-31802,High,1,Commerce Software,35570
tecnickcom/tcpdf 6.4.1,CVE-2024-56521,High,1,Commerce Software,35570
tecnickcom/tcpdf 6.4.1,CVE-2024-56522,High,1,Commerce Software,35570
twig/twig v3.3.8,CVE-2022-39261,High,1,Commerce Software,35570
validator 13.15.15,CVE-2025-12758,High,1,Commerce Software,35570
vue-i18n 10.0.3,CVE-2025-27597,High,1,Commerce Software,35570
xlsx 0.18.5,CVE-2023-30533,High,1,Commerce Software,35570
xlsx 0.18.5,CVE-2024-22363,High,1,Commerce Software,35570
commons-io 2.8.0,CVE-2024-47554,High,2,"Apache Ambari, CloudStack",35013
body-parser 1.17.1,CVE-2024-45590,High,2,"Apache Ambari, Apache Tez",34598
bower 1.8.4,CVE-2019-5484,High,2,"Apache Ambari, Apache Tez",34598
js-yaml 3.8.3,N/A,High,2,"Apache Ambari, Apache Tez",34598
lodash 3.7.0,CVE-2018-16487,High,2,"Apache Ambari, Apache Tez",34598
lodash 3.7.0,CVE-2020-8203,High,2,"Apache Ambari, Apache Tez",34598
lodash 3.7.0,CVE-2021-23337,High,2,"Apache Ambari, Apache Tez",34598
merge 1.2.0,CVE-2018-16469,High,2,"Apache Ambari, Apache Tez",34598
merge 1.2.0,CVE-2020-28499,High,2,"Apache Ambari, Apache Tez",34598
minimatch 1.0.0,CVE-2016-10540,High,2,"Apache Ambari, Apache Tez",34598
minimatch 1.0.0,CVE-2022-3517,High,2,"Apache Ambari, Apache Tez",34598
minimatch 1.0.0,CVE-2026-26996,High,2,"Apache Ambari, Apache Tez",34598
minimatch 1.0.0,CVE-2026-27903,High,2,"Apache Ambari, Apache Tez",34598
minimatch 1.0.0,CVE-2026-27904,High,2,"Apache Ambari, Apache Tez",34598
mout 0.9.1,CVE-2020-7792,High,2,"Apache Ambari, Apache Tez",34598
mout 0.9.1,CVE-2022-21213,High,2,"Apache Ambari, Apache Tez",34598
npm 2.14.10,CVE-2016-3956,High,2,"Apache Ambari, Apache Tez",34598
npm 2.14.10,CVE-2018-7408,High,2,"Apache Ambari, Apache Tez",34598
npm 2.14.10,CVE-2019-16775,High,2,"Apache Ambari, Apache Tez",34598
npm 2.14.10,CVE-2019-16776,High,2,"Apache Ambari, Apache Tez",34598
npm 2.14.10,CVE-2019-16777,High,2,"Apache Ambari, Apache Tez",34598
semver 5.0.3,CVE-2022-25883,High,2,"Apache Ambari, Apache Tez",34598
tar 1.0.3,CVE-2015-8860,High,2,"Apache Ambari, Apache Tez",34598
tar 1.0.3,CVE-2018-20834,High,2,"Apache Ambari, Apache Tez",34598
tar 1.0.3,CVE-2021-32804,High,2,"Apache Ambari, Apache Tez",34598
tar 1.0.3,CVE-2021-37713,High,2,"Apache Ambari, Apache Tez",34598
tar 1.0.3,CVE-2026-23745,High,2,"Apache Ambari, Apache Tez",34598
tar 1.0.3,CVE-2026-23950,High,2,"Apache Ambari, Apache Tez",34598
tar 1.0.3,CVE-2026-24842,High,2,"Apache Ambari, Apache Tez",34598
tar 1.0.3,CVE-2026-26960,High,2,"Apache Ambari, Apache Tez",34598
tar 1.0.3,CVE-2026-29786,High,2,"Apache Ambari, Apache Tez",34598
tar 1.0.3,CVE-2026-31802,High,2,"Apache Ambari, Apache Tez",34598
uglify-js 2.3.6,CVE-2015-8858,High,2,"Apache Ambari, Apache Tez",34598
moment 2.18.1,CVE-2017-18214,High,2,"Apache Ambari, OrientDB",32571
moment 2.18.1,CVE-2022-24785,High,2,"Apache Ambari, OrientDB",32571
moment 2.18.1,CVE-2022-31129,High,2,"Apache Ambari, OrientDB",32571
semver 2.3.2,CVE-2015-8855,High,2,"Apache Ambari, Neos",30419
semver 2.3.2,CVE-2022-25883,High,2,"Apache Ambari, Neos",30419
mysql-connector-java 8.0.13,CVE-2023-22102,High,2,"Apache Ambari, GridGain",29808
i18n 0.7.0,CVE-2014-10077,High,2,"Apache Mesos, Apache PredictionIO",29671
avro 1.7.4,CVE-2023-39410,High,2,"Apache Ambari, Apache MINA",29037
jersey-core 1.9,CVE-2014-3643,High,2,"Apache Ambari, Apache Apex",28973
commons-io 2.1,CVE-2024-47554,High,3,"Apache Ambari, Apache Giraph, Apache Trafodion",28845
jackson-mapper-asl 1.9.2,CVE-2019-10172,High,2,"Apache Ambari, Apache Giraph",28811
jetty-server 9.4.51.v20230217,CVE-2024-13009,High,2,"Apache Flume, Cask Data Application Platform",28675
jersey-core 1.8,CVE-2014-3643,High,2,"Apache Ambari, Apache Trafodion",28364
ambari 2.7.6,CVE-2022-42009,High,1,Apache Ambari,28330
ambari 2.7.6,CVE-2022-45855,High,1,Apache Ambari,28330
async 2.3.0,CVE-2021-43138,High,1,Apache Ambari,28330
bower 1.7.2,CVE-2019-5484,High,1,Apache Ambari,28330
bower 1.8.0,CVE-2019-5484,High,1,Apache Ambari,28330
braces 0.1.5,CVE-2024-4068,High,1,Apache Ambari,28330
c3p0 [0.9.5.4],CVE-2019-5427,High,1,Apache Ambari,28330
c3p0 [0.9.5.4],CVE-2026-27830,High,1,Apache Ambari,28330
commons-compress 1.4.1,CVE-2021-35515,High,1,Apache Ambari,28330
commons-compress 1.4.1,CVE-2021-35516,High,1,Apache Ambari,28330
commons-compress 1.4.1,CVE-2021-35517,High,1,Apache Ambari,28330
commons-compress 1.4.1,CVE-2021-36090,High,1,Apache Ambari,28330
cross-spawn 3.0.1,CVE-2024-21538,High,1,Apache Ambari,28330
debug 2.1.3,CVE-2017-20165,High,1,Apache Ambari,28330
debug 2.6.1,CVE-2017-20165,High,1,Apache Ambari,28330
debug 2.6.3,CVE-2017-20165,High,1,Apache Ambari,28330
debug 2.6.4,CVE-2017-20165,High,1,Apache Ambari,28330
debug 2.6.6,CVE-2017-20165,High,1,Apache Ambari,28330
decompress-zip 0.1.0,N/A,High,1,Apache Ambari,28330
engine.io 1.8.3,CVE-2020-36048,High,1,Apache Ambari,28330
fresh 0.2.0,CVE-2017-16119,High,1,Apache Ambari,28330
gson 2.2.2,CVE-2022-25647,High,1,Apache Ambari,28330
hadoop-common 2.2.0,CVE-2016-6811,High,1,Apache Ambari,28330
hadoop-common 2.2.0,CVE-2017-7669,High,1,Apache Ambari,28330
hadoop-common 2.2.0,CVE-2020-9492,High,1,Apache Ambari,28330
hadoop-common 2.7.7,CVE-2017-7669,High,1,Apache Ambari,28330
hadoop-common 2.7.7,CVE-2020-9492,High,1,Apache Ambari,28330
handlebars 1.0.12,CVE-2019-20920,High,1,Apache Ambari,28330
handlebars 1.0.12,N/A,High,1,Apache Ambari,28330
handlebars 2.0.0,CVE-2019-20920,High,1,Apache Ambari,28330
handlebars 2.0.0,N/A,High,1,Apache Ambari,28330
handlebars 4.0.6,CVE-2019-20920,High,1,Apache Ambari,28330
handlebars 4.0.6,CVE-2019-20922,High,1,Apache Ambari,28330
handlebars 4.0.6,CVE-2026-33938,High,1,Apache Ambari,28330
handlebars 4.0.6,CVE-2026-33939,High,1,Apache Ambari,28330
handlebars 4.0.6,CVE-2026-33940,High,1,Apache Ambari,28330
handlebars 4.0.6,CVE-2026-33941,High,1,Apache Ambari,28330
handlebars 4.0.6,N/A,High,1,Apache Ambari,28330
hawk 2.3.1,CVE-2016-2515,High,1,Apache Ambari,28330
hawk 2.3.1,CVE-2022-29167,High,1,Apache Ambari,28330
httpclient 4.1.2,CVE-2012-6153,High,1,Apache Ambari,28330
jackson-core 2.4.0,CVE-2025-52999,High,1,Apache Ambari,28330
jackson-databind 2.4.0,CVE-2018-12022,High,1,Apache Ambari,28330
jackson-databind 2.4.0,CVE-2018-5968,High,1,Apache Ambari,28330
jackson-databind 2.4.0,CVE-2019-12086,High,1,Apache Ambari,28330
jackson-databind 2.4.0,CVE-2019-14439,High,1,Apache Ambari,28330
jackson-databind 2.4.0,CVE-2019-14892,High,1,Apache Ambari,28330
jackson-databind 2.4.0,CVE-2020-10650,High,1,Apache Ambari,28330
jackson-databind 2.4.0,CVE-2020-10673,High,1,Apache Ambari,28330
jackson-databind 2.4.0,CVE-2020-24616,High,1,Apache Ambari,28330
jackson-databind 2.4.0,CVE-2020-24750,High,1,Apache Ambari,28330
jackson-databind 2.4.0,CVE-2020-35490,High,1,Apache Ambari,28330
jackson-databind 2.4.0,CVE-2020-35491,High,1,Apache Ambari,28330
jackson-databind 2.4.0,CVE-2020-35728,High,1,Apache Ambari,28330
jackson-databind 2.4.0,CVE-2020-36179,High,1,Apache Ambari,28330
jackson-databind 2.4.0,CVE-2020-36180,High,1,Apache Ambari,28330
jackson-databind 2.4.0,CVE-2020-36181,High,1,Apache Ambari,28330
jackson-databind 2.4.0,CVE-2020-36182,High,1,Apache Ambari,28330
jackson-databind 2.4.0,CVE-2020-36183,High,1,Apache Ambari,28330
jackson-databind 2.4.0,CVE-2020-36184,High,1,Apache Ambari,28330
jackson-databind 2.4.0,CVE-2020-36185,High,1,Apache Ambari,28330
jackson-databind 2.4.0,CVE-2020-36186,High,1,Apache Ambari,28330
jackson-databind 2.4.0,CVE-2020-36187,High,1,Apache Ambari,28330
jackson-databind 2.4.0,CVE-2020-36188,High,1,Apache Ambari,28330
jackson-databind 2.4.0,CVE-2020-36189,High,1,Apache Ambari,28330
jackson-databind 2.4.0,CVE-2020-36518,High,1,Apache Ambari,28330
jackson-databind 2.4.0,CVE-2021-20190,High,1,Apache Ambari,28330
jackson-databind 2.4.0,CVE-2022-42003,High,1,Apache Ambari,28330
jackson-databind 2.4.0,CVE-2022-42004,High,1,Apache Ambari,28330
jettison 1.1,CVE-2022-40150,High,1,Apache Ambari,28330
jettison 1.1,CVE-2022-45685,High,1,Apache Ambari,28330
jettison 1.1,CVE-2022-45693,High,1,Apache Ambari,28330
jettison 1.1,CVE-2023-1436,High,1,Apache Ambari,28330
lodash 4.16.6,CVE-2018-16487,High,1,Apache Ambari,28330
lodash 4.16.6,CVE-2020-8203,High,1,Apache Ambari,28330
lodash 4.16.6,CVE-2021-23337,High,1,Apache Ambari,28330
lodash.merge 4.6.0,N/A,High,1,Apache Ambari,28330
mime 1.2.4,CVE-2017-16138,High,1,Apache Ambari,28330
minimatch 0.3.0,CVE-2016-10540,High,1,Apache Ambari,28330
minimatch 0.3.0,CVE-2022-3517,High,1,Apache Ambari,28330
minimatch 0.3.0,CVE-2026-26996,High,1,Apache Ambari,28330
minimatch 0.3.0,CVE-2026-27903,High,1,Apache Ambari,28330
minimatch 0.3.0,CVE-2026-27904,High,1,Apache Ambari,28330
mout 0.11.1,CVE-2020-7792,High,1,Apache Ambari,28330
mout 0.11.1,CVE-2022-21213,High,1,Apache Ambari,28330
mout 1.0.0,CVE-2020-7792,High,1,Apache Ambari,28330
mout 1.0.0,CVE-2022-21213,High,1,Apache Ambari,28330
ms 0.7.0,CVE-2015-8315,High,1,Apache Ambari,28330
netty 3.7.0.Final,CVE-2015-2156,High,1,Apache Ambari,28330
netty 3.7.0.Final,CVE-2021-37136,High,1,Apache Ambari,28330
netty 3.7.0.Final,CVE-2021-37137,High,1,Apache Ambari,28330
nimbus-jose-jwt 5.9,CVE-2023-52428,High,1,Apache Ambari,28330
phantomjs 1.9.20,CVE-2019-17221,High,1,Apache Ambari,28330
qs 0.4.2,CVE-2014-10064,High,1,Apache Ambari,28330
qs 0.4.2,CVE-2014-7191,High,1,Apache Ambari,28330
qs 0.4.2,CVE-2017-1000048,High,1,Apache Ambari,28330
qs 0.4.2,CVE-2022-24999,High,1,Apache Ambari,28330
qs 0.6.5,CVE-2014-10064,High,1,Apache Ambari,28330
qs 0.6.5,CVE-2014-7191,High,1,Apache Ambari,28330
qs 0.6.5,CVE-2017-1000048,High,1,Apache Ambari,28330
qs 0.6.5,CVE-2022-24999,High,1,Apache Ambari,28330
qs 5.2.1,CVE-2017-1000048,High,1,Apache Ambari,28330
qs 5.2.1,CVE-2022-24999,High,1,Apache Ambari,28330
scss-tokenizer 0.2.1,CVE-2022-25758,High,1,Apache Ambari,28330
snappy-java 1.0.4.1,CVE-2023-34455,High,1,Apache Ambari,28330
snappy-java 1.0.4.1,CVE-2023-43642,High,1,Apache Ambari,28330
spring-beans 3.1.2.RELEASE,CVE-2022-22970,High,1,Apache Ambari,28330
spring-beans 4.0.5.RELEASE,CVE-2022-22970,High,1,Apache Ambari,28330
spring-context 4.0.5.RELEASE,CVE-2022-22968,High,1,Apache Ambari,28330
spring-core 4.0.5.RELEASE,CVE-2015-5211,High,1,Apache Ambari,28330
spring-core 4.0.5.RELEASE,CVE-2016-5007,High,1,Apache Ambari,28330
spring-core 4.0.5.RELEASE,CVE-2018-1272,High,1,Apache Ambari,28330
spring-core 6.0.23,CVE-2025-41249,High,1,Apache Ambari,28330
spring-expression 4.0.5.RELEASE,CVE-2023-20863,High,1,Apache Ambari,28330
spring-security-core 6.0.8,CVE-2024-22257,High,1,Apache Ambari,28330
spring-web 4.0.5.RELEASE,CVE-2024-22243,High,1,Apache Ambari,28330
spring-web 4.0.5.RELEASE,CVE-2024-22259,High,1,Apache Ambari,28330
spring-web 4.0.5.RELEASE,CVE-2024-22262,High,1,Apache Ambari,28330
spring-webmvc 4.0.5.RELEASE,CVE-2024-38819,High,1,Apache Ambari,28330
spring-webmvc 6.0.23,CVE-2024-38816,High,1,Apache Ambari,28330
spring-webmvc 6.0.23,CVE-2024-38819,High,1,Apache Ambari,28330
sshpk 1.13.0,CVE-2018-3737,High,1,Apache Ambari,28330
tar-fs 1.15.2,CVE-2018-20835,High,1,Apache Ambari,28330
tar-fs 1.15.2,CVE-2024-12905,High,1,Apache Ambari,28330
tar-fs 1.15.2,CVE-2025-48387,High,1,Apache Ambari,28330
tar-fs 1.15.2,CVE-2025-59343,High,1,Apache Ambari,28330
uglify-js 1.3.2,CVE-2015-8858,High,1,Apache Ambari,28330
uglify-js 2.4.24,CVE-2015-8858,High,1,Apache Ambari,28330
ws 1.1.2,N/A,High,1,Apache Ambari,28330
xstream 1.4.7,CVE-2016-3674,High,1,Apache Ambari,28330
xstream 1.4.7,CVE-2017-7957,High,1,Apache Ambari,28330
xstream 1.4.7,CVE-2020-26217,High,1,Apache Ambari,28330
xstream 1.4.7,CVE-2021-21341,High,1,Apache Ambari,28330
xstream 1.4.7,CVE-2021-29505,High,1,Apache Ambari,28330
xstream 1.4.7,CVE-2021-39139,High,1,Apache Ambari,28330
xstream 1.4.7,CVE-2021-39141,High,1,Apache Ambari,28330
xstream 1.4.7,CVE-2021-39144,High,1,Apache Ambari,28330
xstream 1.4.7,CVE-2021-39145,High,1,Apache Ambari,28330
xstream 1.4.7,CVE-2021-39146,High,1,Apache Ambari,28330
xstream 1.4.7,CVE-2021-39147,High,1,Apache Ambari,28330
xstream 1.4.7,CVE-2021-39148,High,1,Apache Ambari,28330
xstream 1.4.7,CVE-2021-39149,High,1,Apache Ambari,28330
xstream 1.4.7,CVE-2021-39150,High,1,Apache Ambari,28330
xstream 1.4.7,CVE-2021-39151,High,1,Apache Ambari,28330
xstream 1.4.7,CVE-2021-39152,High,1,Apache Ambari,28330
xstream 1.4.7,CVE-2021-39153,High,1,Apache Ambari,28330
xstream 1.4.7,CVE-2021-39154,High,1,Apache Ambari,28330
xstream 1.4.7,CVE-2021-43859,High,1,Apache Ambari,28330
xstream 1.4.7,CVE-2022-40151,High,1,Apache Ambari,28330
xstream 1.4.7,CVE-2022-41966,High,1,Apache Ambari,28330
xstream 1.4.7,CVE-2024-47072,High,1,Apache Ambari,28330
yamlbeans 1.13,CVE-2023-24621,High,1,Apache Ambari,28330
avro 1.11.1,CVE-2023-39410,High,1,Apache Flume,28178
jdom 1.1.3,CVE-2021-33813,High,1,Apache Flume,28178
parquet-avro 1.11.2,CVE-2025-46762,High,1,Apache Flume,28178
snappy-java 1.1.8.4,CVE-2023-34455,High,1,Apache Flume,28178
snappy-java 1.1.8.4,CVE-2023-43642,High,1,Apache Flume,28178
fabric 4.6.0,CVE-2026-27013,High,1,Concrete5,28024
addressable 2.3.8,CVE-2021-32740,High,1,Apache Mesos,27494
pyinstaller 3.6,CVE-2023-49797,High,1,Apache Mesos,27494
pyinstaller 3.6,CVE-2025-59042,High,1,Apache Mesos,27494
rack 1.6.12,CVE-2020-8161,High,1,Apache Mesos,27494
rack 1.6.12,CVE-2020-8184,High,1,Apache Mesos,27494
rack 1.6.12,CVE-2022-30122,High,1,Apache Mesos,27494
rack 1.6.12,CVE-2022-44570,High,1,Apache Mesos,27494
rack 1.6.12,CVE-2023-27530,High,1,Apache Mesos,27494
rack 1.6.12,CVE-2025-27610,High,1,Apache Mesos,27494
rack 1.6.12,CVE-2025-46727,High,1,Apache Mesos,27494
rack 1.6.12,CVE-2025-59830,High,1,Apache Mesos,27494
rack 1.6.12,CVE-2025-61770,High,1,Apache Mesos,27494
rack 1.6.12,CVE-2025-61771,High,1,Apache Mesos,27494
rack 1.6.12,CVE-2025-61772,High,1,Apache Mesos,27494
rack 1.6.12,CVE-2025-61919,High,1,Apache Mesos,27494
rack 1.6.12,CVE-2026-22860,High,1,Apache Mesos,27494
underscore 1.13.7,CVE-2026-27601,High,1,Rundeck,27214
github.com/sirupsen/logrus v1.7.0,CVE-2025-65637,High,1,Liquibase,25920
golang.org/x/crypto v0.27.0,CVE-2025-22869,High,1,Liquibase,25920
stdlib go1.21.13,N/A,High,1,Liquibase,25920
h2 1.4.199,CVE-2021-23463,High,1,Presto,22940
h2 1.4.199,CVE-2022-45868,High,1,Presto,22940
assertj-core 3.11.1,CVE-2026-24400,High,3,"Apache Drill, Apache Kylin, Jahia",22414
aws/aws-sdk-php 3.369.22,N/A,High,1,Commerce Software,18954
dompurify 3.0.6,CVE-2024-45801,High,1,Commerce Software,18954
dompurify 3.0.6,CVE-2024-47875,High,1,Commerce Software,18954
league/commonmark 2.4.1,N/A,High,1,Commerce Software,18954
mermaid 10.6.0,N/A,High,1,Commerce Software,18954
symfony/http-foundation v6.4.3,CVE-2025-64500,High,1,Commerce Software,18954
symfony/process v6.4.3,CVE-2024-51736,High,1,Commerce Software,18954
diff 1.0.8,N/A,High,1,Emberjs,18683
hawk 1.1.1,CVE-2016-2515,High,1,Emberjs,18683
hawk 1.1.1,CVE-2022-29167,High,1,Emberjs,18683
qs 1.0.2,CVE-2017-1000048,High,1,Emberjs,18683
qs 1.0.2,CVE-2022-24999,High,1,Emberjs,18683
underscore 1.1.7,CVE-2026-27601,High,1,Emberjs,18683
jdom 1.1,CVE-2021-33813,High,1,Jython,18048
postgresql 42.1.1.jre7,CVE-2020-13692,High,1,Jython,18048
postgresql 42.1.1.jre7,CVE-2022-21724,High,1,Jython,18048
postgresql 42.1.1.jre7,CVE-2022-31197,High,1,Jython,18048
axios 1.9.0,CVE-2025-58754,High,1,EllisLab ExpressionEngine,16978
axios 1.9.0,CVE-2026-25639,High,1,EllisLab ExpressionEngine,16978
lodash.set 4.3.2,CVE-2020-8203,High,1,EllisLab ExpressionEngine,16978
mysql2 2.3.3,CVE-2024-21512,High,1,EllisLab ExpressionEngine,16978
phpunit/phpunit 9.6.11,CVE-2026-24765,High,1,EllisLab ExpressionEngine,16978
semver 7.5.1,CVE-2022-25883,High,1,EllisLab ExpressionEngine,16978
tar-fs 2.1.3,CVE-2025-59343,High,1,EllisLab ExpressionEngine,16978
tj-actions/changed-files v35,CVE-2023-51664,High,1,EllisLab ExpressionEngine,16978
tj-actions/changed-files v35,CVE-2025-30066,High,1,EllisLab ExpressionEngine,16978
commonmarker 0.17.13,CVE-2024-22051,High,2,"Capistrano, Marathon",15966
tzinfo 1.2.5,CVE-2022-31163,High,2,"Capistrano, Marathon",15966
socket.io-parser 4.2.5,CVE-2026-33151,High,2,"Discourse, Orchard CMS",15767
commons-beanutils 1.9.3,CVE-2014-0114,High,1,GlassFish,15250
commons-beanutils 1.9.3,CVE-2019-10086,High,1,GlassFish,15250
commons-beanutils 1.9.3,CVE-2025-48734,High,1,GlassFish,15250
mysql-connector-java 5.1.15,CVE-2017-3523,High,1,GlassFish,15250
mysql-connector-java 5.1.15,CVE-2018-3258,High,1,GlassFish,15250
mysql-connector-java 5.1.15,CVE-2023-22102,High,1,GlassFish,15250
aircompressor 0.25,CVE-2024-36114,High,1,Apache Drill,14544
aircompressor 0.25,CVE-2025-67721,High,1,Apache Drill,14544
zookeeper 3.9.3,CVE-2026-24281,High,1,Apache Drill,14544
zookeeper 3.9.3,CVE-2026-24308,High,1,Apache Drill,14544
addressable 2.7.0,CVE-2021-32740,High,1,Marathon,12777
aiohttp 3.5.4,CVE-2024-23334,High,1,Marathon,12777
aiohttp 3.5.4,CVE-2024-30251,High,1,Marathon,12777
aiohttp 3.5.4,CVE-2025-69223,High,1,Marathon,12777
certifi 2019.6.16,CVE-2023-37920,High,1,Marathon,12777
cryptography 2.7,CVE-2020-25659,High,1,Marathon,12777
cryptography 2.7,CVE-2023-0286,High,1,Marathon,12777
cryptography 2.7,CVE-2023-50782,High,1,Marathon,12777
cryptography 2.7,CVE-2026-26007,High,1,Marathon,12777
nokogiri 1.10.4,CVE-2018-25032,High,1,Marathon,12777
nokogiri 1.10.4,CVE-2019-13117,High,1,Marathon,12777
nokogiri 1.10.4,CVE-2019-13118,High,1,Marathon,12777
nokogiri 1.10.4,CVE-2019-18197,High,1,Marathon,12777
nokogiri 1.10.4,CVE-2019-5815,High,1,Marathon,12777
nokogiri 1.10.4,CVE-2020-7595,High,1,Marathon,12777
nokogiri 1.10.4,CVE-2021-30560,High,1,Marathon,12777
nokogiri 1.10.4,CVE-2021-3517,High,1,Marathon,12777
nokogiri 1.10.4,CVE-2021-3518,High,1,Marathon,12777
nokogiri 1.10.4,CVE-2021-41098,High,1,Marathon,12777
nokogiri 1.10.4,CVE-2022-24836,High,1,Marathon,12777
nokogiri 1.10.4,CVE-2022-29181,High,1,Marathon,12777
py 1.8.0,CVE-2020-29651,High,1,Marathon,12777
pyasn1 0.4.5,CVE-2026-30922,High,1,Marathon,12777
pygments 2.4.2,CVE-2021-20270,High,1,Marathon,12777
pygments 2.4.2,CVE-2021-27291,High,1,Marathon,12777
pyjwt 1.4.2,CVE-2017-11424,High,1,Marathon,12777
pyjwt 1.4.2,CVE-2026-32597,High,1,Marathon,12777
urllib3 1.25.3,CVE-2020-7212,High,1,Marathon,12777
urllib3 1.25.3,CVE-2023-43804,High,1,Marathon,12777
urllib3 1.25.3,CVE-2025-66418,High,1,Marathon,12777
urllib3 1.25.3,CVE-2025-66471,High,1,Marathon,12777
urllib3 1.25.3,CVE-2026-21441,High,1,Marathon,12777
browserify-sign 4.2.1,CVE-2023-46234,High,2,"CloudStack, Ghost",12521
com.liferay.portal.kernel 2.0.0,CVE-2024-25607,High,1,Vaadin,12500
com.liferay.portal.kernel 2.0.0,CVE-2025-3526,High,1,Vaadin,12500
commons-io 2.2,CVE-2024-47554,High,1,Vaadin,12500
log4j-core 2.8.2,CVE-2021-45105,High,1,Vaadin,12500
org.apache.karaf.management.server 4.2.1,CVE-2021-41766,High,1,Vaadin,12500
org.eclipse.jgit 3.5.1.201410131835-r,CVE-2023-4759,High,1,Vaadin,12500
pax-logging-log4j2 1.10.1,CVE-2021-45105,High,1,Vaadin,12500
plexus-utils 3.0.17,CVE-2022-4244,High,1,Vaadin,12500
plexus-utils 3.0.17,CVE-2025-67030,High,1,Vaadin,12500
portal-service 6.2.5,CVE-2010-5327,High,1,Vaadin,12500
playwright 1.43.1,CVE-2025-59288,High,1,Apollo Client,11501
rollup 4.34.9,CVE-2026-27606,High,1,Apollo Client,11501
tj-actions/changed-files 8cba46e29c11878d930bca7870bb54394d3e8b21,CVE-2023-51664,High,2,"Shopware, Simple Machines Forum",10103
tj-actions/changed-files 8cba46e29c11878d930bca7870bb54394d3e8b21,CVE-2025-30066,High,2,"Shopware, Simple Machines Forum",10103
mcp 0.8.0,CVE-2026-33946,High,1,Discourse,9443
ruby-lsp 0.26.8,CVE-2026-34060,High,1,Discourse,9443
xstream 1.4.20,CVE-2024-47072,High,2,"Alluxio, CloudStack",8835
immutable 4.3.5,CVE-2026-29063,High,1,Quill,8304
next 14.1.3,CVE-2024-46982,High,1,Quill,8304
next 14.1.3,CVE-2024-51479,High,1,Quill,8304
next 14.1.3,N/A,High,1,Quill,8304
next-mdx-remote 4.4.1,CVE-2026-0969,High,1,Quill,8304
svgo 3.2.0,CVE-2026-29074,High,1,Quill,8304
jackson-mapper-asl 1.9.13,CVE-2019-10172,High,2,"Apache Apex, Druid",7877
fast-xml-parser 4.5.3,CVE-2026-26278,High,2,"Druid, ReDoc",7796
fast-xml-parser 4.5.3,CVE-2026-33036,High,2,"Druid, ReDoc",7796
axios 0.26.1,CVE-2025-27152,High,1,NopCommerce,7599
axios 0.26.1,CVE-2026-25639,High,1,NopCommerce,7599
uplot 1.6.18,CVE-2024-21489,High,1,NopCommerce,7599
ip 1.1.8,CVE-2024-29415,High,2,"Bolt, CloudStack",7522
grpc-netty-shaded 1.65.1,CVE-2025-55163,High,1,Druid,7234
image-size 1.2.0,N/A,High,1,Druid,7234
immer 8.0.1,CVE-2021-3757,High,1,Druid,7234
jetty-server 12.0.30,CVE-2026-1605,High,1,Druid,7234
libthrift 0.13.0,CVE-2020-13949,High,1,Druid,7234
netty 3.10.6.Final,CVE-2021-37136,High,1,Druid,7234
netty 3.10.6.Final,CVE-2021-37137,High,1,Druid,7234
@angular/common 20.3.2,CVE-2025-66035,High,1,dotCMS,6867
@angular/compiler 20.3.2,CVE-2025-66412,High,1,dotCMS,6867
@angular/compiler 20.3.2,CVE-2026-22610,High,1,dotCMS,6867
@angular/compiler 20.3.2,CVE-2026-32635,High,1,dotCMS,6867
@angular/compiler 21.2.1,CVE-2026-32635,High,1,dotCMS,6867
@angular/compiler 9.0.0,CVE-2025-66412,High,1,dotCMS,6867
@angular/compiler 9.0.0,CVE-2026-22610,High,1,dotCMS,6867
@angular/core 20.3.2,CVE-2026-22610,High,1,dotCMS,6867
@angular/core 20.3.2,CVE-2026-27970,High,1,dotCMS,6867
@angular/core 20.3.2,CVE-2026-32635,High,1,dotCMS,6867
@angular/core 21.2.1,CVE-2026-32635,High,1,dotCMS,6867
@angular/core 9.0.0,CVE-2026-22610,High,1,dotCMS,6867
@angular/core 9.0.0,CVE-2026-27970,High,1,dotCMS,6867
@angular/ssr 20.3.3,CVE-2025-62427,High,1,dotCMS,6867
@modelcontextprotocol/sdk 1.25.2,CVE-2026-25536,High,1,dotCMS,6867
flatted 3.2.6,CVE-2026-32141,High,1,dotCMS,6867
flatted 3.2.6,CVE-2026-33228,High,1,dotCMS,6867
flatted 3.4.0,CVE-2026-33228,High,1,dotCMS,6867
happy-dom 15.7.4,CVE-2026-34226,High,1,dotCMS,6867
happy-dom 20.8.3,CVE-2026-33943,High,1,dotCMS,6867
happy-dom 20.8.3,CVE-2026-34226,High,1,dotCMS,6867
koa 3.0.1,CVE-2026-27959,High,1,dotCMS,6867
koa 3.0.3,CVE-2026-27959,High,1,dotCMS,6867
minimatch 10.2.1,CVE-2026-27903,High,1,dotCMS,6867
minimatch 10.2.1,CVE-2026-27904,High,1,dotCMS,6867
next 14.0.4,CVE-2024-34351,High,1,dotCMS,6867
next 14.0.4,CVE-2024-46982,High,1,dotCMS,6867
next 14.0.4,CVE-2024-51479,High,1,dotCMS,6867
next 14.0.4,N/A,High,1,dotCMS,6867
next 14.2.16,N/A,High,1,dotCMS,6867
path-to-regexp 2.4.0,CVE-2024-45296,High,1,dotCMS,6867
picomatch 4.0.1,CVE-2026-33671,High,1,dotCMS,6867
rollup 4.14.0,CVE-2024-47068,High,1,dotCMS,6867
rollup 4.14.0,CVE-2026-27606,High,1,dotCMS,6867
storybook 10.2.9,CVE-2026-27148,High,1,dotCMS,6867
tar 7.5.1,CVE-2026-23745,High,1,dotCMS,6867
tar 7.5.1,CVE-2026-23950,High,1,dotCMS,6867
tar 7.5.1,CVE-2026-24842,High,1,dotCMS,6867
tar 7.5.1,CVE-2026-26960,High,1,dotCMS,6867
tar 7.5.1,CVE-2026-29786,High,1,dotCMS,6867
tar 7.5.1,CVE-2026-31802,High,1,dotCMS,6867
undici 5.28.4,CVE-2026-1526,High,1,dotCMS,6867
undici 5.28.4,CVE-2026-2229,High,1,dotCMS,6867
undici 7.22.0,CVE-2026-1526,High,1,dotCMS,6867
undici 7.22.0,CVE-2026-1528,High,1,dotCMS,6867
undici 7.22.0,CVE-2026-2229,High,1,dotCMS,6867
assertj-core 3.23.1,CVE-2026-24400,High,1,CloudStack,6683
esapi 2.1.0.1,CVE-2022-23457,High,1,CloudStack,6683
esapi 2.1.0.1,N/A,High,1,CloudStack,6683
fast-xml-parser 4.3.0,CVE-2026-26278,High,1,CloudStack,6683
fast-xml-parser 4.3.0,CVE-2026-33036,High,1,CloudStack,6683
ini4j 0.5.4,CVE-2022-41404,High,1,CloudStack,6683
jackson-core 2.13.3,CVE-2025-52999,High,1,CloudStack,6683
jackson-databind 2.13.3,CVE-2022-42003,High,1,CloudStack,6683
jackson-databind 2.13.3,CVE-2022-42004,High,1,CloudStack,6683
minio 8.5.2,CVE-2025-59952,High,1,CloudStack,6683
moment 2.29.3,CVE-2022-31129,High,1,CloudStack,6683
mysql-connector-j 8.0.33,CVE-2023-22102,High,1,CloudStack,6683
spring-web 5.3.26,CVE-2024-22243,High,1,CloudStack,6683
spring-web 5.3.26,CVE-2024-22259,High,1,CloudStack,6683
spring-web 5.3.26,CVE-2024-22262,High,1,CloudStack,6683
testng 7.1.0,CVE-2022-4065,High,1,CloudStack,6683
tomcat-embed-core 10.0.22,CVE-2022-42252,High,1,CloudStack,6683
vue-i18n 9.2.2,CVE-2025-27597,High,1,CloudStack,6683
js-yaml 3.7.0,N/A,High,2,"Neos, OrientDB",6330
eazy-logger 3.1.0,CVE-2024-57075,High,1,Orchard CMS,6324
ua-parser-js 1.0.2,CVE-2022-25927,High,1,Orchard CMS,6324
bower 1.7.7,CVE-2019-5484,High,1,Apache Tez,6268
brace-expansion 1.1.6,CVE-2017-18077,High,1,Apache Tez,6268
handlebars 3.0.3,CVE-2019-20920,High,1,Apache Tez,6268
handlebars 3.0.3,N/A,High,1,Apache Tez,6268
hoek 6.1.3,CVE-2020-36604,High,1,Apache Tez,6268
@tryghost/members-csv 2.0.3,CVE-2024-34448,High,1,Ghost,5838
fast-xml-parser 5.2.5,CVE-2026-25128,High,1,Ghost,5838
fast-xml-parser 5.2.5,CVE-2026-26278,High,1,Ghost,5838
fast-xml-parser 5.2.5,CVE-2026-33036,High,1,Ghost,5838
html-minifier 4.0.0,CVE-2022-37620,High,1,Ghost,5838
jsonwebtoken 8.5.1,CVE-2022-23539,High,1,Ghost,5838
knex 0.20.15,CVE-2016-20018,High,1,Ghost,5838
knex 0.21.21,CVE-2016-20018,High,1,Ghost,5838
luxon 1.28.0,CVE-2023-22467,High,1,Ghost,5838
nodemailer 6.10.1,CVE-2025-14874,High,1,Ghost,5838
react-router 7.9.4,CVE-2026-21884,High,1,Ghost,5838
react-router 7.9.4,CVE-2026-22029,High,1,Ghost,5838
rollup 0.57.1,CVE-2024-47068,High,1,Ghost,5838
rollup 0.57.1,CVE-2026-27606,High,1,Ghost,5838
rollup 1.32.1,CVE-2024-47068,High,1,Ghost,5838
rollup 1.32.1,CVE-2026-27606,High,1,Ghost,5838
rollup 4.52.2,CVE-2026-27606,High,1,Ghost,5838
storybook 8.6.14,CVE-2025-68429,High,1,Ghost,5838
storybook 8.6.14,CVE-2026-27148,High,1,Ghost,5838
storybook 9.1.10,CVE-2025-68429,High,1,Ghost,5838
storybook 9.1.10,CVE-2026-27148,High,1,Ghost,5838
svgo 4.0.0,CVE-2026-29074,High,1,Ghost,5838
tar 6.1.14,CVE-2026-23745,High,1,Ghost,5838
tar 6.1.14,CVE-2026-23950,High,1,Ghost,5838
tar 6.1.14,CVE-2026-24842,High,1,Ghost,5838
tar 6.1.14,CVE-2026-26960,High,1,Ghost,5838
tar 6.1.14,CVE-2026-29786,High,1,Ghost,5838
tar 6.1.14,CVE-2026-31802,High,1,Ghost,5838
underscore 1.13.6,CVE-2026-27601,High,1,Ghost,5838
underscore 1.7.0,CVE-2026-27601,High,1,Ghost,5838
undici 5.22.1,CVE-2026-1526,High,1,Ghost,5838
undici 5.22.1,CVE-2026-2229,High,1,Ghost,5838
validator 13.12.0,CVE-2025-12758,High,1,Ghost,5838
validator 7.2.0,CVE-2025-12758,High,1,Ghost,5838
angular 0.0.0-use.local,CVE-2019-10768,High,1,GoCD,5479
commons-io 2.7,CVE-2024-47554,High,2,"Alluxio, Apache Kylin",5259
camel-core 2.25.2,CVE-2020-11971,High,1,Jahia,4763
drools-core 6.0.0.Final-jahia2,CVE-2014-8125,High,1,Jahia,4763
immutable 4.1.0,CVE-2026-29063,High,1,Jahia,4763
jackrabbit-core 2.22.0-jahia1,CVE-2025-53689,High,1,Jahia,4763
jackrabbit-spi-commons 2.22.0-jahia1,CVE-2025-53689,High,1,Jahia,4763
jbpm-bpmn2 6.0.0.Final,CVE-2014-8125,High,1,Jahia,4763
solr-core 3.6.2-jahia1,CVE-2012-6612,High,1,Jahia,4763
solr-core 3.6.2-jahia1,CVE-2017-3163,High,1,Jahia,4763
solr-core 3.6.2-jahia1,CVE-2017-3164,High,1,Jahia,4763
solr-core 3.6.2-jahia1,CVE-2018-1308,High,1,Jahia,4763
solr-core 3.6.2-jahia1,CVE-2019-0193,High,1,Jahia,4763
solr-core 3.6.2-jahia1,CVE-2019-12401,High,1,Jahia,4763
solr-core 3.6.2-jahia1,CVE-2021-29262,High,1,Jahia,4763
solr-core 3.6.2-jahia1,CVE-2025-24814,High,1,Jahia,4763
spring-beans 3.2.18.jahia2_OSGI,CVE-2022-22970,High,1,Jahia,4763
spring-context 3.2.18.RELEASE_OSGI,CVE-2022-22968,High,1,Jahia,4763
spring-core 3.2.18.RELEASE_OSGI,CVE-2016-5007,High,1,Jahia,4763
spring-core 3.2.18.RELEASE_OSGI,CVE-2018-1272,High,1,Jahia,4763
spring-web 3.2.18.jahia5_OSGI,CVE-2024-22243,High,1,Jahia,4763
spring-web 3.2.18.jahia5_OSGI,CVE-2024-22259,High,1,Jahia,4763
spring-web 3.2.18.jahia5_OSGI,CVE-2024-22262,High,1,Jahia,4763
spring-webmvc 3.2.18.RELEASE_OSGI,CVE-2024-38819,High,1,Jahia,4763
underscore 1.13.3,CVE-2026-27601,High,1,Jahia,4763
validator 13.7.0,CVE-2025-12758,High,1,Jahia,4763
velocity 1.6.4,CVE-2020-13936,High,1,Jahia,4763
@angular/common 4.4.7,CVE-2025-66035,High,1,OrientDB,4241
@angular/compiler 4.4.7,CVE-2025-66412,High,1,OrientDB,4241
@angular/compiler 4.4.7,CVE-2026-22610,High,1,OrientDB,4241
@angular/core 4.4.7,CVE-2026-22610,High,1,OrientDB,4241
@angular/core 4.4.7,CVE-2026-27970,High,1,OrientDB,4241
angular 1.5.9,CVE-2019-10768,High,1,OrientDB,4241
angular 1.5.9,CVE-2024-21490,High,1,OrientDB,4241
hazelcast 3.12.13,CVE-2023-33265,High,1,OrientDB,4241
hazelcast 3.12.13,CVE-2023-45859,High,1,OrientDB,4241
hazelcast 3.12.13,CVE-2023-45860,High,1,OrientDB,4241
string 3.3.3,CVE-2017-16116,High,1,OrientDB,4241
commons-compress 1.14,CVE-2021-35515,High,1,Weka,4230
commons-compress 1.14,CVE-2021-35516,High,1,Weka,4230
commons-compress 1.14,CVE-2021-35517,High,1,Weka,4230
commons-compress 1.14,CVE-2021-36090,High,1,Weka,4230
jackson-core 2.10.1,CVE-2025-52999,High,1,Weka,4230
jackson-databind 2.10.1,CVE-2020-25649,High,1,Weka,4230
jackson-databind 2.10.1,CVE-2020-36518,High,1,Weka,4230
jackson-databind 2.10.1,CVE-2021-46877,High,1,Weka,4230
jackson-databind 2.10.1,CVE-2022-42003,High,1,Weka,4230
jackson-databind 2.10.1,CVE-2022-42004,High,1,Weka,4230
jetty 6.1.21,CVE-2009-4611,High,1,Weka,4230
spark-core_2.10 1.1.1,CVE-2017-12612,High,1,Weka,4230
spark-core_2.10 1.1.1,CVE-2025-54920,High,1,Weka,4230
spark-core_2.10 1.6.3,CVE-2017-12612,High,1,Weka,4230
spark-core_2.10 1.6.3,CVE-2018-11804,High,1,Weka,4230
spark-core_2.10 1.6.3,CVE-2025-54920,High,1,Weka,4230
spark-core_2.12 3.0.0,CVE-2025-54920,High,1,Weka,4230
sqlite-jdbc 3.16.1,CVE-2023-32697,High,1,Weka,4230
xstream 1.4.18,CVE-2021-43859,High,1,Weka,4230
xstream 1.4.18,CVE-2022-40151,High,1,Weka,4230
xstream 1.4.18,CVE-2022-41966,High,1,Weka,4230
xstream 1.4.18,CVE-2024-47072,High,1,Weka,4230
openssl 3.6.1,N/A,High,1,Ripple,4086
generic-array 0.12.3,CVE-2020-36465,High,1,Rust,4040
generic-array 0.13.2,CVE-2020-36465,High,1,Rust,4040
http 0.1.0,CVE-2020-25574,High,1,Rust,4040
black 23.12.1,CVE-2026-32274,High,1,OpenBSD,3695
cryptography 42.0.5,CVE-2026-26007,High,1,OpenBSD,3695
pyjwt 2.8.0,CVE-2026-32597,High,1,OpenBSD,3695
urllib3 2.1.0,CVE-2025-66418,High,1,OpenBSD,3695
urllib3 2.1.0,CVE-2025-66471,High,1,OpenBSD,3695
urllib3 2.1.0,CVE-2026-21441,High,1,OpenBSD,3695
urllib3 2.2.1,CVE-2025-66418,High,1,OpenBSD,3695
urllib3 2.2.1,CVE-2025-66471,High,1,OpenBSD,3695
urllib3 2.2.1,CVE-2026-21441,High,1,OpenBSD,3695
@angular/common 20.0.0-rc.2,CVE-2025-66035,High,1,Angular Material,3416
@angular/common 20.2.0,CVE-2025-66035,High,1,Angular Material,3416
@angular/compiler 20.0.0-rc.2,CVE-2025-66412,High,1,Angular Material,3416
@angular/compiler 20.0.0-rc.2,CVE-2026-22610,High,1,Angular Material,3416
@angular/compiler 20.0.0-rc.2,CVE-2026-32635,High,1,Angular Material,3416
@angular/compiler 20.2.0,CVE-2025-66412,High,1,Angular Material,3416
@angular/compiler 20.2.0,CVE-2026-22610,High,1,Angular Material,3416
@angular/compiler 20.2.0,CVE-2026-32635,High,1,Angular Material,3416
@angular/compiler 21.0.6,CVE-2026-22610,High,1,Angular Material,3416
@angular/compiler 21.0.6,CVE-2026-32635,High,1,Angular Material,3416
@angular/compiler 21.2.0,CVE-2026-32635,High,1,Angular Material,3416
@angular/core 20.0.0-rc.2,CVE-2026-22610,High,1,Angular Material,3416
@angular/core 20.0.0-rc.2,CVE-2026-27970,High,1,Angular Material,3416
@angular/core 20.0.0-rc.2,CVE-2026-32635,High,1,Angular Material,3416
@angular/core 20.2.0,CVE-2026-22610,High,1,Angular Material,3416
@angular/core 20.2.0,CVE-2026-27970,High,1,Angular Material,3416
@angular/core 20.2.0,CVE-2026-32635,High,1,Angular Material,3416
@angular/core 21.0.6,CVE-2026-22610,High,1,Angular Material,3416
@angular/core 21.0.6,CVE-2026-27970,High,1,Angular Material,3416
@angular/core 21.0.6,CVE-2026-32635,High,1,Angular Material,3416
@angular/core 21.2.0,CVE-2026-32635,High,1,Angular Material,3416
@modelcontextprotocol/sdk 1.17.3,CVE-2025-66414,High,1,Angular Material,3416
@modelcontextprotocol/sdk 1.17.3,CVE-2026-0621,High,1,Angular Material,3416
@modelcontextprotocol/sdk 1.17.3,CVE-2026-25536,High,1,Angular Material,3416
@modelcontextprotocol/sdk 1.24.0,CVE-2026-0621,High,1,Angular Material,3416
@modelcontextprotocol/sdk 1.24.0,CVE-2026-25536,High,1,Angular Material,3416
immutable 5.1.1,CVE-2026-29063,High,1,Angular Material,3416
rollup 4.50.0,CVE-2026-27606,High,1,Angular Material,3416
rollup 4.53.5,CVE-2026-27606,High,1,Angular Material,3416
tar 7.5.2,CVE-2026-23745,High,1,Angular Material,3416
tar 7.5.2,CVE-2026-23950,High,1,Angular Material,3416
tar 7.5.2,CVE-2026-24842,High,1,Angular Material,3416
tar 7.5.2,CVE-2026-26960,High,1,Angular Material,3416
tar 7.5.2,CVE-2026-29786,High,1,Angular Material,3416
tar 7.5.2,CVE-2026-31802,High,1,Angular Material,3416
undici 7.16.0,CVE-2026-1526,High,1,Angular Material,3416
undici 7.16.0,CVE-2026-1528,High,1,Angular Material,3416
undici 7.16.0,CVE-2026-2229,High,1,Angular Material,3416
addressable 2.5.2,CVE-2021-32740,High,1,Capistrano,3189
nokogiri 1.10.8,CVE-2018-25032,High,1,Capistrano,3189
nokogiri 1.10.8,CVE-2021-30560,High,1,Capistrano,3189
nokogiri 1.10.8,CVE-2021-3517,High,1,Capistrano,3189
nokogiri 1.10.8,CVE-2021-3518,High,1,Capistrano,3189
nokogiri 1.10.8,CVE-2021-41098,High,1,Capistrano,3189
nokogiri 1.10.8,CVE-2022-24836,High,1,Capistrano,3189
nokogiri 1.10.8,CVE-2022-29181,High,1,Capistrano,3189
aws-java-sdk-s3 1.11.791,CVE-2022-31159,High,1,Apache Kylin,3107
commons-fileupload 1.5,CVE-2025-48976,High,1,Apache Kylin,3107
jackson-core 2.13.1,CVE-2025-52999,High,1,Apache Kylin,3107
jackson-databind 2.13.2.1,CVE-2022-42003,High,1,Apache Kylin,3107
jackson-databind 2.13.2.1,CVE-2022-42004,High,1,Apache Kylin,3107
jetty-server 9.4.53.v20231009,CVE-2024-13009,High,1,Apache Kylin,3107
kafka_2.12 2.8.2,CVE-2025-27818,High,1,Apache Kylin,3107
kafka_2.12 2.8.2,CVE-2025-27819,High,1,Apache Kylin,3107
mysql-connector-java 8.0.28,CVE-2023-22102,High,1,Apache Kylin,3107
protobuf-java 3.4.0,CVE-2021-22569,High,1,Apache Kylin,3107
protobuf-java 3.4.0,CVE-2022-3509,High,1,Apache Kylin,3107
protobuf-java 3.4.0,CVE-2022-3510,High,1,Apache Kylin,3107
protobuf-java 3.4.0,CVE-2024-7254,High,1,Apache Kylin,3107
spark-core_2.12 3.3.0-kylin-5.2.2,CVE-2025-54920,High,1,Apache Kylin,3107
spring-webmvc 5.3.31,CVE-2024-38816,High,1,Apache Kylin,3107
spring-webmvc 5.3.31,CVE-2024-38819,High,1,Apache Kylin,3107
tomcat-embed-core 9.0.90,CVE-2024-50379,High,1,Apache Kylin,3107
tomcat-embed-core 9.0.90,CVE-2024-56337,High,1,Apache Kylin,3107
tomcat-embed-core 9.0.90,CVE-2025-48988,High,1,Apache Kylin,3107
tomcat-embed-core 9.0.90,CVE-2025-48989,High,1,Apache Kylin,3107
tomcat-embed-core 9.0.90,CVE-2025-52520,High,1,Apache Kylin,3107
tomcat-embed-core 9.0.90,CVE-2025-53506,High,1,Apache Kylin,3107
tomcat-embed-core 9.0.90,CVE-2025-55752,High,1,Apache Kylin,3107
tomcat-embed-core 9.0.90,CVE-2026-24734,High,1,Apache Kylin,3107
aws/aws-sdk-php 3.359.13,N/A,High,1,Live Helper Chat,2851
minimatch 8.0.4,CVE-2026-26996,High,1,Live Helper Chat,2851
minimatch 8.0.4,CVE-2026-27903,High,1,Live Helper Chat,2851
minimatch 8.0.4,CVE-2026-27904,High,1,Live Helper Chat,2851
celery 4.2.0,CVE-2021-23727,High,1,Formspree,2846
certifi 2018.8.24,CVE-2023-37920,High,1,Formspree,2846
flask 1.0,CVE-2023-30861,High,1,Formspree,2846
flask-cors 3.0.2,CVE-2020-25032,High,1,Formspree,2846
flask-cors 3.0.2,CVE-2024-6221,High,1,Formspree,2846
gunicorn 19.6.0,CVE-2024-1135,High,1,Formspree,2846
gunicorn 19.6.0,CVE-2024-6827,High,1,Formspree,2846
jinja2 2.10,CVE-2019-10906,High,1,Formspree,2846
mako 1.0.7,CVE-2022-40023,High,1,Formspree,2846
requests 2.1.0,CVE-2018-18074,High,1,Formspree,2846
urllib3 1.23,CVE-2019-11324,High,1,Formspree,2846
urllib3 1.23,CVE-2023-43804,High,1,Formspree,2846
urllib3 1.23,CVE-2025-66471,High,1,Formspree,2846
urllib3 1.23,CVE-2026-21441,High,1,Formspree,2846
werkzeug 0.14.1,CVE-2019-14322,High,1,Formspree,2846
werkzeug 0.14.1,CVE-2019-14806,High,1,Formspree,2846
werkzeug 0.14.1,CVE-2023-25577,High,1,Formspree,2846
werkzeug 0.14.1,CVE-2024-34069,High,1,Formspree,2846
log4j 1.2.16,CVE-2021-4104,High,3,"Apache Chukwa, Apache Trafodion, JBoss Seam Framework",2774
log4j 1.2.16,CVE-2022-23302,High,3,"Apache Chukwa, Apache Trafodion, JBoss Seam Framework",2774
log4j 1.2.16,CVE-2023-26464,High,3,"Apache Chukwa, Apache Trafodion, JBoss Seam Framework",2774
golang.org/x/net v0.7.0,CVE-2023-39325,High,2,"Alluxio, Sensu",2532
trim-newlines 2.0.0,CVE-2021-33623,High,2,"Neos, Thelia",2228
addressable 2.4.0,CVE-2021-32740,High,1,Apache PredictionIO,2177
ffi 1.9.10,CVE-2018-1000201,High,1,Apache PredictionIO,2177
json 1.8.3,CVE-2020-10663,High,1,Apache PredictionIO,2177
nokogiri 1.8.2,CVE-2018-14404,High,1,Apache PredictionIO,2177
nokogiri 1.8.2,CVE-2018-25032,High,1,Apache PredictionIO,2177
nokogiri 1.8.2,CVE-2019-13117,High,1,Apache PredictionIO,2177
nokogiri 1.8.2,CVE-2019-13118,High,1,Apache PredictionIO,2177
nokogiri 1.8.2,CVE-2019-18197,High,1,Apache PredictionIO,2177
nokogiri 1.8.2,CVE-2019-5815,High,1,Apache PredictionIO,2177
nokogiri 1.8.2,CVE-2020-7595,High,1,Apache PredictionIO,2177
nokogiri 1.8.2,CVE-2021-30560,High,1,Apache PredictionIO,2177
nokogiri 1.8.2,CVE-2021-3517,High,1,Apache PredictionIO,2177
nokogiri 1.8.2,CVE-2021-3518,High,1,Apache PredictionIO,2177
nokogiri 1.8.2,CVE-2021-41098,High,1,Apache PredictionIO,2177
nokogiri 1.8.2,CVE-2022-24836,High,1,Apache PredictionIO,2177
nokogiri 1.8.2,CVE-2022-29181,High,1,Apache PredictionIO,2177
rack 1.6.0,CVE-2020-8161,High,1,Apache PredictionIO,2177
rack 1.6.0,CVE-2020-8184,High,1,Apache PredictionIO,2177
rack 1.6.0,CVE-2022-30122,High,1,Apache PredictionIO,2177
rack 1.6.0,CVE-2022-44570,High,1,Apache PredictionIO,2177
rack 1.6.0,CVE-2023-27530,High,1,Apache PredictionIO,2177
rack 1.6.0,CVE-2025-27610,High,1,Apache PredictionIO,2177
rack 1.6.0,CVE-2025-46727,High,1,Apache PredictionIO,2177
rack 1.6.0,CVE-2025-59830,High,1,Apache PredictionIO,2177
rack 1.6.0,CVE-2025-61770,High,1,Apache PredictionIO,2177
rack 1.6.0,CVE-2025-61771,High,1,Apache PredictionIO,2177
rack 1.6.0,CVE-2025-61772,High,1,Apache PredictionIO,2177
rack 1.6.0,CVE-2025-61919,High,1,Apache PredictionIO,2177
rack 1.6.0,CVE-2026-22860,High,1,Apache PredictionIO,2177
sprockets 2.12.3,CVE-2018-3760,High,1,Apache PredictionIO,2177
tzinfo 1.2.2,CVE-2022-31163,High,1,Apache PredictionIO,2177
aws-java-sdk-s3 1.11.815,CVE-2022-31159,High,1,Alluxio,2152
commons-collections4 4.0,CVE-2015-6420,High,1,Alluxio,2152
github.com/dgrijalva/jwt-go v3.2.0+incompatible,CVE-2020-26160,High,1,Alluxio,2152
github.com/gogo/protobuf v1.1.1,CVE-2021-3121,High,1,Alluxio,2152
github.com/gogo/protobuf v1.2.2-0.20190723190241-65acae22fc9d,CVE-2021-3121,High,1,Alluxio,2152
github.com/gogo/protobuf v1.3.1,CVE-2021-3121,High,1,Alluxio,2152
github.com/prometheus/client_golang v1.0.0,CVE-2022-21698,High,1,Alluxio,2152
github.com/ulikunitz/xz v0.5.5,CVE-2021-29482,High,1,Alluxio,2152
golang.org/x/crypto v0.0.0-20190820162420-60c769a6c586,CVE-2020-29652,High,1,Alluxio,2152
golang.org/x/crypto v0.0.0-20190820162420-60c769a6c586,CVE-2020-7919,High,1,Alluxio,2152
golang.org/x/crypto v0.0.0-20190820162420-60c769a6c586,CVE-2020-9283,High,1,Alluxio,2152
golang.org/x/crypto v0.0.0-20190820162420-60c769a6c586,CVE-2021-43565,High,1,Alluxio,2152
golang.org/x/crypto v0.0.0-20190820162420-60c769a6c586,CVE-2022-27191,High,1,Alluxio,2152
golang.org/x/crypto v0.0.0-20190820162420-60c769a6c586,CVE-2025-22869,High,1,Alluxio,2152
golang.org/x/crypto v0.0.0-20200622213623-75b288015ac9,CVE-2020-29652,High,1,Alluxio,2152
golang.org/x/crypto v0.0.0-20200622213623-75b288015ac9,CVE-2021-43565,High,1,Alluxio,2152
golang.org/x/crypto v0.0.0-20200622213623-75b288015ac9,CVE-2022-27191,High,1,Alluxio,2152
golang.org/x/crypto v0.0.0-20200622213623-75b288015ac9,CVE-2025-22869,High,1,Alluxio,2152
golang.org/x/crypto v0.1.0,CVE-2025-22869,High,1,Alluxio,2152
golang.org/x/net v0.0.0-20200625001655-4c5254603344,CVE-2021-33194,High,1,Alluxio,2152
golang.org/x/net v0.0.0-20200625001655-4c5254603344,CVE-2022-27664,High,1,Alluxio,2152
golang.org/x/net v0.0.0-20200625001655-4c5254603344,CVE-2022-41723,High,1,Alluxio,2152
golang.org/x/net v0.0.0-20200625001655-4c5254603344,CVE-2023-39325,High,1,Alluxio,2152
golang.org/x/net v0.0.0-20210825183410-e898025ed96a,CVE-2022-27664,High,1,Alluxio,2152
golang.org/x/net v0.0.0-20210825183410-e898025ed96a,CVE-2022-41723,High,1,Alluxio,2152
golang.org/x/net v0.0.0-20210825183410-e898025ed96a,CVE-2023-39325,High,1,Alluxio,2152
golang.org/x/oauth2 v0.0.0-20190402181905-9f3314589c9a,CVE-2025-22868,High,1,Alluxio,2152
golang.org/x/oauth2 v0.0.0-20190604053449-0f29369cfe45,CVE-2025-22868,High,1,Alluxio,2152
golang.org/x/text v0.3.2,CVE-2021-38561,High,1,Alluxio,2152
golang.org/x/text v0.3.2,CVE-2022-32149,High,1,Alluxio,2152
golang.org/x/text v0.3.7,CVE-2022-32149,High,1,Alluxio,2152
google.golang.org/grpc v1.37.1,N/A,High,1,Alluxio,2152
gopkg.in/yaml.v3 v3.0.0-20200313102051-9f266ea9e77c,CVE-2022-28948,High,1,Alluxio,2152
gopkg.in/yaml.v3 v3.0.0-20210107192922-496545a6307b,CVE-2022-28948,High,1,Alluxio,2152
grpc-protobuf 1.54.1,CVE-2023-32731,High,1,Alluxio,2152
jackson-core 2.13.5,CVE-2025-52999,High,1,Alluxio,2152
jetty-server 9.4.46.v20220331,CVE-2024-13009,High,1,Alluxio,2152
k8s.io/apimachinery v0.0.0-20190817020851-f2f3a405f61d,N/A,High,1,Alluxio,2152
k8s.io/kubernetes v1.15.4,CVE-2019-11253,High,1,Alluxio,2152
k8s.io/kubernetes v1.15.4,CVE-2020-8558,High,1,Alluxio,2152
k8s.io/kubernetes v1.15.4,CVE-2021-25741,High,1,Alluxio,2152
k8s.io/kubernetes v1.15.4,CVE-2023-3676,High,1,Alluxio,2152
k8s.io/kubernetes v1.15.4,CVE-2023-3955,High,1,Alluxio,2152
k8s.io/kubernetes v1.15.4,CVE-2023-5528,High,1,Alluxio,2152
k8s.io/kubernetes v1.15.4,CVE-2024-0793,High,1,Alluxio,2152
k8s.io/kubernetes v1.15.4,CVE-2024-10220,High,1,Alluxio,2152
k8s.io/kubernetes v1.15.4,CVE-2024-5321,High,1,Alluxio,2152
lz4-java 1.8.0,CVE-2025-12183,High,1,Alluxio,2152
lz4-java 1.8.0,CVE-2025-66566,High,1,Alluxio,2152
okhttp 3.10.0,CVE-2021-0341,High,1,Alluxio,2152
parquet-avro 1.11.0,CVE-2025-46762,High,1,Alluxio,2152
protobuf-java 3.19.6,CVE-2024-7254,High,1,Alluxio,2152
stdlib go1.17,N/A,High,1,Alluxio,2152
acorn 6.1.1,N/A,High,1,Neos,2089
async 2.6.2,CVE-2021-43138,High,1,Neos,2089
browserify-sign 4.0.4,CVE-2023-46234,High,1,Neos,2089
browserify-sign 4.2.0,CVE-2023-46234,High,1,Neos,2089
cross-spawn 4.0.0,CVE-2024-21538,High,1,Neos,2089
dompurify 2.4.7,CVE-2024-45801,High,1,Neos,2089
dompurify 2.4.7,CVE-2024-47875,High,1,Neos,2089
elliptic 6.4.1,CVE-2020-13822,High,1,Neos,2089
ffi 1.9.6,CVE-2018-1000201,High,1,Neos,2089
get-func-name 2.0.0,CVE-2023-43646,High,1,Neos,2089
grunt 1.0.2,CVE-2020-7729,High,1,Neos,2089
grunt 1.0.2,CVE-2022-1537,High,1,Neos,2089
grunt 1.0.3,CVE-2020-7729,High,1,Neos,2089
grunt 1.0.3,CVE-2022-1537,High,1,Neos,2089
handlebars 4.1.1,CVE-2019-20920,High,1,Neos,2089
handlebars 4.1.1,CVE-2019-20922,High,1,Neos,2089
handlebars 4.1.1,CVE-2026-33938,High,1,Neos,2089
handlebars 4.1.1,CVE-2026-33939,High,1,Neos,2089
handlebars 4.1.1,CVE-2026-33940,High,1,Neos,2089
handlebars 4.1.1,CVE-2026-33941,High,1,Neos,2089
handlebars 4.1.1,N/A,High,1,Neos,2089
is-svg 3.0.0,CVE-2021-28092,High,1,Neos,2089
is-svg 3.0.0,CVE-2021-29059,High,1,Neos,2089
js-yaml 3.13.0,N/A,High,1,Neos,2089
js-yaml 3.5.5,N/A,High,1,Neos,2089
lodash 4.17.10,CVE-2018-16487,High,1,Neos,2089
lodash 4.17.10,CVE-2020-8203,High,1,Neos,2089
lodash 4.17.10,CVE-2021-23337,High,1,Neos,2089
lodash 4.17.5,CVE-2018-16487,High,1,Neos,2089
lodash 4.17.5,CVE-2020-8203,High,1,Neos,2089
lodash 4.17.5,CVE-2021-23337,High,1,Neos,2089
mout 1.2.2,CVE-2020-7792,High,1,Neos,2089
mout 1.2.2,CVE-2022-21213,High,1,Neos,2089
npm 5.10.0,CVE-2019-16775,High,1,Neos,2089
npm 5.10.0,CVE-2019-16776,High,1,Neos,2089
npm 5.10.0,CVE-2019-16777,High,1,Neos,2089
npm 5.8.0,CVE-2019-16775,High,1,Neos,2089
npm 5.8.0,CVE-2019-16776,High,1,Neos,2089
npm 5.8.0,CVE-2019-16777,High,1,Neos,2089
npm-user-validate 1.0.0,CVE-2020-7754,High,1,Neos,2089
pathval 1.1.0,CVE-2020-7751,High,1,Neos,2089
qs 6.6.0,CVE-2022-24999,High,1,Neos,2089
semver 5.5.0,CVE-2022-25883,High,1,Neos,2089
semver 5.6.0,CVE-2022-25883,High,1,Neos,2089
serialize-javascript 3.1.0,N/A,High,1,Neos,2089
shelljs 0.8.3,CVE-2022-0144,High,1,Neos,2089
shelljs 0.8.4,CVE-2022-0144,High,1,Neos,2089
ssri 5.3.0,CVE-2021-27290,High,1,Neos,2089
ssri 6.0.0,CVE-2021-27290,High,1,Neos,2089
ssri 6.0.1,CVE-2021-27290,High,1,Neos,2089
tar 4.4.4,CVE-2021-32803,High,1,Neos,2089
tar 4.4.4,CVE-2021-32804,High,1,Neos,2089
tar 4.4.4,CVE-2021-37701,High,1,Neos,2089
tar 4.4.4,CVE-2021-37712,High,1,Neos,2089
tar 4.4.4,CVE-2021-37713,High,1,Neos,2089
tar 4.4.4,CVE-2026-23745,High,1,Neos,2089
tar 4.4.4,CVE-2026-23950,High,1,Neos,2089
tar 4.4.4,CVE-2026-24842,High,1,Neos,2089
tar 4.4.4,CVE-2026-26960,High,1,Neos,2089
tar 4.4.4,CVE-2026-29786,High,1,Neos,2089
tar 4.4.4,CVE-2026-31802,High,1,Neos,2089
tree-kill 1.2.1,CVE-2019-15599,High,1,Neos,2089
ua-parser-js 0.7.19,CVE-2020-7733,High,1,Neos,2089
ua-parser-js 0.7.19,CVE-2020-7793,High,1,Neos,2089
ua-parser-js 0.7.19,CVE-2021-27292,High,1,Neos,2089
urllib3 2.0.6,CVE-2025-66418,High,1,Neos,2089
urllib3 2.0.6,CVE-2025-66471,High,1,Neos,2089
urllib3 2.0.6,CVE-2026-21441,High,1,Neos,2089
ws 3.3.3,CVE-2024-37890,High,1,Neos,2089
ws 5.2.2,CVE-2024-37890,High,1,Neos,2089
ws 6.2.0,CVE-2024-37890,High,1,Neos,2089
rollup 0.51.8,CVE-2024-47068,High,1,MovableType,1940
rollup 0.51.8,CVE-2026-27606,High,1,MovableType,1940
shelljs 0.7.8,CVE-2022-0144,High,1,MovableType,1940
composer 2.7.2,N/A,High,1,Grav,1865
symfony/process v4.4.44,CVE-2024-51736,High,1,Grav,1865
composer/composer 1.10.26,CVE-2023-43655,High,1,PyroCMS,1513
laravel/framework v8.83.15,CVE-2024-52301,High,1,PyroCMS,1513
league/commonmark 2.3.1,N/A,High,1,PyroCMS,1513
symfony/http-foundation v5.4.9,CVE-2025-64500,High,1,PyroCMS,1513
symfony/process v5.4.8,CVE-2024-51736,High,1,PyroCMS,1513
twig/twig v2.15.1,CVE-2022-39261,High,1,PyroCMS,1513
ant 1.9.15,CVE-2020-11979,High,1,GridGain,1478
cassandra-all 3.11.3,CVE-2020-17516,High,1,GridGain,1478
cassandra-all 3.11.3,CVE-2025-23015,High,1,GridGain,1478
hadoop-common 2.9.2,CVE-2020-9492,High,1,GridGain,1478
hibernate-core 4.2.21.Final,CVE-2020-25638,High,1,GridGain,1478
hibernate-core 5.1.5.Final,CVE-2020-25638,High,1,GridGain,1478
mesos 1.5.3,CVE-2018-1330,High,1,GridGain,1478
xstream 1.4.8,CVE-2016-3674,High,1,GridGain,1478
xstream 1.4.8,CVE-2017-7957,High,1,GridGain,1478
xstream 1.4.8,CVE-2020-26217,High,1,GridGain,1478
xstream 1.4.8,CVE-2021-21341,High,1,GridGain,1478
xstream 1.4.8,CVE-2021-29505,High,1,GridGain,1478
xstream 1.4.8,CVE-2021-39139,High,1,GridGain,1478
xstream 1.4.8,CVE-2021-39141,High,1,GridGain,1478
xstream 1.4.8,CVE-2021-39144,High,1,GridGain,1478
xstream 1.4.8,CVE-2021-39145,High,1,GridGain,1478
xstream 1.4.8,CVE-2021-39146,High,1,GridGain,1478
xstream 1.4.8,CVE-2021-39147,High,1,GridGain,1478
xstream 1.4.8,CVE-2021-39148,High,1,GridGain,1478
xstream 1.4.8,CVE-2021-39149,High,1,GridGain,1478
xstream 1.4.8,CVE-2021-39150,High,1,GridGain,1478
xstream 1.4.8,CVE-2021-39151,High,1,GridGain,1478
xstream 1.4.8,CVE-2021-39152,High,1,GridGain,1478
xstream 1.4.8,CVE-2021-39153,High,1,GridGain,1478
xstream 1.4.8,CVE-2021-39154,High,1,GridGain,1478
xstream 1.4.8,CVE-2021-43859,High,1,GridGain,1478
xstream 1.4.8,CVE-2022-40151,High,1,GridGain,1478
xstream 1.4.8,CVE-2022-41966,High,1,GridGain,1478
xstream 1.4.8,CVE-2024-47072,High,1,GridGain,1478
jackson-core 2.12.4,CVE-2025-52999,High,1,ZK,1472
jasperreports 6.20.5,CVE-2025-10492,High,1,ZK,1472
logback-classic 1.2.3,CVE-2023-6378,High,1,ZK,1472
logback-core 1.2.3,CVE-2023-6378,High,1,ZK,1472
snakeyaml 1.13,CVE-2017-18640,High,1,ZK,1472
snakeyaml 1.13,CVE-2022-1471,High,1,ZK,1472
snakeyaml 1.13,CVE-2022-25857,High,1,ZK,1472
spring-beans 5.2.15.RELEASE,CVE-2022-22970,High,1,ZK,1472
spring-context 5.2.15.RELEASE,CVE-2022-22968,High,1,ZK,1472
spring-web 5.2.15.RELEASE,CVE-2024-22243,High,1,ZK,1472
spring-web 5.2.15.RELEASE,CVE-2024-22259,High,1,ZK,1472
spring-web 5.2.15.RELEASE,CVE-2024-22262,High,1,ZK,1472
zookeeper 3.4.5,CVE-2017-5637,High,3,"Apache Chukwa, Apache Giraph, Apache Trafodion",1429
zookeeper 3.4.5,CVE-2018-8012,High,3,"Apache Chukwa, Apache Giraph, Apache Trafodion",1429
velocity 1.7,CVE-2020-13936,High,2,"Apache Chukwa, Apache Giraph",1395
rollup 4.57.1,CVE-2026-27606,High,1,SpreeCommerc,1090
commons-beanutils 1.8.0,CVE-2014-0114,High,1,Apache Chukwa,914
commons-beanutils 1.8.0,CVE-2019-10086,High,1,Apache Chukwa,914
commons-beanutils 1.8.0,CVE-2025-48734,High,1,Apache Chukwa,914
commons-collections 3.1,CVE-2015-6420,High,1,Apache Chukwa,914
commons-fileupload 1.2,CVE-2013-2186,High,1,Apache Chukwa,914
commons-fileupload 1.2,CVE-2014-0050,High,1,Apache Chukwa,914
commons-fileupload 1.2,CVE-2016-3092,High,1,Apache Chukwa,914
commons-fileupload 1.2,CVE-2023-24998,High,1,Apache Chukwa,914
commons-fileupload 1.2,CVE-2025-48976,High,1,Apache Chukwa,914
esapi 2.1.0,CVE-2022-23457,High,1,Apache Chukwa,914
esapi 2.1.0,N/A,High,1,Apache Chukwa,914
hadoop-common 2.7.2,CVE-2016-5393,High,1,Apache Chukwa,914
hadoop-common 2.7.2,CVE-2016-6811,High,1,Apache Chukwa,914
hadoop-common 2.7.2,CVE-2017-7669,High,1,Apache Chukwa,914
hadoop-common 2.7.2,CVE-2020-9492,High,1,Apache Chukwa,914
jetty 6.1.14,CVE-2009-4611,High,1,Apache Chukwa,914
jetty 6.1.6,CVE-2009-4611,High,1,Apache Chukwa,914
jsoup 1.8.3,CVE-2021-37714,High,1,Apache Chukwa,914
log4j 1.2.15,CVE-2021-4104,High,1,Apache Chukwa,914
log4j 1.2.15,CVE-2022-23302,High,1,Apache Chukwa,914
log4j 1.2.15,CVE-2023-26464,High,1,Apache Chukwa,914
parquet-avro 1.7.0,CVE-2025-46762,High,1,Apache Chukwa,914
shiro-core 1.2.3,CVE-2019-12422,High,1,Apache Chukwa,914
shiro-core 1.2.3,CVE-2020-13933,High,1,Apache Chukwa,914
shiro-web 1.2.3,CVE-2016-6802,High,1,Apache Chukwa,914
xercesImpl 2.10.0,CVE-2012-0881,High,1,Apache Chukwa,914
xercesImpl 2.10.0,CVE-2013-4002,High,1,Apache Chukwa,914
http-proxy-middleware 1.3.1,CVE-2024-21536,High,1,Bolt,839
locutus 2.0.39,CVE-2026-29091,High,1,Bolt,839
marked 2.1.3,CVE-2022-21680,High,1,Bolt,839
marked 2.1.3,CVE-2022-21681,High,1,Bolt,839
log4j-core 2.1,CVE-2021-45105,High,1,Apache MINA,707
netty 3.6.6.Final,CVE-2015-2156,High,1,Apache MINA,707
netty 3.6.6.Final,CVE-2021-37136,High,1,Apache MINA,707
netty 3.6.6.Final,CVE-2021-37137,High,1,Apache MINA,707
netty-all 4.0.4.Final,CVE-2019-16869,High,1,Apache MINA,707
protobuf-java 3.16.3,CVE-2024-7254,High,1,Apache MINA,707
ant 1.9.2,CVE-2020-11979,High,1,Apache Apex,643
commons-beanutils 1.9.2,CVE-2014-0114,High,1,Apache Apex,643
commons-beanutils 1.9.2,CVE-2019-10086,High,1,Apache Apex,643
commons-beanutils 1.9.2,CVE-2025-48734,High,1,Apache Apex,643
hadoop-common 2.6.0,CVE-2016-5393,High,1,Apache Apex,643
hadoop-common 2.6.0,CVE-2016-6811,High,1,Apache Apex,643
hadoop-common 2.6.0,CVE-2017-7669,High,1,Apache Apex,643
hadoop-common 2.6.0,CVE-2020-9492,High,1,Apache Apex,643
rollup 4.45.1,CVE-2026-27606,High,1,Roundcube,570
avro 1.11.0,CVE-2023-39410,High,1,Cask Data Application Platform,497
aws-java-sdk-s3 1.11.133,CVE-2022-31159,High,1,Cask Data Application Platform,497
gson 2.3.1,CVE-2022-25647,High,1,Cask Data Application Platform,497
hadoop-common 2.3.0,CVE-2016-6811,High,1,Cask Data Application Platform,497
hadoop-common 2.3.0,CVE-2017-7669,High,1,Cask Data Application Platform,497
hadoop-common 2.3.0,CVE-2020-9492,High,1,Cask Data Application Platform,497
ion-java 1.0.2,CVE-2024-21634,High,1,Cask Data Application Platform,497
kafka_2.12 0.10.2.2,CVE-2025-27819,High,1,Cask Data Application Platform,497
libthrift 0.9.3,CVE-2018-1320,High,1,Cask Data Application Platform,497
libthrift 0.9.3,CVE-2019-0205,High,1,Cask Data Application Platform,497
libthrift 0.9.3,CVE-2020-13949,High,1,Cask Data Application Platform,497
logback-classic 1.2.11,CVE-2023-6378,High,1,Cask Data Application Platform,497
logback-classic 1.2.8,CVE-2023-6378,High,1,Cask Data Application Platform,497
logback-core 1.2.11,CVE-2023-6378,High,1,Cask Data Application Platform,497
logback-core 1.2.8,CVE-2023-6378,High,1,Cask Data Application Platform,497
netty-codec-http 4.1.75.Final,CVE-2026-33870,High,1,Cask Data Application Platform,497
okhttp 4.9.1,CVE-2021-0341,High,1,Cask Data Application Platform,497
org.eclipse.jgit 5.9.0.202009080501-r,CVE-2023-4759,High,1,Cask Data Application Platform,497
snappy-java 1.1.1.7,CVE-2023-34455,High,1,Cask Data Application Platform,497
snappy-java 1.1.1.7,CVE-2023-43642,High,1,Cask Data Application Platform,497
spark-core_2.12 3.1.1,CVE-2025-54920,High,1,Cask Data Application Platform,497
spark-core_2.12 3.3.2,CVE-2025-54920,High,1,Cask Data Application Platform,497
json 20160810,CVE-2022-45688,High,1,Apache Giraph,481
json 20160810,CVE-2023-5072,High,1,Apache Giraph,481
netty-all 4.1.36.Final,CVE-2019-16869,High,1,Apache Giraph,481
axios 0.30.2,CVE-2026-25639,High,1,HHVM,444
dompurify 2.4.3,CVE-2024-45801,High,1,HHVM,444
dompurify 2.4.3,CVE-2024-47875,High,1,HHVM,444
mermaid 9.4.3,N/A,High,1,HHVM,444
undici 7.18.0,CVE-2026-1526,High,1,HHVM,444
undici 7.18.0,CVE-2026-1528,High,1,HHVM,444
undici 7.18.0,CVE-2026-2229,High,1,HHVM,444
github.com/golang-jwt/jwt/v4 v4.4.2,CVE-2025-30204,High,1,Sensu,380
github.com/jackc/pgx/v5 v5.1.1,CVE-2024-27304,High,1,Sensu,380
github.com/mholt/archiver/v3 v3.3.1-0.20191129193105-44285f7ed244,CVE-2025-3445,High,1,Sensu,380
github.com/sirupsen/logrus v1.9.0,CVE-2025-65637,High,1,Sensu,380
golang.org/x/crypto v0.3.0,CVE-2025-22869,High,1,Sensu,380
google.golang.org/grpc v1.41.0,N/A,High,1,Sensu,380
certifi 2022.12.7,CVE-2023-37920,High,1,netBSD,324
tornado 6.3.2,CVE-2024-52804,High,1,netBSD,324
tornado 6.3.2,CVE-2025-47287,High,1,netBSD,324
tornado 6.3.2,CVE-2026-31958,High,1,netBSD,324
urllib3 1.26.14,CVE-2023-43804,High,1,netBSD,324
urllib3 1.26.14,CVE-2025-66418,High,1,netBSD,324
urllib3 1.26.14,CVE-2025-66471,High,1,netBSD,324
urllib3 1.26.14,CVE-2026-21441,High,1,netBSD,324
immutable 3.7.6,CVE-2026-29063,High,2,"LocomotiveCMS, Shopsys Framework",283
cryptography 46.0.4,CVE-2026-26007,High,1,DNS Server,248
pyjwt 2.11.0,CVE-2026-32597,High,1,DNS Server,248
activestorage 7.1.5.1,CVE-2026-33195,High,1,LocomotiveCMS,244
httparty 0.22.0,CVE-2025-68696,High,1,LocomotiveCMS,244
rack 3.1.8,CVE-2025-27610,High,1,LocomotiveCMS,244
rack 3.1.8,CVE-2025-46727,High,1,LocomotiveCMS,244
rack 3.1.8,CVE-2025-61770,High,1,LocomotiveCMS,244
rack 3.1.8,CVE-2025-61771,High,1,LocomotiveCMS,244
rack 3.1.8,CVE-2025-61772,High,1,LocomotiveCMS,244
rack 3.1.8,CVE-2025-61919,High,1,LocomotiveCMS,244
rack 3.1.8,CVE-2026-22860,High,1,LocomotiveCMS,244
composer/composer dev-master,CVE-2015-8371,High,1,Pagekit,190
composer/composer dev-master,CVE-2021-29472,High,1,Pagekit,190
composer/composer dev-master,CVE-2021-41116,High,1,Pagekit,190
composer/composer dev-master,CVE-2022-24828,High,1,Pagekit,190
composer/composer dev-master,CVE-2023-43655,High,1,Pagekit,190
symfony/http-foundation v3.0.9,CVE-2019-18888,High,1,Pagekit,190
symfony/http-foundation v3.0.9,CVE-2025-64500,High,1,Pagekit,190
symfony/process v3.2.2,CVE-2024-51736,High,1,Pagekit,190
twig/twig v1.31.0,CVE-2022-39261,High,1,Pagekit,190
axios 1.12.0,CVE-2026-25639,High,1,Thelia,139
ws 8.9.0,CVE-2024-37890,High,1,Thelia,139
yaml 2.1.1,CVE-2023-2251,High,1,Thelia,139
happy-dom 20.8.7,CVE-2026-33943,High,1,XWiki,82
happy-dom 20.8.7,CVE-2026-34226,High,1,XWiki,82
lodash 4.2.1,CVE-2018-16487,High,1,XWiki,82
lodash 4.2.1,CVE-2020-8203,High,1,XWiki,82
lodash 4.2.1,CVE-2021-23337,High,1,XWiki,82
rollup 4.55.1,CVE-2026-27606,High,1,XWiki,82
solr-core 9.4.1,CVE-2025-24814,High,1,XWiki,82
solr-core 9.4.1,CVE-2026-22022,High,1,XWiki,82
solr-core 9.4.1,CVE-2026-22444,High,1,XWiki,82
undici 7.21.0,CVE-2026-1526,High,1,XWiki,82
undici 7.21.0,CVE-2026-1528,High,1,XWiki,82
undici 7.21.0,CVE-2026-2229,High,1,XWiki,82
xwiki-platform-oldcore [18.3.0-SNAPSHOT],CVE-2020-15252,High,1,XWiki,82
xwiki-platform-oldcore [18.3.0-SNAPSHOT],CVE-2022-36092,High,1,XWiki,82
xwiki-platform-oldcore [18.3.0-SNAPSHOT],CVE-2022-41932,High,1,XWiki,82
cbor2 5.4.2.post1,CVE-2026-26209,High,1,Odoo Website Builder,75
cbor2 5.4.6,CVE-2026-26209,High,1,Odoo Website Builder,75
cbor2 5.6.2,CVE-2026-26209,High,1,Odoo Website Builder,75
cryptography 3.4.8,CVE-2023-0286,High,1,Odoo Website Builder,75
cryptography 3.4.8,CVE-2023-50782,High,1,Odoo Website Builder,75
cryptography 3.4.8,CVE-2026-26007,High,1,Odoo Website Builder,75
cryptography 42.0.8,CVE-2026-26007,High,1,Odoo Website Builder,75
pillow 10.2.0,CVE-2024-28219,High,1,Odoo Website Builder,75
pillow 11.1.0,CVE-2026-25990,High,1,Odoo Website Builder,75
pillow 9.0.1,CVE-2022-45198,High,1,Odoo Website Builder,75
pillow 9.0.1,CVE-2023-44271,High,1,Odoo Website Builder,75
pillow 9.0.1,CVE-2023-4863,High,1,Odoo Website Builder,75
pillow 9.0.1,CVE-2024-28219,High,1,Odoo Website Builder,75
pillow 9.4.0,CVE-2023-44271,High,1,Odoo Website Builder,75
pillow 9.4.0,CVE-2023-4863,High,1,Odoo Website Builder,75
pillow 9.4.0,CVE-2024-28219,High,1,Odoo Website Builder,75
pyopenssl 24.1.0,CVE-2026-27459,High,1,Odoo Website Builder,75
reportlab 3.6.12,CVE-2023-33733,High,1,Odoo Website Builder,75
reportlab 3.6.8,CVE-2023-33733,High,1,Odoo Website Builder,75
urllib3 1.26.5,CVE-2023-43804,High,2,"H20 ai, Odoo Website Builder",75
urllib3 1.26.5,CVE-2025-66418,High,2,"H20 ai, Odoo Website Builder",75
urllib3 1.26.5,CVE-2025-66471,High,2,"H20 ai, Odoo Website Builder",75
urllib3 1.26.5,CVE-2026-21441,High,2,"H20 ai, Odoo Website Builder",75
urllib3 2.0.7,CVE-2025-66418,High,1,Odoo Website Builder,75
urllib3 2.0.7,CVE-2025-66471,High,1,Odoo Website Builder,75
urllib3 2.0.7,CVE-2026-21441,High,1,Odoo Website Builder,75
werkzeug 2.0.2,CVE-2023-25577,High,1,Odoo Website Builder,75
werkzeug 2.0.2,CVE-2024-34069,High,1,Odoo Website Builder,75
werkzeug 2.2.2,CVE-2023-25577,High,1,Odoo Website Builder,75
werkzeug 2.2.2,CVE-2024-34069,High,1,Odoo Website Builder,75
werkzeug 3.0.1,CVE-2024-34069,High,1,Odoo Website Builder,75
undici 7.19.0,CVE-2026-1526,High,1,Shopsys Framework,39
undici 7.19.0,CVE-2026-1528,High,1,Shopsys Framework,39
undici 7.19.0,CVE-2026-2229,High,1,Shopsys Framework,39
avro 1.7.3,CVE-2023-39410,High,1,Apache Trafodion,34
jackson-mapper-asl 1.8.8,CVE-2019-10172,High,1,Apache Trafodion,34
jettison 1.3.5,CVE-2022-40150,High,1,Apache Trafodion,34
jettison 1.3.5,CVE-2022-45685,High,1,Apache Trafodion,34
jettison 1.3.5,CVE-2022-45693,High,1,Apache Trafodion,34
jettison 1.3.5,CVE-2023-1436,High,1,Apache Trafodion,34
jetty-server 9.2.10.v20150310,CVE-2017-7656,High,1,Apache Trafodion,34
jetty-server 9.2.10.v20150310,CVE-2017-9735,High,1,Apache Trafodion,34
jetty-server 9.2.10.v20150310,CVE-2021-28165,High,1,Apache Trafodion,34
django 3.0.4,CVE-2020-13254,High,1,Zinnia,2
django 3.0.4,CVE-2020-24583,High,1,Zinnia,2
django 3.0.4,CVE-2021-31542,High,1,Zinnia,2
django 3.0.4,CVE-2021-33571,High,1,Zinnia,2
django 3.0.4,CVE-2022-36359,High,1,Zinnia,2
django 3.0.4,CVE-2025-57833,High,1,Zinnia,2
django 3.0.4,CVE-2025-64458,High,1,Zinnia,2
pillow 7.0.0,CVE-2020-10177,High,1,Zinnia,2
pillow 7.0.0,CVE-2020-10378,High,1,Zinnia,2
pillow 7.0.0,CVE-2020-10379,High,1,Zinnia,2
pillow 7.0.0,CVE-2020-10994,High,1,Zinnia,2
pillow 7.0.0,CVE-2020-35653,High,1,Zinnia,2
pillow 7.0.0,CVE-2020-35654,High,1,Zinnia,2
pillow 7.0.0,CVE-2021-23437,High,1,Zinnia,2
pillow 7.0.0,CVE-2021-25287,High,1,Zinnia,2
pillow 7.0.0,CVE-2021-25288,High,1,Zinnia,2
pillow 7.0.0,CVE-2021-25290,High,1,Zinnia,2
pillow 7.0.0,CVE-2021-25291,High,1,Zinnia,2
pillow 7.0.0,CVE-2021-25293,High,1,Zinnia,2
pillow 7.0.0,CVE-2021-27921,High,1,Zinnia,2
pillow 7.0.0,CVE-2021-27922,High,1,Zinnia,2
pillow 7.0.0,CVE-2021-27923,High,1,Zinnia,2
pillow 7.0.0,CVE-2021-28675,High,1,Zinnia,2
pillow 7.0.0,CVE-2021-28676,High,1,Zinnia,2
pillow 7.0.0,CVE-2021-28677,High,1,Zinnia,2
pillow 7.0.0,CVE-2022-24303,High,1,Zinnia,2
pillow 7.0.0,CVE-2022-45198,High,1,Zinnia,2
pillow 7.0.0,CVE-2023-44271,High,1,Zinnia,2
pillow 7.0.0,CVE-2023-4863,High,1,Zinnia,2
pillow 7.0.0,CVE-2024-28219,High,1,Zinnia,2
geshi/geshi dev-master,CVE-2012-3521,High,1,DokuWiki,0
keycloak-services 25.0.6,CVE-2024-10270,High,1,JBoss Enterprise Application Server  EAS ,0
keycloak-services 25.0.6,CVE-2025-3501,High,1,JBoss Enterprise Application Server  EAS ,0
keycloak-services 25.0.6,CVE-2026-1486,High,1,JBoss Enterprise Application Server  EAS ,0
keycloak-services 25.0.6,CVE-2026-1529,High,1,JBoss Enterprise Application Server  EAS ,0
keycloak-services 25.0.6,CVE-2026-2092,High,1,JBoss Enterprise Application Server  EAS ,0
keycloak-services 25.0.6,CVE-2026-2603,High,1,JBoss Enterprise Application Server  EAS ,0
keycloak-services 25.0.6,CVE-2026-3009,High,1,JBoss Enterprise Application Server  EAS ,0
koa 2.16.1,CVE-2026-27959,High,1,Node js,0
scikit-learn 0.24.2,CVE-2020-28975,High,1,H20 ai,0
symfony/http-foundation v6.4.14,CVE-2025-64500,High,1,cube net,0
wheel 0.42.0,CVE-2026-24049,High,1,H20 ai,0
picomatch 2.3.1,CVE-2026-33672,Medium,40,"Angular Material, AngularJS, Apache Hadoop, Apollo Client, CKEditor, Cacti, Commerce Software, Countly, Druid, EllisLab ExpressionEngine, Grafana, HHVM, Ionic Framework, Jahia, Less, Liferay, Live Helper Chat, Meteor, Neos, Node js, Nunjucks, Open Web Analytics, Piwik, Presto, Prometheus, Quill, React, Ruby on Rails, Rust, Selenium, Selenium IDE, Shopsys Framework, Shopware, Thelia, WooCommerce, XWiki, ZK, Zabbix, dotCMS, phpMyAdmin",3522178
lodash 4.17.21,CVE-2025-13465,Medium,30,"Angular Material, Apache Flink, Apache Hadoop, Apache Tez, Apollo Client, Cacti, CloudStack, Commerce Software, Concrete5, Druid, Drupal, EllisLab ExpressionEngine, HHVM, Ionic Framework, Jahia, Less, Liferay, Live Helper Chat, Meteor, Node js, Piwik, Prometheus, React, Ruby on Rails, Rundeck, Selenium IDE, Umbraco, WooCommerce, Zabbix, dotCMS",3159670
serialize-javascript 6.0.2,CVE-2026-34043,Medium,28,"Angular Material, AngularJS, Apache Mahout, Apollo Client, Bolt, Commerce Software, Discourse, Druid, Drupal, Emberjs, Ghost, Grafana, HHVM, Liferay, Live Helper Chat, Meteor, Presto, Quill, React, Roundcube, Rundeck, Selenium, Shopsys Framework, Thelia, WooCommerce, cube net, dotCMS, phpMyAdmin",2708406
ajv 6.12.6,CVE-2025-69873,Medium,32,"Angular Material, Apache Hadoop, Apollo Client, CloudStack, Commerce Software, Concrete5, Druid, Drupal, EllisLab ExpressionEngine, Grafana, HHVM, Ionic Framework, Jahia, Less, Liferay, Live Helper Chat, Neos, Open Web Analytics, OrientDB, Piwik, Presto, Quill, React, Ruby on Rails, Rust, Shopsys Framework, Thelia, WooCommerce, XWiki, ZK, dotCMS, phpMyAdmin",2705677
serialize-javascript 4.0.0,CVE-2026-34043,Medium,11,"AngularJS, Apollo Client, Bolt, CloudStack, Ghost, Ionic Framework, Less, Liferay, React, Ruby on Rails, WooCommerce",2522455
brace-expansion 1.1.11,CVE-2026-33750,Medium,26,"Angular Material, Apache Hadoop, Apollo Client, CloudStack, Commerce Software, Druid, HHVM, Ionic Framework, Jahia, Liferay, LocomotiveCMS, Meteor, Neos, Node js, NopCommerce, Open Web Analytics, OrientDB, Piwik, Quill, React, Ruby on Rails, Selenium IDE, Thelia, WooCommerce, Zabbix, dotCMS",2455072
js-yaml 4.1.0,CVE-2025-64718,Medium,18,"Angular Material, Apollo Client, Commerce Software, Druid, Drupal, HHVM, Ionic Framework, Liferay, Presto, Quill, ReDoc, React, Ruby on Rails, Rust, Selenium IDE, Thelia, WooCommerce, dotCMS",2417702
qs 6.11.0,CVE-2025-15284,Medium,9,"Cacti, Commerce Software, Ionic Framework, Liferay, React, Ruby on Rails, Selenium IDE, Thelia, WooCommerce",2088135
yaml 1.10.2,CVE-2026-33532,Medium,14,"Angular Material, Apollo Client, CKEditor, Druid, HHVM, Ionic Framework, Liferay, ReDoc, React, Selenium, Selenium IDE, Thelia, WooCommerce, dotCMS",1876998
qs 6.13.0,CVE-2025-15284,Medium,15,"Angular Material, Apollo Client, Bolt, Druid, Ghost, Grafana, HHVM, Ionic Framework, Meteor, Node js, Presto, React, React Native, Thelia, WooCommerce",1675919
handlebars 4.7.8,CVE-2026-33916,Medium,13,"Angular Material, AngularJS, Apache Hadoop, Discourse, Ghost, Grafana, Liferay, Piwik, Presto, Selenium, Umbraco, WooCommerce, dotCMS",1554822
handlebars 4.7.8,N/A,Medium,13,"Angular Material, AngularJS, Apache Hadoop, Discourse, Ghost, Grafana, Liferay, Piwik, Presto, Selenium, Umbraco, WooCommerce, dotCMS",1554822
node-forge 1.3.1,CVE-2025-66030,Medium,12,"Angular Material, Apollo Client, Druid, Ghost, Ionic Framework, Liferay, Meteor, Presto, React, Thelia, WooCommerce, dotCMS",1541811
nanoid 3.3.7,CVE-2024-55565,Medium,7,"Commerce Software, Ionic Framework, Liferay, Neos, React, WooCommerce, dotCMS",1486043
postcss 7.0.39,CVE-2023-44270,Medium,10,"Apollo Client, Bolt, CloudStack, Druid, Ghost, Ionic Framework, Liferay, React, Thelia, WooCommerce",1473751
micromatch 3.1.10,CVE-2024-4067,Medium,13,"Bolt, CloudStack, Discourse, Druid, Jahia, Liferay, MovableType, Neos, OrientDB, React, Thelia, WooCommerce, Zabbix",1470615
http-proxy-middleware 2.0.6,CVE-2025-32996,Medium,5,"HHVM, Ionic Framework, Liferay, React, WooCommerce",1441961
http-proxy-middleware 2.0.6,CVE-2025-32997,Medium,5,"HHVM, Ionic Framework, Liferay, React, WooCommerce",1441961
serialize-javascript 6.0.1,CVE-2024-11831,Medium,6,"Commerce Software, HHVM, Liferay, Neos, React, WooCommerce",1397298
serialize-javascript 6.0.1,CVE-2026-34043,Medium,6,"Commerce Software, HHVM, Liferay, Neos, React, WooCommerce",1397298
bn.js 5.2.1,CVE-2026-2739,Medium,6,"CloudStack, Ghost, Meteor, OrientDB, React, WooCommerce",1382357
tough-cookie 2.5.0,CVE-2023-26136,Medium,14,"Angular Material, AngularJS, Apache Hadoop, Bolt, CloudStack, Concrete5, Druid, Ghost, Less, Liferay, Neos, Piwik, WooCommerce, ZURB Foundation",1348056
request 2.88.2,CVE-2023-28155,Medium,13,"Angular Material, AngularJS, Apache Hadoop, Bolt, CloudStack, Concrete5, Druid, Ghost, Less, Liferay, Piwik, WooCommerce, ZURB Foundation",1345967
webpack-dev-server 4.15.2,CVE-2025-30359,Medium,5,"Apollo Client, Druid, HHVM, React, WooCommerce",1342415
webpack-dev-server 4.15.2,CVE-2025-30360,Medium,5,"Apollo Client, Druid, HHVM, React, WooCommerce",1342415
bn.js 4.12.0,CVE-2026-2739,Medium,5,"Ghost, OrientDB, Plotly, React, WooCommerce",1338794
color-string 0.3.0,CVE-2021-29060,Medium,4,"Neos, OrientDB, React, WooCommerce",1329566
got 6.7.1,CVE-2022-33987,Medium,3,"Neos, React, WooCommerce",1325325
postcss 6.0.23,CVE-2021-23382,Medium,3,"Neos, React, WooCommerce",1325325
postcss 6.0.23,CVE-2023-44270,Medium,3,"Neos, React, WooCommerce",1325325
@babel/runtime 7.26.0,CVE-2025-27789,Medium,2,"React, WooCommerce",1323236
brace-expansion 2.0.1,CVE-2026-33750,Medium,16,"Angular Material, Apollo Client, Commerce Software, Drupal, EllisLab ExpressionEngine, Ionic Framework, Liferay, Meteor, Neos, Piwik, Quill, Selenium IDE, Thelia, WooCommerce, Zabbix, dotCMS",1211868
micromatch 2.3.11,CVE-2024-4067,Medium,7,"Apache Ambari, Apache Hadoop, Apache Tez, Liferay, MovableType, Neos, React",1157515
brace-expansion 1.1.12,CVE-2026-33750,Medium,24,"Angular Material, AngularJS, Apache Hadoop, Apache Mahout, Bolt, CKEditor, Concrete5, Countly, Discourse, HHVM, Ionic Framework, Less, Live Helper Chat, MovableType, Node js, Presto, Rust, Selenium, Shopsys Framework, Shopware, XWiki, ZK, dotCMS, phpMyAdmin",1155654
ajv 8.11.0,CVE-2025-69873,Medium,3,"React, Selenium IDE, Thelia",1139083
express 4.17.1,CVE-2024-29041,Medium,3,"Apache Hadoop, Liferay, React",1118888
path-parse 1.0.6,CVE-2021-23343,Medium,3,"Apache Hadoop, Liferay, React",1118888
qs 6.7.0,CVE-2025-15284,Medium,3,"Apache Hadoop, Liferay, React",1118888
word-wrap 1.2.3,CVE-2023-26115,Medium,8,"Commerce Software, Ionic Framework, Jahia, Liferay, MovableType, Neos, NopCommerce, React",1106527
postcss 5.2.18,CVE-2021-23382,Medium,4,"Less, Liferay, Neos, React",1102574
postcss 5.2.18,CVE-2023-44270,Medium,4,"Less, Liferay, Neos, React",1102574
hosted-git-info 2.1.5,CVE-2021-23362,Medium,4,"Apache Ambari, Apache Hadoop, Apache Tez, React",1100911
ajv 4.11.8,CVE-2020-15366,Medium,4,"Apache Ambari, Apache Hadoop, Neos, React",1096732
ajv 4.11.8,CVE-2025-69873,Medium,4,"Apache Ambari, Apache Hadoop, Neos, React",1096732
ms 0.7.1,CVE-2017-20162,Medium,4,"Apache Ambari, Apache Hadoop, Neos, React",1096732
qs 6.4.0,CVE-2025-15284,Medium,4,"Apache Ambari, Apache Hadoop, Neos, React",1096732
request 2.81.0,CVE-2023-28155,Medium,4,"Apache Ambari, Apache Hadoop, Neos, React",1096732
tar 2.2.2,CVE-2024-28863,Medium,3,"Apache Hadoop, LocomotiveCMS, React",1066557
path-to-regexp 8.2.0,CVE-2026-4923,Medium,2,"Ravenjs, React",1038656
got 9.6.0,CVE-2022-33987,Medium,6,"CloudStack, EllisLab ExpressionEngine, Emberjs, HHVM, Liferay, React",1031648
qs 6.14.0,CVE-2025-15284,Medium,8,"Angular Material, Bolt, Discourse, EllisLab ExpressionEngine, Liferay, Live Helper Chat, React, dotCMS",1029254
yaml 2.5.0,CVE-2026-33532,Medium,2,"React, React Native",1024293
yaml 2.7.0,CVE-2026-33532,Medium,4,"Apollo Client, Liferay, React, Shopware",1009486
nanoid 3.3.4,CVE-2024-55565,Medium,4,"CloudStack, Ionic Framework, React, Thelia",1008813
picomatch 2.2.2,CVE-2026-33672,Medium,3,"Liferay, Neos, React",990949
node-forge 0.10.0,CVE-2022-0122,Medium,3,"Bolt, Liferay, React",989699
node-forge 0.10.0,CVE-2022-24773,Medium,3,"Bolt, Liferay, React",989699
node-forge 0.10.0,CVE-2025-66030,Medium,3,"Bolt, Liferay, React",989699
@babel/runtime 7.12.5,CVE-2025-27789,Medium,2,"Liferay, React",988860
@babel/runtime 7.25.6,CVE-2025-27789,Medium,2,"Liferay, React",988860
next 15.5.9,CVE-2025-59471,Medium,2,"Liferay, React",988860
next 15.5.9,CVE-2026-27980,Medium,2,"Liferay, React",988860
next 15.5.9,CVE-2026-29057,Medium,2,"Liferay, React",988860
yaml 1.10.0,CVE-2026-33532,Medium,2,"Liferay, React",988860
yargs-parser 5.0.0,CVE-2020-7608,Medium,2,"Liferay, React",988860
qs 6.12.1,CVE-2025-15284,Medium,2,"Meteor, React",978644
xml2js 0.4.19,CVE-2023-0842,Medium,2,"Meteor, React",978644
http-proxy-middleware 2.0.7,CVE-2025-32996,Medium,4,"Apollo Client, Druid, Presto, React",977960
http-proxy-middleware 2.0.7,CVE-2025-32997,Medium,4,"Apollo Client, Druid, Presto, React",977960
tar 2.2.1,CVE-2024-28863,Medium,4,"Apache Ambari, Apache Tez, Neos, React",972972
extend 3.0.0,CVE-2018-16492,Medium,3,"Apache Ambari, Apache Tez, React",970883
path-parse 1.0.5,CVE-2021-23343,Medium,3,"Apache Ambari, Apache Tez, React",970883
randomatic 1.1.6,CVE-2017-16028,Medium,3,"Apache Ambari, Apache Tez, React",970883
stringstream 0.0.5,CVE-2018-21270,Medium,3,"Apache Ambari, Apache Tez, React",970883
tough-cookie 2.3.2,CVE-2023-26136,Medium,3,"Apache Ambari, Apache Tez, React",970883
brace-expansion 2.0.2,CVE-2026-33750,Medium,20,"Angular Material, AngularJS, Apache NiFi, CKEditor, Commerce Software, Countly, Discourse, GoCD, Grafana, Ionic Framework, Less, Live Helper Chat, Liveblog, Presto, ReDoc, Rust, Shopware, XWiki, dotCMS, phpMyAdmin",969202
extend 3.0.1,CVE-2018-16492,Medium,3,"Apache Ambari, Neos, React",966704
got 5.7.1,CVE-2022-33987,Medium,2,"Apache Ambari, React",964615
lodash 4.17.4,CVE-2018-3721,Medium,2,"Apache Ambari, React",964615
lodash 4.17.4,CVE-2019-1010266,Medium,2,"Apache Ambari, React",964615
lodash 4.17.4,CVE-2020-28500,Medium,2,"Apache Ambari, React",964615
lodash 4.17.4,CVE-2025-13465,Medium,2,"Apache Ambari, React",964615
qs 2.3.3,CVE-2025-15284,Medium,2,"Apache Ambari, React",964615
yargs-parser 4.2.1,CVE-2020-7608,Medium,2,"Apache Ambari, React",964615
qs 6.5.3,CVE-2025-15284,Medium,9,"CloudStack, Concrete5, Druid, Ghost, Less, Ruby on Rails, WooCommerce, ZURB Foundation, dotCMS",962044
jsonpath 1.1.1,CVE-2025-61140,Medium,2,"Apollo Client, React",947786
body-parser 2.2.0,CVE-2025-13466,Medium,3,"Angular Material, React, dotCMS",946568
path-to-regexp 8.3.0,CVE-2026-4923,Medium,8,"Angular Material, AngularJS, Discourse, Ghost, Hbase, Ravenjs, Selenium, dotCMS",946103
mem 1.1.0,N/A,Medium,3,"Neos, OrientDB, React",942615
yargs-parser 7.0.0,CVE-2020-7608,Medium,3,"Neos, OrientDB, React",942615
axios 0.21.4,CVE-2023-45857,Medium,5,"AngularJS, CloudStack, Orchard CMS, Thelia, WooCommerce",940601
postcss 5.2.17,CVE-2021-23382,Medium,2,"OrientDB, React",940526
postcss 5.2.17,CVE-2023-44270,Medium,2,"OrientDB, React",940526
ajv 6.12.3,CVE-2025-69873,Medium,2,"Neos, React",938374
bn.js 4.11.8,CVE-2026-2739,Medium,2,"Neos, React",938374
lodash 4.17.11,CVE-2020-28500,Medium,2,"Neos, React",938374
lodash 4.17.11,CVE-2025-13465,Medium,2,"Neos, React",938374
postcss 7.0.32,CVE-2021-23368,Medium,2,"Neos, React",938374
postcss 7.0.32,CVE-2021-23382,Medium,2,"Neos, React",938374
postcss 7.0.32,CVE-2023-44270,Medium,2,"Neos, React",938374
tough-cookie 2.3.3,CVE-2023-26136,Medium,2,"Neos, React",938374
postcss 8.4.16,CVE-2023-44270,Medium,2,"React, Thelia",936424
@babel/helpers 7.14.0,CVE-2025-27789,Medium,1,React,936285
@babel/runtime 7.12.1,CVE-2025-27789,Medium,1,React,936285
@babel/runtime 7.22.3,CVE-2025-27789,Medium,1,React,936285
@parcel/reporter-dev-server 2.0.0-canary.1778,CVE-2025-56648,Medium,1,React,936285
ajv 4.11.5,CVE-2020-15366,Medium,1,React,936285
ajv 4.11.5,CVE-2025-69873,Medium,1,React,936285
ajv 8.16.0,CVE-2025-69873,Medium,1,React,936285
bn.js 4.11.9,CVE-2026-2739,Medium,1,React,936285
bn.js 4.12.1,CVE-2026-2739,Medium,1,React,936285
bn.js 5.2.0,CVE-2026-2739,Medium,1,React,936285
ecstatic 2.2.2,CVE-2019-10775,Medium,1,React,936285
electron 23.1.2,CVE-2023-29198,Medium,1,React,936285
electron 23.1.2,CVE-2023-39956,Medium,1,React,936285
electron 23.1.2,CVE-2023-44402,Medium,1,React,936285
electron 23.1.2,CVE-2024-46993,Medium,1,React,936285
electron 23.1.2,CVE-2025-55305,Medium,1,React,936285
elliptic 6.4.0,CVE-2020-28498,Medium,1,React,936285
express 4.14.0,CVE-2024-29041,Medium,1,React,936285
express 4.15.4,CVE-2024-29041,Medium,1,React,936285
express 4.16.2,CVE-2024-29041,Medium,1,React,936285
express 4.17.3,CVE-2024-29041,Medium,1,React,936285
fast-xml-parser 3.19.0,CVE-2023-26920,Medium,1,React,936285
file-type 14.7.1,CVE-2026-31808,Medium,1,React,936285
http-proxy-middleware 3.0.3,CVE-2025-32996,Medium,1,React,936285
http-proxy-middleware 3.0.3,CVE-2025-32997,Medium,1,React,936285
jpeg-js 0.1.2,CVE-2020-8175,Medium,1,React,936285
node-forge 0.6.33,CVE-2022-0122,Medium,1,React,936285
node-forge 0.6.33,CVE-2022-24773,Medium,1,React,936285
node-forge 0.6.33,CVE-2025-66030,Medium,1,React,936285
picomatch 2.3.0,CVE-2026-33672,Medium,1,React,936285
postcss 5.2.15,CVE-2021-23382,Medium,1,React,936285
postcss 5.2.15,CVE-2023-44270,Medium,1,React,936285
postcss 6.0.14,CVE-2021-23382,Medium,1,React,936285
postcss 6.0.14,CVE-2023-44270,Medium,1,React,936285
postcss 6.0.9,CVE-2021-23382,Medium,1,React,936285
postcss 6.0.9,CVE-2023-44270,Medium,1,React,936285
puppeteer 1.11.0,CVE-2019-5786,Medium,1,React,936285
qs 6.4.1,CVE-2025-15284,Medium,1,React,936285
qs 6.5.1,CVE-2025-15284,Medium,1,React,936285
qs 6.9.7,CVE-2025-15284,Medium,1,React,936285
randomatic 1.1.7,CVE-2017-16028,Medium,1,React,936285
react-dev-utils 0.5.2,CVE-2021-24033,Medium,1,React,936285
react-dev-utils 3.1.1,CVE-2021-24033,Medium,1,React,936285
react-dev-utils 4.2.1,CVE-2021-24033,Medium,1,React,936285
react-dev-utils 5.0.3,CVE-2021-24033,Medium,1,React,936285
react-dom 16.2.0,CVE-2018-6341,Medium,1,React,936285
sockjs 0.3.18,CVE-2020-7693,Medium,1,React,936285
sockjs 0.3.19,CVE-2020-7693,Medium,1,React,936285
urijs 1.18.12,CVE-2020-26291,Medium,1,React,936285
urijs 1.18.12,CVE-2021-3647,Medium,1,React,936285
urijs 1.18.12,CVE-2022-0613,Medium,1,React,936285
urijs 1.18.12,CVE-2022-0868,Medium,1,React,936285
urijs 1.18.12,CVE-2022-1233,Medium,1,React,936285
urijs 1.18.12,CVE-2022-24723,Medium,1,React,936285
urijs 1.19.0,CVE-2020-26291,Medium,1,React,936285
urijs 1.19.0,CVE-2021-3647,Medium,1,React,936285
urijs 1.19.0,CVE-2022-0613,Medium,1,React,936285
urijs 1.19.0,CVE-2022-0868,Medium,1,React,936285
urijs 1.19.0,CVE-2022-1233,Medium,1,React,936285
urijs 1.19.0,CVE-2022-24723,Medium,1,React,936285
urijs 1.19.6,CVE-2021-3647,Medium,1,React,936285
urijs 1.19.6,CVE-2022-0613,Medium,1,React,936285
urijs 1.19.6,CVE-2022-0868,Medium,1,React,936285
urijs 1.19.6,CVE-2022-1233,Medium,1,React,936285
urijs 1.19.6,CVE-2022-24723,Medium,1,React,936285
url-parse 1.0.5,CVE-2020-8124,Medium,1,React,936285
url-parse 1.0.5,CVE-2021-27515,Medium,1,React,936285
url-parse 1.0.5,CVE-2021-3664,Medium,1,React,936285
url-parse 1.0.5,CVE-2022-0512,Medium,1,React,936285
url-parse 1.0.5,CVE-2022-0639,Medium,1,React,936285
url-parse 1.0.5,CVE-2022-0691,Medium,1,React,936285
url-parse 1.1.7,CVE-2020-8124,Medium,1,React,936285
url-parse 1.1.7,CVE-2021-27515,Medium,1,React,936285
url-parse 1.1.7,CVE-2021-3664,Medium,1,React,936285
url-parse 1.1.7,CVE-2022-0512,Medium,1,React,936285
url-parse 1.1.7,CVE-2022-0639,Medium,1,React,936285
url-parse 1.1.7,CVE-2022-0691,Medium,1,React,936285
url-parse 1.1.9,CVE-2020-8124,Medium,1,React,936285
url-parse 1.1.9,CVE-2021-27515,Medium,1,React,936285
url-parse 1.1.9,CVE-2021-3664,Medium,1,React,936285
url-parse 1.1.9,CVE-2022-0512,Medium,1,React,936285
url-parse 1.1.9,CVE-2022-0639,Medium,1,React,936285
url-parse 1.1.9,CVE-2022-0691,Medium,1,React,936285
url-parse 1.2.0,CVE-2020-8124,Medium,1,React,936285
url-parse 1.2.0,CVE-2021-27515,Medium,1,React,936285
url-parse 1.2.0,CVE-2021-3664,Medium,1,React,936285
url-parse 1.2.0,CVE-2022-0512,Medium,1,React,936285
url-parse 1.2.0,CVE-2022-0639,Medium,1,React,936285
url-parse 1.2.0,CVE-2022-0691,Medium,1,React,936285
url-parse 1.5.1,CVE-2021-3664,Medium,1,React,936285
url-parse 1.5.1,CVE-2022-0512,Medium,1,React,936285
url-parse 1.5.1,CVE-2022-0639,Medium,1,React,936285
url-parse 1.5.1,CVE-2022-0691,Medium,1,React,936285
webpack 5.82.1,CVE-2024-43788,Medium,1,React,936285
webpack 5.93.0,CVE-2024-43788,Medium,1,React,936285
webpack-dev-server 1.16.2,CVE-2025-30359,Medium,1,React,936285
webpack-dev-server 1.16.2,CVE-2025-30360,Medium,1,React,936285
webpack-dev-server 2.11.3,CVE-2025-30359,Medium,1,React,936285
webpack-dev-server 2.11.3,CVE-2025-30360,Medium,1,React,936285
webpack-dev-server 2.7.1,CVE-2025-30359,Medium,1,React,936285
webpack-dev-server 2.7.1,CVE-2025-30360,Medium,1,React,936285
webpack-dev-server 2.9.4,CVE-2025-30359,Medium,1,React,936285
webpack-dev-server 2.9.4,CVE-2025-30360,Medium,1,React,936285
webpack-dev-server 4.15.0,CVE-2025-30359,Medium,1,React,936285
webpack-dev-server 4.15.0,CVE-2025-30360,Medium,1,React,936285
yaml 2.5.1,CVE-2026-33532,Medium,1,React,936285
micromatch 4.0.5,CVE-2024-4067,Medium,11,"Bolt, Commerce Software, HHVM, Ionic Framework, Liferay, Neos, Quill, Selenium IDE, Thelia, WooCommerce, Zabbix",796093
picomatch 4.0.3,CVE-2026-33672,Medium,12,"Angular Material, AngularJS, CKEditor, Countly, Node js, Presto, Roundcube, Selenium, Shopsys Framework, Shopware, XWiki, dotCMS",787451
yaml 2.8.2,CVE-2026-33532,Medium,9,"Angular Material, AngularJS, Cucumberjs, Grafana, Node js, Shopsys Framework, XWiki, dotCMS, phpMyAdmin",763905
js-yaml 3.14.1,CVE-2025-64718,Medium,11,"Apollo Client, CloudStack, Druid, HHVM, Ionic Framework, Jahia, Liferay, Neos, Selenium IDE, Thelia, WooCommerce",740744
serialize-javascript 7.0.4,CVE-2026-34043,Medium,6,"Angular Material, AngularJS, CKEditor, JetPack, Shopware, dotCMS",739264
mdast-util-to-hast 13.2.0,CVE-2025-66400,Medium,5,"Druid, Drupal, HHVM, Liferay, WooCommerce",715765
ajv 8.17.1,CVE-2025-69873,Medium,14,"Angular Material, Apollo Client, Commerce Software, Druid, HHVM, Less, Liferay, Live Helper Chat, Meteor, OrientDB, Rundeck, WooCommerce, dotCMS, phpMyAdmin",692876
picomatch 4.0.2,CVE-2026-33672,Medium,5,"Angular Material, Drupal, Shopware, WooCommerce, dotCMS",674920
angular 1.6.10,CVE-2020-7676,Medium,2,"AngularJS, Apache Hadoop",670532
angular 1.6.10,CVE-2022-25869,Medium,2,"AngularJS, Apache Hadoop",670532
angular 1.6.10,CVE-2023-26116,Medium,2,"AngularJS, Apache Hadoop",670532
angular 1.6.10,CVE-2023-26117,Medium,2,"AngularJS, Apache Hadoop",670532
angular 1.6.10,CVE-2023-26118,Medium,2,"AngularJS, Apache Hadoop",670532
angular 1.6.10,N/A,Medium,2,"AngularJS, Apache Hadoop",670532
xml2js 0.4.23,CVE-2023-0842,Medium,6,"Angular Material, AngularJS, Bolt, CloudStack, Liferay, Rundeck",631231
@babel/runtime 7.23.6,CVE-2025-27789,Medium,2,"Selenium IDE, WooCommerce",589610
ajv 8.12.0,CVE-2025-69873,Medium,9,"Apollo Client, Commerce Software, HHVM, Ionic Framework, Liferay, Neos, Rundeck, WooCommerce, dotCMS",572301
brace-expansion 5.0.4,CVE-2026-33750,Medium,6,"Angular Material, AngularJS, Discourse, Node js, Shopware, dotCMS",569355
prismjs 1.29.0,CVE-2024-53382,Medium,5,"Druid, Ghost, Liferay, Ravenjs, WooCommerce",554969
qs 6.5.5,CVE-2025-15284,Medium,3,"Angular Material, AngularJS, Bolt",544759
angular 1.8.3,CVE-2022-25844,Medium,2,"AngularJS, OrientDB",544745
angular 1.8.3,CVE-2022-25869,Medium,2,"AngularJS, OrientDB",544745
angular 1.8.3,CVE-2023-26116,Medium,2,"AngularJS, OrientDB",544745
angular 1.8.3,CVE-2023-26117,Medium,2,"AngularJS, OrientDB",544745
angular 1.8.3,CVE-2023-26118,Medium,2,"AngularJS, OrientDB",544745
express 4.18.2,CVE-2024-29041,Medium,5,"Commerce Software, HHVM, Ionic Framework, Liferay, WooCommerce",541246
angular 1.5.11,CVE-2020-7676,Medium,1,AngularJS,540504
angular 1.5.11,CVE-2022-25869,Medium,1,AngularJS,540504
angular 1.5.11,CVE-2023-26116,Medium,1,AngularJS,540504
angular 1.5.11,CVE-2023-26117,Medium,1,AngularJS,540504
angular 1.5.11,CVE-2023-26118,Medium,1,AngularJS,540504
angular 1.5.11,N/A,Medium,1,AngularJS,540504
angular 1.7.9,CVE-2020-7676,Medium,1,AngularJS,540504
angular 1.7.9,CVE-2022-25844,Medium,1,AngularJS,540504
angular 1.7.9,CVE-2022-25869,Medium,1,AngularJS,540504
angular 1.7.9,CVE-2023-26116,Medium,1,AngularJS,540504
angular 1.7.9,CVE-2023-26117,Medium,1,AngularJS,540504
angular 1.7.9,CVE-2023-26118,Medium,1,AngularJS,540504
angular 1.7.9,N/A,Medium,1,AngularJS,540504
lodash-es 4.17.21,CVE-2025-13465,Medium,10,"CloudStack, Commerce Software, Druid, Ghost, HHVM, Liferay, Meteor, Quill, Thelia, WooCommerce",529481
serialize-javascript 5.0.1,CVE-2026-34043,Medium,3,"Liferay, Piwik, WooCommerce",506902
@octokit/plugin-paginate-rest 2.21.3,CVE-2025-25288,Medium,2,"Ravenjs, WooCommerce",489322
@octokit/request 5.6.3,CVE-2025-25290,Medium,2,"Ravenjs, WooCommerce",489322
@octokit/request-error 2.1.0,CVE-2025-25289,Medium,2,"Ravenjs, WooCommerce",489322
markdown-it 13.0.1,CVE-2026-2327,Medium,2,"Ravenjs, WooCommerce",489322
follow-redirects 1.15.1,CVE-2023-26159,Medium,4,"CloudStack, Ionic Framework, NopCommerce, WooCommerce",466939
follow-redirects 1.15.1,CVE-2024-28849,Medium,4,"CloudStack, Ionic Framework, NopCommerce, WooCommerce",466939
rack 3.2.1,CVE-2025-61780,Medium,2,"Opscode Chef, Ruby on Rails",462036
rack 3.2.1,CVE-2026-25500,Medium,2,"Opscode Chef, Ruby on Rails",462036
request 2.88.0,CVE-2023-28155,Medium,3,"Liferay, Neos, Ruby on Rails",458612
tough-cookie 2.4.3,CVE-2023-26136,Medium,3,"Liferay, Neos, Ruby on Rails",458612
webpack 5.89.0,CVE-2024-43788,Medium,3,"Commerce Software, Liferay, WooCommerce",458480
follow-redirects 1.15.2,CVE-2023-26159,Medium,2,"Liferay, Ruby on Rails",456523
follow-redirects 1.15.2,CVE-2024-28849,Medium,2,"Liferay, Ruby on Rails",456523
micromatch 4.0.7,CVE-2024-4067,Medium,2,"Ionic Framework, WooCommerce",452657
esbuild 0.18.20,N/A,Medium,3,"Apollo Client, Liferay, WooCommerce",451027
dompurify 3.2.6,CVE-2025-15599,Medium,3,"CloudStack, Liferay, WooCommerce",446209
dompurify 3.2.6,CVE-2026-0540,Medium,3,"CloudStack, Liferay, WooCommerce",446209
dompurify 3.2.6,N/A,Medium,3,"CloudStack, Liferay, WooCommerce",446209
ajv 5.5.2,CVE-2020-15366,Medium,3,"Liferay, Neos, WooCommerce",441615
ajv 5.5.2,CVE-2025-69873,Medium,3,"Liferay, Neos, WooCommerce",441615
prismjs 1.27.0,CVE-2024-53382,Medium,2,"Liferay, WooCommerce",439526
webpack-dev-server 4.15.1,CVE-2025-30359,Medium,2,"Liferay, WooCommerce",439526
webpack-dev-server 4.15.1,CVE-2025-30360,Medium,2,"Liferay, WooCommerce",439526
@babel/runtime 7.24.7,CVE-2025-27789,Medium,2,"Meteor, WooCommerce",429310
nokogiri 1.19.1-aarch64-linux-gnu,N/A,Medium,2,"EasyMock, Ruby on Rails",416148
tar 6.2.0,CVE-2024-28863,Medium,2,"Commerce Software, WooCommerce",405905
bcrypt 3.1.20,CVE-2026-33306,Medium,2,"LocomotiveCMS, Ruby on Rails",404192
action_text-trix 2.1.16,N/A,Medium,1,Ruby on Rails,403948
aws-sdk-s3 1.197.0,CVE-2025-14762,Medium,1,Ruby on Rails,403948
faraday 2.14.0,CVE-2026-25765,Medium,1,Ruby on Rails,403948
net-imap 0.5.5,CVE-2025-25186,Medium,1,Ruby on Rails,403948
net-imap 0.5.5,CVE-2025-43857,Medium,1,Ruby on Rails,403948
trix 2.0.5,CVE-2024-34341,Medium,1,Ruby on Rails,403948
trix 2.0.5,CVE-2024-43368,Medium,1,Ruby on Rails,403948
trix 2.0.5,CVE-2024-53847,Medium,1,Ruby on Rails,403948
trix 2.0.5,CVE-2025-21610,Medium,1,Ruby on Rails,403948
trix 2.0.5,N/A,Medium,1,Ruby on Rails,403948
urijs 1.17.1,CVE-2020-26291,Medium,1,Ruby on Rails,403948
urijs 1.17.1,CVE-2021-3647,Medium,1,Ruby on Rails,403948
urijs 1.17.1,CVE-2022-0613,Medium,1,Ruby on Rails,403948
urijs 1.17.1,CVE-2022-0868,Medium,1,Ruby on Rails,403948
urijs 1.17.1,CVE-2022-1233,Medium,1,Ruby on Rails,403948
urijs 1.17.1,CVE-2022-24723,Medium,1,Ruby on Rails,403948
@octokit/endpoint 9.0.5,CVE-2025-25285,Medium,2,"WooCommerce, dotCMS",393818
@octokit/plugin-paginate-rest 9.2.1,CVE-2025-25288,Medium,2,"WooCommerce, dotCMS",393818
@octokit/request 8.4.0,CVE-2025-25290,Medium,2,"WooCommerce, dotCMS",393818
@octokit/request-error 5.1.0,CVE-2025-25289,Medium,2,"WooCommerce, dotCMS",393818
store2 2.14.2,CVE-2024-57556,Medium,2,"Ghost, WooCommerce",392789
commons-lang 2.6,CVE-2025-48924,Medium,9,"Apache Ambari, Apache Flume, Apache Spark, Cask Data Application Platform, CloudStack, Jahia, Liferay, SonarQube, Vaadin",391174
@babel/helpers 7.26.0,CVE-2025-27789,Medium,1,WooCommerce,386951
@babel/runtime 7.23.5,CVE-2025-27789,Medium,1,WooCommerce,386951
@babel/runtime 7.25.0,CVE-2025-27789,Medium,1,WooCommerce,386951
@babel/runtime 7.25.7,CVE-2025-27789,Medium,1,WooCommerce,386951
@babel/runtime-corejs2 7.5.5,CVE-2025-27789,Medium,1,WooCommerce,386951
@octokit/plugin-paginate-rest 6.1.2,CVE-2025-25288,Medium,1,WooCommerce,386951
@octokit/request 6.2.8,CVE-2025-25290,Medium,1,WooCommerce,386951
@octokit/request-error 3.0.3,CVE-2025-25289,Medium,1,WooCommerce,386951
axios 0.24.0,CVE-2023-45857,Medium,1,WooCommerce,386951
brace-expansion 4.0.0,CVE-2026-33750,Medium,1,WooCommerce,386951
ejs 3.1.9,CVE-2024-33883,Medium,1,WooCommerce,386951
fast-xml-parser 5.3.0,CVE-2026-33349,Medium,1,WooCommerce,386951
grunt 1.3.0,CVE-2022-0436,Medium,1,WooCommerce,386951
js-yaml 3.5.3,CVE-2025-64718,Medium,1,WooCommerce,386951
locutus 2.0.16,CVE-2026-33993,Medium,1,WooCommerce,386951
markdown-it 12.0.4,CVE-2022-21670,Medium,1,WooCommerce,386951
markdown-to-jsx 7.3.2,CVE-2024-21535,Medium,1,WooCommerce,386951
qs 6.11.2,CVE-2025-15284,Medium,1,WooCommerce,386951
react-router 6.23.0,CVE-2025-68470,Medium,1,WooCommerce,386951
react-router 6.3.0,CVE-2025-68470,Medium,1,WooCommerce,386951
smol-toml 1.3.4,N/A,Medium,1,WooCommerce,386951
undici 5.28.2,CVE-2025-22150,Medium,1,WooCommerce,386951
undici 5.28.2,CVE-2026-1525,Medium,1,WooCommerce,386951
undici 5.28.2,CVE-2026-1527,Medium,1,WooCommerce,386951
undici 5.28.2,CVE-2026-22036,Medium,1,WooCommerce,386951
yaml 2.3.4,CVE-2026-33532,Medium,1,WooCommerce,386951
yaml 2.6.1,CVE-2026-33532,Medium,1,WooCommerce,386951
yargs-parser 2.4.1,CVE-2020-7608,Medium,1,WooCommerce,386951
requests 2.32.5,CVE-2026-25645,Medium,3,"DNS Server, MongoDB, Selenium",377668
js-yaml 3.13.1,CVE-2025-64718,Medium,3,"Apache Hadoop, Less, Liferay",294228
jinja2 3.0.0,CVE-2024-22195,Medium,3,"MySQL, Percona, Percona XtraDB Cluster",291486
jinja2 3.0.0,CVE-2024-34064,Medium,3,"MySQL, Percona, Percona XtraDB Cluster",291486
jinja2 3.0.0,CVE-2024-56201,Medium,3,"MySQL, Percona, Percona XtraDB Cluster",291486
jinja2 3.0.0,CVE-2024-56326,Medium,3,"MySQL, Percona, Percona XtraDB Cluster",291486
jinja2 3.0.0,CVE-2025-27516,Medium,3,"MySQL, Percona, Percona XtraDB Cluster",291486
underscore.string 2.3.3,N/A,Medium,4,"Apache Ambari, Apache Hadoop, Apache Tez, Less",276251
drupal/core 9.8.0,CVE-2024-12393,Medium,1,Drupal,268561
drupal/core 9.8.0,CVE-2024-45440,Medium,1,Drupal,268561
drupal/core 9.8.0,CVE-2024-55634,Medium,1,Drupal,268561
drupal/core 9.8.0,CVE-2025-13081,Medium,1,Drupal,268561
drupal/core 9.8.0,CVE-2025-3057,Medium,1,Drupal,268561
drupal/core 9.8.0,CVE-2025-31673,Medium,1,Drupal,268561
drupal/core 9.8.0,CVE-2025-31674,Medium,1,Drupal,268561
drupal/core 9.8.0,N/A,Medium,1,Drupal,268561
drupal/core-recommended 9.8.0,CVE-2024-12393,Medium,1,Drupal,268561
drupal/core-recommended 9.8.0,CVE-2024-45440,Medium,1,Drupal,268561
drupal/core-recommended 9.8.0,CVE-2024-55634,Medium,1,Drupal,268561
smol-toml 1.4.2,N/A,Medium,1,Drupal,268561
yaml 2.8.0,CVE-2026-33532,Medium,1,Drupal,268561
@babel/runtime 7.22.6,CVE-2025-27789,Medium,2,"Liferay, Selenium IDE",255234
react-router 6.30.1,CVE-2025-68470,Medium,2,"Liferay, Selenium",255234
jinja2 3.1.5,CVE-2025-27516,Medium,2,"Apache Cassandra, MongoDB",254910
requests 2.32.4,CVE-2026-25645,Medium,4,"Apache CouchDB, Apache Kafka, DNS Server, TensorFlow",254060
qs 6.5.2,CVE-2025-15284,Medium,4,"Apache Hadoop, Liferay, Neos, Piwik",252068
lodash 3.10.1,CVE-2018-3721,Medium,5,"Apache Ambari, Apache Hadoop, Apache Tez, Liferay, Neos",219290
minimist 1.2.0,CVE-2020-7598,Medium,5,"Apache Ambari, Apache Hadoop, Apache Tez, Liferay, Neos",219290
minimist 0.0.8,CVE-2020-7598,Medium,6,"Apache Ambari, Apache Hadoop, Liferay, LocomotiveCMS, Neos, OrientDB",217507
brace-expansion 5.0.3,CVE-2026-33750,Medium,4,"Selenium, Shopsys Framework, Shopware, XWiki",211905
@babel/runtime 7.24.0,CVE-2025-27789,Medium,2,"Quill, Selenium IDE",210963
@babel/runtime 7.19.0,CVE-2025-27789,Medium,2,"Selenium IDE, Thelia",202798
@babel/helpers 7.22.6,CVE-2025-27789,Medium,1,Selenium IDE,202659
activesupport 7.2.3,CVE-2026-33169,Medium,1,Selenium,202659
activesupport 7.2.3,CVE-2026-33170,Medium,1,Selenium,202659
activesupport 7.2.3,CVE-2026-33176,Medium,1,Selenium,202659
bytes 1.10.1,CVE-2026-25541,Medium,2,"Node js, Selenium",202659
jruby-openssl 0.15.3,CVE-2025-46551,Medium,1,Selenium,202659
rustls-webpki 0.103.6,N/A,Medium,1,Selenium,202659
tar 0.4.44,CVE-2026-33055,Medium,1,Selenium,202659
tar 0.4.44,CVE-2026-33056,Medium,1,Selenium,202659
time 0.3.44,CVE-2026-25727,Medium,1,Selenium,202659
protobuf-java 2.5.0,CVE-2022-3171,Medium,7,"Apache Ambari, Apache Flume, Apache Giraph, Apache Hadoop, Apache Phoenix, Apache Trafodion, Cask Data Application Platform",192382
fast-xml-parser 4.5.4,CVE-2026-33349,Medium,2,"Ravenjs, React Native",190379
markdown-it 8.4.2,CVE-2022-21670,Medium,3,"Apache Hadoop, Ghost, Liferay",188441
tunnel-agent 0.4.3,N/A,Medium,4,"Apache Ambari, Apache Hadoop, Apache Tez, Emberjs",183309
github.com/go-viper/mapstructure/v2 v2.3.0,CVE-2025-11065,Medium,1,k8s,180955
github.com/golang/glog v1.2.2,CVE-2024-45339,Medium,1,k8s,180955
pynacl 1.5.0,CVE-2025-69277,Medium,2,"MongoDB, OpenBSD",178456
markdown-it 4.4.0,CVE-2022-21670,Medium,3,"Apache Ambari, Apache Hadoop, Emberjs",177041
github.com/docker/docker v28.5.2+incompatible,CVE-2026-33997,Medium,2,"Grafana, Prometheus",176342
dnspython 2.4.2,CVE-2023-29483,Medium,1,MongoDB,174761
ecdsa 0.19.0,CVE-2026-33936,Medium,1,MongoDB,174761
eventlet 0.39.0,CVE-2025-58068,Medium,1,MongoDB,174761
filelock 3.18.0,CVE-2025-68146,Medium,1,MongoDB,174761
filelock 3.18.0,CVE-2026-22701,Medium,1,MongoDB,174761
flask-cors 5.0.0,CVE-2024-6839,Medium,1,MongoDB,174761
flask-cors 5.0.0,CVE-2024-6844,Medium,1,MongoDB,174761
flask-cors 5.0.0,CVE-2024-6866,Medium,1,MongoDB,174761
fonttools 4.43.0,CVE-2025-66034,Medium,1,MongoDB,174761
requests 2.32.3,CVE-2024-47081,Medium,2,"MongoDB, Node js",174761
requests 2.32.3,CVE-2026-25645,Medium,2,"MongoDB, Node js",174761
scikit-learn 1.3.1,CVE-2024-5206,Medium,1,MongoDB,174761
urllib3 2.3.0,CVE-2025-50181,Medium,2,"MongoDB, Node js",174761
urllib3 2.3.0,CVE-2025-50182,Medium,2,"MongoDB, Node js",174761
virtualenv 20.29.2,CVE-2026-22702,Medium,1,MongoDB,174761
werkzeug 2.3.7,CVE-2023-46136,Medium,1,MongoDB,174761
werkzeug 2.3.7,CVE-2024-49766,Medium,1,MongoDB,174761
werkzeug 2.3.7,CVE-2024-49767,Medium,1,MongoDB,174761
werkzeug 2.3.7,CVE-2025-66221,Medium,1,MongoDB,174761
werkzeug 2.3.7,CVE-2026-21860,Medium,1,MongoDB,174761
werkzeug 2.3.7,CVE-2026-27199,Medium,1,MongoDB,174761
hive-exec 2.3.10,CVE-2024-29869,Medium,2,"Apache Kylin, Apache Spark",173675
hive-llap-common 2.3.10,CVE-2024-23953,Medium,1,Apache Spark,170568
tinymce 6.8.6,CVE-2024-29881,Medium,2,"Joomla, dotCMS",170502
commons-lang3 3.17.0,CVE-2025-48924,Medium,2,"Hive, Neo4j",166833
bl 1.0.3,CVE-2020-8244,Medium,3,"Apache Ambari, Apache Hadoop, Apache Tez",164626
concat-stream 1.5.0,N/A,Medium,3,"Apache Ambari, Apache Hadoop, Apache Tez",164626
moment-timezone 0.3.1,N/A,Medium,3,"Apache Ambari, Apache Hadoop, Apache Tez",164626
ms 0.7.2,CVE-2017-20162,Medium,3,"Apache Ambari, Apache Hadoop, Apache Tez",164626
shelljs 0.3.0,N/A,Medium,3,"Apache Ambari, Apache Hadoop, Apache Tez",164626
tough-cookie 2.2.2,CVE-2016-1000232,Medium,3,"Apache Ambari, Apache Hadoop, Apache Tez",164626
tough-cookie 2.2.2,CVE-2023-26136,Medium,3,"Apache Ambari, Apache Hadoop, Apache Tez",164626
web-auth/webauthn-lib 4.5.2,CVE-2024-39912,Medium,1,Joomla,163635
qs 5.1.0,CVE-2025-15284,Medium,3,"Apache Ambari, Apache Hadoop, Neos",160447
qs 5.2.0,CVE-2025-15284,Medium,3,"Apache Ambari, Apache Hadoop, Neos",160447
guava 30.0-jre,CVE-2023-2976,Medium,1,Apache Flink,159046
jackson-core 2.15.2,N/A,Medium,1,Apache Flink,159046
kafka-clients 3.2.3,CVE-2024-31141,Medium,1,Apache Flink,159046
kafka-clients 3.2.3,CVE-2025-27817,Medium,1,Apache Flink,159046
engine.io 1.8.0,CVE-2022-41940,Medium,2,"Apache Ambari, Apache Hadoop",158358
jsonpointer 4.0.1,CVE-2021-23807,Medium,2,"Apache Ambari, Apache Hadoop",158358
parseuri 0.0.5,CVE-2024-36751,Medium,2,"Apache Ambari, Apache Hadoop",158358
socket.io 1.6.0,CVE-2020-28481,Medium,2,"Apache Ambari, Apache Hadoop",158358
socket.io 1.6.0,CVE-2024-38355,Medium,2,"Apache Ambari, Apache Hadoop",158358
socket.io-parser 2.3.1,CVE-2023-32695,Medium,2,"Apache Ambari, Apache Hadoop",158358
nanoid 3.3.6,CVE-2024-55565,Medium,5,"Commerce Software, EllisLab ExpressionEngine, Ionic Framework, Liferay, Thelia",154352
lodash 2.4.2,CVE-2018-3721,Medium,3,"Apache Ambari, Apache Tez, Less",146223
serialize-javascript 6.0.0,CVE-2024-11831,Medium,3,"Ionic Framework, Open Web Analytics, Piwik",143740
serialize-javascript 6.0.0,CVE-2026-34043,Medium,3,"Ionic Framework, Open Web Analytics, Piwik",143740
bl 0.9.5,CVE-2020-8244,Medium,2,"Apache Ambari, Less",139955
bl 1.1.2,CVE-2020-8244,Medium,2,"Apache Hadoop, Apache Tez",136296
lodash 2.3.0,CVE-2018-3721,Medium,2,"Apache Hadoop, Apache Tez",136296
parseuri 0.0.2,CVE-2024-36751,Medium,2,"Apache Hadoop, Apache Tez",136296
parseuri 0.0.4,CVE-2024-36751,Medium,2,"Apache Hadoop, Apache Tez",136296
request 2.74.0,CVE-2023-28155,Medium,2,"Apache Hadoop, Apache Tez",136296
socket.io-parser 2.2.2,CVE-2023-32695,Medium,2,"Apache Hadoop, Apache Tez",136296
socket.io-parser 2.2.4,CVE-2023-32695,Medium,2,"Apache Hadoop, Apache Tez",136296
redis 4.5.1,CVE-2023-28858,Medium,1,Redis,132399
tough-cookie 2.3.4,CVE-2023-26136,Medium,2,"Apache Hadoop, Neos",132117
aquasecurity/trivy-action v0.33.1,CVE-2026-26189,Medium,1,Apache Kafka,130978
@babel/runtime 7.12.18,CVE-2025-27789,Medium,3,"Discourse, Emberjs, Ravenjs",130497
bootstrap 3.3.7,CVE-2016-10735,Medium,1,Apache Hadoop,130028
bootstrap 3.3.7,CVE-2018-14040,Medium,1,Apache Hadoop,130028
bootstrap 3.3.7,CVE-2018-14042,Medium,1,Apache Hadoop,130028
bootstrap 3.3.7,CVE-2018-20676,Medium,1,Apache Hadoop,130028
bootstrap 3.3.7,CVE-2018-20677,Medium,1,Apache Hadoop,130028
bootstrap 3.3.7,CVE-2019-8331,Medium,1,Apache Hadoop,130028
bootstrap 3.3.7,CVE-2024-6485,Medium,1,Apache Hadoop,130028
follow-redirects 1.14.7,CVE-2022-0536,Medium,1,Apache Hadoop,130028
follow-redirects 1.14.7,CVE-2023-26159,Medium,1,Apache Hadoop,130028
follow-redirects 1.14.7,CVE-2024-28849,Medium,1,Apache Hadoop,130028
hosted-git-info 2.8.5,CVE-2021-23362,Medium,1,Apache Hadoop,130028
jquery 3.3.1,CVE-2019-11358,Medium,1,Apache Hadoop,130028
jquery 3.3.1,CVE-2020-11022,Medium,1,Apache Hadoop,130028
jquery 3.3.1,CVE-2020-11023,Medium,1,Apache Hadoop,130028
jsonschema2pojo-core 1.0.2,CVE-2025-3588,Medium,1,Apache Hadoop,130028
markdown-it 6.0.1,CVE-2022-21670,Medium,1,Apache Hadoop,130028
ms 0.6.2,CVE-2017-20162,Medium,1,Apache Hadoop,130028
node-notifier 5.4.5,CVE-2020-7789,Medium,1,Apache Hadoop,130028
npm 2.15.1,CVE-2020-15095,Medium,1,Apache Hadoop,130028
qs 6.0.4,CVE-2025-15284,Medium,1,Apache Hadoop,130028
qs 6.2.3,CVE-2025-15284,Medium,1,Apache Hadoop,130028
request 2.69.0,CVE-2023-28155,Medium,1,Apache Hadoop,130028
select2 4.0.0,CVE-2016-10744,Medium,1,Apache Hadoop,130028
shelljs 0.2.6,N/A,Medium,1,Apache Hadoop,130028
solr-core 8.11.2,CVE-2024-52012,Medium,1,Apache Hadoop,130028
solr-solrj 8.11.2,CVE-2023-50298,Medium,1,Apache Hadoop,130028
tar 4.4.19,CVE-2024-28863,Medium,1,Apache Hadoop,130028
xmldom 0.1.31,CVE-2021-21366,Medium,1,Apache Hadoop,130028
xmldom 0.1.31,CVE-2021-32796,Medium,1,Apache Hadoop,130028
lodash 4.17.15,CVE-2020-28500,Medium,3,"Apache Ambari, Liferay, Meteor",123264
lodash 4.17.15,CVE-2025-13465,Medium,3,"Apache Ambari, Liferay, Meteor",123264
ejs 3.1.8,CVE-2024-33883,Medium,2,"Ionic Framework, Zabbix",123139
guzzlehttp/psr7 1.5.2,CVE-2022-24775,Medium,1,Magento Commerce,115807
guzzlehttp/psr7 1.5.2,CVE-2023-29197,Medium,1,Magento Commerce,115807
laminas/laminas-diactoros 1.8.6,CVE-2022-31109,Medium,1,Magento Commerce,115807
laminas/laminas-form 2.13.0,CVE-2022-23598,Medium,1,Magento Commerce,115807
laminas/laminas-form 2.3.1,CVE-2022-23598,Medium,1,Magento Commerce,115807
laminas/laminas-form 2.4.0,CVE-2022-23598,Medium,1,Magento Commerce,115807
magento/product-community-edition 2.3.1,CVE-2019-7938,Medium,1,Magento Commerce,115807
paragonie/sodium_compat v1.9.1,CVE-2025-69277,Medium,1,Magento Commerce,115807
symfony/process 2.8.x-dev,CVE-2026-24739,Medium,1,Magento Commerce,115807
symfony/process v2.8.52,CVE-2026-24739,Medium,1,Magento Commerce,115807
symfony/process v4.1.11,CVE-2026-24739,Medium,1,Magento Commerce,115807
guava 16.0.1,CVE-2018-10237,Medium,1,Hive,115545
guava 16.0.1,CVE-2023-2976,Medium,1,Hive,115545
guava 22.0,CVE-2018-10237,Medium,1,Hive,115545
guava 22.0,CVE-2023-2976,Medium,1,Hive,115545
jetty-http 9.4.57.v20241219,CVE-2024-6763,Medium,1,Hive,115545
netty 3.10.5.Final,CVE-2019-20445,Medium,1,Hive,115545
netty 3.10.5.Final,CVE-2021-21290,Medium,1,Hive,115545
netty 3.10.5.Final,CVE-2021-21295,Medium,1,Hive,115545
netty 3.10.5.Final,CVE-2021-21409,Medium,1,Hive,115545
netty 3.10.5.Final,CVE-2021-43797,Medium,1,Hive,115545
plexus-utils 1.5.6,CVE-2022-4245,Medium,1,Hive,115545
commons-io 2.4,CVE-2021-29425,Medium,2,"Apache Ambari, SonarQube",115410
phin 2.9.3,N/A,Medium,2,"Bolt, Less",112464
lodash 2.4.1,CVE-2018-3721,Medium,1,Less,111625
moment-timezone 0.5.5,N/A,Medium,1,Less,111625
qs 0.6.6,CVE-2025-15284,Medium,1,Less,111625
request 2.22.0,CVE-2017-16026,Medium,1,Less,111625
request 2.22.0,CVE-2023-28155,Medium,1,Less,111625
tunnel-agent 0.3.0,N/A,Medium,1,Less,111625
brace-expansion 5.0.2,CVE-2026-33750,Medium,2,"CKEditor, Cucumberjs",108710
tough-cookie 3.0.1,CVE-2023-26136,Medium,3,"Concrete5, Liferay, Rundeck",107813
markdown 3.8,CVE-2025-69534,Medium,1,TensorFlow,104572
torch 2.7.0,CVE-2025-3730,Medium,1,TensorFlow,104572
werkzeug 3.1.5,CVE-2026-27199,Medium,1,TensorFlow,104572
github.com/moby/moby v28.5.2+incompatible,CVE-2026-33997,Medium,1,Grafana,104259
github.com/openfga/openfga v1.11.3,CVE-2026-33729,Medium,1,Grafana,104259
@babel/runtime 7.18.9,CVE-2025-27789,Medium,1,Ravenjs,102371
@nestjs/common 10.4.15,CVE-2024-29409,Medium,1,Ravenjs,102371
astro 3.5.0,CVE-2024-47885,Medium,1,Ravenjs,102371
astro 3.5.0,CVE-2024-56140,Medium,1,Ravenjs,102371
astro 3.5.0,CVE-2025-55303,Medium,1,Ravenjs,102371
astro 3.5.0,CVE-2025-61925,Medium,1,Ravenjs,102371
astro 3.5.0,CVE-2025-64525,Medium,1,Ravenjs,102371
astro 3.5.0,CVE-2025-64765,Medium,1,Ravenjs,102371
astro 3.5.0,CVE-2025-65019,Medium,1,Ravenjs,102371
astro 3.5.0,CVE-2025-66202,Medium,1,Ravenjs,102371
devalue 4.3.3,CVE-2026-30226,Medium,1,Ravenjs,102371
fast-xml-parser 5.3.6,CVE-2026-33349,Medium,1,Ravenjs,102371
h3 1.15.3,N/A,Medium,1,Ravenjs,102371
h3 2.0.1-rc.17,N/A,Medium,1,Ravenjs,102371
jsondiffpatch 0.6.0,CVE-2025-9910,Medium,1,Ravenjs,102371
langsmith 0.3.74,CVE-2026-25528,Medium,1,Ravenjs,102371
nanotar 0.2.0,CVE-2025-69874,Medium,1,Ravenjs,102371
next 14.2.35,CVE-2025-59471,Medium,1,Ravenjs,102371
next 14.2.35,CVE-2026-27980,Medium,1,Ravenjs,102371
next 14.2.35,CVE-2026-29057,Medium,1,Ravenjs,102371
svelte 3.59.2,CVE-2024-45047,Medium,1,Ravenjs,102371
svelte 3.59.2,CVE-2026-27121,Medium,1,Ravenjs,102371
svelte 3.59.2,CVE-2026-27122,Medium,1,Ravenjs,102371
svelte 3.59.2,CVE-2026-27125,Medium,1,Ravenjs,102371
svelte 3.59.2,CVE-2026-27901,Medium,1,Ravenjs,102371
svelte 4.2.8,CVE-2024-45047,Medium,1,Ravenjs,102371
svelte 4.2.8,CVE-2026-27121,Medium,1,Ravenjs,102371
svelte 4.2.8,CVE-2026-27122,Medium,1,Ravenjs,102371
svelte 4.2.8,CVE-2026-27125,Medium,1,Ravenjs,102371
svelte 4.2.8,CVE-2026-27901,Medium,1,Ravenjs,102371
undici 5.29.0,CVE-2026-1525,Medium,1,Ravenjs,102371
undici 5.29.0,CVE-2026-1527,Medium,1,Ravenjs,102371
undici 5.29.0,CVE-2026-22036,Medium,1,Ravenjs,102371
undici 7.18.2,CVE-2026-1525,Medium,1,Ravenjs,102371
undici 7.18.2,CVE-2026-1527,Medium,1,Ravenjs,102371
undici 7.18.2,CVE-2026-2581,Medium,1,Ravenjs,102371
webpack-dev-server 4.11.0,CVE-2025-30359,Medium,1,Ravenjs,102371
webpack-dev-server 4.11.0,CVE-2025-30360,Medium,1,Ravenjs,102371
bn.js 4.12.2,CVE-2026-2739,Medium,3,"Liferay, Live Helper Chat, Meteor",97785
bn.js 5.2.2,CVE-2026-2739,Medium,3,"Liferay, Live Helper Chat, Meteor",97785
ws 6.2.1,CVE-2021-32640,Medium,2,"Liferay, Meteor",94934
guava 11.0.2,CVE-2018-10237,Medium,4,"Apache Ambari, Apache Oozie, Apache Phoenix, Apache Trafodion",93040
guava 11.0.2,CVE-2023-2976,Medium,4,"Apache Ambari, Apache Oozie, Apache Phoenix, Apache Trafodion",93040
got 7.1.0,CVE-2022-33987,Medium,3,"Apache Ambari, Druid, Liferay",88139
activesupport 7.0.8,CVE-2026-33169,Medium,1,React Native,88008
activesupport 7.0.8,CVE-2026-33170,Medium,1,React Native,88008
activesupport 7.0.8,CVE-2026-33176,Medium,1,React Native,88008
activesupport 7.0.8.4,CVE-2026-33169,Medium,1,React Native,88008
activesupport 7.0.8.4,CVE-2026-33170,Medium,1,React Native,88008
activesupport 7.0.8.4,CVE-2026-33176,Medium,1,React Native,88008
rexml 3.2.6,CVE-2024-35176,Medium,1,React Native,88008
rexml 3.2.6,CVE-2024-39908,Medium,1,React Native,88008
rexml 3.2.6,CVE-2024-41123,Medium,1,React Native,88008
rexml 3.2.6,CVE-2024-41946,Medium,1,React Native,88008
rexml 3.2.6,CVE-2024-49761,Medium,1,React Native,88008
undici 6.23.0,CVE-2026-1525,Medium,1,React Native,88008
undici 6.23.0,CVE-2026-1527,Medium,1,React Native,88008
yaml 2.8.1,CVE-2026-33532,Medium,2,"CKEditor, React Native",88008
logback-core 1.0.13,CVE-2021-42550,Medium,1,SonarQube,87080
logback-core 1.0.13,CVE-2024-12798,Medium,1,SonarQube,87080
logback-core 1.0.13,CVE-2025-11226,Medium,1,SonarQube,87080
dompurify 3.3.1,CVE-2026-0540,Medium,3,"Ghost, Liferay, Rundeck",85627
dompurify 3.3.1,N/A,Medium,3,"Ghost, Liferay, Rundeck",85627
"org.eclipse.paho.client.mqttv3 [1.2.5,)",CVE-2019-11777,Medium,1,Pivotal vFabric RabbitMQ,85034
@babel/runtime 7.26.9,CVE-2025-27789,Medium,3,"Apollo Client, Druid, Ionic Framework",84441
esbuild 0.21.5,N/A,Medium,3,"Emberjs, Ghost, Liferay",77096
@babel/helpers 7.23.2,CVE-2025-27789,Medium,3,"Commerce Software, Liferay, Neos",73618
@babel/runtime 7.23.2,CVE-2025-27789,Medium,3,"Commerce Software, Liferay, Neos",73618
httpclient 4.3.6,CVE-2020-13956,Medium,3,"Apache Apex, Apache Oozie, Vaadin",72985
@babel/helpers 7.24.5,CVE-2025-27789,Medium,2,"Concrete5, Meteor",70383
@babel/runtime 7.24.6,CVE-2025-27789,Medium,2,"Meteor, Rundeck",69573
bcpkix-jdk18on 1.78.1,CVE-2025-8916,Medium,2,"Jython, Neo4j",69336
@babel/runtime 7.18.6,CVE-2025-27789,Medium,1,Piwik,67376
fast-xml-parser 4.2.5,CVE-2026-33349,Medium,1,Piwik,67376
fast-xml-parser 4.5.0,CVE-2026-33349,Medium,1,Piwik,67376
js-yaml 4.0.0,CVE-2025-64718,Medium,1,Piwik,67376
koa 2.7.0,CVE-2025-32379,Medium,1,Piwik,67376
nanoid 3.1.20,CVE-2021-23566,Medium,1,Piwik,67376
nanoid 3.1.20,CVE-2024-55565,Medium,1,Piwik,67376
qs 4.0.0,CVE-2025-15284,Medium,1,Piwik,67376
react-dev-utils 4.2.3,CVE-2021-24033,Medium,1,Piwik,67376
webpack 5.51.1,CVE-2024-43788,Medium,1,Piwik,67376
bootstrap 3.4.1,CVE-2024-6485,Medium,3,"Commerce Software, OrientDB, Rundeck",67025
bootstrap 3.4.1,CVE-2025-1647,Medium,3,"Commerce Software, OrientDB, Rundeck",67025
commons-io @commons-io.version@,CVE-2021-29425,Medium,1,Jetty,65973
commons-io @commons.io.version@,CVE-2021-29425,Medium,1,Jetty,65973
@adobe/css-tools 4.2.0,CVE-2023-26364,Medium,1,Ionic Framework,65706
@adobe/css-tools 4.2.0,CVE-2023-48631,Medium,1,Ionic Framework,65706
@angular/ssr 19.0.2,CVE-2026-27738,Medium,1,Ionic Framework,65706
@angular/ssr 20.0.3,CVE-2026-27738,Medium,1,Ionic Framework,65706
@angular/ssr 20.0.3,CVE-2026-33397,Medium,1,Ionic Framework,65706
@babel/helpers 7.18.2,CVE-2025-27789,Medium,1,Ionic Framework,65706
@babel/runtime 7.18.3,CVE-2025-27789,Medium,1,Ionic Framework,65706
@babel/runtime-corejs3 7.18.3,CVE-2025-27789,Medium,1,Ionic Framework,65706
express 4.18.1,CVE-2024-29041,Medium,1,Ionic Framework,65706
postcss 8.4.14,CVE-2023-44270,Medium,1,Ionic Framework,65706
postcss 8.4.23,CVE-2023-44270,Medium,1,Ionic Framework,65706
qs 6.10.3,CVE-2025-15284,Medium,1,Ionic Framework,65706
webpack 5.73.0,CVE-2024-43788,Medium,1,Ionic Framework,65706
webpack-dev-server 4.9.2,CVE-2025-30359,Medium,1,Ionic Framework,65706
webpack-dev-server 4.9.2,CVE-2025-30360,Medium,1,Ionic Framework,65706
tar 6.1.11,CVE-2024-28863,Medium,2,"CloudStack, Zabbix",64116
commons-compress 1.21,CVE-2024-25710,Medium,4,"Alluxio, Apache Ambari, Apache Flume, Weka",62890
commons-compress 1.21,CVE-2024-26308,Medium,4,"Alluxio, Apache Ambari, Apache Flume, Weka",62890
junit 4.11,CVE-2020-15250,Medium,6,"Apache Apex, Apache Giraph, Apache MINA, Apache Oozie, Apache Trafodion, Cask Data Application Platform",62204
guava 14.0.1,CVE-2018-10237,Medium,2,"Alluxio, Apache Oozie",61994
guava 14.0.1,CVE-2023-2976,Medium,2,"Alluxio, Apache Oozie",61994
activemq-client 5.15.9,CVE-2025-27533,Medium,1,Apache Oozie,59842
commons-lang3 3.3.2,CVE-2025-48924,Medium,1,Apache Oozie,59842
hive-exec 1.2.2,CVE-2024-29869,Medium,1,Apache Oozie,59842
hive-jdbc 1.2.2,CVE-2018-1314,Medium,1,Apache Oozie,59842
jackson-core 2.6.7,CVE-2025-49128,Medium,1,Apache Oozie,59842
jackson-core 2.6.7,N/A,Medium,1,Apache Oozie,59842
jetty-http 9.4.44.v20210927,CVE-2023-40167,Medium,1,Apache Oozie,59842
jetty-http 9.4.44.v20210927,CVE-2024-6763,Medium,1,Apache Oozie,59842
jetty-server 9.4.44.v20210927,CVE-2023-26048,Medium,1,Apache Oozie,59842
jetty-server 9.4.44.v20210927,CVE-2024-8184,Medium,1,Apache Oozie,59842
jython-standalone 2.7.1,CVE-2013-2027,Medium,1,Apache Oozie,59842
mysql-connector-java 5.1.34,CVE-2015-2575,Medium,1,Apache Oozie,59842
mysql-connector-java 5.1.34,CVE-2017-3586,Medium,1,Apache Oozie,59842
mysql-connector-java 5.1.34,CVE-2019-2692,Medium,1,Apache Oozie,59842
mysql-connector-java 5.1.34,CVE-2022-21363,Medium,1,Apache Oozie,59842
org.eclipse.jgit 5.0.1.201806211838-r,CVE-2025-4949,Medium,1,Apache Oozie,59842
spark-core_2.10 1.6.1,CVE-2017-7678,Medium,1,Apache Oozie,59842
spark-core_2.10 1.6.1,CVE-2018-11770,Medium,1,Apache Oozie,59842
spark-core_2.10 1.6.1,CVE-2018-1334,Medium,1,Apache Oozie,59842
spark-core_2.10 1.6.1,CVE-2022-31777,Medium,1,Apache Oozie,59842
xercesImpl 2.11.0,CVE-2020-14338,Medium,1,Apache Oozie,59842
xercesImpl 2.11.0,CVE-2022-23437,Medium,1,Apache Oozie,59842
got 8.3.2,CVE-2022-33987,Medium,2,"Druid, Liferay",59809
esbuild 0.20.2,N/A,Medium,2,"Ghost, Liferay",58413
activesupport 7.2.2.2,CVE-2026-33169,Medium,1,Opscode Chef,58088
activesupport 7.2.2.2,CVE-2026-33170,Medium,1,Opscode Chef,58088
activesupport 7.2.2.2,CVE-2026-33176,Medium,1,Opscode Chef,58088
aws-sdk-s3 1.198.0,CVE-2025-14762,Medium,1,Opscode Chef,58088
faraday 1.2.0,CVE-2026-25765,Medium,1,Opscode Chef,58088
junit 4.8.2,CVE-2020-15250,Medium,1,Zabbix,57433
logback-core 1.5.16,CVE-2025-11226,Medium,1,Zabbix,57433
log4j-core 2.17.1,CVE-2025-68161,Medium,2,"Alluxio, Liferay",54727
@babel/helpers 7.4.2,CVE-2025-27789,Medium,2,"Liferay, Neos",54664
hosted-git-info 2.5.0,CVE-2021-23362,Medium,2,"Liferay, Neos",54664
hosted-git-info 2.7.1,CVE-2021-23362,Medium,2,"Liferay, Neos",54664
minimist 1.1.3,CVE-2020-7598,Medium,2,"Liferay, Neos",54664
tar 4.4.8,CVE-2024-28863,Medium,2,"Liferay, Neos",54664
webpack-dev-server 3.11.3,CVE-2025-30359,Medium,2,"Bolt, Liferay",53414
webpack-dev-server 3.11.3,CVE-2025-30360,Medium,2,"Bolt, Liferay",53414
lodash 4.17.20,CVE-2020-28500,Medium,2,"Liferay, LocomotiveCMS",52819
lodash 4.17.20,CVE-2025-13465,Medium,2,"Liferay, LocomotiveCMS",52819
@babel/helpers 7.12.1,CVE-2025-27789,Medium,1,Liferay,52575
@babel/helpers 7.21.5,CVE-2025-27789,Medium,1,Liferay,52575
@babel/helpers 7.22.10,CVE-2025-27789,Medium,1,Liferay,52575
@babel/helpers 7.22.15,CVE-2025-27789,Medium,1,Liferay,52575
@babel/runtime 7.10.4,CVE-2025-27789,Medium,1,Liferay,52575
@babel/runtime 7.11.2,CVE-2025-27789,Medium,1,Liferay,52575
@babel/runtime 7.22.10,CVE-2025-27789,Medium,1,Liferay,52575
@babel/runtime 7.22.15,CVE-2025-27789,Medium,1,Liferay,52575
@babel/runtime 7.23.1,CVE-2025-27789,Medium,1,Liferay,52575
@babel/runtime 7.23.8,CVE-2025-27789,Medium,1,Liferay,52575
@babel/runtime 7.3.1,CVE-2025-27789,Medium,1,Liferay,52575
@babel/runtime 7.9.2,CVE-2025-27789,Medium,1,Liferay,52575
@babel/runtime-corejs3 7.11.2,CVE-2025-27789,Medium,1,Liferay,52575
@babel/runtime-corejs3 7.25.6,CVE-2025-27789,Medium,1,Liferay,52575
@ckeditor/ckeditor5-html-support 46.0.3,CVE-2026-28343,Medium,1,Liferay,52575
ajv 6.10.1,CVE-2020-15366,Medium,1,Liferay,52575
ajv 6.10.1,CVE-2025-69873,Medium,1,Liferay,52575
ajv 6.10.2,CVE-2020-15366,Medium,1,Liferay,52575
ajv 6.10.2,CVE-2025-69873,Medium,1,Liferay,52575
ajv 7.2.3,CVE-2025-69873,Medium,1,Liferay,52575
ajv 8.14.0,CVE-2025-69873,Medium,1,Liferay,52575
brace-expansion 1.1.8,CVE-2026-33750,Medium,1,Liferay,52575
browserslist 4.6.2,CVE-2021-23364,Medium,1,Liferay,52575
ckeditor4 4.22.1,CVE-2023-4771,Medium,1,Liferay,52575
ckeditor4 4.22.1,CVE-2024-24815,Medium,1,Liferay,52575
ckeditor4 4.22.1,CVE-2024-24816,Medium,1,Liferay,52575
ckeditor4 4.22.1,CVE-2024-43407,Medium,1,Liferay,52575
ckeditor4 4.22.1,CVE-2024-43411,Medium,1,Liferay,52575
ckeditor5 46.0.3,CVE-2026-28343,Medium,1,Liferay,52575
com.liferay.util.java 4.0.0,CVE-2022-28977,Medium,1,Liferay,52575
dompurify 2.5.8,CVE-2025-15599,Medium,1,Liferay,52575
dompurify 2.5.8,CVE-2025-26791,Medium,1,Liferay,52575
dompurify 2.5.8,CVE-2026-0540,Medium,1,Liferay,52575
dompurify 2.5.8,N/A,Medium,1,Liferay,52575
esbuild 0.15.18,N/A,Medium,1,Liferay,52575
esbuild 0.17.19,N/A,Medium,1,Liferay,52575
esbuild 0.18.17,N/A,Medium,1,Liferay,52575
estree-util-value-to-estree 3.2.1,CVE-2025-32014,Medium,1,Liferay,52575
fast-xml-parser 4.4.1,CVE-2026-33349,Medium,1,Liferay,52575
follow-redirects 1.15.4,CVE-2024-28849,Medium,1,Liferay,52575
guava 13.0,CVE-2018-10237,Medium,1,Liferay,52575
guava 13.0,CVE-2023-2976,Medium,1,Liferay,52575
guava 18.0,CVE-2018-10237,Medium,1,Liferay,52575
guava 18.0,CVE-2023-2976,Medium,1,Liferay,52575
jackson-core 2.15.0,N/A,Medium,1,Liferay,52575
javax.faces 2.2.18,CVE-2019-17091,Medium,1,Liferay,52575
jetty-http 8.1.8.v20121106,CVE-2024-6763,Medium,1,Liferay,52575
jetty-server 8.1.8.v20121106,CVE-2019-10241,Medium,1,Liferay,52575
jetty-server 8.1.8.v20121106,CVE-2019-10247,Medium,1,Liferay,52575
jetty-server 8.1.8.v20121106,CVE-2023-26048,Medium,1,Liferay,52575
jspdf 3.0.4,CVE-2026-24040,Medium,1,Liferay,52575
jspdf 3.0.4,CVE-2026-24043,Medium,1,Liferay,52575
lodash-es 4.17.11,CVE-2020-28500,Medium,1,Liferay,52575
lodash-es 4.17.11,CVE-2025-13465,Medium,1,Liferay,52575
lodash-es 4.17.4,CVE-2019-1010266,Medium,1,Liferay,52575
lodash-es 4.17.4,CVE-2020-28500,Medium,1,Liferay,52575
lodash-es 4.17.4,CVE-2025-13465,Medium,1,Liferay,52575
micromatch 3.1.0,CVE-2024-4067,Medium,1,Liferay,52575
micromatch 3.1.5,CVE-2024-4067,Medium,1,Liferay,52575
micromatch 4.0.2,CVE-2024-4067,Medium,1,Liferay,52575
mjml 4.6.3,CVE-2025-67898,Medium,1,Liferay,52575
next 15.5.10,CVE-2026-27980,Medium,1,Liferay,52575
next 15.5.10,CVE-2026-29057,Medium,1,Liferay,52575
node-notifier 8.0.0,CVE-2020-7789,Medium,1,Liferay,52575
postcss 7.0.18,CVE-2021-23368,Medium,1,Liferay,52575
postcss 7.0.18,CVE-2021-23382,Medium,1,Liferay,52575
postcss 7.0.18,CVE-2023-44270,Medium,1,Liferay,52575
postcss 7.0.26,CVE-2021-23368,Medium,1,Liferay,52575
postcss 7.0.26,CVE-2021-23382,Medium,1,Liferay,52575
postcss 7.0.26,CVE-2023-44270,Medium,1,Liferay,52575
postcss 8.4.27,CVE-2023-44270,Medium,1,Liferay,52575
postcss 8.4.28,CVE-2023-44270,Medium,1,Liferay,52575
postcss 8.4.30,CVE-2023-44270,Medium,1,Liferay,52575
qs 6.11.1,CVE-2025-15284,Medium,1,Liferay,52575
qs 6.7.3,CVE-2025-15284,Medium,1,Liferay,52575
qs 6.9.6,CVE-2025-15284,Medium,1,Liferay,52575
react-router 6.21.2,CVE-2025-68470,Medium,1,Liferay,52575
shiro-core 1.1.0,CVE-2023-46749,Medium,1,Liferay,52575
spring-context 4.1.2.RELEASE,CVE-2024-38820,Medium,1,Liferay,52575
spring-context 4.1.9.RELEASE,CVE-2024-38820,Medium,1,Liferay,52575
spring-core 4.1.2.RELEASE,CVE-2015-0201,Medium,1,Liferay,52575
spring-core 4.1.2.RELEASE,CVE-2018-1257,Medium,1,Liferay,52575
spring-core 4.1.2.RELEASE,CVE-2018-1271,Medium,1,Liferay,52575
spring-core 4.1.9.RELEASE,CVE-2018-1257,Medium,1,Liferay,52575
spring-core 4.1.9.RELEASE,CVE-2018-1271,Medium,1,Liferay,52575
spring-expression 4.1.2.RELEASE,CVE-2022-22950,Medium,1,Liferay,52575
spring-expression 4.1.2.RELEASE,CVE-2023-20861,Medium,1,Liferay,52575
spring-expression 4.1.2.RELEASE,CVE-2024-38808,Medium,1,Liferay,52575
spring-expression 4.1.9.RELEASE,CVE-2022-22950,Medium,1,Liferay,52575
spring-expression 4.1.9.RELEASE,CVE-2023-20861,Medium,1,Liferay,52575
spring-expression 4.1.9.RELEASE,CVE-2024-38808,Medium,1,Liferay,52575
spring-security-core 5.5.1,CVE-2022-22976,Medium,1,Liferay,52575
spring-security-core 5.5.1,CVE-2024-38827,Medium,1,Liferay,52575
spring-web 4.1.2.RELEASE,CVE-2015-3192,Medium,1,Liferay,52575
spring-web 4.1.2.RELEASE,CVE-2024-38809,Medium,1,Liferay,52575
spring-web 4.1.2.RELEASE,CVE-2024-38820,Medium,1,Liferay,52575
spring-web 4.1.9.RELEASE,CVE-2024-38809,Medium,1,Liferay,52575
spring-web 4.1.9.RELEASE,CVE-2024-38820,Medium,1,Liferay,52575
tar 6.1.15,CVE-2024-28863,Medium,1,Liferay,52575
undici 5.0.0,CVE-2022-31150,Medium,1,Liferay,52575
undici 5.0.0,CVE-2022-35948,Medium,1,Liferay,52575
undici 5.0.0,CVE-2022-35949,Medium,1,Liferay,52575
undici 5.0.0,CVE-2023-23936,Medium,1,Liferay,52575
undici 5.0.0,CVE-2025-22150,Medium,1,Liferay,52575
undici 5.0.0,CVE-2026-1525,Medium,1,Liferay,52575
undici 5.0.0,CVE-2026-1527,Medium,1,Liferay,52575
undici 5.0.0,CVE-2026-22036,Medium,1,Liferay,52575
vite 3.2.7,CVE-2024-31207,Medium,1,Liferay,52575
vite 3.2.7,CVE-2024-45811,Medium,1,Liferay,52575
vite 3.2.7,CVE-2024-45812,Medium,1,Liferay,52575
vite 3.2.7,CVE-2025-24010,Medium,1,Liferay,52575
vite 3.2.7,CVE-2025-30208,Medium,1,Liferay,52575
vite 3.2.7,CVE-2025-31125,Medium,1,Liferay,52575
vite 3.2.7,CVE-2025-31486,Medium,1,Liferay,52575
vite 3.2.7,CVE-2025-32395,Medium,1,Liferay,52575
vite 3.2.7,CVE-2025-46565,Medium,1,Liferay,52575
vite 4.4.7,CVE-2023-49293,Medium,1,Liferay,52575
vite 4.4.7,CVE-2024-31207,Medium,1,Liferay,52575
vite 4.4.7,CVE-2024-45811,Medium,1,Liferay,52575
vite 4.4.7,CVE-2024-45812,Medium,1,Liferay,52575
vite 4.4.7,CVE-2025-24010,Medium,1,Liferay,52575
vite 4.4.7,CVE-2025-30208,Medium,1,Liferay,52575
vite 4.4.7,CVE-2025-31125,Medium,1,Liferay,52575
vite 4.4.7,CVE-2025-31486,Medium,1,Liferay,52575
vite 4.4.7,CVE-2025-32395,Medium,1,Liferay,52575
vite 4.4.7,CVE-2025-46565,Medium,1,Liferay,52575
vite 4.4.9,CVE-2023-49293,Medium,1,Liferay,52575
vite 4.4.9,CVE-2024-31207,Medium,1,Liferay,52575
vite 4.4.9,CVE-2024-45811,Medium,1,Liferay,52575
vite 4.4.9,CVE-2024-45812,Medium,1,Liferay,52575
vite 4.4.9,CVE-2025-24010,Medium,1,Liferay,52575
vite 4.4.9,CVE-2025-30208,Medium,1,Liferay,52575
vite 4.4.9,CVE-2025-31125,Medium,1,Liferay,52575
vite 4.4.9,CVE-2025-31486,Medium,1,Liferay,52575
vite 4.4.9,CVE-2025-32395,Medium,1,Liferay,52575
vite 4.4.9,CVE-2025-46565,Medium,1,Liferay,52575
vite 4.5.1,CVE-2024-31207,Medium,1,Liferay,52575
vite 4.5.1,CVE-2024-45811,Medium,1,Liferay,52575
vite 4.5.1,CVE-2024-45812,Medium,1,Liferay,52575
vite 4.5.1,CVE-2025-24010,Medium,1,Liferay,52575
vite 4.5.1,CVE-2025-30208,Medium,1,Liferay,52575
vite 4.5.1,CVE-2025-31125,Medium,1,Liferay,52575
vite 4.5.1,CVE-2025-31486,Medium,1,Liferay,52575
vite 4.5.1,CVE-2025-32395,Medium,1,Liferay,52575
vite 4.5.1,CVE-2025-46565,Medium,1,Liferay,52575
vite 4.5.14,CVE-2025-62522,Medium,1,Liferay,52575
webpack 5.88.2,CVE-2024-43788,Medium,1,Liferay,52575
ws 7.3.1,CVE-2021-32640,Medium,1,Liferay,52575
yargs-parser 16.1.0,CVE-2020-7608,Medium,1,Liferay,52575
jackson-core 2.18.0,N/A,Medium,1,Neo4j,51288
log4j-core 2.20.0,CVE-2025-68161,Medium,1,Neo4j,51288
logback-core 1.5.9,CVE-2024-12798,Medium,1,Neo4j,51288
logback-core 1.5.9,CVE-2025-11226,Medium,1,Neo4j,51288
neo4j 5.26.0,CVE-2026-1622,Medium,1,Neo4j,51288
rack 3.2.4,CVE-2026-25500,Medium,1,Phusion Passenger,49903
junit 4.10,CVE-2020-15250,Medium,5,"Apache Ambari, Apache Apex, Apache Chukwa, Apache Trafodion, Jython",47969
github.com/docker/docker v24.0.0-rc.2.0.20230908212318-6ce5aa1cd5a4+incompatible,CVE-2024-24557,Medium,1,Swarm,43748
github.com/docker/docker v24.0.0-rc.2.0.20230908212318-6ce5aa1cd5a4+incompatible,CVE-2026-33997,Medium,1,Swarm,43748
golang.org/x/crypto v0.36.0,CVE-2025-47914,Medium,1,Swarm,43748
golang.org/x/crypto v0.36.0,CVE-2025-58181,Medium,1,Swarm,43748
golang.org/x/crypto v0.41.0,CVE-2025-47914,Medium,1,Swarm,43748
golang.org/x/crypto v0.41.0,CVE-2025-58181,Medium,1,Swarm,43748
bcpkix-jdk18on 1.78,CVE-2025-8916,Medium,1,Apache Zookeeper,42493
logback-core 1.3.15,CVE-2025-11226,Medium,1,Apache Zookeeper,42493
@babel/helpers 7.24.4,CVE-2025-27789,Medium,1,Meteor,42359
@babel/runtime 7.17.2,CVE-2025-27789,Medium,1,Meteor,42359
@babel/runtime 7.20.7,CVE-2025-27789,Medium,1,Meteor,42359
@babel/runtime 7.24.5,CVE-2025-27789,Medium,1,Meteor,42359
bl 1.2.2,CVE-2020-8244,Medium,1,Meteor,42359
markdown-to-jsx 4.0.3,CVE-2024-21535,Medium,1,Meteor,42359
meteor 0.0.1,CVE-2025-4727,Medium,1,Meteor,42359
mysql 2.17.1,CVE-2019-14939,Medium,1,Meteor,42359
xml2js 0.4.22,CVE-2023-0842,Medium,1,Meteor,42359
rustls-webpki 0.102.8,N/A,Medium,2,"InfluxData, Rust",40873
activesupport 4.2.11.1,CVE-2023-28120,Medium,2,"Apache Mesos, Marathon",40271
activesupport 4.2.11.1,CVE-2026-33169,Medium,2,"Apache Mesos, Marathon",40271
activesupport 4.2.11.1,CVE-2026-33170,Medium,2,"Apache Mesos, Marathon",40271
activesupport 4.2.11.1,CVE-2026-33176,Medium,2,"Apache Mesos, Marathon",40271
@intlify/core-base 10.0.3,CVE-2024-52809,Medium,1,Commerce Software,35570
@intlify/core-base 10.0.3,CVE-2025-53892,Medium,1,Commerce Software,35570
@intlify/shared 10.0.3,CVE-2024-52810,Medium,1,Commerce Software,35570
dompurify 2.4.0,CVE-2025-26791,Medium,1,Commerce Software,35570
dompurify 2.4.0,N/A,Medium,1,Commerce Software,35570
fast-xml-parser 5.0.9,CVE-2026-33349,Medium,1,Commerce Software,35570
guzzlehttp/psr7 1.8.2,CVE-2022-24775,Medium,1,Commerce Software,35570
guzzlehttp/psr7 1.8.2,CVE-2023-29197,Medium,1,Commerce Software,35570
jquery 2.2.4,CVE-2015-9251,Medium,1,Commerce Software,35570
jquery 2.2.4,CVE-2019-11358,Medium,1,Commerce Software,35570
jquery 2.2.4,CVE-2020-11022,Medium,1,Commerce Software,35570
jquery 2.2.4,CVE-2020-11023,Medium,1,Commerce Software,35570
moment-timezone 0.4.1,N/A,Medium,1,Commerce Software,35570
nodemailer 6.7.3,CVE-2025-13033,Medium,1,Commerce Software,35570
nodemailer 6.7.3,N/A,Medium,1,Commerce Software,35570
nodemailer 6.8.0,CVE-2025-13033,Medium,1,Commerce Software,35570
nodemailer 6.8.0,N/A,Medium,1,Commerce Software,35570
phpoffice/phpspreadsheet 1.17.1,CVE-2024-45046,Medium,1,Commerce Software,35570
phpoffice/phpspreadsheet 1.17.1,CVE-2024-45060,Medium,1,Commerce Software,35570
phpoffice/phpspreadsheet 1.17.1,CVE-2024-45291,Medium,1,Commerce Software,35570
phpoffice/phpspreadsheet 1.17.1,CVE-2024-45292,Medium,1,Commerce Software,35570
phpoffice/phpspreadsheet 1.17.1,CVE-2024-56410,Medium,1,Commerce Software,35570
phpoffice/phpspreadsheet 1.17.1,CVE-2024-56411,Medium,1,Commerce Software,35570
phpoffice/phpspreadsheet 1.17.1,CVE-2024-56412,Medium,1,Commerce Software,35570
phpoffice/phpspreadsheet 1.17.1,CVE-2025-22131,Medium,1,Commerce Software,35570
phpoffice/phpspreadsheet 1.17.1,CVE-2025-23210,Medium,1,Commerce Software,35570
prestashop/blockreassurance v5.1.1,CVE-2023-47109,Medium,1,Commerce Software,35570
prestashop/blockreassurance v5.1.1,CVE-2023-47110,Medium,1,Commerce Software,35570
prestashop/productcomments v5.0.1,CVE-2022-35933,Medium,1,Commerce Software,35570
prestashop/ps_contactinfo v3.3.0,CVE-2025-24027,Medium,1,Commerce Software,35570
smarty/smarty v3.1.43,CVE-2018-25047,Medium,1,Commerce Software,35570
socket.io 4.6.0,CVE-2024-38355,Medium,1,Commerce Software,35570
symfony/process v6.4.26,CVE-2026-24739,Medium,1,Commerce Software,35570
symfony/symfony v4.4.32,CVE-2021-41270,Medium,1,Commerce Software,35570
symfony/symfony v4.4.32,CVE-2022-24894,Medium,1,Commerce Software,35570
symfony/symfony v4.4.32,CVE-2022-24895,Medium,1,Commerce Software,35570
symfony/symfony v4.4.32,CVE-2023-46734,Medium,1,Commerce Software,35570
symfony/symfony v4.4.32,CVE-2026-24739,Medium,1,Commerce Software,35570
tar 6.1.13,CVE-2024-28863,Medium,1,Commerce Software,35570
tecnickcom/tcpdf 6.4.1,CVE-2024-22640,Medium,1,Commerce Software,35570
tecnickcom/tcpdf 6.4.1,CVE-2024-32489,Medium,1,Commerce Software,35570
tecnickcom/tcpdf 6.4.1,CVE-2024-51058,Medium,1,Commerce Software,35570
tecnickcom/tcpdf 6.4.1,CVE-2024-56519,Medium,1,Commerce Software,35570
tecnickcom/tcpdf 6.4.1,CVE-2024-56527,Medium,1,Commerce Software,35570
tough-cookie 4.1.2,CVE-2023-26136,Medium,1,Commerce Software,35570
twig/twig v3.3.8,CVE-2024-45411,Medium,1,Commerce Software,35570
validator 13.15.15,CVE-2025-56200,Medium,1,Commerce Software,35570
vue-i18n 10.0.3,CVE-2024-52809,Medium,1,Commerce Software,35570
vue-i18n 10.0.3,CVE-2024-52810,Medium,1,Commerce Software,35570
vue-i18n 10.0.3,CVE-2025-53892,Medium,1,Commerce Software,35570
express 4.15.2,CVE-2024-29041,Medium,2,"Apache Ambari, Apache Tez",34598
js-yaml 3.8.3,CVE-2025-64718,Medium,2,"Apache Ambari, Apache Tez",34598
lodash 3.7.0,CVE-2018-3721,Medium,2,"Apache Ambari, Apache Tez",34598
markdown-it 4.3.0,CVE-2022-21670,Medium,2,"Apache Ambari, Apache Tez",34598
npm 2.14.10,CVE-2020-15095,Medium,2,"Apache Ambari, Apache Tez",34598
request 2.65.0,CVE-2017-16026,Medium,2,"Apache Ambari, Apache Tez",34598
request 2.65.0,CVE-2023-28155,Medium,2,"Apache Ambari, Apache Tez",34598
tar 1.0.3,CVE-2024-28863,Medium,2,"Apache Ambari, Apache Tez",34598
xmldom 0.1.27,CVE-2021-21366,Medium,2,"Apache Ambari, Apache Tez",34598
xmldom 0.1.27,CVE-2021-32796,Medium,2,"Apache Ambari, Apache Tez",34598
commons-lang 2.4,CVE-2025-48924,Medium,3,"Apache Ambari, Apache Giraph, GoCD",34290
commons-lang3 3.12.0,CVE-2025-48924,Medium,3,"Apache Ambari, Apache Kylin, Cask Data Application Platform",31934
log4j-core 2.18.0,CVE-2025-68161,Medium,2,"Apache Flume, Apache Kylin",31285
junit 4.8.1,CVE-2020-15250,Medium,2,"Apache Ambari, JBoss Seam Framework",30156
mysql-connector-java 8.0.13,CVE-2019-2692,Medium,2,"Apache Ambari, GridGain",29808
mysql-connector-java 8.0.13,CVE-2021-2471,Medium,2,"Apache Ambari, GridGain",29808
mysql-connector-java 8.0.13,CVE-2022-21363,Medium,2,"Apache Ambari, GridGain",29808
commons-net 1.4.1,CVE-2021-37533,Medium,2,"Apache Ambari, Apache Chukwa",29244
commons-io 2.1,CVE-2021-29425,Medium,3,"Apache Ambari, Apache Giraph, Apache Trafodion",28845
commons-net 3.1,CVE-2021-37533,Medium,2,"Apache Ambari, Apache Giraph",28811
jetty-server 9.4.51.v20230217,CVE-2024-8184,Medium,2,"Apache Flume, Cask Data Application Platform",28675
ajv 4.11.7,CVE-2020-15366,Medium,1,Apache Ambari,28330
ajv 4.11.7,CVE-2025-69873,Medium,1,Apache Ambari,28330
ambari 2.7.6,CVE-2023-50378,Medium,1,Apache Ambari,28330
brace-expansion 1.1.7,CVE-2026-33750,Medium,1,Apache Ambari,28330
checkstyle 8.9,CVE-2019-10782,Medium,1,Apache Ambari,28330
checkstyle 8.9,CVE-2019-9658,Medium,1,Apache Ambari,28330
commons-compress 1.4.1,CVE-2024-25710,Medium,1,Apache Ambari,28330
commons-configuration2 2.8.0,CVE-2024-29131,Medium,1,Apache Ambari,28330
commons-configuration2 2.8.0,CVE-2024-29133,Medium,1,Apache Ambari,28330
commons-lang3 3.9,CVE-2025-48924,Medium,1,Apache Ambari,28330
connect 1.9.2,CVE-2013-7371,Medium,1,Apache Ambari,28330
connect 1.9.2,CVE-2018-3717,Medium,1,Apache Ambari,28330
connect 2.8.8,CVE-2018-3717,Medium,1,Apache Ambari,28330
cookie-signature 1.0.1,CVE-2016-1000236,Medium,1,Apache Ambari,28330
engine.io 1.8.3,CVE-2022-41940,Medium,1,Apache Ambari,28330
express 2.5.8,CVE-2014-6393,Medium,1,Apache Ambari,28330
express 2.5.8,CVE-2024-10491,Medium,1,Apache Ambari,28330
express 2.5.8,CVE-2024-29041,Medium,1,Apache Ambari,28330
express 3.3.8,CVE-2014-6393,Medium,1,Apache Ambari,28330
express 3.3.8,CVE-2024-10491,Medium,1,Apache Ambari,28330
express 3.3.8,CVE-2024-29041,Medium,1,Apache Ambari,28330
guava 27.0-jre,CVE-2023-2976,Medium,1,Apache Ambari,28330
hadoop-common 2.2.0,CVE-2014-0229,Medium,1,Apache Ambari,28330
hadoop-common 2.2.0,CVE-2016-5001,Medium,1,Apache Ambari,28330
handlebars 1.0.12,CVE-2015-8861,Medium,1,Apache Ambari,28330
handlebars 2.0.0,CVE-2015-8861,Medium,1,Apache Ambari,28330
handlebars 4.0.6,CVE-2026-33916,Medium,1,Apache Ambari,28330
hosted-git-info 2.4.2,CVE-2021-23362,Medium,1,Apache Ambari,28330
httpclient 4.1.2,CVE-2014-3577,Medium,1,Apache Ambari,28330
httpclient 4.1.2,CVE-2015-5262,Medium,1,Apache Ambari,28330
httpclient 4.1.2,CVE-2020-13956,Medium,1,Apache Ambari,28330
is-my-json-valid 2.16.0,CVE-2018-1107,Medium,1,Apache Ambari,28330
jackson-core 2.18.2,N/A,Medium,1,Apache Ambari,28330
jackson-core 2.4.0,CVE-2025-49128,Medium,1,Apache Ambari,28330
jackson-core 2.4.0,N/A,Medium,1,Apache Ambari,28330
jackson-databind 2.4.0,CVE-2019-12384,Medium,1,Apache Ambari,28330
jackson-databind 2.4.0,CVE-2019-12814,Medium,1,Apache Ambari,28330
jettison 1.1,CVE-2022-40149,Medium,1,Apache Ambari,28330
karma 1.6.0,CVE-2021-23495,Medium,1,Apache Ambari,28330
karma 1.6.0,CVE-2022-0437,Medium,1,Apache Ambari,28330
lodash 4.16.6,CVE-2018-3721,Medium,1,Apache Ambari,28330
lodash 4.16.6,CVE-2019-1010266,Medium,1,Apache Ambari,28330
lodash 4.16.6,CVE-2020-28500,Medium,1,Apache Ambari,28330
lodash 4.16.6,CVE-2025-13465,Medium,1,Apache Ambari,28330
log4js 0.6.38,CVE-2022-21704,Medium,1,Apache Ambari,28330
logback-core 1.2.13,CVE-2024-12798,Medium,1,Apache Ambari,28330
logback-core 1.2.13,CVE-2025-11226,Medium,1,Apache Ambari,28330
moment-timezone 0.5.13,N/A,Medium,1,Apache Ambari,28330
ms 0.7.0,CVE-2017-20162,Medium,1,Apache Ambari,28330
ms 0.7.3,CVE-2017-20162,Medium,1,Apache Ambari,28330
netty 3.7.0.Final,CVE-2014-0193,Medium,1,Apache Ambari,28330
netty 3.7.0.Final,CVE-2019-20445,Medium,1,Apache Ambari,28330
netty 3.7.0.Final,CVE-2021-21290,Medium,1,Apache Ambari,28330
netty 3.7.0.Final,CVE-2021-21295,Medium,1,Apache Ambari,28330
netty 3.7.0.Final,CVE-2021-21409,Medium,1,Apache Ambari,28330
netty 3.7.0.Final,CVE-2021-43797,Medium,1,Apache Ambari,28330
nimbus-jose-jwt 5.9,CVE-2025-53864,Medium,1,Apache Ambari,28330
node-notifier 5.1.2,CVE-2020-7789,Medium,1,Apache Ambari,28330
node-sass 3.13.1,CVE-2020-24025,Medium,1,Apache Ambari,28330
node-sass 3.13.1,N/A,Medium,1,Apache Ambari,28330
nwmatcher 1.3.9,N/A,Medium,1,Apache Ambari,28330
qs 0.4.2,CVE-2025-15284,Medium,1,Apache Ambari,28330
qs 0.6.5,CVE-2025-15284,Medium,1,Apache Ambari,28330
qs 5.2.1,CVE-2025-15284,Medium,1,Apache Ambari,28330
request 2.53.0,CVE-2017-16026,Medium,1,Apache Ambari,28330
request 2.53.0,CVE-2023-28155,Medium,1,Apache Ambari,28330
request 2.67.0,CVE-2017-16026,Medium,1,Apache Ambari,28330
request 2.67.0,CVE-2023-28155,Medium,1,Apache Ambari,28330
send 0.1.4,CVE-2015-8859,Medium,1,Apache Ambari,28330
snappy-java 1.0.4.1,CVE-2023-34453,Medium,1,Apache Ambari,28330
snappy-java 1.0.4.1,CVE-2023-34454,Medium,1,Apache Ambari,28330
socket.io 1.7.3,CVE-2020-28481,Medium,1,Apache Ambari,28330
socket.io 1.7.3,CVE-2024-38355,Medium,1,Apache Ambari,28330
spring-context 4.0.5.RELEASE,CVE-2024-38820,Medium,1,Apache Ambari,28330
spring-context 6.0.23,CVE-2024-38820,Medium,1,Apache Ambari,28330
spring-core 4.0.5.RELEASE,CVE-2018-1257,Medium,1,Apache Ambari,28330
spring-core 4.0.5.RELEASE,CVE-2018-1271,Medium,1,Apache Ambari,28330
spring-expression 4.0.5.RELEASE,CVE-2022-22950,Medium,1,Apache Ambari,28330
spring-expression 4.0.5.RELEASE,CVE-2023-20861,Medium,1,Apache Ambari,28330
spring-expression 4.0.5.RELEASE,CVE-2024-38808,Medium,1,Apache Ambari,28330
spring-ldap-core 2.3.2.RELEASE,CVE-2024-38829,Medium,1,Apache Ambari,28330
spring-security-core 6.0.8,CVE-2024-38827,Medium,1,Apache Ambari,28330
spring-web 4.0.5.RELEASE,CVE-2015-3192,Medium,1,Apache Ambari,28330
spring-web 4.0.5.RELEASE,CVE-2024-38809,Medium,1,Apache Ambari,28330
spring-web 4.0.5.RELEASE,CVE-2024-38820,Medium,1,Apache Ambari,28330
spring-web 6.0.23,CVE-2024-38820,Medium,1,Apache Ambari,28330
spring-web 6.0.23,CVE-2025-41234,Medium,1,Apache Ambari,28330
spring-webmvc 4.0.5.RELEASE,CVE-2014-3625,Medium,1,Apache Ambari,28330
spring-webmvc 6.0.23,CVE-2025-41242,Medium,1,Apache Ambari,28330
spring-webmvc 6.0.23,CVE-2026-22737,Medium,1,Apache Ambari,28330
spring-websocket 6.0.23,CVE-2025-41254,Medium,1,Apache Ambari,28330
useragent 2.1.13,CVE-2020-26311,Medium,1,Apache Ambari,28330
xstream 1.4.7,CVE-2020-26258,Medium,1,Apache Ambari,28330
xstream 1.4.7,CVE-2020-26259,Medium,1,Apache Ambari,28330
xstream 1.4.7,CVE-2021-21342,Medium,1,Apache Ambari,28330
xstream 1.4.7,CVE-2021-21343,Medium,1,Apache Ambari,28330
xstream 1.4.7,CVE-2021-21344,Medium,1,Apache Ambari,28330
xstream 1.4.7,CVE-2021-21345,Medium,1,Apache Ambari,28330
xstream 1.4.7,CVE-2021-21346,Medium,1,Apache Ambari,28330
xstream 1.4.7,CVE-2021-21347,Medium,1,Apache Ambari,28330
xstream 1.4.7,CVE-2021-21348,Medium,1,Apache Ambari,28330
xstream 1.4.7,CVE-2021-21349,Medium,1,Apache Ambari,28330
xstream 1.4.7,CVE-2021-21350,Medium,1,Apache Ambari,28330
xstream 1.4.7,CVE-2021-21351,Medium,1,Apache Ambari,28330
xstream 1.4.7,CVE-2021-39140,Medium,1,Apache Ambari,28330
yamlbeans 1.13,CVE-2023-24620,Medium,1,Apache Ambari,28330
dompurify 3.3.0,CVE-2026-0540,Medium,3,"Ghost, HHVM, Umbraco",28248
dompurify 3.3.0,N/A,Medium,3,"Ghost, HHVM, Umbraco",28248
activemq-core 5.7.0,CVE-2012-6092,Medium,1,Apache Flume,28178
activemq-core 5.7.0,CVE-2013-1880,Medium,1,Apache Flume,28178
guava 29.0-jre,CVE-2023-2976,Medium,1,Apache Flume,28178
snappy-java 1.1.8.4,CVE-2023-34453,Medium,1,Apache Flume,28178
snappy-java 1.1.8.4,CVE-2023-34454,Medium,1,Apache Flume,28178
pygments 2.7.4,CVE-2022-40896,Medium,1,Apache Mesos,27494
rack 1.6.12,CVE-2024-25126,Medium,1,Apache Mesos,27494
rack 1.6.12,CVE-2025-25184,Medium,1,Apache Mesos,27494
rack 1.6.12,CVE-2025-27111,Medium,1,Apache Mesos,27494
rack 1.6.12,CVE-2025-32441,Medium,1,Apache Mesos,27494
rack 1.6.12,CVE-2025-61780,Medium,1,Apache Mesos,27494
rack 1.6.12,CVE-2026-25500,Medium,1,Apache Mesos,27494
dapphp/securimage dev-mantis,CVE-2017-14077,Medium,1,MantisBT,26339
golang.org/x/crypto v0.27.0,CVE-2025-47914,Medium,1,Liquibase,25920
golang.org/x/crypto v0.27.0,CVE-2025-58181,Medium,1,Liquibase,25920
@babel/helpers 7.26.7,CVE-2025-27789,Medium,1,Presto,22940
elasticsearch 7.17.27,CVE-2024-52980,Medium,1,Presto,22940
elasticsearch 7.17.27,CVE-2025-37727,Medium,1,Presto,22940
elasticsearch 7.17.27,CVE-2025-37731,Medium,1,Presto,22940
hive-llap-common 2.3.4,CVE-2024-23953,Medium,1,Presto,22940
jackson-core 2.15.4,N/A,Medium,1,Presto,22940
webpack-dev-server 5.2.0,CVE-2025-30359,Medium,1,Presto,22940
webpack-dev-server 5.2.0,CVE-2025-30360,Medium,1,Presto,22940
symfony/process v7.4.3,CVE-2026-24739,Medium,1,phpBB,22808
dompurify 3.2.7,CVE-2026-0540,Medium,1,Umbraco,21966
dompurify 3.2.7,N/A,Medium,1,Umbraco,21966
junit 4.12,CVE-2020-15250,Medium,4,"Apache Kylin, GlassFish, GridGain, H2O",19835
dompurify 3.0.6,CVE-2025-26791,Medium,1,Commerce Software,18954
dompurify 3.0.6,N/A,Medium,1,Commerce Software,18954
katex 0.16.9,CVE-2024-28243,Medium,1,Commerce Software,18954
katex 0.16.9,CVE-2024-28244,Medium,1,Commerce Software,18954
katex 0.16.9,CVE-2024-28245,Medium,1,Commerce Software,18954
katex 0.16.9,CVE-2024-28246,Medium,1,Commerce Software,18954
katex 0.16.9,CVE-2025-23207,Medium,1,Commerce Software,18954
league/commonmark 2.4.1,CVE-2025-46734,Medium,1,Commerce Software,18954
league/commonmark 2.4.1,CVE-2026-30838,Medium,1,Commerce Software,18954
league/commonmark 2.4.1,CVE-2026-33347,Medium,1,Commerce Software,18954
symfony/process v6.4.3,CVE-2026-24739,Medium,1,Commerce Software,18954
@babel/helpers 7.26.9,CVE-2025-27789,Medium,2,"Apollo Client, Druid",18735
qs 1.0.2,CVE-2025-15284,Medium,1,Emberjs,18683
request 2.40.0,CVE-2017-16026,Medium,1,Emberjs,18683
request 2.40.0,CVE-2023-28155,Medium,1,Emberjs,18683
netty-codec 4.1.73.Final,CVE-2025-58057,Medium,1,Jython,18048
netty-common 4.1.73.Final,CVE-2024-47535,Medium,1,Jython,18048
netty-common 4.1.73.Final,CVE-2025-25193,Medium,1,Jython,18048
netty-handler 4.1.73.Final,CVE-2023-34462,Medium,1,Jython,18048
postgresql 42.1.1.jre7,N/A,Medium,1,Jython,18048
@babel/runtime 7.13.10,CVE-2025-27789,Medium,1,EllisLab ExpressionEngine,16978
mysql2 2.3.3,CVE-2024-21507,Medium,1,EllisLab ExpressionEngine,16978
mysql2 2.3.3,CVE-2024-21509,Medium,1,EllisLab ExpressionEngine,16978
postcss 8.4.24,CVE-2023-44270,Medium,1,EllisLab ExpressionEngine,16978
commons-httpclient 3.1,CVE-2012-5783,Medium,3,"Apache Chukwa, GlassFish, XWiki",16246
Python 3.10.10,N/A,Medium,1,SaltStack,16071
commonmarker 0.17.13,N/A,Medium,2,"Capistrano, Marathon",15966
junit 4.13,CVE-2020-15250,Medium,1,GlassFish,15250
mysql-connector-java 5.1.15,CVE-2015-2575,Medium,1,GlassFish,15250
mysql-connector-java 5.1.15,CVE-2017-3586,Medium,1,GlassFish,15250
mysql-connector-java 5.1.15,CVE-2019-2692,Medium,1,GlassFish,15250
mysql-connector-java 5.1.15,CVE-2022-21363,Medium,1,GlassFish,15250
nokogiri 1.18.10-x86_64-linux-gnu,N/A,Medium,2,"Discourse, GoCD",14922
hive-exec 3.1.3,CVE-2024-29869,Medium,1,Apache Drill,14544
zookeeper 3.9.3,CVE-2025-58457,Medium,1,Apache Drill,14544
sshd-core 1.7.0,CVE-2023-35887,Medium,2,"Cask Data Application Platform, Vaadin",12997
aiohttp 3.5.4,CVE-2023-37276,Medium,1,Marathon,12777
aiohttp 3.5.4,CVE-2023-47627,Medium,1,Marathon,12777
aiohttp 3.5.4,CVE-2023-49081,Medium,1,Marathon,12777
aiohttp 3.5.4,CVE-2023-49082,Medium,1,Marathon,12777
aiohttp 3.5.4,CVE-2024-23829,Medium,1,Marathon,12777
aiohttp 3.5.4,CVE-2024-27306,Medium,1,Marathon,12777
aiohttp 3.5.4,CVE-2024-52304,Medium,1,Marathon,12777
aiohttp 3.5.4,CVE-2025-69227,Medium,1,Marathon,12777
aiohttp 3.5.4,CVE-2025-69228,Medium,1,Marathon,12777
aiohttp 3.5.4,CVE-2025-69229,Medium,1,Marathon,12777
aiohttp 3.5.4,N/A,Medium,1,Marathon,12777
certifi 2019.6.16,CVE-2022-23491,Medium,1,Marathon,12777
cryptography 2.7,CVE-2023-23931,Medium,1,Marathon,12777
cryptography 2.7,CVE-2024-0727,Medium,1,Marathon,12777
idna 2.8,CVE-2024-3651,Medium,1,Marathon,12777
nokogiri 1.10.4,CVE-2020-26247,Medium,1,Marathon,12777
nokogiri 1.10.4,CVE-2021-3537,Medium,1,Marathon,12777
pygments 2.4.2,CVE-2022-40896,Medium,1,Marathon,12777
pynacl 1.3.0,CVE-2025-69277,Medium,1,Marathon,12777
requests 2.22.0,CVE-2023-32681,Medium,1,Marathon,12777
requests 2.22.0,CVE-2024-35195,Medium,1,Marathon,12777
requests 2.22.0,CVE-2024-47081,Medium,1,Marathon,12777
requests 2.22.0,CVE-2026-25645,Medium,1,Marathon,12777
urllib3 1.25.3,CVE-2020-26137,Medium,1,Marathon,12777
urllib3 1.25.3,CVE-2023-45803,Medium,1,Marathon,12777
urllib3 1.25.3,CVE-2024-37891,Medium,1,Marathon,12777
urllib3 1.25.3,CVE-2025-50181,Medium,1,Marathon,12777
com.liferay.portal.kernel 2.0.0,CVE-2025-43770,Medium,1,Vaadin,12500
com.liferay.portal.kernel 2.0.0,CVE-2025-43793,Medium,1,Vaadin,12500
commons-io 2.2,CVE-2021-29425,Medium,1,Vaadin,12500
hibernate-validator 5.3.6.Final,CVE-2020-10693,Medium,1,Vaadin,12500
hibernate-validator 5.3.6.Final,CVE-2023-1932,Medium,1,Vaadin,12500
hibernate-validator 5.3.6.Final,CVE-2025-35036,Medium,1,Vaadin,12500
javax.el 3.0.0,CVE-2021-28170,Medium,1,Vaadin,12500
jsoup 1.14.3,CVE-2022-36033,Medium,1,Vaadin,12500
log4j-core 2.8.2,CVE-2021-44832,Medium,1,Vaadin,12500
log4j-core 2.8.2,CVE-2025-68161,Medium,1,Vaadin,12500
org.apache.karaf.config.core 4.2.1,CVE-2019-0226,Medium,1,Vaadin,12500
org.apache.karaf.management.server 4.2.1,CVE-2020-11980,Medium,1,Vaadin,12500
org.eclipse.jgit 3.5.1.201410131835-r,CVE-2025-4949,Medium,1,Vaadin,12500
pax-logging-log4j2 1.10.1,CVE-2021-44832,Medium,1,Vaadin,12500
plexus-utils 3.0.17,CVE-2022-4245,Medium,1,Vaadin,12500
vaadin-server 8.14-SNAPSHOT,CVE-2021-33609,Medium,1,Vaadin,12500
vaadin-server 8.14-SNAPSHOT,CVE-2025-15022,Medium,1,Vaadin,12500
vaadin-server 8.14-SNAPSHOT,CVE-2025-9467,Medium,1,Vaadin,12500
vaadin-server 8.14-SNAPSHOT,N/A,Medium,1,Vaadin,12500
nokogiri 1.19.1-aarch64-linux-musl,N/A,Medium,1,EasyMock,12200
next 15.2.1,CVE-2025-55173,Medium,1,Apollo Client,11501
next 15.2.1,CVE-2025-57752,Medium,1,Apollo Client,11501
next 15.2.1,CVE-2025-57822,Medium,1,Apollo Client,11501
next 15.2.1,CVE-2025-59471,Medium,1,Apollo Client,11501
next 15.2.1,CVE-2026-27980,Medium,1,Apollo Client,11501
next 15.2.1,CVE-2026-29057,Medium,1,Apollo Client,11501
vite 4.5.9,CVE-2025-30208,Medium,1,Apollo Client,11501
vite 4.5.9,CVE-2025-31125,Medium,1,Apollo Client,11501
vite 4.5.9,CVE-2025-31486,Medium,1,Apollo Client,11501
vite 4.5.9,CVE-2025-32395,Medium,1,Apollo Client,11501
vite 4.5.9,CVE-2025-46565,Medium,1,Apollo Client,11501
vite 4.5.9,CVE-2025-62522,Medium,1,Apollo Client,11501
vite 6.2.0,CVE-2025-30208,Medium,1,Apollo Client,11501
vite 6.2.0,CVE-2025-31125,Medium,1,Apollo Client,11501
vite 6.2.0,CVE-2025-31486,Medium,1,Apollo Client,11501
vite 6.2.0,CVE-2025-32395,Medium,1,Apollo Client,11501
vite 6.2.0,CVE-2025-46565,Medium,1,Apollo Client,11501
vite 6.2.0,CVE-2025-62522,Medium,1,Apollo Client,11501
guzzlehttp/psr7 2.4.3,CVE-2023-29197,Medium,1,Open Web Analytics,10658
micromatch 4.0.4,CVE-2024-4067,Medium,1,Open Web Analytics,10658
webpack 5.66.0,CVE-2024-43788,Medium,1,Open Web Analytics,10658
aws-sdk-s3 1.182.0,CVE-2025-14762,Medium,1,Discourse,9443
nanoid 5.0.8,CVE-2024-55565,Medium,1,Discourse,9443
nokogiri 1.18.10-aarch64-linux-gnu,N/A,Medium,1,Discourse,9443
nokogiri 1.18.10-aarch64-linux-musl,N/A,Medium,1,Discourse,9443
nokogiri 1.18.10-arm-linux-gnu,N/A,Medium,1,Discourse,9443
nokogiri 1.18.10-arm-linux-musl,N/A,Medium,1,Discourse,9443
nokogiri 1.18.10-arm64-darwin,N/A,Medium,1,Discourse,9443
nokogiri 1.18.10-x86_64-darwin,N/A,Medium,1,Discourse,9443
nokogiri 1.18.10-x86_64-linux-musl,N/A,Medium,1,Discourse,9443
locutus 3.0.24,CVE-2026-33993,Medium,1,Shopware,9125
locutus 3.0.24,CVE-2026-33994,Medium,1,Shopware,9125
commons-lang3 3.11,CVE-2025-48924,Medium,2,"Alluxio, CloudStack",8835
commons-lang3 3.7,CVE-2025-48924,Medium,1,Oracle NetBeans,8575
@babel/helpers 7.24.0,CVE-2025-27789,Medium,1,Quill,8304
mdast-util-to-hast 13.1.0,CVE-2025-66400,Medium,1,Quill,8304
next 14.1.3,CVE-2024-47831,Medium,1,Quill,8304
next 14.1.3,CVE-2024-56332,Medium,1,Quill,8304
next 14.1.3,CVE-2025-55173,Medium,1,Quill,8304
next 14.1.3,CVE-2025-57752,Medium,1,Quill,8304
next 14.1.3,CVE-2025-57822,Medium,1,Quill,8304
next 14.1.3,CVE-2025-59471,Medium,1,Quill,8304
next 14.1.3,CVE-2026-27980,Medium,1,Quill,8304
next 14.1.3,CVE-2026-29057,Medium,1,Quill,8304
webpack 5.90.3,CVE-2024-43788,Medium,1,Quill,8304
file-type 16.5.4,CVE-2026-31808,Medium,3,"Bolt, Countly, Ghost",7926
dompurify 3.2.4,CVE-2025-15599,Medium,2,"Druid, ReDoc",7796
dompurify 3.2.4,CVE-2026-0540,Medium,2,"Druid, ReDoc",7796
dompurify 3.2.4,N/A,Medium,2,"Druid, ReDoc",7796
fast-xml-parser 4.5.3,CVE-2026-33349,Medium,2,"Druid, ReDoc",7796
axios 0.26.1,CVE-2023-45857,Medium,1,NopCommerce,7599
jquery-validation 1.19.5,CVE-2025-3573,Medium,1,NopCommerce,7599
jszip 3.7.1,CVE-2022-48285,Medium,1,NopCommerce,7599
moment-timezone 0.5.34,N/A,Medium,1,NopCommerce,7599
summernote 0.8.20,CVE-2024-37629,Medium,1,NopCommerce,7599
@babel/runtime-corejs3 7.26.9,CVE-2025-27789,Medium,1,Druid,7234
browserslist 4.14.2,CVE-2021-23364,Medium,1,Druid,7234
estree-util-value-to-estree 3.3.2,CVE-2025-32014,Medium,1,Druid,7234
highlight.js 9.18.5,N/A,Medium,1,Druid,7234
mermaid 11.4.1,CVE-2025-54880,Medium,1,Druid,7234
mermaid 11.4.1,CVE-2025-54881,Medium,1,Druid,7234
netty 3.10.6.Final,CVE-2019-20445,Medium,1,Druid,7234
netty 3.10.6.Final,CVE-2021-21290,Medium,1,Druid,7234
netty 3.10.6.Final,CVE-2021-21295,Medium,1,Druid,7234
netty 3.10.6.Final,CVE-2021-21409,Medium,1,Druid,7234
netty 3.10.6.Final,CVE-2021-43797,Medium,1,Druid,7234
nimbus-jose-jwt 9.37.2,CVE-2025-53864,Medium,1,Druid,7234
bcpkix-jdk15on 1.70,CVE-2025-8916,Medium,2,"Cask Data Application Platform, CloudStack",7180
bcprov-jdk15on 1.70,CVE-2023-33201,Medium,2,"Cask Data Application Platform, CloudStack",7180
bcprov-jdk15on 1.70,CVE-2024-29857,Medium,2,"Cask Data Application Platform, CloudStack",7180
bcprov-jdk15on 1.70,CVE-2024-30171,Medium,2,"Cask Data Application Platform, CloudStack",7180
guava 31.1-jre,CVE-2023-2976,Medium,2,"Cask Data Application Platform, CloudStack",7180
@angular/core 9.0.0,CVE-2021-4231,Medium,1,dotCMS,6867
@angular/ssr 20.3.3,CVE-2026-27738,Medium,1,dotCMS,6867
@angular/ssr 20.3.3,CVE-2026-33397,Medium,1,dotCMS,6867
@octokit/plugin-paginate-rest 11.3.1,CVE-2025-25288,Medium,1,dotCMS,6867
esbuild 0.19.2,N/A,Medium,1,dotCMS,6867
hono 4.12.5,N/A,Medium,1,dotCMS,6867
jose 4.14.4,CVE-2024-28176,Medium,1,dotCMS,6867
koa 3.0.1,CVE-2025-62595,Medium,1,dotCMS,6867
next 14.0.4,CVE-2024-47831,Medium,1,dotCMS,6867
next 14.0.4,CVE-2024-56332,Medium,1,dotCMS,6867
next 14.0.4,CVE-2025-55173,Medium,1,dotCMS,6867
next 14.0.4,CVE-2025-57752,Medium,1,dotCMS,6867
next 14.0.4,CVE-2025-57822,Medium,1,dotCMS,6867
next 14.0.4,CVE-2025-59471,Medium,1,dotCMS,6867
next 14.0.4,CVE-2026-27980,Medium,1,dotCMS,6867
next 14.0.4,CVE-2026-29057,Medium,1,dotCMS,6867
next 14.2.16,CVE-2024-56332,Medium,1,dotCMS,6867
next 14.2.16,CVE-2025-55173,Medium,1,dotCMS,6867
next 14.2.16,CVE-2025-57752,Medium,1,dotCMS,6867
next 14.2.16,CVE-2025-57822,Medium,1,dotCMS,6867
next 14.2.16,CVE-2025-59471,Medium,1,dotCMS,6867
next 14.2.16,CVE-2026-27980,Medium,1,dotCMS,6867
next 14.2.16,CVE-2026-29057,Medium,1,dotCMS,6867
picomatch 4.0.1,CVE-2026-33672,Medium,1,dotCMS,6867
tar 7.5.1,CVE-2025-64118,Medium,1,dotCMS,6867
tinymce 6.8.3,CVE-2024-29881,Medium,1,dotCMS,6867
tinymce 6.8.3,CVE-2024-38356,Medium,1,dotCMS,6867
tinymce 6.8.3,CVE-2024-38357,Medium,1,dotCMS,6867
undici 5.28.4,CVE-2025-22150,Medium,1,dotCMS,6867
undici 5.28.4,CVE-2026-1525,Medium,1,dotCMS,6867
undici 5.28.4,CVE-2026-1527,Medium,1,dotCMS,6867
undici 5.28.4,CVE-2026-22036,Medium,1,dotCMS,6867
undici 7.22.0,CVE-2026-1525,Medium,1,dotCMS,6867
undici 7.22.0,CVE-2026-1527,Medium,1,dotCMS,6867
undici 7.22.0,CVE-2026-2581,Medium,1,dotCMS,6867
webpack 5.64.0,CVE-2024-43788,Medium,1,dotCMS,6867
@babel/runtime 7.24.4,CVE-2025-27789,Medium,1,CloudStack,6683
amqp-client 5.17.0,CVE-2023-46120,Medium,1,CloudStack,6683
commons-net 3.7.2,CVE-2021-37533,Medium,1,CloudStack,6683
esapi 2.1.0.1,CVE-2022-24891,Medium,1,CloudStack,6683
fast-xml-parser 4.3.0,CVE-2026-33349,Medium,1,CloudStack,6683
groovy-all 2.4.17,CVE-2020-17521,Medium,1,CloudStack,6683
jackson-core 2.13.3,N/A,Medium,1,CloudStack,6683
kafka-clients 2.7.0,CVE-2021-38153,Medium,1,CloudStack,6683
kafka-clients 2.7.0,CVE-2024-31141,Medium,1,CloudStack,6683
log4j-core 2.19.0,CVE-2025-68161,Medium,1,CloudStack,6683
spring-context 5.3.26,CVE-2024-38820,Medium,1,CloudStack,6683
spring-web 5.3.26,CVE-2024-38809,Medium,1,CloudStack,6683
spring-web 5.3.26,CVE-2024-38820,Medium,1,CloudStack,6683
tomcat-embed-core 10.0.22,CVE-2023-44487,Medium,1,CloudStack,6683
vue-i18n 9.2.2,CVE-2025-53892,Medium,1,CloudStack,6683
xmlrpc-common 3.1.3,CVE-2016-5004,Medium,1,CloudStack,6683
markdown-it 14.1.0,CVE-2026-2327,Medium,3,"Ghost, Roundcube, XWiki",6490
js-yaml 3.7.0,CVE-2025-64718,Medium,2,"Neos, OrientDB",6330
pug 3.0.2,CVE-2024-36361,Medium,1,Orchard CMS,6324
brace-expansion 1.1.6,CVE-2026-33750,Medium,1,Apache Tez,6268
handlebars 3.0.3,CVE-2015-8861,Medium,1,Apache Tez,6268
jsonpointer 4.1.0,CVE-2021-23807,Medium,1,Apache Tez,6268
qs 6.2.4,CVE-2025-15284,Medium,1,Apache Tez,6268
jinja2 3.1.2,CVE-2024-22195,Medium,4,"Neos, Odoo Website Builder, OpenBSD, netBSD",6183
jinja2 3.1.2,CVE-2024-34064,Medium,4,"Neos, Odoo Website Builder, OpenBSD, netBSD",6183
jinja2 3.1.2,CVE-2024-56201,Medium,4,"Neos, Odoo Website Builder, OpenBSD, netBSD",6183
jinja2 3.1.2,CVE-2024-56326,Medium,4,"Neos, Odoo Website Builder, OpenBSD, netBSD",6183
jinja2 3.1.2,CVE-2025-27516,Medium,4,"Neos, Odoo Website Builder, OpenBSD, netBSD",6183
requests 2.31.0,CVE-2024-35195,Medium,3,"Neos, Odoo Website Builder, OpenBSD",5859
requests 2.31.0,CVE-2024-47081,Medium,3,"Neos, Odoo Website Builder, OpenBSD",5859
requests 2.31.0,CVE-2026-25645,Medium,3,"Neos, Odoo Website Builder, OpenBSD",5859
codemirror 5.48.2,CVE-2020-7760,Medium,1,Ghost,5838
esbuild 0.18.14,N/A,Medium,1,Ghost,5838
express-brute 1.0.1,N/A,Medium,1,Ghost,5838
fast-xml-parser 5.2.5,CVE-2026-33349,Medium,1,Ghost,5838
jsonwebtoken 8.5.1,CVE-2022-23540,Medium,1,Ghost,5838
jsonwebtoken 8.5.1,CVE-2022-23541,Medium,1,Ghost,5838
nodemailer 6.10.1,CVE-2025-13033,Medium,1,Ghost,5838
parse-uri 1.0.7,CVE-2024-36751,Medium,1,Ghost,5838
react-router 7.9.4,CVE-2025-68470,Medium,1,Ghost,5838
react-router 7.9.4,CVE-2026-22030,Medium,1,Ghost,5838
tar 6.1.14,CVE-2024-28863,Medium,1,Ghost,5838
undici 5.22.1,CVE-2025-22150,Medium,1,Ghost,5838
undici 5.22.1,CVE-2026-1525,Medium,1,Ghost,5838
undici 5.22.1,CVE-2026-1527,Medium,1,Ghost,5838
undici 5.22.1,CVE-2026-22036,Medium,1,Ghost,5838
validator 13.12.0,CVE-2025-56200,Medium,1,Ghost,5838
validator 7.2.0,CVE-2021-3765,Medium,1,Ghost,5838
validator 7.2.0,CVE-2025-56200,Medium,1,Ghost,5838
vite 5.4.20,CVE-2025-62522,Medium,1,Ghost,5838
vue-template-compiler 2.7.14,CVE-2024-6783,Medium,1,Ghost,5838
velocity-tools 2.0,CVE-2020-13959,Medium,2,"Apache Chukwa, Jahia",5677
angular 0.0.0-use.local,CVE-2019-14863,Medium,1,GoCD,5479
angular 0.0.0-use.local,CVE-2020-7676,Medium,1,GoCD,5479
angular 0.0.0-use.local,CVE-2022-25869,Medium,1,GoCD,5479
angular 0.0.0-use.local,CVE-2023-26116,Medium,1,GoCD,5479
angular 0.0.0-use.local,CVE-2023-26117,Medium,1,GoCD,5479
angular 0.0.0-use.local,CVE-2023-26118,Medium,1,GoCD,5479
angular 0.0.0-use.local,N/A,Medium,1,GoCD,5479
nokogiri 1.18.10-java,N/A,Medium,1,GoCD,5479
step-security/harden-runner v2.15.1,CVE-2026-32946,Medium,1,Aerospike,5105
step-security/harden-runner v2.15.1,CVE-2026-32947,Medium,1,Aerospike,5105
drools-core 6.0.0.Final-jahia2,CVE-2022-1415,Medium,1,Jahia,4763
jackrabbit-core 2.22.0-jahia1,CVE-2025-58782,Medium,1,Jahia,4763
jackrabbit-jcr-commons 2.22.0-jahia1,CVE-2025-58782,Medium,1,Jahia,4763
jackson-core 2.19.0,N/A,Medium,1,Jahia,4763
log4j-core 2.23.1,CVE-2025-68161,Medium,1,Jahia,4763
org.apache.felix.webconsole 4.3.16-jahia3,CVE-2025-25247,Medium,1,Jahia,4763
shiro-spring 1.13.0,CVE-2026-23903,Medium,1,Jahia,4763
solr-core 3.6.2-jahia1,CVE-2013-6397,Medium,1,Jahia,4763
solr-core 3.6.2-jahia1,CVE-2013-6407,Medium,1,Jahia,4763
solr-core 3.6.2-jahia1,CVE-2013-6408,Medium,1,Jahia,4763
solr-core 3.6.2-jahia1,CVE-2015-8795,Medium,1,Jahia,4763
solr-core 3.6.2-jahia1,CVE-2015-8797,Medium,1,Jahia,4763
solr-core 3.6.2-jahia1,CVE-2018-11802,Medium,1,Jahia,4763
spring-context 3.2.18.RELEASE_OSGI,CVE-2024-38820,Medium,1,Jahia,4763
spring-core 3.2.18.RELEASE_OSGI,CVE-2018-1257,Medium,1,Jahia,4763
spring-core 3.2.18.RELEASE_OSGI,CVE-2018-1271,Medium,1,Jahia,4763
spring-web 3.2.18.jahia5_OSGI,CVE-2024-38809,Medium,1,Jahia,4763
spring-web 3.2.18.jahia5_OSGI,CVE-2024-38820,Medium,1,Jahia,4763
validator 13.7.0,CVE-2025-56200,Medium,1,Jahia,4763
commons-httpclient 3.0.1,CVE-2012-5783,Medium,2,"Apache Giraph, Weka",4711
@angular/core 4.4.7,CVE-2021-4231,Medium,1,OrientDB,4241
angular 1.5.9,CVE-2020-7676,Medium,1,OrientDB,4241
angular 1.5.9,CVE-2022-25869,Medium,1,OrientDB,4241
angular 1.5.9,CVE-2023-26116,Medium,1,OrientDB,4241
angular 1.5.9,CVE-2023-26117,Medium,1,OrientDB,4241
angular 1.5.9,CVE-2023-26118,Medium,1,OrientDB,4241
angular 1.5.9,N/A,Medium,1,OrientDB,4241
angular-sanitize 1.8.3,CVE-2025-2336,Medium,1,OrientDB,4241
bn.js 4.11.6,CVE-2026-2739,Medium,1,OrientDB,4241
postcss 6.0.8,CVE-2021-23382,Medium,1,OrientDB,4241
postcss 6.0.8,CVE-2023-44270,Medium,1,OrientDB,4241
commons-compress 1.14,CVE-2018-11771,Medium,1,Weka,4230
commons-compress 1.14,CVE-2018-1324,Medium,1,Weka,4230
commons-compress 1.14,CVE-2024-25710,Medium,1,Weka,4230
commons-io 1.3.2,CVE-2021-29425,Medium,1,Weka,4230
groovy 2.5.5,CVE-2020-17521,Medium,1,Weka,4230
groovy-all 2.5.5,CVE-2020-17521,Medium,1,Weka,4230
guava 22.0-android,CVE-2018-10237,Medium,1,Weka,4230
guava 22.0-android,CVE-2023-2976,Medium,1,Weka,4230
jackson-core 2.10.1,CVE-2025-49128,Medium,1,Weka,4230
jackson-core 2.10.1,N/A,Medium,1,Weka,4230
jython-standalone 2.5.2,CVE-2013-2027,Medium,1,Weka,4230
poi 3.17,CVE-2019-12415,Medium,1,Weka,4230
poi-ooxml 3.17,CVE-2025-31672,Medium,1,Weka,4230
poi-scratchpad 3.17,CVE-2022-26336,Medium,1,Weka,4230
spark-core_2.10 1.1.1,CVE-2017-7678,Medium,1,Weka,4230
spark-core_2.10 1.1.1,CVE-2018-11770,Medium,1,Weka,4230
spark-core_2.10 1.1.1,CVE-2018-1334,Medium,1,Weka,4230
spark-core_2.10 1.1.1,CVE-2022-31777,Medium,1,Weka,4230
spark-core_2.10 1.6.3,CVE-2017-7678,Medium,1,Weka,4230
spark-core_2.10 1.6.3,CVE-2018-11770,Medium,1,Weka,4230
spark-core_2.10 1.6.3,CVE-2018-1334,Medium,1,Weka,4230
spark-core_2.10 1.6.3,CVE-2022-31777,Medium,1,Weka,4230
spark-core_2.10 2.4.0,CVE-2022-31777,Medium,1,Weka,4230
spark-core_2.12 3.0.0,CVE-2022-31777,Medium,1,Weka,4230
libarchive 3.8.1,N/A,Medium,1,Ripple,4086
zlib 1.3.1,N/A,Medium,1,Ripple,4086
anstream 0.5.0,N/A,Medium,1,Rust,4040
bytes 1.10.0,CVE-2026-25541,Medium,1,Rust,4040
jinja2 3.1.4,CVE-2024-56201,Medium,1,Rust,4040
jinja2 3.1.4,CVE-2024-56326,Medium,1,Rust,4040
jinja2 3.1.4,CVE-2025-27516,Medium,1,Rust,4040
protobuf 3.7.1,CVE-2025-53605,Medium,1,Rust,4040
ring 0.17.11,CVE-2025-4432,Medium,1,Rust,4040
time 0.3.38,CVE-2026-25727,Medium,1,Rust,4040
idna 3.6,CVE-2024-3651,Medium,2,"Odoo Website Builder, OpenBSD",3770
black 23.12.1,CVE-2024-21503,Medium,1,OpenBSD,3695
cryptography 42.0.5,N/A,Medium,1,OpenBSD,3695
markdown 3.5.1,CVE-2025-69534,Medium,1,OpenBSD,3695
urllib3 2.1.0,CVE-2024-37891,Medium,1,OpenBSD,3695
urllib3 2.1.0,CVE-2025-50181,Medium,1,OpenBSD,3695
urllib3 2.2.1,CVE-2024-37891,Medium,1,OpenBSD,3695
urllib3 2.2.1,CVE-2025-50181,Medium,1,OpenBSD,3695
urllib3 2.2.1,CVE-2025-50182,Medium,1,OpenBSD,3695
undici 7.16.0,CVE-2026-1525,Medium,1,Angular Material,3416
undici 7.16.0,CVE-2026-1527,Medium,1,Angular Material,3416
undici 7.16.0,CVE-2026-22036,Medium,1,Angular Material,3416
validate.js 0.12.0,CVE-2020-26308,Medium,1,Angular Material,3416
vite 6.3.5,CVE-2025-62522,Medium,1,Angular Material,3416
vite 7.1.2,CVE-2025-62522,Medium,1,Angular Material,3416
activesupport 4.2.10,CVE-2023-28120,Medium,1,Capistrano,3189
activesupport 4.2.10,CVE-2026-33169,Medium,1,Capistrano,3189
activesupport 4.2.10,CVE-2026-33170,Medium,1,Capistrano,3189
activesupport 4.2.10,CVE-2026-33176,Medium,1,Capistrano,3189
nokogiri 1.10.8,CVE-2020-26247,Medium,1,Capistrano,3189
nokogiri 1.10.8,CVE-2021-3537,Medium,1,Capistrano,3189
guava 14.0,CVE-2018-10237,Medium,1,Apache Kylin,3107
guava 14.0,CVE-2023-2976,Medium,1,Apache Kylin,3107
jackson-core 2.13.1,N/A,Medium,1,Apache Kylin,3107
jetty-server 9.4.53.v20231009,CVE-2024-8184,Medium,1,Apache Kylin,3107
json-path 2.7.0,CVE-2023-51074,Medium,1,Apache Kylin,3107
kafka-clients 2.8.2,CVE-2024-31141,Medium,1,Apache Kylin,3107
poi-ooxml 4.1.2,CVE-2025-31672,Medium,1,Apache Kylin,3107
protobuf-java 3.4.0,CVE-2022-3171,Medium,1,Apache Kylin,3107
spring-security-core 5.7.12,CVE-2024-38827,Medium,1,Apache Kylin,3107
spring-webmvc 5.3.31,CVE-2024-38828,Medium,1,Apache Kylin,3107
spring-webmvc 5.3.31,CVE-2025-41242,Medium,1,Apache Kylin,3107
spring-webmvc 5.3.31,CVE-2026-22737,Medium,1,Apache Kylin,3107
tomcat-embed-core 9.0.90,CVE-2025-31650,Medium,1,Apache Kylin,3107
tomcat-embed-core 9.0.90,CVE-2025-49124,Medium,1,Apache Kylin,3107
tomcat-embed-core 9.0.90,CVE-2025-49125,Medium,1,Apache Kylin,3107
tomcat-embed-core 9.0.90,CVE-2025-66614,Medium,1,Apache Kylin,3107
hawtjni-runtime 1.5,CVE-2013-2035,Medium,1,Eucalyptus Systems,3058
minimist 0.0.10,CVE-2020-7598,Medium,2,"Bolt, Neos",2928
aws/aws-sdk-php 3.359.13,CVE-2025-14761,Medium,1,Live Helper Chat,2851
paragonie/sodium_compat v2.4.0,CVE-2025-69277,Medium,1,Live Helper Chat,2851
certifi 2018.8.24,CVE-2022-23491,Medium,1,Formspree,2846
flask-cors 3.0.2,CVE-2024-1681,Medium,1,Formspree,2846
flask-cors 3.0.2,CVE-2024-6839,Medium,1,Formspree,2846
flask-cors 3.0.2,CVE-2024-6844,Medium,1,Formspree,2846
flask-cors 3.0.2,CVE-2024-6866,Medium,1,Formspree,2846
idna 2.7,CVE-2024-3651,Medium,1,Formspree,2846
jinja2 2.10,CVE-2020-28493,Medium,1,Formspree,2846
jinja2 2.10,CVE-2024-22195,Medium,1,Formspree,2846
jinja2 2.10,CVE-2024-34064,Medium,1,Formspree,2846
jinja2 2.10,CVE-2024-56326,Medium,1,Formspree,2846
jinja2 2.10,CVE-2025-27516,Medium,1,Formspree,2846
lxml 4.2.5,CVE-2020-27783,Medium,1,Formspree,2846
lxml 4.2.5,CVE-2021-28957,Medium,1,Formspree,2846
lxml 4.2.5,CVE-2021-43818,Medium,1,Formspree,2846
lxml 4.2.5,CVE-2022-2309,Medium,1,Formspree,2846
requests 2.1.0,CVE-2014-1829,Medium,1,Formspree,2846
requests 2.1.0,CVE-2014-1830,Medium,1,Formspree,2846
requests 2.1.0,CVE-2015-2296,Medium,1,Formspree,2846
requests 2.1.0,CVE-2024-35195,Medium,1,Formspree,2846
requests 2.1.0,CVE-2024-47081,Medium,1,Formspree,2846
requests 2.1.0,CVE-2026-25645,Medium,1,Formspree,2846
urllib3 1.23,CVE-2018-25091,Medium,1,Formspree,2846
urllib3 1.23,CVE-2019-11236,Medium,1,Formspree,2846
urllib3 1.23,CVE-2020-26137,Medium,1,Formspree,2846
urllib3 1.23,CVE-2023-45803,Medium,1,Formspree,2846
urllib3 1.23,CVE-2024-37891,Medium,1,Formspree,2846
urllib3 1.23,CVE-2025-50181,Medium,1,Formspree,2846
werkzeug 0.14.1,CVE-2023-46136,Medium,1,Formspree,2846
werkzeug 0.14.1,CVE-2024-49766,Medium,1,Formspree,2846
werkzeug 0.14.1,CVE-2024-49767,Medium,1,Formspree,2846
werkzeug 0.14.1,CVE-2025-66221,Medium,1,Formspree,2846
werkzeug 0.14.1,CVE-2026-21860,Medium,1,Formspree,2846
werkzeug 0.14.1,CVE-2026-27199,Medium,1,Formspree,2846
golang.org/x/net v0.7.0,CVE-2023-3978,Medium,2,"Alluxio, Sensu",2532
golang.org/x/net v0.7.0,CVE-2023-44487,Medium,2,"Alluxio, Sensu",2532
golang.org/x/net v0.7.0,CVE-2023-45288,Medium,2,"Alluxio, Sensu",2532
golang.org/x/net v0.7.0,CVE-2025-22870,Medium,2,"Alluxio, Sensu",2532
golang.org/x/net v0.7.0,CVE-2025-22872,Medium,2,"Alluxio, Sensu",2532
idna 3.4,CVE-2024-3651,Medium,2,"Neos, netBSD",2413
webpack 5.74.0,CVE-2024-43788,Medium,2,"Neos, Thelia",2228
yargs-parser 10.1.0,CVE-2020-7608,Medium,2,"Neos, Thelia",2228
activesupport 4.1.10,CVE-2015-3226,Medium,1,Apache PredictionIO,2177
activesupport 4.1.10,CVE-2015-3227,Medium,1,Apache PredictionIO,2177
activesupport 4.1.10,CVE-2023-28120,Medium,1,Apache PredictionIO,2177
activesupport 4.1.10,CVE-2026-33169,Medium,1,Apache PredictionIO,2177
activesupport 4.1.10,CVE-2026-33170,Medium,1,Apache PredictionIO,2177
activesupport 4.1.10,CVE-2026-33176,Medium,1,Apache PredictionIO,2177
bootstrap-sass 3.3.5.1,CVE-2016-10735,Medium,1,Apache PredictionIO,2177
bootstrap-sass 3.3.5.1,CVE-2018-14040,Medium,1,Apache PredictionIO,2177
bootstrap-sass 3.3.5.1,CVE-2018-14042,Medium,1,Apache PredictionIO,2177
bootstrap-sass 3.3.5.1,CVE-2018-20676,Medium,1,Apache PredictionIO,2177
bootstrap-sass 3.3.5.1,CVE-2018-20677,Medium,1,Apache PredictionIO,2177
bootstrap-sass 3.3.5.1,CVE-2019-8331,Medium,1,Apache PredictionIO,2177
excon 0.45.1,CVE-2019-16779,Medium,1,Apache PredictionIO,2177
haml 4.0.6,CVE-2017-1002201,Medium,1,Apache PredictionIO,2177
nokogiri 1.8.2,CVE-2018-8048,Medium,1,Apache PredictionIO,2177
nokogiri 1.8.2,CVE-2020-26247,Medium,1,Apache PredictionIO,2177
nokogiri 1.8.2,CVE-2021-3537,Medium,1,Apache PredictionIO,2177
rack 1.6.0,CVE-2015-3225,Medium,1,Apache PredictionIO,2177
rack 1.6.0,CVE-2018-16471,Medium,1,Apache PredictionIO,2177
rack 1.6.0,CVE-2019-16782,Medium,1,Apache PredictionIO,2177
rack 1.6.0,CVE-2024-25126,Medium,1,Apache PredictionIO,2177
rack 1.6.0,CVE-2025-25184,Medium,1,Apache PredictionIO,2177
rack 1.6.0,CVE-2025-27111,Medium,1,Apache PredictionIO,2177
rack 1.6.0,CVE-2025-32441,Medium,1,Apache PredictionIO,2177
rack 1.6.0,CVE-2025-61780,Medium,1,Apache PredictionIO,2177
rack 1.6.0,CVE-2026-25500,Medium,1,Apache PredictionIO,2177
redcarpet 3.3.4,CVE-2020-26298,Medium,1,Apache PredictionIO,2177
github.com/golang/glog v0.0.0-20210429001901-424d2337a529,CVE-2024-45339,Medium,1,Alluxio,2152
github.com/ulikunitz/xz v0.5.5,CVE-2025-58058,Medium,1,Alluxio,2152
go.mongodb.org/mongo-driver v1.1.2,CVE-2021-20329,Medium,1,Alluxio,2152
golang.org/x/crypto v0.0.0-20190820162420-60c769a6c586,CVE-2023-48795,Medium,1,Alluxio,2152
golang.org/x/crypto v0.0.0-20190820162420-60c769a6c586,CVE-2025-47914,Medium,1,Alluxio,2152
golang.org/x/crypto v0.0.0-20190820162420-60c769a6c586,CVE-2025-58181,Medium,1,Alluxio,2152
golang.org/x/crypto v0.0.0-20200622213623-75b288015ac9,CVE-2023-48795,Medium,1,Alluxio,2152
golang.org/x/crypto v0.0.0-20200622213623-75b288015ac9,CVE-2025-47914,Medium,1,Alluxio,2152
golang.org/x/crypto v0.0.0-20200622213623-75b288015ac9,CVE-2025-58181,Medium,1,Alluxio,2152
golang.org/x/crypto v0.1.0,CVE-2023-48795,Medium,1,Alluxio,2152
golang.org/x/crypto v0.1.0,CVE-2025-47914,Medium,1,Alluxio,2152
golang.org/x/crypto v0.1.0,CVE-2025-58181,Medium,1,Alluxio,2152
golang.org/x/net v0.0.0-20200625001655-4c5254603344,CVE-2021-31525,Medium,1,Alluxio,2152
golang.org/x/net v0.0.0-20200625001655-4c5254603344,CVE-2022-41717,Medium,1,Alluxio,2152
golang.org/x/net v0.0.0-20200625001655-4c5254603344,CVE-2023-3978,Medium,1,Alluxio,2152
golang.org/x/net v0.0.0-20200625001655-4c5254603344,CVE-2023-44487,Medium,1,Alluxio,2152
golang.org/x/net v0.0.0-20200625001655-4c5254603344,CVE-2023-45288,Medium,1,Alluxio,2152
golang.org/x/net v0.0.0-20200625001655-4c5254603344,CVE-2025-22870,Medium,1,Alluxio,2152
golang.org/x/net v0.0.0-20200625001655-4c5254603344,CVE-2025-22872,Medium,1,Alluxio,2152
golang.org/x/net v0.0.0-20210825183410-e898025ed96a,CVE-2022-41717,Medium,1,Alluxio,2152
golang.org/x/net v0.0.0-20210825183410-e898025ed96a,CVE-2023-3978,Medium,1,Alluxio,2152
golang.org/x/net v0.0.0-20210825183410-e898025ed96a,CVE-2023-44487,Medium,1,Alluxio,2152
golang.org/x/net v0.0.0-20210825183410-e898025ed96a,CVE-2023-45288,Medium,1,Alluxio,2152
golang.org/x/net v0.0.0-20210825183410-e898025ed96a,CVE-2025-22870,Medium,1,Alluxio,2152
golang.org/x/net v0.0.0-20210825183410-e898025ed96a,CVE-2025-22872,Medium,1,Alluxio,2152
golang.org/x/sys v0.0.0-20200323222414-85ca7c5b95cd,CVE-2022-29526,Medium,1,Alluxio,2152
golang.org/x/sys v0.0.0-20210831042530-f4d43177bf5e,CVE-2022-29526,Medium,1,Alluxio,2152
golang.org/x/text v0.3.2,CVE-2020-14040,Medium,1,Alluxio,2152
google.golang.org/protobuf v1.25.0,CVE-2024-24786,Medium,1,Alluxio,2152
grpc-protobuf 1.54.1,CVE-2023-32732,Medium,1,Alluxio,2152
guava 31.0.1-jre,CVE-2023-2976,Medium,1,Alluxio,2152
jackson-core 2.13.5,N/A,Medium,1,Alluxio,2152
jetty-server 9.4.46.v20220331,CVE-2023-26048,Medium,1,Alluxio,2152
jetty-server 9.4.46.v20220331,CVE-2024-8184,Medium,1,Alluxio,2152
k8s.io/apimachinery v0.0.0-20190817020851-f2f3a405f61d,CVE-2020-8559,Medium,1,Alluxio,2152
k8s.io/apimachinery v0.17.1-beta.0,CVE-2020-8559,Medium,1,Alluxio,2152
k8s.io/apiserver v0.0.0-20190918200908-1e17798da8c1,CVE-2020-8552,Medium,1,Alluxio,2152
k8s.io/client-go v0.0.0-20190918200256-06eb1244587a,CVE-2019-11250,Medium,1,Alluxio,2152
k8s.io/client-go v0.0.0-20190918200256-06eb1244587a,CVE-2020-8565,Medium,1,Alluxio,2152
k8s.io/client-go v0.17.0,CVE-2020-8565,Medium,1,Alluxio,2152
k8s.io/client-go v0.18.10,CVE-2020-8565,Medium,1,Alluxio,2152
k8s.io/kubernetes v1.15.4,CVE-2019-11250,Medium,1,Alluxio,2152
k8s.io/kubernetes v1.15.4,CVE-2019-11251,Medium,1,Alluxio,2152
k8s.io/kubernetes v1.15.4,CVE-2020-8551,Medium,1,Alluxio,2152
k8s.io/kubernetes v1.15.4,CVE-2020-8554,Medium,1,Alluxio,2152
k8s.io/kubernetes v1.15.4,CVE-2020-8555,Medium,1,Alluxio,2152
k8s.io/kubernetes v1.15.4,CVE-2020-8559,Medium,1,Alluxio,2152
k8s.io/kubernetes v1.15.4,CVE-2020-8561,Medium,1,Alluxio,2152
k8s.io/kubernetes v1.15.4,CVE-2020-8564,Medium,1,Alluxio,2152
k8s.io/kubernetes v1.15.4,CVE-2020-8565,Medium,1,Alluxio,2152
k8s.io/kubernetes v1.15.4,CVE-2021-25735,Medium,1,Alluxio,2152
k8s.io/kubernetes v1.15.4,CVE-2021-25736,Medium,1,Alluxio,2152
k8s.io/kubernetes v1.15.4,CVE-2023-2431,Medium,1,Alluxio,2152
k8s.io/kubernetes v1.15.4,CVE-2023-2727,Medium,1,Alluxio,2152
k8s.io/kubernetes v1.15.4,CVE-2023-2728,Medium,1,Alluxio,2152
k8s.io/kubernetes v1.15.4,CVE-2024-9042,Medium,1,Alluxio,2152
k8s.io/kubernetes v1.15.4,CVE-2025-0426,Medium,1,Alluxio,2152
k8s.io/kubernetes v1.15.4,CVE-2025-13281,Medium,1,Alluxio,2152
k8s.io/kubernetes v1.15.4,CVE-2025-1767,Medium,1,Alluxio,2152
k8s.io/kubernetes v1.15.4,CVE-2025-5187,Medium,1,Alluxio,2152
s3proxy 2.0.0,CVE-2025-24961,Medium,1,Alluxio,2152
@babel/helpers 7.10.4,CVE-2025-27789,Medium,1,Neos,2089
ajv 6.10.0,CVE-2020-15366,Medium,1,Neos,2089
ajv 6.10.0,CVE-2025-69873,Medium,1,Neos,2089
bn.js 5.1.2,CVE-2026-2739,Medium,1,Neos,2089
browserslist 4.13.0,CVE-2021-23364,Medium,1,Neos,2089
browserslist 4.5.2,CVE-2021-23364,Medium,1,Neos,2089
color-string 1.5.3,CVE-2021-29060,Medium,1,Neos,2089
dompurify 2.4.7,CVE-2025-26791,Medium,1,Neos,2089
dompurify 2.4.7,N/A,Medium,1,Neos,2089
elliptic 6.4.1,CVE-2020-28498,Medium,1,Neos,2089
elliptic 6.5.3,CVE-2020-28498,Medium,1,Neos,2089
grunt 1.0.2,CVE-2022-0436,Medium,1,Neos,2089
grunt 1.0.3,CVE-2022-0436,Medium,1,Neos,2089
handlebars 4.1.1,CVE-2026-33916,Medium,1,Neos,2089
hosted-git-info 2.6.0,CVE-2021-23362,Medium,1,Neos,2089
https-proxy-agent 2.2.1,N/A,Medium,1,Neos,2089
js-yaml 3.13.0,CVE-2025-64718,Medium,1,Neos,2089
js-yaml 3.5.5,CVE-2025-64718,Medium,1,Neos,2089
lodash 4.17.10,CVE-2019-1010266,Medium,1,Neos,2089
lodash 4.17.10,CVE-2020-28500,Medium,1,Neos,2089
lodash 4.17.10,CVE-2025-13465,Medium,1,Neos,2089
lodash 4.17.5,CVE-2019-1010266,Medium,1,Neos,2089
lodash 4.17.5,CVE-2020-28500,Medium,1,Neos,2089
lodash 4.17.5,CVE-2025-13465,Medium,1,Neos,2089
minimist 0.1.0,CVE-2020-7598,Medium,1,Neos,2089
nanoid 0.2.2,CVE-2024-55565,Medium,1,Neos,2089
nanoid 1.3.4,CVE-2024-55565,Medium,1,Neos,2089
node-notifier 5.4.0,CVE-2020-7789,Medium,1,Neos,2089
npm 5.10.0,CVE-2020-15095,Medium,1,Neos,2089
npm 5.8.0,CVE-2020-15095,Medium,1,Neos,2089
npm-registry-fetch 1.1.1,N/A,Medium,1,Neos,2089
postcss 7.0.14,CVE-2021-23368,Medium,1,Neos,2089
postcss 7.0.14,CVE-2021-23382,Medium,1,Neos,2089
postcss 7.0.14,CVE-2023-44270,Medium,1,Neos,2089
qs 6.6.0,CVE-2025-15284,Medium,1,Neos,2089
request 2.87.0,CVE-2023-28155,Medium,1,Neos,2089
serialize-javascript 3.1.0,CVE-2026-34043,Medium,1,Neos,2089
shelljs 0.8.3,N/A,Medium,1,Neos,2089
shelljs 0.8.4,N/A,Medium,1,Neos,2089
tar 4.4.4,CVE-2024-28863,Medium,1,Neos,2089
underscore.string 3.3.4,N/A,Medium,1,Neos,2089
urllib3 2.0.6,CVE-2023-45803,Medium,1,Neos,2089
urllib3 2.0.6,CVE-2024-37891,Medium,1,Neos,2089
urllib3 2.0.6,CVE-2025-50181,Medium,1,Neos,2089
useragent 2.3.0,CVE-2020-26311,Medium,1,Neos,2089
ws 5.2.2,CVE-2021-32640,Medium,1,Neos,2089
ws 6.2.0,CVE-2021-32640,Medium,1,Neos,2089
yargs-parser 9.0.2,CVE-2020-7608,Medium,1,Neos,2089
guava 25.1-jre,CVE-2023-2976,Medium,2,"Cask Data Application Platform, GridGain",1975
league/commonmark 2.7.0,CVE-2026-30838,Medium,1,MovableType,1940
league/commonmark 2.7.0,CVE-2026-33347,Medium,1,MovableType,1940
shelljs 0.7.8,N/A,Medium,1,MovableType,1940
tinymce 6.8.5,CVE-2024-29881,Medium,1,MovableType,1940
symfony/process v4.4.44,CVE-2026-24739,Medium,1,Grav,1865
guzzlehttp/psr7 2.2.1,CVE-2023-29197,Medium,1,PyroCMS,1513
laravel/framework v8.83.15,CVE-2025-27515,Medium,1,PyroCMS,1513
league/commonmark 2.3.1,CVE-2025-46734,Medium,1,PyroCMS,1513
league/commonmark 2.3.1,CVE-2026-30838,Medium,1,PyroCMS,1513
league/commonmark 2.3.1,CVE-2026-33347,Medium,1,PyroCMS,1513
maximebf/debugbar v1.18.0,CVE-2019-11358,Medium,1,PyroCMS,1513
maximebf/debugbar v1.18.0,CVE-2020-11022,Medium,1,PyroCMS,1513
nesbot/carbon 2.58.0,CVE-2025-22145,Medium,1,PyroCMS,1513
symfony/http-kernel v5.4.9,CVE-2022-24894,Medium,1,PyroCMS,1513
symfony/process v5.4.8,CVE-2026-24739,Medium,1,PyroCMS,1513
twig/twig v2.15.1,CVE-2024-45411,Medium,1,PyroCMS,1513
ant 1.9.15,CVE-2021-36373,Medium,1,GridGain,1478
ant 1.9.15,CVE-2021-36374,Medium,1,GridGain,1478
cassandra-all 3.11.3,CVE-2020-13946,Medium,1,GridGain,1478
hibernate-core 4.2.21.Final,CVE-2019-14900,Medium,1,GridGain,1478
hibernate-core 5.1.5.Final,CVE-2019-14900,Medium,1,GridGain,1478
jackson-core 2.16.0,N/A,Medium,1,GridGain,1478
jetty-http 9.4.58.v20250814,CVE-2024-6763,Medium,1,GridGain,1478
spring-context 5.3.39,CVE-2024-38820,Medium,1,GridGain,1478
xstream 1.4.8,CVE-2020-26258,Medium,1,GridGain,1478
xstream 1.4.8,CVE-2020-26259,Medium,1,GridGain,1478
xstream 1.4.8,CVE-2021-21342,Medium,1,GridGain,1478
xstream 1.4.8,CVE-2021-21343,Medium,1,GridGain,1478
xstream 1.4.8,CVE-2021-21344,Medium,1,GridGain,1478
xstream 1.4.8,CVE-2021-21345,Medium,1,GridGain,1478
xstream 1.4.8,CVE-2021-21346,Medium,1,GridGain,1478
xstream 1.4.8,CVE-2021-21347,Medium,1,GridGain,1478
xstream 1.4.8,CVE-2021-21348,Medium,1,GridGain,1478
xstream 1.4.8,CVE-2021-21349,Medium,1,GridGain,1478
xstream 1.4.8,CVE-2021-21350,Medium,1,GridGain,1478
xstream 1.4.8,CVE-2021-21351,Medium,1,GridGain,1478
xstream 1.4.8,CVE-2021-39140,Medium,1,GridGain,1478
dompurify 3.2.5,CVE-2025-15599,Medium,1,ZK,1472
dompurify 3.2.5,CVE-2026-0540,Medium,1,ZK,1472
dompurify 3.2.5,N/A,Medium,1,ZK,1472
jackson-core 2.12.4,CVE-2025-49128,Medium,1,ZK,1472
jackson-core 2.12.4,N/A,Medium,1,ZK,1472
logback-core 1.2.3,CVE-2021-42550,Medium,1,ZK,1472
logback-core 1.2.3,CVE-2024-12798,Medium,1,ZK,1472
logback-core 1.2.3,CVE-2025-11226,Medium,1,ZK,1472
snakeyaml 1.13,CVE-2022-38749,Medium,1,ZK,1472
snakeyaml 1.13,CVE-2022-38750,Medium,1,ZK,1472
snakeyaml 1.13,CVE-2022-38751,Medium,1,ZK,1472
snakeyaml 1.13,CVE-2022-38752,Medium,1,ZK,1472
snakeyaml 1.13,CVE-2022-41854,Medium,1,ZK,1472
spring-context 5.2.15.RELEASE,CVE-2024-38820,Medium,1,ZK,1472
spring-core 5.2.15.RELEASE,CVE-2021-22060,Medium,1,ZK,1472
spring-core 5.2.15.RELEASE,CVE-2021-22096,Medium,1,ZK,1472
spring-web 5.2.15.RELEASE,CVE-2024-38809,Medium,1,ZK,1472
spring-web 5.2.15.RELEASE,CVE-2024-38820,Medium,1,ZK,1472
zookeeper 3.4.5,CVE-2019-0201,Medium,3,"Apache Chukwa, Apache Giraph, Apache Trafodion",1429
commons-lang3 3.4,CVE-2025-48924,Medium,2,"Apache Chukwa, Apache Giraph",1395
activemq-core 5.5.1,CVE-2011-4905,Medium,1,Apache Chukwa,914
activemq-core 5.5.1,CVE-2012-6092,Medium,1,Apache Chukwa,914
activemq-core 5.5.1,CVE-2013-1880,Medium,1,Apache Chukwa,914
esapi 2.1.0,CVE-2013-5960,Medium,1,Apache Chukwa,914
esapi 2.1.0,CVE-2022-24891,Medium,1,Apache Chukwa,914
guava 12.0.1,CVE-2018-10237,Medium,1,Apache Chukwa,914
guava 12.0.1,CVE-2023-2976,Medium,1,Apache Chukwa,914
jetty 6.1.14,CVE-2009-1523,Medium,1,Apache Chukwa,914
jetty 6.1.6,CVE-2007-6672,Medium,1,Apache Chukwa,914
jetty 6.1.6,CVE-2009-1523,Medium,1,Apache Chukwa,914
jsoup 1.8.3,CVE-2022-36033,Medium,1,Apache Chukwa,914
shiro-core 1.2.3,CVE-2023-46749,Medium,1,Apache Chukwa,914
shiro-web 1.2.3,CVE-2023-46750,Medium,1,Apache Chukwa,914
xercesImpl 2.10.0,CVE-2020-14338,Medium,1,Apache Chukwa,914
xercesImpl 2.10.0,CVE-2022-23437,Medium,1,Apache Chukwa,914
ejs 2.7.4,CVE-2024-33883,Medium,1,Bolt,839
http-proxy-middleware 1.3.1,CVE-2025-32996,Medium,1,Bolt,839
http-proxy-middleware 1.3.1,CVE-2025-32997,Medium,1,Bolt,839
locutus 2.0.39,CVE-2026-33993,Medium,1,Bolt,839
locutus 2.0.39,CVE-2026-33994,Medium,1,Bolt,839
vue-template-compiler 2.7.15,CVE-2024-6783,Medium,1,Bolt,839
log4j-core 2.1,CVE-2021-44832,Medium,1,Apache MINA,707
log4j-core 2.1,CVE-2025-68161,Medium,1,Apache MINA,707
netty 3.6.6.Final,CVE-2014-0193,Medium,1,Apache MINA,707
netty 3.6.6.Final,CVE-2019-20445,Medium,1,Apache MINA,707
netty 3.6.6.Final,CVE-2021-21290,Medium,1,Apache MINA,707
netty 3.6.6.Final,CVE-2021-21295,Medium,1,Apache MINA,707
netty 3.6.6.Final,CVE-2021-21409,Medium,1,Apache MINA,707
netty 3.6.6.Final,CVE-2021-43797,Medium,1,Apache MINA,707
netty-all 4.0.4.Final,CVE-2014-0193,Medium,1,Apache MINA,707
hybridauth/hybridauth v3.12.1,CVE-2026-4587,Medium,1,e107,660
ant 1.9.2,CVE-2020-1945,Medium,1,Apache Apex,643
ant 1.9.2,CVE-2021-36373,Medium,1,Apache Apex,643
ant 1.9.2,CVE-2021-36374,Medium,1,Apache Apex,643
hadoop-common 2.6.0,CVE-2015-1776,Medium,1,Apache Apex,643
hadoop-common 2.6.0,CVE-2016-5001,Medium,1,Apache Apex,643
zip4j 1.3.2,CVE-2018-1002202,Medium,1,Apache Apex,643
zip4j 1.3.2,CVE-2022-24615,Medium,1,Apache Apex,643
zip4j 1.3.2,CVE-2023-22899,Medium,1,Apache Apex,643
github.com/canonical/lxd v0.0.0-20251125210512-b190d213bd11,CVE-2026-3351,Medium,1,Juju,538
github.com/go-jose/go-jose/v3 v3.0.3,CVE-2025-27144,Medium,1,Juju,538
commons-compress 1.22,CVE-2023-42503,Medium,1,Cask Data Application Platform,497
commons-compress 1.22,CVE-2024-25710,Medium,1,Cask Data Application Platform,497
commons-compress 1.22,CVE-2024-26308,Medium,1,Cask Data Application Platform,497
guava 13.0.1,CVE-2018-10237,Medium,1,Cask Data Application Platform,497
guava 13.0.1,CVE-2023-2976,Medium,1,Cask Data Application Platform,497
guava 20.0,CVE-2018-10237,Medium,1,Cask Data Application Platform,497
guava 20.0,CVE-2023-2976,Medium,1,Cask Data Application Platform,497
hadoop-common 2.3.0,CVE-2014-0229,Medium,1,Cask Data Application Platform,497
hadoop-common 2.3.0,CVE-2016-5001,Medium,1,Cask Data Application Platform,497
httpclient 4.5.2,CVE-2020-13956,Medium,1,Cask Data Application Platform,497
jackson-core 2.15.1,N/A,Medium,1,Cask Data Application Platform,497
libthrift 0.9.3,CVE-2018-11798,Medium,1,Cask Data Application Platform,497
logback-core 1.2.11,CVE-2024-12798,Medium,1,Cask Data Application Platform,497
logback-core 1.2.11,CVE-2025-11226,Medium,1,Cask Data Application Platform,497
logback-core 1.2.8,CVE-2021-42550,Medium,1,Cask Data Application Platform,497
logback-core 1.2.8,CVE-2024-12798,Medium,1,Cask Data Application Platform,497
logback-core 1.2.8,CVE-2025-11226,Medium,1,Cask Data Application Platform,497
netty-codec-http 4.1.75.Final,CVE-2022-24823,Medium,1,Cask Data Application Platform,497
netty-codec-http 4.1.75.Final,CVE-2024-29025,Medium,1,Cask Data Application Platform,497
netty-codec-http 4.1.75.Final,CVE-2025-67735,Medium,1,Cask Data Application Platform,497
netty-handler 4.1.75.Final,CVE-2023-34462,Medium,1,Cask Data Application Platform,497
org.eclipse.jgit 5.9.0.202009080501-r,CVE-2025-4949,Medium,1,Cask Data Application Platform,497
snappy-java 1.1.1.7,CVE-2023-34453,Medium,1,Cask Data Application Platform,497
snappy-java 1.1.1.7,CVE-2023-34454,Medium,1,Cask Data Application Platform,497
spark-core_2.12 3.1.1,CVE-2022-31777,Medium,1,Cask Data Application Platform,497
guava 21.0,CVE-2018-10237,Medium,1,Apache Giraph,481
guava 21.0,CVE-2023-2976,Medium,1,Apache Giraph,481
@babel/runtime 7.21.0,CVE-2025-27789,Medium,1,HHVM,444
dom-iterator 1.0.0,CVE-2024-21541,Medium,1,HHVM,444
dompurify 2.4.3,CVE-2025-26791,Medium,1,HHVM,444
dompurify 2.4.3,N/A,Medium,1,HHVM,444
guava 19.0,CVE-2018-10237,Medium,1,HHVM,444
guava 19.0,CVE-2023-2976,Medium,1,HHVM,444
undici 7.18.0,CVE-2026-1525,Medium,1,HHVM,444
undici 7.18.0,CVE-2026-1527,Medium,1,HHVM,444
undici 7.18.0,CVE-2026-22036,Medium,1,HHVM,444
undici 7.18.0,CVE-2026-2581,Medium,1,HHVM,444
github.com/jackc/pgx/v5 v5.1.1,N/A,Medium,1,Sensu,380
github.com/mholt/archiver/v3 v3.3.1-0.20191129193105-44285f7ed244,CVE-2024-0406,Medium,1,Sensu,380
github.com/nwaples/rardecode v1.0.0,CVE-2025-11579,Medium,1,Sensu,380
github.com/ulikunitz/xz v0.5.10,CVE-2025-58058,Medium,1,Sensu,380
golang.org/x/crypto v0.3.0,CVE-2023-48795,Medium,1,Sensu,380
golang.org/x/crypto v0.3.0,CVE-2025-47914,Medium,1,Sensu,380
golang.org/x/crypto v0.3.0,CVE-2025-58181,Medium,1,Sensu,380
google.golang.org/protobuf v1.27.1,CVE-2024-24786,Medium,1,Sensu,380
pygments 2.14.0,CVE-2022-40896,Medium,1,netBSD,324
requests 2.28.2,CVE-2023-32681,Medium,1,netBSD,324
requests 2.28.2,CVE-2024-35195,Medium,1,netBSD,324
requests 2.28.2,CVE-2024-47081,Medium,1,netBSD,324
requests 2.28.2,CVE-2026-25645,Medium,1,netBSD,324
tornado 6.3.2,N/A,Medium,1,netBSD,324
urllib3 1.26.14,CVE-2023-45803,Medium,1,netBSD,324
urllib3 1.26.14,CVE-2024-37891,Medium,1,netBSD,324
urllib3 1.26.14,CVE-2025-50181,Medium,1,netBSD,324
zipp 3.11.0,CVE-2024-5569,Medium,1,netBSD,324
@babel/runtime 7.12.0,CVE-2025-27789,Medium,1,LocomotiveCMS,244
activerecord 7.1.5.1,CVE-2025-55193,Medium,1,LocomotiveCMS,244
activestorage 7.1.5.1,CVE-2026-33173,Medium,1,LocomotiveCMS,244
activestorage 7.1.5.1,CVE-2026-33174,Medium,1,LocomotiveCMS,244
activestorage 7.1.5.1,CVE-2026-33202,Medium,1,LocomotiveCMS,244
activesupport 7.1.5.1,CVE-2026-33169,Medium,1,LocomotiveCMS,244
activesupport 7.1.5.1,CVE-2026-33170,Medium,1,LocomotiveCMS,244
activesupport 7.1.5.1,CVE-2026-33176,Medium,1,LocomotiveCMS,244
carrierwave 1.3.4,CVE-2023-49090,Medium,1,LocomotiveCMS,244
carrierwave 1.3.4,CVE-2024-29034,Medium,1,LocomotiveCMS,244
devise 4.9.4,CVE-2026-32700,Medium,1,LocomotiveCMS,244
jquery-ui-rails 6.0.1,CVE-2021-41182,Medium,1,LocomotiveCMS,244
jquery-ui-rails 6.0.1,CVE-2021-41183,Medium,1,LocomotiveCMS,244
jquery-ui-rails 6.0.1,CVE-2021-41184,Medium,1,LocomotiveCMS,244
jquery-ui-rails 6.0.1,CVE-2022-31160,Medium,1,LocomotiveCMS,244
rack 3.1.8,CVE-2025-25184,Medium,1,LocomotiveCMS,244
rack 3.1.8,CVE-2025-27111,Medium,1,LocomotiveCMS,244
rack 3.1.8,CVE-2025-49007,Medium,1,LocomotiveCMS,244
rack 3.1.8,CVE-2025-61780,Medium,1,LocomotiveCMS,244
rack 3.1.8,CVE-2026-25500,Medium,1,LocomotiveCMS,244
rack-session 2.0.0,CVE-2025-46336,Medium,1,LocomotiveCMS,244
react-draft-wysiwyg 1.14.5,CVE-2021-31712,Medium,1,LocomotiveCMS,244
striptags 2.2.1,CVE-2021-32696,Medium,1,LocomotiveCMS,244
maximebf/debugbar v1.11.1,CVE-2019-11358,Medium,1,Pagekit,190
maximebf/debugbar v1.11.1,CVE-2020-11022,Medium,1,Pagekit,190
swiftmailer/swiftmailer v5.4.5,CVE-2024-28859,Medium,1,Pagekit,190
symfony/http-foundation v3.0.9,CVE-2018-14773,Medium,1,Pagekit,190
symfony/process v3.2.2,CVE-2026-24739,Medium,1,Pagekit,190
twig/twig v1.31.0,CVE-2024-45411,Medium,1,Pagekit,190
@babel/runtime 7.19.4,CVE-2025-27789,Medium,1,Thelia,139
@sideway/formula 3.0.0,CVE-2023-25166,Medium,1,Thelia,139
postcss 8.4.18,CVE-2023-44270,Medium,1,Thelia,139
webpack-dev-server 4.11.1,CVE-2025-30359,Medium,1,Thelia,139
webpack-dev-server 4.11.1,CVE-2025-30360,Medium,1,Thelia,139
yaml 2.1.1,CVE-2026-33532,Medium,1,Thelia,139
symfony/process v7.3.0,CVE-2026-24739,Medium,1,AbanteCart,101
lodash 4.2.1,CVE-2018-3721,Medium,1,XWiki,82
lodash 4.2.1,CVE-2020-28500,Medium,1,XWiki,82
lodash 4.2.1,CVE-2025-13465,Medium,1,XWiki,82
solr-core 9.4.1,CVE-2024-52012,Medium,1,XWiki,82
undici 7.21.0,CVE-2026-1525,Medium,1,XWiki,82
undici 7.21.0,CVE-2026-1527,Medium,1,XWiki,82
undici 7.21.0,CVE-2026-2581,Medium,1,XWiki,82
xwiki-platform-oldcore [18.3.0-SNAPSHOT],CVE-2021-43841,Medium,1,XWiki,82
xwiki-platform-oldcore [18.3.0-SNAPSHOT],CVE-2022-23617,Medium,1,XWiki,82
xwiki-platform-oldcore [18.3.0-SNAPSHOT],CVE-2022-23618,Medium,1,XWiki,82
xwiki-platform-oldcore [18.3.0-SNAPSHOT],CVE-2022-23621,Medium,1,XWiki,82
xwiki-platform-oldcore [18.3.0-SNAPSHOT],CVE-2023-26470,Medium,1,XWiki,82
xwiki-platform-oldcore [18.3.0-SNAPSHOT],CVE-2023-32068,Medium,1,XWiki,82
cbor2 5.4.2.post1,CVE-2025-68131,Medium,1,Odoo Website Builder,75
cbor2 5.4.6,CVE-2025-68131,Medium,1,Odoo Website Builder,75
cbor2 5.6.2,CVE-2025-68131,Medium,1,Odoo Website Builder,75
cryptography 3.4.8,CVE-2023-23931,Medium,1,Odoo Website Builder,75
cryptography 3.4.8,CVE-2023-49083,Medium,1,Odoo Website Builder,75
cryptography 3.4.8,CVE-2024-0727,Medium,1,Odoo Website Builder,75
cryptography 42.0.8,N/A,Medium,1,Odoo Website Builder,75
idna 2.10,CVE-2024-3651,Medium,1,Odoo Website Builder,75
jinja2 3.0.3,CVE-2024-22195,Medium,2,"Node js, Odoo Website Builder",75
jinja2 3.0.3,CVE-2024-34064,Medium,2,"Node js, Odoo Website Builder",75
jinja2 3.0.3,CVE-2024-56201,Medium,2,"Node js, Odoo Website Builder",75
jinja2 3.0.3,CVE-2024-56326,Medium,2,"Node js, Odoo Website Builder",75
jinja2 3.0.3,CVE-2025-27516,Medium,2,"Node js, Odoo Website Builder",75
lxml 4.8.0,CVE-2022-2309,Medium,1,Odoo Website Builder,75
pypdf 5.4.0,CVE-2025-55197,Medium,1,Odoo Website Builder,75
pypdf 5.4.0,CVE-2025-62707,Medium,1,Odoo Website Builder,75
pypdf 5.4.0,CVE-2025-62708,Medium,1,Odoo Website Builder,75
pypdf 5.4.0,CVE-2025-66019,Medium,1,Odoo Website Builder,75
pypdf 5.4.0,CVE-2026-24688,Medium,1,Odoo Website Builder,75
pypdf 5.4.0,CVE-2026-27024,Medium,1,Odoo Website Builder,75
pypdf 5.4.0,CVE-2026-27025,Medium,1,Odoo Website Builder,75
pypdf 5.4.0,CVE-2026-27026,Medium,1,Odoo Website Builder,75
pypdf 5.4.0,CVE-2026-27888,Medium,1,Odoo Website Builder,75
pypdf 5.4.0,CVE-2026-28351,Medium,1,Odoo Website Builder,75
pypdf 5.4.0,CVE-2026-28804,Medium,1,Odoo Website Builder,75
pypdf 5.4.0,CVE-2026-31826,Medium,1,Odoo Website Builder,75
pypdf 5.4.0,CVE-2026-33123,Medium,1,Odoo Website Builder,75
pypdf 5.4.0,CVE-2026-33699,Medium,1,Odoo Website Builder,75
pypdf2 1.26.0,CVE-2022-24859,Medium,1,Odoo Website Builder,75
pypdf2 1.26.0,CVE-2023-36810,Medium,1,Odoo Website Builder,75
pypdf2 2.12.1,CVE-2023-36464,Medium,1,Odoo Website Builder,75
python-ldap 3.4.0,CVE-2025-61911,Medium,1,Odoo Website Builder,75
python-ldap 3.4.0,CVE-2025-61912,Medium,1,Odoo Website Builder,75
python-ldap 3.4.4,CVE-2025-61911,Medium,1,Odoo Website Builder,75
python-ldap 3.4.4,CVE-2025-61912,Medium,1,Odoo Website Builder,75
requests 2.25.1,CVE-2023-32681,Medium,1,Odoo Website Builder,75
requests 2.25.1,CVE-2024-35195,Medium,1,Odoo Website Builder,75
requests 2.25.1,CVE-2024-47081,Medium,1,Odoo Website Builder,75
requests 2.25.1,CVE-2026-25645,Medium,1,Odoo Website Builder,75
urllib3 1.26.5,CVE-2023-45803,Medium,2,"H20 ai, Odoo Website Builder",75
urllib3 1.26.5,CVE-2024-37891,Medium,2,"H20 ai, Odoo Website Builder",75
urllib3 1.26.5,CVE-2025-50181,Medium,2,"H20 ai, Odoo Website Builder",75
urllib3 2.0.7,CVE-2024-37891,Medium,1,Odoo Website Builder,75
urllib3 2.0.7,CVE-2025-50181,Medium,1,Odoo Website Builder,75
werkzeug 2.0.2,CVE-2023-46136,Medium,1,Odoo Website Builder,75
werkzeug 2.0.2,CVE-2024-49766,Medium,1,Odoo Website Builder,75
werkzeug 2.0.2,CVE-2024-49767,Medium,1,Odoo Website Builder,75
werkzeug 2.0.2,CVE-2025-66221,Medium,1,Odoo Website Builder,75
werkzeug 2.0.2,CVE-2026-21860,Medium,1,Odoo Website Builder,75
werkzeug 2.0.2,CVE-2026-27199,Medium,1,Odoo Website Builder,75
werkzeug 2.2.2,CVE-2023-46136,Medium,1,Odoo Website Builder,75
werkzeug 2.2.2,CVE-2024-49766,Medium,1,Odoo Website Builder,75
werkzeug 2.2.2,CVE-2024-49767,Medium,1,Odoo Website Builder,75
werkzeug 2.2.2,CVE-2025-66221,Medium,1,Odoo Website Builder,75
werkzeug 2.2.2,CVE-2026-21860,Medium,1,Odoo Website Builder,75
werkzeug 2.2.2,CVE-2026-27199,Medium,1,Odoo Website Builder,75
werkzeug 3.0.1,CVE-2024-49766,Medium,1,Odoo Website Builder,75
werkzeug 3.0.1,CVE-2024-49767,Medium,1,Odoo Website Builder,75
werkzeug 3.0.1,CVE-2025-66221,Medium,1,Odoo Website Builder,75
werkzeug 3.0.1,CVE-2026-21860,Medium,1,Odoo Website Builder,75
werkzeug 3.0.1,CVE-2026-27199,Medium,1,Odoo Website Builder,75
next 15.5.12,CVE-2026-27980,Medium,1,Shopsys Framework,39
next 15.5.12,CVE-2026-29057,Medium,1,Shopsys Framework,39
smol-toml 1.6.0,N/A,Medium,1,Shopsys Framework,39
undici 7.19.0,CVE-2026-1525,Medium,1,Shopsys Framework,39
undici 7.19.0,CVE-2026-1527,Medium,1,Shopsys Framework,39
undici 7.19.0,CVE-2026-2581,Medium,1,Shopsys Framework,39
commons-lang 2.5,CVE-2025-48924,Medium,1,Apache Trafodion,34
jettison 1.3.5,CVE-2022-40149,Medium,1,Apache Trafodion,34
jetty-server 9.2.10.v20150310,CVE-2018-12536,Medium,1,Apache Trafodion,34
jetty-server 9.2.10.v20150310,CVE-2019-10241,Medium,1,Apache Trafodion,34
jetty-server 9.2.10.v20150310,CVE-2019-10246,Medium,1,Apache Trafodion,34
jetty-server 9.2.10.v20150310,CVE-2019-10247,Medium,1,Apache Trafodion,34
jetty-server 9.2.10.v20150310,CVE-2023-26048,Medium,1,Apache Trafodion,34
jython-standalone 2.5.3,CVE-2013-2027,Medium,1,Apache Trafodion,34
django 3.0.4,CVE-2020-13596,Medium,1,Zinnia,2
django 3.0.4,CVE-2020-24584,Medium,1,Zinnia,2
django 3.0.4,CVE-2021-28658,Medium,1,Zinnia,2
django 3.0.4,CVE-2021-3281,Medium,1,Zinnia,2
django 3.0.4,CVE-2021-33203,Medium,1,Zinnia,2
django 3.0.4,CVE-2021-44420,Medium,1,Zinnia,2
django 3.0.4,CVE-2024-45231,Medium,1,Zinnia,2
django 3.0.4,CVE-2025-48432,Medium,1,Zinnia,2
pillow 7.0.0,CVE-2020-35655,Medium,1,Zinnia,2
pillow 7.0.0,CVE-2021-25292,Medium,1,Zinnia,2
pillow 7.0.0,CVE-2021-28678,Medium,1,Zinnia,2
pillow 7.0.0,CVE-2022-22815,Medium,1,Zinnia,2
pillow 7.0.0,CVE-2022-22816,Medium,1,Zinnia,2
pillow 7.0.0,N/A,Medium,1,Zinnia,2
bcpkix-jdk15on 1.69,CVE-2025-8916,Medium,1,JBoss Enterprise Application Server  EAS ,0
bcprov-jdk15on 1.69,CVE-2023-33201,Medium,1,JBoss Enterprise Application Server  EAS ,0
bcprov-jdk15on 1.69,CVE-2023-33202,Medium,1,JBoss Enterprise Application Server  EAS ,0
bcprov-jdk15on 1.69,CVE-2024-29857,Medium,1,JBoss Enterprise Application Server  EAS ,0
bcprov-jdk15on 1.69,CVE-2024-30171,Medium,1,JBoss Enterprise Application Server  EAS ,0
geshi/geshi dev-master,CVE-2012-3522,Medium,1,DokuWiki,0
geshi/geshi dev-master,CVE-2025-2123,Medium,1,DokuWiki,0
github.com/pion/dtls/v2 v2.2.7,CVE-2026-26014,Medium,1,Ethereum,0
golang.org/x/crypto v0.44.0,CVE-2025-47914,Medium,1,Ethereum,0
golang.org/x/crypto v0.44.0,CVE-2025-58181,Medium,1,Ethereum,0
jetty-http 11.0.25,CVE-2024-6763,Medium,1,JBoss Enterprise Application Server  EAS ,0
keycloak-services 25.0.6,CVE-2025-11429,Medium,1,JBoss Enterprise Application Server  EAS ,0
keycloak-services 25.0.6,CVE-2025-12110,Medium,1,JBoss Enterprise Application Server  EAS ,0
keycloak-services 25.0.6,CVE-2025-12390,Medium,1,JBoss Enterprise Application Server  EAS ,0
keycloak-services 25.0.6,CVE-2025-1391,Medium,1,JBoss Enterprise Application Server  EAS ,0
keycloak-services 25.0.6,CVE-2025-14559,Medium,1,JBoss Enterprise Application Server  EAS ,0
keycloak-services 25.0.6,CVE-2025-14778,Medium,1,JBoss Enterprise Application Server  EAS ,0
keycloak-services 25.0.6,CVE-2025-2559,Medium,1,JBoss Enterprise Application Server  EAS ,0
keycloak-services 25.0.6,CVE-2025-3910,Medium,1,JBoss Enterprise Application Server  EAS ,0
keycloak-services 25.0.6,CVE-2025-7365,Medium,1,JBoss Enterprise Application Server  EAS ,0
keycloak-services 25.0.6,CVE-2025-8419,Medium,1,JBoss Enterprise Application Server  EAS ,0
keycloak-services 25.0.6,CVE-2026-2575,Medium,1,JBoss Enterprise Application Server  EAS ,0
keycloak-services 25.0.6,CVE-2026-3121,Medium,1,JBoss Enterprise Application Server  EAS ,0
keycloak-services 25.0.6,CVE-2026-3190,Medium,1,JBoss Enterprise Application Server  EAS ,0
keycloak-services 25.0.6,CVE-2026-3429,Medium,1,JBoss Enterprise Application Server  EAS ,0
keycloak-services 25.0.6,CVE-2026-4628,Medium,1,JBoss Enterprise Application Server  EAS ,0
mockserver 5.6.1,CVE-2021-32827,Medium,1,JBoss Enterprise Application Server  EAS ,0
requests 2.27.1,CVE-2023-32681,Medium,1,H20 ai,0
requests 2.27.1,CVE-2024-35195,Medium,1,H20 ai,0
requests 2.27.1,CVE-2024-47081,Medium,1,H20 ai,0
requests 2.27.1,CVE-2026-25645,Medium,1,H20 ai,0
scikit-learn 0.24.2,CVE-2024-5206,Medium,1,H20 ai,0
scikit-learn 1.2.2,CVE-2024-5206,Medium,1,H20 ai,0
step-security/harden-runner v2.15.0,CVE-2026-32946,Medium,1,Node js,0
step-security/harden-runner v2.15.0,CVE-2026-32947,Medium,1,Node js,0
twig/twig v3.8.0,CVE-2024-45411,Medium,1,cube net,0
@tootallnate/once 2.0.0,CVE-2026-3449,Low,15,"Angular Material, AngularJS, Commerce Software, Countly, Grafana, Ionic Framework, Liferay, Node js, Presto, Ravenjs, React, Selenium, WooCommerce, Zabbix, dotCMS",2518785
brace-expansion 1.1.11,CVE-2025-5889,Low,26,"Angular Material, Apache Hadoop, Apollo Client, CloudStack, Commerce Software, Druid, HHVM, Ionic Framework, Jahia, Liferay, LocomotiveCMS, Meteor, Neos, Node js, NopCommerce, Open Web Analytics, OrientDB, Piwik, Quill, React, Ruby on Rails, Selenium IDE, Thelia, WooCommerce, Zabbix, dotCMS",2455072
qs 6.11.0,CVE-2026-2391,Low,9,"Cacti, Commerce Software, Ionic Framework, Liferay, React, Ruby on Rails, Selenium IDE, Thelia, WooCommerce",2088135
cookie 0.4.2,CVE-2024-47764,Low,6,"Commerce Software, Ghost, Liferay, React, Ruby on Rails, WooCommerce",1821167
on-headers 1.0.2,CVE-2025-7339,Low,16,"Angular Material, Apache Hadoop, Apollo Client, Commerce Software, Druid, Ghost, HHVM, Ionic Framework, Liferay, Meteor, Node js, Presto, Ravenjs, React, Thelia, WooCommerce",1803357
qs 6.13.0,CVE-2026-2391,Low,15,"Angular Material, Apollo Client, Bolt, Druid, Ghost, Grafana, HHVM, Ionic Framework, Meteor, Node js, Presto, React, React Native, Thelia, WooCommerce",1675919
diff 3.5.0,CVE-2026-24001,Low,4,"Less, Neos, React, WooCommerce",1436950
diff 4.0.2,CVE-2026-24001,Low,6,"Commerce Software, Ghost, Liferay, Neos, React, WooCommerce",1402692
webpack 5.97.1,CVE-2025-68157,Low,3,"Presto, React, WooCommerce",1346176
webpack 5.97.1,CVE-2025-68458,Low,3,"Presto, React, WooCommerce",1346176
elliptic 6.5.4,CVE-2024-42459,Low,3,"CloudStack, React, WooCommerce",1329919
elliptic 6.5.4,CVE-2024-42460,Low,3,"CloudStack, React, WooCommerce",1329919
elliptic 6.5.4,CVE-2024-42461,Low,3,"CloudStack, React, WooCommerce",1329919
elliptic 6.5.4,CVE-2024-48948,Low,3,"CloudStack, React, WooCommerce",1329919
elliptic 6.5.4,CVE-2024-48949,Low,3,"CloudStack, React, WooCommerce",1329919
elliptic 6.5.4,CVE-2025-14505,Low,3,"CloudStack, React, WooCommerce",1329919
cookie 0.6.0,CVE-2024-47764,Low,5,"Ionic Framework, Ravenjs, React, Selenium IDE, Thelia",1307160
debug 3.2.6,CVE-2017-16137,Low,4,"Apache Hadoop, Less, Liferay, React",1230513
brace-expansion 2.0.1,CVE-2025-5889,Low,16,"Angular Material, Apollo Client, Commerce Software, Drupal, EllisLab ExpressionEngine, Ionic Framework, Liferay, Meteor, Neos, Piwik, Quill, Selenium IDE, Thelia, WooCommerce, Zabbix, dotCMS",1211868
cookie 0.4.0,CVE-2024-47764,Low,3,"Apache Hadoop, Liferay, React",1118888
express 4.17.1,CVE-2024-43796,Low,3,"Apache Hadoop, Liferay, React",1118888
qs 6.7.0,CVE-2026-2391,Low,3,"Apache Hadoop, Liferay, React",1118888
send 0.17.1,CVE-2024-43799,Low,3,"Apache Hadoop, Liferay, React",1118888
serve-static 1.14.1,CVE-2024-43800,Low,3,"Apache Hadoop, Liferay, React",1118888
cookie 0.3.1,CVE-2024-47764,Low,5,"Apache Ambari, Apache Hadoop, Apache Tez, EllisLab ExpressionEngine, React",1117889
debug 2.2.0,CVE-2017-16137,Low,4,"Apache Ambari, Apache Hadoop, Neos, React",1096732
elliptic 6.6.1,CVE-2025-14505,Low,8,"Bolt, Ghost, Liferay, Live Helper Chat, Meteor, OrientDB, React, Shopware",1054113
qs 6.14.0,CVE-2026-2391,Low,8,"Angular Material, Bolt, Discourse, EllisLab ExpressionEngine, Liferay, Live Helper Chat, React, dotCMS",1029254
es5-ext 0.10.53,CVE-2024-27088,Low,3,"Liferay, NopCommerce, React",996459
ip 1.1.5,CVE-2023-42282,Low,3,"Liferay, Neos, React",990949
node-forge 0.10.0,N/A,Low,3,"Bolt, Liferay, React",989699
diff 5.2.0,CVE-2026-24001,Low,4,"Commerce Software, Ghost, Quill, React",985997
qs 6.12.1,CVE-2026-2391,Low,2,"Meteor, React",978644
on-headers 1.0.1,CVE-2025-7339,Low,3,"Apache Ambari, Apache Tez, React",970883
tmp 0.2.3,CVE-2025-54798,Low,7,"Angular Material, Apollo Client, Drupal, EllisLab ExpressionEngine, Meteor, Ruby on Rails, Selenium IDE",949422
semver-regex 2.0.0,CVE-2021-43307,Low,2,"Druid, React",943519
send 0.17.2,CVE-2024-43799,Low,2,"Angular Material, React",939701
serve-static 1.14.2,CVE-2024-43800,Low,2,"Angular Material, React",939701
clean-css 3.4.23,N/A,Low,1,React,936285
clean-css 4.1.7,N/A,Low,1,React,936285
clean-css 4.1.9,N/A,Low,1,React,936285
debug 2.6.7,CVE-2017-16137,Low,1,React,936285
debug 2.6.8,CVE-2017-16137,Low,1,React,936285
debug 4.1.0,CVE-2017-16137,Low,1,React,936285
elliptic 6.4.0,CVE-2024-42459,Low,1,React,936285
elliptic 6.4.0,CVE-2024-42460,Low,1,React,936285
elliptic 6.4.0,CVE-2024-42461,Low,1,React,936285
elliptic 6.4.0,CVE-2024-48948,Low,1,React,936285
elliptic 6.4.0,CVE-2024-48949,Low,1,React,936285
elliptic 6.4.0,CVE-2025-14505,Low,1,React,936285
es5-ext 0.10.29,CVE-2024-27088,Low,1,React,936285
es5-ext 0.10.35,CVE-2024-27088,Low,1,React,936285
express 4.14.0,CVE-2024-43796,Low,1,React,936285
express 4.15.4,CVE-2024-43796,Low,1,React,936285
express 4.16.2,CVE-2024-43796,Low,1,React,936285
express 4.17.3,CVE-2024-43796,Low,1,React,936285
node-forge 0.6.33,N/A,Low,1,React,936285
qs 6.9.7,CVE-2026-2391,Low,1,React,936285
send 0.14.1,CVE-2024-43799,Low,1,React,936285
send 0.15.3,CVE-2024-43799,Low,1,React,936285
send 0.15.4,CVE-2024-43799,Low,1,React,936285
send 0.15.6,CVE-2024-43799,Low,1,React,936285
send 0.16.1,CVE-2024-43799,Low,1,React,936285
serve-static 1.11.1,CVE-2024-43800,Low,1,React,936285
serve-static 1.12.3,CVE-2024-43800,Low,1,React,936285
serve-static 1.12.4,CVE-2024-43800,Low,1,React,936285
serve-static 1.13.1,CVE-2024-43800,Low,1,React,936285
webpack 5.82.1,CVE-2025-68157,Low,1,React,936285
webpack 5.82.1,CVE-2025-68458,Low,1,React,936285
webpack 5.93.0,CVE-2025-68157,Low,1,React,936285
webpack 5.93.0,CVE-2025-68458,Low,1,React,936285
diff 7.0.0,CVE-2026-24001,Low,6,"AngularJS, Commerce Software, Discourse, Emberjs, Ghost, Selenium",812697
send 0.18.0,CVE-2024-43799,Low,7,"Commerce Software, Emberjs, HHVM, Ionic Framework, Liferay, Selenium IDE, WooCommerce",762588
serve-static 1.15.0,CVE-2024-43800,Low,6,"Commerce Software, HHVM, Ionic Framework, Liferay, Selenium IDE, WooCommerce",743905
tmp 0.0.33,CVE-2025-54798,Low,10,"Apache Ambari, Discourse, Emberjs, Jahia, Less, Liferay, Live Helper Chat, Neos, Piwik, WooCommerce",684686
angular 1.6.10,CVE-2024-8372,Low,2,"AngularJS, Apache Hadoop",670532
angular 1.6.10,CVE-2024-8373,Low,2,"AngularJS, Apache Hadoop",670532
angular 1.6.10,CVE-2025-0716,Low,2,"AngularJS, Apache Hadoop",670532
cookie 0.5.0,CVE-2024-47764,Low,5,"Commerce Software, Ionic Framework, Liferay, Ravenjs, WooCommerce",643173
@tootallnate/once 1.1.2,CVE-2026-3449,Low,8,"Apollo Client, CloudStack, Countly, Ghost, Ionic Framework, Liferay, Ravenjs, WooCommerce",632874
qs 6.14.1,CVE-2026-2391,Low,4,"Apache Hadoop, HHVM, Liferay, WooCommerce",569998
angular 1.8.3,CVE-2024-8372,Low,2,"AngularJS, OrientDB",544745
angular 1.8.3,CVE-2024-8373,Low,2,"AngularJS, OrientDB",544745
angular 1.8.3,CVE-2025-0716,Low,2,"AngularJS, OrientDB",544745
tmp 0.0.30,CVE-2025-54798,Low,2,"Angular Material, AngularJS",543920
express 4.18.2,CVE-2024-43796,Low,5,"Commerce Software, HHVM, Ionic Framework, Liferay, WooCommerce",541246
angular 1.5.11,CVE-2024-8372,Low,1,AngularJS,540504
angular 1.5.11,CVE-2024-8373,Low,1,AngularJS,540504
angular 1.5.11,CVE-2025-0716,Low,1,AngularJS,540504
angular 1.7.9,CVE-2024-8372,Low,1,AngularJS,540504
angular 1.7.9,CVE-2024-8373,Low,1,AngularJS,540504
angular 1.7.9,CVE-2025-0716,Low,1,AngularJS,540504
send 0.16.2,CVE-2024-43799,Low,1,AngularJS,540504
serve-static 1.13.2,CVE-2024-43800,Low,1,AngularJS,540504
ip 2.0.0,CVE-2023-42282,Low,4,"Commerce Software, Liferay, WooCommerce, Zabbix",515913
uri 1.0.3,CVE-2025-61594,Low,2,"Opscode Chef, Ruby on Rails",462036
webpack 5.89.0,CVE-2025-68157,Low,3,"Commerce Software, Liferay, WooCommerce",458480
webpack 5.89.0,CVE-2025-68458,Low,3,"Commerce Software, Liferay, WooCommerce",458480
diff 5.1.0,CVE-2026-24001,Low,4,"HHVM, Liferay, Orchard CMS, WooCommerce",446294
min-document 2.19.0,CVE-2025-57352,Low,3,"Liferay, MediaElement js, WooCommerce",439526
cryptography 46.0.5,CVE-2026-34073,Low,4,"Ansible, DNS Server, Hbase, Selenium",435429
tmp 0.1.0,CVE-2025-54798,Low,3,"Discourse, Emberjs, WooCommerce",415077
loofah 2.25.0,N/A,Low,1,Ruby on Rails,403948
rexml 3.4.0,CVE-2025-58767,Low,1,Ruby on Rails,403948
sinatra 4.1.1,CVE-2025-61921,Low,1,Ruby on Rails,403948
trix 2.0.5,CVE-2025-46812,Low,1,Ruby on Rails,403948
formidable 2.1.2,CVE-2025-46653,Low,2,"Ghost, WooCommerce",392789
aws-sdk 2.1515.0,N/A,Low,1,WooCommerce,386951
brace-expansion 4.0.0,CVE-2025-5889,Low,1,WooCommerce,386951
fast-xml-parser 5.3.0,CVE-2026-27942,Low,1,WooCommerce,386951
qs 6.11.2,CVE-2026-2391,Low,1,WooCommerce,386951
undici 5.28.2,CVE-2024-24758,Low,1,WooCommerce,386951
undici 5.28.2,CVE-2024-30260,Low,1,WooCommerce,386951
undici 5.28.2,CVE-2024-30261,Low,1,WooCommerce,386951
undici 5.28.2,CVE-2025-47279,Low,1,WooCommerce,386951
webpack 5.99.7,CVE-2025-68157,Low,1,WooCommerce,386951
webpack 5.99.7,CVE-2025-68458,Low,1,WooCommerce,386951
pygments 2.19.2,CVE-2026-4539,Low,5,"Ansible, DNS Server, Selenium, Tornado, django CMS",364222
diff 5.0.0,CVE-2026-24001,Low,2,"Drupal, Piwik",335937
webpack 5.102.1,CVE-2025-68157,Low,3,"Drupal, Ghost, Meteor",316758
webpack 5.102.1,CVE-2025-68458,Low,3,"Drupal, Ghost, Meteor",316758
pygments 2.19.1,CVE-2026-4539,Low,3,"MongoDB, Node js, TensorFlow",279333
drupal/core 9.8.0,CVE-2024-55636,Low,1,Drupal,268561
drupal/core 9.8.0,CVE-2025-13080,Low,1,Drupal,268561
drupal/core 9.8.0,CVE-2025-13082,Low,1,Drupal,268561
drupal/core 9.8.0,CVE-2025-13083,Low,1,Drupal,268561
drupal/core 9.8.0,CVE-2025-31675,Low,1,Drupal,268561
drupal/core-recommended 9.8.0,CVE-2024-55636,Low,1,Drupal,268561
express 4.19.2,CVE-2024-43796,Low,2,"Ionic Framework, Selenium IDE",268365
clean-css 3.4.28,N/A,Low,4,"Apache Hadoop, Ghost, Neos, Ravenjs",240326
tmp 0.0.28,CVE-2025-54798,Low,7,"Apache Ambari, Apache Hadoop, Apache Tez, Commerce Software, Discourse, Emberjs, Neos",213795
hadoop-common 3.3.4,CVE-2024-23454,Low,3,"Alluxio, Apache Ambari, Apache Flink",189528
cryptography 44.0.2,CVE-2026-34073,Low,1,MongoDB,174761
flask 2.3.3,CVE-2026-27205,Low,1,MongoDB,174761
pyopenssl 25.0.0,CVE-2026-27448,Low,1,MongoDB,174761
chownr 1.0.1,CVE-2017-18869,Low,4,"Apache Ambari, Apache Hadoop, Apache Tez, Neos",166715
npm-user-validate 0.1.5,N/A,Low,3,"Apache Ambari, Apache Hadoop, Apache Tez",164626
guava 30.0-jre,CVE-2020-8908,Low,1,Apache Flink,159046
hadoop-common 2.10.2,CVE-2024-23454,Low,1,Apache Flink,159046
log4j-core @log4j.version@,CVE-2020-9488,Low,1,Apache Flink,159046
wiremock-jre8 2.32.0,CVE-2023-41329,Low,1,Apache Flink,159046
debug 0.7.4,CVE-2017-16137,Low,2,"Apache Ambari, Apache Hadoop",158358
debug 2.3.3,CVE-2017-16137,Low,2,"Apache Ambari, Apache Hadoop",158358
debug 1.0.2,CVE-2017-16137,Low,1,Apache Hadoop,130028
debug 1.0.3,CVE-2017-16137,Low,1,Apache Hadoop,130028
debug 1.0.4,CVE-2017-16137,Low,1,Apache Hadoop,130028
debug 2.1.0,CVE-2017-16137,Low,1,Apache Hadoop,130028
diff 2.2.3,CVE-2026-24001,Low,1,Apache Hadoop,130028
solr-core 8.11.2,CVE-2023-50292,Low,1,Apache Hadoop,130028
commons-configuration 1.10,CVE-2025-46392,Low,2,"CloudStack, Hive",122228
composer/composer 2.2.17,CVE-2025-67746,Low,1,Magento Commerce,115807
monolog/monolog 1.11.0,N/A,Low,1,Magento Commerce,115807
guava 16.0.1,CVE-2020-8908,Low,1,Hive,115545
guava 22.0,CVE-2020-8908,Low,1,Hive,115545
jetty-http 9.4.57.v20241219,CVE-2025-11143,Low,1,Hive,115545
wiremock-jre8-standalone 2.32.0,CVE-2023-41329,Low,1,Hive,115545
pygments 2.18.0,CVE-2026-4539,Low,1,TensorFlow,104572
torch 2.7.0,CVE-2025-2953,Low,1,TensorFlow,104572
ai 4.3.16,CVE-2025-48985,Low,1,Ravenjs,102371
astro 3.5.0,CVE-2025-64757,Low,1,Ravenjs,102371
astro 3.5.0,CVE-2026-33769,Low,1,Ravenjs,102371
devalue 4.3.3,N/A,Low,1,Ravenjs,102371
fast-xml-parser 5.3.6,CVE-2026-27942,Low,1,Ravenjs,102371
nuxt 3.17.7,CVE-2025-59414,Low,1,Ravenjs,102371
debug 4.1.1,CVE-2017-16137,Low,3,"Liferay, Meteor, Neos",97023
guava 11.0.2,CVE-2020-8908,Low,4,"Apache Ambari, Apache Oozie, Apache Phoenix, Apache Trafodion",93040
rexml 3.4.1,CVE-2025-58767,Low,2,"LocomotiveCMS, React Native",88252
logback-core 1.0.13,CVE-2024-12801,Low,1,SonarQube,87080
logback-core 1.0.13,CVE-2026-1225,Low,1,SonarQube,87080
@smithy/config-resolver 2.0.4,N/A,Low,1,Piwik,67376
aws-sdk 2.1441.0,N/A,Low,1,Piwik,67376
fast-xml-parser 4.2.5,CVE-2026-27942,Low,1,Piwik,67376
fast-xml-parser 4.5.0,CVE-2026-27942,Low,1,Piwik,67376
koa 2.7.0,CVE-2025-8129,Low,1,Piwik,67376
webpack 5.51.1,CVE-2025-68157,Low,1,Piwik,67376
webpack 5.51.1,CVE-2025-68458,Low,1,Piwik,67376
jetty-http @project.version@,CVE-2022-2047,Low,1,Jetty,65973
express 4.18.1,CVE-2024-43796,Low,1,Ionic Framework,65706
qs 6.10.3,CVE-2026-2391,Low,1,Ionic Framework,65706
webpack 5.73.0,CVE-2025-68157,Low,1,Ionic Framework,65706
webpack 5.73.0,CVE-2025-68458,Low,1,Ionic Framework,65706
guava 14.0.1,CVE-2020-8908,Low,2,"Alluxio, Apache Oozie",61994
hadoop-common 2.8.5,CVE-2024-23454,Low,2,"Apache Oozie, GridGain",61320
hive-exec 1.2.2,CVE-2018-1284,Low,1,Apache Oozie,59842
jetty-http 9.4.44.v20210927,CVE-2022-2047,Low,1,Apache Oozie,59842
jetty-http 9.4.44.v20210927,CVE-2025-11143,Low,1,Apache Oozie,59842
jetty-server 9.4.44.v20210927,CVE-2023-26049,Low,1,Apache Oozie,59842
mysql-connector-java 5.1.34,CVE-2017-3589,Low,1,Apache Oozie,59842
xmlunit-core 2.3.0,CVE-2024-31573,Low,1,Apache Oozie,59842
firebase/php-jwt v6.10.0,CVE-2025-45769,Low,1,Zabbix,57433
logback-core 1.5.16,CVE-2026-1225,Low,1,Zabbix,57433
semver-regex 1.0.0,CVE-2021-43307,Low,2,"Liferay, Neos",54664
brace-expansion 1.1.8,CVE-2025-5889,Low,1,Liferay,52575
es5-ext 0.10.62,CVE-2024-27088,Low,1,Liferay,52575
fast-xml-parser 4.4.1,CVE-2026-27942,Low,1,Liferay,52575
guava 13.0,CVE-2020-8908,Low,1,Liferay,52575
guava 18.0,CVE-2020-8908,Low,1,Liferay,52575
jetty-http 8.1.8.v20121106,CVE-2022-2047,Low,1,Liferay,52575
jetty-server 8.1.8.v20121106,CVE-2021-34428,Low,1,Liferay,52575
jetty-server 8.1.8.v20121106,CVE-2023-26049,Low,1,Liferay,52575
jetty-xml 8.1.8.v20121106,N/A,Low,1,Liferay,52575
marked 0.6.3,N/A,Low,1,Liferay,52575
qs 6.11.1,CVE-2026-2391,Low,1,Liferay,52575
qs 6.7.3,CVE-2026-2391,Low,1,Liferay,52575
qs 6.9.6,CVE-2026-2391,Low,1,Liferay,52575
sassdoc-extras 2.5.1,CVE-2025-57326,Low,1,Liferay,52575
shiro-core 1.1.0,CVE-2026-23901,Low,1,Liferay,52575
spring-context 4.1.2.RELEASE,CVE-2025-22233,Low,1,Liferay,52575
spring-context 4.1.9.RELEASE,CVE-2025-22233,Low,1,Liferay,52575
tmp 0.2.1,CVE-2025-54798,Low,1,Liferay,52575
undici 5.0.0,CVE-2022-31151,Low,1,Liferay,52575
undici 5.0.0,CVE-2023-45143,Low,1,Liferay,52575
undici 5.0.0,CVE-2024-24758,Low,1,Liferay,52575
undici 5.0.0,CVE-2024-30260,Low,1,Liferay,52575
undici 5.0.0,CVE-2024-30261,Low,1,Liferay,52575
undici 5.0.0,CVE-2025-47279,Low,1,Liferay,52575
vite 3.2.7,CVE-2025-58751,Low,1,Liferay,52575
vite 3.2.7,CVE-2025-58752,Low,1,Liferay,52575
vite 4.4.7,CVE-2025-58751,Low,1,Liferay,52575
vite 4.4.7,CVE-2025-58752,Low,1,Liferay,52575
vite 4.4.9,CVE-2025-58751,Low,1,Liferay,52575
vite 4.4.9,CVE-2025-58752,Low,1,Liferay,52575
vite 4.5.1,CVE-2025-58751,Low,1,Liferay,52575
vite 4.5.1,CVE-2025-58752,Low,1,Liferay,52575
vite 4.5.14,CVE-2025-58751,Low,1,Liferay,52575
vite 4.5.14,CVE-2025-58752,Low,1,Liferay,52575
webpack 5.88.2,CVE-2025-68157,Low,1,Liferay,52575
webpack 5.88.2,CVE-2025-68458,Low,1,Liferay,52575
logback-core 1.5.9,CVE-2024-12801,Low,1,Neo4j,51288
logback-core 1.5.9,CVE-2026-1225,Low,1,Neo4j,51288
neo4j 5.26.0,CVE-2026-1337,Low,1,Neo4j,51288
shiro-core 2.0.1,CVE-2026-23901,Low,1,Neo4j,51288
wiremock-jre8-standalone 2.35.0,CVE-2023-41329,Low,1,Neo4j,51288
github.com/docker/docker v24.0.0-rc.2.0.20230908212318-6ce5aa1cd5a4+incompatible,CVE-2025-54410,Low,1,Swarm,43748
logback-core 1.3.15,CVE-2026-1225,Low,1,Apache Zookeeper,42493
aws-sdk 2.572.0,N/A,Low,1,Meteor,42359
elliptic 6.5.5,CVE-2024-42459,Low,1,Meteor,42359
elliptic 6.5.5,CVE-2024-42460,Low,1,Meteor,42359
elliptic 6.5.5,CVE-2024-42461,Low,1,Meteor,42359
elliptic 6.5.5,CVE-2024-48948,Low,1,Meteor,42359
elliptic 6.5.5,CVE-2024-48949,Low,1,Meteor,42359
elliptic 6.5.5,CVE-2025-14505,Low,1,Meteor,42359
diff 1.4.0,CVE-2026-24001,Low,3,"Apache Ambari, Apache Tez, Ghost",40436
activesupport 4.2.11.1,CVE-2023-22796,Low,2,"Apache Mesos, Marathon",40271
@keycloak/keycloak-admin-client 26.0.0,CVE-2026-2366,Low,1,Commerce Software,35570
fast-xml-parser 5.0.9,CVE-2026-27942,Low,1,Commerce Software,35570
symfony/symfony v4.4.32,CVE-2024-50342,Low,1,Commerce Software,35570
symfony/symfony v4.4.32,CVE-2024-50343,Low,1,Commerce Software,35570
twig/twig v3.3.8,CVE-2024-51754,Low,1,Commerce Software,35570
twig/twig v3.3.8,CVE-2024-51755,Low,1,Commerce Software,35570
webpack 5.95.0,CVE-2025-68157,Low,1,Commerce Software,35570
webpack 5.95.0,CVE-2025-68458,Low,1,Commerce Software,35570
clean-css 2.2.23,N/A,Low,2,"Apache Ambari, Apache Tez",34598
es5-ext 0.10.15,CVE-2024-27088,Low,2,"Apache Ambari, Apache Tez",34598
express 4.15.2,CVE-2024-43796,Low,2,"Apache Ambari, Apache Tez",34598
send 0.15.1,CVE-2024-43799,Low,2,"Apache Ambari, Apache Tez",34598
serve-static 1.12.1,CVE-2024-43800,Low,2,"Apache Ambari, Apache Tez",34598
webpack 5.99.8,CVE-2025-68157,Low,2,"Angular Material, Rundeck",30630
webpack 5.99.8,CVE-2025-68458,Low,2,"Angular Material, Rundeck",30630
commons-configuration 1.6,CVE-2025-46392,Low,3,"Apache Ambari, Apache Giraph, Apache Trafodion",28845
brace-expansion 1.1.7,CVE-2025-5889,Low,1,Apache Ambari,28330
clean-css 0.8.3,N/A,Low,1,Apache Ambari,28330
clean-css 2.0.8,N/A,Low,1,Apache Ambari,28330
clean-css 3.4.25,N/A,Low,1,Apache Ambari,28330
connect 1.9.2,CVE-2013-7370,Low,1,Apache Ambari,28330
cookie 0.1.0,CVE-2024-47764,Low,1,Apache Ambari,28330
debug 2.1.3,CVE-2017-16137,Low,1,Apache Ambari,28330
debug 2.6.1,CVE-2017-16137,Low,1,Apache Ambari,28330
debug 2.6.3,CVE-2017-16137,Low,1,Apache Ambari,28330
debug 2.6.4,CVE-2017-16137,Low,1,Apache Ambari,28330
debug 2.6.6,CVE-2017-16137,Low,1,Apache Ambari,28330
express 2.5.8,CVE-2024-43796,Low,1,Apache Ambari,28330
express 3.3.8,CVE-2024-43796,Low,1,Apache Ambari,28330
guava 27.0-jre,CVE-2020-8908,Low,1,Apache Ambari,28330
hadoop-common 2.2.0,CVE-2024-23454,Low,1,Apache Ambari,28330
hadoop-common 2.7.7,CVE-2024-23454,Low,1,Apache Ambari,28330
logback-core 1.2.13,CVE-2024-12801,Low,1,Apache Ambari,28330
logback-core 1.2.13,CVE-2026-1225,Low,1,Apache Ambari,28330
send 0.1.4,CVE-2014-6394,Low,1,Apache Ambari,28330
send 0.1.4,CVE-2024-43799,Low,1,Apache Ambari,28330
spring-context 4.0.5.RELEASE,CVE-2025-22233,Low,1,Apache Ambari,28330
spring-context 6.0.23,CVE-2025-22233,Low,1,Apache Ambari,28330
spring-webmvc 6.0.23,CVE-2026-22735,Low,1,Apache Ambari,28330
tmp 0.0.24,CVE-2025-54798,Low,1,Apache Ambari,28330
tmp 0.0.31,CVE-2025-54798,Low,1,Apache Ambari,28330
guava 29.0-jre,CVE-2020-8908,Low,1,Apache Flume,28178
hadoop-common 3.2.2,CVE-2024-23454,Low,1,Apache Flume,28178
vue 2.7.16,CVE-2024-9506,Low,1,Concrete5,28024
pygments 2.7.4,CVE-2026-4539,Low,1,Apache Mesos,27494
rack 1.6.12,CVE-2024-26141,Low,1,Apache Mesos,27494
rack 1.6.12,CVE-2024-26146,Low,1,Apache Mesos,27494
snowflake-jdbc 4.0.1,CVE-2026-3293,Low,1,Liquibase,25920
symfony/http-foundation v6.4.3,CVE-2024-50345,Low,1,Commerce Software,18954
webpack 5.98.0,CVE-2025-68157,Low,2,"Apollo Client, Druid",18735
webpack 5.98.0,CVE-2025-68458,Low,2,"Apollo Client, Druid",18735
diff 1.0.8,CVE-2026-24001,Low,1,Emberjs,18683
postgresql 42.1.1.jre7,CVE-2022-26520,Low,1,Jython,18048
vue 2.7.14,CVE-2024-9506,Low,1,EllisLab ExpressionEngine,16978
mysql-connector-java 5.1.15,CVE-2017-3589,Low,1,GlassFish,15250
logback-core 1.3.16,CVE-2026-1225,Low,1,Apache Drill,14544
aiohttp 3.5.4,CVE-2021-21330,Low,1,Marathon,12777
aiohttp 3.5.4,CVE-2023-47641,Low,1,Marathon,12777
aiohttp 3.5.4,CVE-2025-53643,Low,1,Marathon,12777
aiohttp 3.5.4,CVE-2025-69224,Low,1,Marathon,12777
aiohttp 3.5.4,CVE-2025-69225,Low,1,Marathon,12777
aiohttp 3.5.4,CVE-2025-69226,Low,1,Marathon,12777
aiohttp 3.5.4,CVE-2025-69230,Low,1,Marathon,12777
cryptography 2.7,CVE-2026-34073,Low,1,Marathon,12777
cryptography 2.7,N/A,Low,1,Marathon,12777
pygments 2.4.2,CVE-2026-4539,Low,1,Marathon,12777
com.liferay.portal.kernel 2.0.0,CVE-2025-43792,Low,1,Vaadin,12500
log4j-core 2.8.2,CVE-2020-9488,Low,1,Vaadin,12500
next 15.2.1,CVE-2025-48068,Low,1,Apollo Client,11501
vite 4.5.9,CVE-2025-58751,Low,1,Apollo Client,11501
vite 4.5.9,CVE-2025-58752,Low,1,Apollo Client,11501
vite 6.2.0,CVE-2025-58751,Low,1,Apollo Client,11501
vite 6.2.0,CVE-2025-58752,Low,1,Apollo Client,11501
webpack 5.66.0,CVE-2025-68157,Low,1,Open Web Analytics,10658
webpack 5.66.0,CVE-2025-68458,Low,1,Open Web Analytics,10658
webpack 5.99.9,CVE-2025-68157,Low,1,Discourse,9443
webpack 5.99.9,CVE-2025-68458,Low,1,Discourse,9443
next 14.1.3,CVE-2025-32421,Low,1,Quill,8304
next 14.1.3,CVE-2025-48068,Low,1,Quill,8304
webpack 5.90.3,CVE-2025-68157,Low,1,Quill,8304
webpack 5.90.3,CVE-2025-68458,Low,1,Quill,8304
fast-xml-parser 4.5.3,CVE-2026-27942,Low,2,"Druid, ReDoc",7796
hadoop-common 3.3.6,CVE-2024-23454,Low,2,"Cask Data Application Platform, Druid",7731
sweetalert2 11.4.26,N/A,Low,1,NopCommerce,7599
ip 1.1.8,CVE-2023-42282,Low,2,"Bolt, CloudStack",7522
jetty-http 12.0.30,CVE-2025-11143,Low,1,Druid,7234
guava 31.1-jre,CVE-2020-8908,Low,2,"Cask Data Application Platform, CloudStack",7180
@eslint/plugin-kit 0.2.5,N/A,Low,1,dotCMS,6867
next 14.0.4,CVE-2025-32421,Low,1,dotCMS,6867
next 14.0.4,CVE-2025-48068,Low,1,dotCMS,6867
next 14.2.16,CVE-2025-32421,Low,1,dotCMS,6867
next 14.2.16,CVE-2025-48068,Low,1,dotCMS,6867
undici 5.28.4,CVE-2025-47279,Low,1,dotCMS,6867
webpack 5.64.0,CVE-2025-68157,Low,1,dotCMS,6867
webpack 5.64.0,CVE-2025-68458,Low,1,dotCMS,6867
fast-xml-parser 4.3.0,CVE-2026-27942,Low,1,CloudStack,6683
spring-context 5.3.26,CVE-2025-22233,Low,1,CloudStack,6683
brace-expansion 1.1.6,CVE-2025-5889,Low,1,Apache Tez,6268
@smithy/config-resolver 4.1.5,N/A,Low,1,Ghost,5838
fast-xml-parser 5.2.5,CVE-2026-27942,Low,1,Ghost,5838
nodemailer 6.10.1,N/A,Low,1,Ghost,5838
undici 5.22.1,CVE-2023-45143,Low,1,Ghost,5838
undici 5.22.1,CVE-2024-24758,Low,1,Ghost,5838
undici 5.22.1,CVE-2024-30260,Low,1,Ghost,5838
undici 5.22.1,CVE-2024-30261,Low,1,Ghost,5838
undici 5.22.1,CVE-2025-47279,Low,1,Ghost,5838
angular 0.0.0-use.local,CVE-2024-8373,Low,1,GoCD,5479
angular 0.0.0-use.local,CVE-2025-0716,Low,1,GoCD,5479
es5-ext 0.10.61,CVE-2024-27088,Low,1,Jahia,4763
shiro-core 1.13.0,CVE-2026-23901,Low,1,Jahia,4763
spring-context 3.2.18.RELEASE_OSGI,CVE-2025-22233,Low,1,Jahia,4763
xmlunit-core 2.8.2,CVE-2024-31573,Low,1,Jahia,4763
firebase/php-jwt v6.5.0,CVE-2025-45769,Low,1,Cacti,4302
angular 1.5.9,CVE-2024-8372,Low,1,OrientDB,4241
angular 1.5.9,CVE-2024-8373,Low,1,OrientDB,4241
angular 1.5.9,CVE-2025-0716,Low,1,OrientDB,4241
guava 22.0-android,CVE-2020-8908,Low,1,Weka,4230
pypa/gh-action-pypi-publish release/v1,N/A,Low,3,"Pelican, Tornado, django CMS",4134
git2 0.20.2,N/A,Low,1,Rust,4040
tracing-subscriber 0.3.17,CVE-2025-58160,Low,1,Rust,4040
tracing-subscriber 0.3.18,CVE-2025-58160,Low,1,Rust,4040
tracing-subscriber 0.3.19,CVE-2025-58160,Low,1,Rust,4040
certifi 2023.11.17,CVE-2024-39689,Low,1,OpenBSD,3695
certifi 2024.2.2,CVE-2024-39689,Low,1,OpenBSD,3695
cryptography 42.0.5,CVE-2024-12797,Low,1,OpenBSD,3695
cryptography 42.0.5,CVE-2026-34073,Low,1,OpenBSD,3695
pygments 2.17.2,CVE-2026-4539,Low,1,OpenBSD,3695
vite 6.3.5,CVE-2025-58751,Low,1,Angular Material,3416
vite 6.3.5,CVE-2025-58752,Low,1,Angular Material,3416
vite 7.1.2,CVE-2025-58751,Low,1,Angular Material,3416
vite 7.1.2,CVE-2025-58752,Low,1,Angular Material,3416
webpack 5.101.2,CVE-2025-68157,Low,1,Angular Material,3416
webpack 5.101.2,CVE-2025-68458,Low,1,Angular Material,3416
activesupport 4.2.10,CVE-2023-22796,Low,1,Capistrano,3189
guava 14.0,CVE-2020-8908,Low,1,Apache Kylin,3107
hadoop-common 2.10.1,CVE-2024-23454,Low,1,Apache Kylin,3107
kafka_2.12 2.8.2,CVE-2024-56128,Low,1,Apache Kylin,3107
spring-webmvc 5.3.31,CVE-2026-22735,Low,1,Apache Kylin,3107
tomcat-embed-core 9.0.90,CVE-2025-31651,Low,1,Apache Kylin,3107
tomcat-embed-core 9.0.90,CVE-2025-46701,Low,1,Apache Kylin,3107
tomcat-embed-core 9.0.90,CVE-2025-55754,Low,1,Apache Kylin,3107
tomcat-embed-core 9.0.90,CVE-2025-61795,Low,1,Apache Kylin,3107
tomcat-embed-core 9.0.90,CVE-2026-24733,Low,1,Apache Kylin,3107
webpack 5.103.0,CVE-2025-68157,Low,1,Live Helper Chat,2851
webpack 5.103.0,CVE-2025-68458,Low,1,Live Helper Chat,2851
webpack 5.104.0,CVE-2025-68458,Low,1,Live Helper Chat,2851
flask 1.0,CVE-2026-27205,Low,1,Formspree,2846
werkzeug 0.14.1,CVE-2023-23934,Low,1,Formspree,2846
webpack 5.74.0,CVE-2025-68157,Low,2,"Neos, Thelia",2228
webpack 5.74.0,CVE-2025-68458,Low,2,"Neos, Thelia",2228
activesupport 4.1.10,CVE-2023-22796,Low,1,Apache PredictionIO,2177
rack 1.6.0,CVE-2024-26141,Low,1,Apache PredictionIO,2177
rack 1.6.0,CVE-2024-26146,Low,1,Apache PredictionIO,2177
guava 31.0.1-jre,CVE-2020-8908,Low,1,Alluxio,2152
jetty-server 9.4.46.v20220331,CVE-2023-26049,Low,1,Alluxio,2152
k8s.io/kubernetes v1.15.4,CVE-2020-8562,Low,1,Alluxio,2152
k8s.io/kubernetes v1.15.4,CVE-2021-25740,Low,1,Alluxio,2152
k8s.io/kubernetes v1.15.4,CVE-2021-25743,Low,1,Alluxio,2152
k8s.io/kubernetes v1.15.4,CVE-2024-3177,Low,1,Alluxio,2152
bin-links 1.1.2,N/A,Low,1,Neos,2089
certifi 2023.7.22,CVE-2024-39689,Low,1,Neos,2089
elliptic 6.4.1,CVE-2024-42459,Low,1,Neos,2089
elliptic 6.4.1,CVE-2024-42460,Low,1,Neos,2089
elliptic 6.4.1,CVE-2024-42461,Low,1,Neos,2089
elliptic 6.4.1,CVE-2024-48948,Low,1,Neos,2089
elliptic 6.4.1,CVE-2024-48949,Low,1,Neos,2089
elliptic 6.4.1,CVE-2025-14505,Low,1,Neos,2089
elliptic 6.5.3,CVE-2024-42459,Low,1,Neos,2089
elliptic 6.5.3,CVE-2024-42460,Low,1,Neos,2089
elliptic 6.5.3,CVE-2024-42461,Low,1,Neos,2089
elliptic 6.5.3,CVE-2024-48948,Low,1,Neos,2089
elliptic 6.5.3,CVE-2024-48949,Low,1,Neos,2089
elliptic 6.5.3,CVE-2025-14505,Low,1,Neos,2089
es5-ext 0.10.49,CVE-2024-27088,Low,1,Neos,2089
npm-user-validate 1.0.0,N/A,Low,1,Neos,2089
pygments 2.16.1,CVE-2026-4539,Low,1,Neos,2089
guava 25.1-jre,CVE-2020-8908,Low,2,"Cask Data Application Platform, GridGain",1975
symfony/http-client v4.4.51,CVE-2024-50342,Low,1,Grav,1865
twig/twig v1.44.8,CVE-2024-51754,Low,1,Grav,1865
twig/twig v1.44.8,CVE-2024-51755,Low,1,Grav,1865
symfony/http-foundation v5.4.9,CVE-2024-50345,Low,1,PyroCMS,1513
twig/twig v2.15.1,CVE-2024-51754,Low,1,PyroCMS,1513
twig/twig v2.15.1,CVE-2024-51755,Low,1,PyroCMS,1513
hadoop-common 2.9.2,CVE-2024-23454,Low,1,GridGain,1478
hadoop-common 3.3.2,CVE-2024-23454,Low,1,GridGain,1478
spring-context 5.3.39,CVE-2025-22233,Low,1,GridGain,1478
logback-core 1.2.3,CVE-2024-12801,Low,1,ZK,1472
logback-core 1.2.3,CVE-2026-1225,Low,1,ZK,1472
spring-context 5.2.15.RELEASE,CVE-2025-22233,Low,1,ZK,1472
nodemailer 8.0.2,N/A,Low,1,Countly,1249
commons-configuration 1.7,CVE-2025-46392,Low,1,Apache Chukwa,914
commons-fileupload 1.2,CVE-2013-0248,Low,1,Apache Chukwa,914
guava 12.0.1,CVE-2020-8908,Low,1,Apache Chukwa,914
hadoop-common 2.7.2,CVE-2024-23454,Low,1,Apache Chukwa,914
shiro-core 1.2.3,CVE-2026-23901,Low,1,Apache Chukwa,914
vue 2.7.15,CVE-2024-9506,Low,1,Bolt,839
log4j-core 2.1,CVE-2020-9488,Low,1,Apache MINA,707
hadoop-common 2.6.0,CVE-2024-23454,Low,1,Apache Apex,643
guava 13.0.1,CVE-2020-8908,Low,1,Cask Data Application Platform,497
guava 20.0,CVE-2020-8908,Low,1,Cask Data Application Platform,497
hadoop-common 2.3.0,CVE-2024-23454,Low,1,Cask Data Application Platform,497
kafka_2.12 0.10.2.2,CVE-2024-56128,Low,1,Cask Data Application Platform,497
logback-core 1.2.11,CVE-2024-12801,Low,1,Cask Data Application Platform,497
logback-core 1.2.11,CVE-2026-1225,Low,1,Cask Data Application Platform,497
logback-core 1.2.8,CVE-2024-12801,Low,1,Cask Data Application Platform,497
logback-core 1.2.8,CVE-2026-1225,Low,1,Cask Data Application Platform,497
netty-codec-http 4.1.75.Final,CVE-2025-58056,Low,1,Cask Data Application Platform,497
guava 21.0,CVE-2020-8908,Low,1,Apache Giraph,481
guava 19.0,CVE-2020-8908,Low,1,HHVM,444
"guava [32.0.0-android,)",CVE-2020-8908,Low,1,HHVM,444
github.com/golang-jwt/jwt/v4 v4.4.2,CVE-2024-51744,Low,1,Sensu,380
certifi 2022.12.7,CVE-2024-39689,Low,1,netBSD,324
pygments 2.14.0,CVE-2026-4539,Low,1,netBSD,324
cryptography 46.0.4,CVE-2026-34073,Low,1,DNS Server,248
actionview 7.1.5.1,CVE-2026-33168,Low,1,LocomotiveCMS,244
activestorage 7.1.5.1,CVE-2026-33658,Low,1,LocomotiveCMS,244
debug 4.2.0,CVE-2017-16137,Low,1,LocomotiveCMS,244
react-draft-wysiwyg 1.14.5,CVE-2025-3191,Low,1,LocomotiveCMS,244
symfony/http-foundation v3.0.9,CVE-2024-50345,Low,1,Pagekit,190
twig/twig v1.31.0,CVE-2019-9942,Low,1,Pagekit,190
twig/twig v1.31.0,CVE-2024-51754,Low,1,Pagekit,190
twig/twig v1.31.0,CVE-2024-51755,Low,1,Pagekit,190
xwiki-platform-oldcore [18.3.0-SNAPSHOT],CVE-2020-15171,Low,1,XWiki,82
cryptography 3.4.8,CVE-2026-34073,Low,1,Odoo Website Builder,75
cryptography 3.4.8,N/A,Low,1,Odoo Website Builder,75
cryptography 42.0.8,CVE-2024-12797,Low,1,Odoo Website Builder,75
cryptography 42.0.8,CVE-2026-34073,Low,1,Odoo Website Builder,75
pyopenssl 21.0.0,CVE-2026-27448,Low,1,Odoo Website Builder,75
pyopenssl 24.1.0,CVE-2026-27448,Low,1,Odoo Website Builder,75
pypdf 5.4.0,CVE-2026-22690,Low,1,Odoo Website Builder,75
pypdf 5.4.0,CVE-2026-22691,Low,1,Odoo Website Builder,75
pypdf 5.4.0,CVE-2026-27628,Low,1,Odoo Website Builder,75
werkzeug 2.0.2,CVE-2023-23934,Low,1,Odoo Website Builder,75
werkzeug 2.2.2,CVE-2023-23934,Low,1,Odoo Website Builder,75
webpack 5.101.3,CVE-2025-68157,Low,1,Shopsys Framework,39
webpack 5.101.3,CVE-2025-68458,Low,1,Shopsys Framework,39
jetty-server 9.2.10.v20150310,CVE-2021-34428,Low,1,Apache Trafodion,34
jetty-server 9.2.10.v20150310,CVE-2023-26049,Low,1,Apache Trafodion,34
composer/composer 2.7.7,CVE-2025-67746,Low,1,cube net,0
jetty-http 11.0.25,CVE-2025-11143,Low,1,JBoss Enterprise Application Server  EAS ,0
keycloak-services 25.0.6,CVE-2025-12150,Low,1,JBoss Enterprise Application Server  EAS ,0
keycloak-services 25.0.6,CVE-2025-13881,Low,1,JBoss Enterprise Application Server  EAS ,0
keycloak-services 25.0.6,CVE-2025-14082,Low,1,JBoss Enterprise Application Server  EAS ,0
keycloak-services 25.0.6,CVE-2025-14083,Low,1,JBoss Enterprise Application Server  EAS ,0
keycloak-services 25.0.6,CVE-2026-1035,Low,1,JBoss Enterprise Application Server  EAS ,0
keycloak-services 25.0.6,CVE-2026-1190,Low,1,JBoss Enterprise Application Server  EAS ,0
keycloak-services 25.0.6,CVE-2026-2733,Low,1,JBoss Enterprise Application Server  EAS ,0
keycloak-services 25.0.6,CVE-2026-3911,Low,1,JBoss Enterprise Application Server  EAS ,0
keycloak-services 25.0.6,CVE-2026-4633,Low,1,JBoss Enterprise Application Server  EAS ,0
keycloak-services 25.0.6,CVE-2026-4874,Low,1,JBoss Enterprise Application Server  EAS ,0
koa 2.16.1,CVE-2025-8129,Low,1,Node js,0
pygments 2.15.1,CVE-2026-4539,Low,1,H20 ai,0
twig/twig v3.8.0,CVE-2024-51754,Low,1,cube net,0
twig/twig v3.8.0,CVE-2024-51755,Low,1,cube net,0
