repo_url,VendorName,Product,ProductCategory,Total Sites,US Sites,Total Enterprises,Enterprises in US,gh_stars,gh_forks,gh_open_issues,gh_watchers,gh_language,gh_created_at,gh_updated_at,gh_pushed_at,gh_default_branch,gh_license,gh_archived,gh_size_kb,sbom_file,vuln_file,total_libraries,unique_libraries,syft_languages,syft_pkg_types,unique_lib_versions,vuln_lib_count,pct_libs_vulnerable,total_vulns,unique_cves,critical,high,medium,low,fixable,not_fixed,avg_cvss,max_cvss,avg_risk,max_risk,avg_epss,max_epss,grype_languages,grype_pkg_types,cwes,pct_fixable,pct_enterprises,active
https://github.com/Alluxio/alluxio,Alluxio Inc.,Alluxio,Big Data Processing,9096,4153,2152.0,832,7172.0,2948.0,1039.0,433.0,Java,2012-12-21T17:43:46Z,2026-03-30T00:00:46Z,2025-04-29 16:46:58+00:00,main,Apache-2.0,False,205633.0,,,544.0,440.0,go; java,github-action; go-module; java-archive,498.0,38.0,8.64,363.0,98.0,30.0,170.0,149.0,14.0,356.0,7.0,6.79,10.0,3.61,78.75,0.05,0.94,go; java,go-module; java-archive,CWE-114; CWE-115; CWE-119; CWE-120; CWE-121; CWE-121; CWE-502; CWE-125; CWE-1286; CWE-1287; CWE-20; CWE-1287; NVD-CWE-Other; CWE-129; CWE-150; NVD-CWE-Other; CWE-190; CWE-20; CWE-200; CWE-201; CWE-203; CWE-20; CWE-552; CWE-20; CWE-776; CWE-22; CWE-23; CWE-252; CWE-269; CWE-276; CWE-283; CWE-285; CWE-287; CWE-755; CWE-295; CWE-295; CWE-297; CWE-330; CWE-347; CWE-354; CWE-362; CWE-367; CWE-372; NVD-CWE-Other; CWE-378; CWE-378; CWE-732; CWE-400; CWE-400; CWE-674; CWE-787; CWE-400; CWE-770; CWE-404; CWE-407; CWE-420; NVD-CWE-Other; CWE-436; CWE-440; NVD-CWE-Other; CWE-441; CWE-610; CWE-444; CWE-476; CWE-502; CWE-532; CWE-552; CWE-59; CWE-59; CWE-61; CWE-601; CWE-639; CWE-668; CWE-674; CWE-682; CWE-73; CWE-74; CWE-74; CWE-94; CWE-77; CWE-770; CWE-770; CWE-789; CWE-772; CWE-79; CWE-835; CWE-863; CWE-918; CWE-94; NVD-CWE-Other,98.07,0.01,False
https://github.com/Ametys/runtime,Ametys,Ametys,Web Content Management Systems,535,0,311.0,0,1.0,0.0,0.0,2.0,CSS,2016-11-16T19:06:43Z,2016-11-17T09:26:18Z,2016-11-16 19:18:27+00:00,master,Apache-2.0,False,79746.0,,,,,,,,,,,,,,,,,,,,,,,,,,,,0.0,False
https://github.com/Automattic/jetpack,Jetpack,JetPack,Other Web Tools & Plugins,286504,158942,179352.0,78568,1795.0,865.0,2686.0,212.0,PHP,2013-12-16T16:43:01Z,2026-03-30T17:35:56Z,2026-03-30 17:43:49+00:00,trunk,NOASSERTION,False,701735.0,,,3297.0,2522.0,javascript; php,github-action; npm; php-composer,2890.0,2.0,0.08,2.0,2.0,0.0,1.0,1.0,0.0,2.0,0.0,6.7,7.5,0.01,0.03,0.0,0.0,javascript,npm,CWE-1333,100.0,0.43,True
https://github.com/Automattic/liveblog,WordPress,Liveblog,Application Development Tools,4,1,4.0,1,314.0,124.0,31.0,132.0,PHP,2012-06-04T03:14:54Z,2026-03-30T12:15:29Z,2026-03-30 12:15:27+00:00,develop,GPL-2.0,False,45530.0,,,212.0,190.0,javascript,github-action; npm,199.0,2.0,1.05,7.0,4.0,0.0,6.0,1.0,0.0,7.0,0.0,7.7,8.7,0.02,0.03,0.0,0.0,javascript,npm,CWE-1333; CWE-400; CWE-407,100.0,0.0,True
https://github.com/CONTENIDO/CONTENIDO,four for business AG,CONTENIDO,Web Content Management Systems,1257,38,1027.0,12,17.0,12.0,40.0,8.0,PHP,2019-09-07T10:37:39Z,2026-03-28T09:22:55Z,2026-03-28 09:22:51+00:00,develop,NOASSERTION,False,51756.0,,,2.0,2.0,java,java-archive,2.0,0.0,0.0,,,,,,,,,,,,,,,,,,,0.0,False
https://github.com/Cacti/cacti,The Cacti Group Inc.,Cacti,IT Infrastructure & Ops Management,26333,15973,4302.0,1264,1815.0,438.0,207.0,119.0,PHP,2015-01-19T05:36:15Z,2026-03-30T03:16:24Z,2026-03-30 17:22:57+00:00,develop,GPL-2.0,False,301314.0,,,140.0,123.0,javascript; php,github-action; npm; php-composer,126.0,6.0,4.88,8.0,8.0,0.0,3.0,3.0,2.0,8.0,0.0,6.18,8.7,0.03,0.06,0.0,0.0,javascript; php,npm; php-composer,CWE-1321; CWE-1333; CWE-20; CWE-326; CWE-776,100.0,0.01,True
https://github.com/Countly/countly-server,Countly,Countly,Web Analytics,2426,346,1249.0,155,5841.0,980.0,37.0,213.0,JavaScript,2012-05-28T18:48:40Z,2026-03-30T08:22:54Z,2026-03-30 11:00:43+00:00,master,NOASSERTION,False,744127.0,,,1364.0,891.0,javascript,github-action; npm,1070.0,9.0,1.01,31.0,19.0,0.0,22.0,6.0,3.0,31.0,0.0,7.03,8.8,0.02,0.06,0.0,0.0,javascript,npm,CWE-1321; CWE-1333; CWE-176; CWE-352; CWE-367; CWE-20; CWE-347; CWE-22; CWE-22; CWE-59; CWE-295; CWE-347; CWE-400; CWE-407; CWE-705; CWE-835,100.0,0.0,True
https://github.com/EC-CUBE/ec-cube,ec-cube.net,EC-CUBE,E-Commerce Platform/Software,1517,9,1436.0,9,784.0,711.0,505.0,89.0,PHP,2014-11-28T02:58:26Z,2026-03-30T03:49:31Z,2026-03-30 02:52:47+00:00,4.3,NOASSERTION,False,198676.0,,,393.0,321.0,javascript; php,github-action; github-action-workflow; npm; php-composer,328.0,4.0,1.25,7.0,6.0,0.0,2.0,2.0,3.0,7.0,0.0,5.06,8.5,0.03,0.09,0.0,0.0,javascript; php,npm; php-composer,CWE-647; CWE-668; CWE-693; NVD-CWE-Other; CWE-74,100.0,0.0,True
https://github.com/Exim/exim,EXIM,Mail Server,Email Software,252,62,117.0,27,780.0,189.0,26.0,69.0,C,2011-11-18T10:56:08Z,2026-03-29T18:27:46Z,2025-12-29 00:15:32+00:00,master,,True,86671.0,,,,,,,,,,,,,,,,,,,,,,,,,,,,0.0,False
https://github.com/ExpressionEngine/ExpressionEngine,EllisLab,EllisLab ExpressionEngine,Web Content Management Systems,45542,34898,16978.0,9888,499.0,132.0,426.0,27.0,PHP,2018-11-12T23:49:23Z,2026-03-30T06:10:25Z,2026-03-30 12:32:37+00:00,7.dev,NOASSERTION,False,366163.0,,,495.0,451.0,javascript; php,github-action; npm; php-composer,456.0,23.0,5.1,37.0,34.0,3.0,16.0,13.0,5.0,36.0,1.0,6.69,9.8,5.31,84.52,0.06,0.92,javascript; php,github-action; npm; php-composer,CWE-1050; CWE-400; CWE-1321; CWE-1321; CWE-770; CWE-1333; CWE-1333; CWE-400; CWE-20; CWE-22; CWE-61; CWE-330; CWE-400; CWE-407; CWE-502; CWE-506; NVD-CWE-Other; CWE-59; CWE-74; CWE-74; CWE-77; CWE-754; CWE-770; CWE-835; CWE-94,97.3,0.04,True
https://github.com/Fantomas42/django-blog-zinnia,Django Blog Zinnia,Zinnia,Website Builders,2,0,2.0,0,2133.0,726.0,39.0,127.0,Python,2009-07-13T14:58:26Z,2026-03-25T15:35:12Z,2024-05-03 19:19:17+00:00,develop,BSD-3-Clause,False,7990.0,,,11.0,11.0,python,python,11.0,2.0,18.18,52.0,50.0,7.0,30.0,14.0,1.0,52.0,0.0,7.24,9.8,4.2,85.58,0.05,0.94,python,python,CWE-117; CWE-120; CWE-125; CWE-1333; CWE-20; CWE-203; CWE-22; CWE-252; CWE-276; CWE-295; CWE-345; CWE-407; CWE-494; CWE-665; CWE-680; CWE-770; CWE-787; CWE-79; CWE-835; CWE-89; CWE-918; CWE-94; CWE-95; NVD-CWE-Other,100.0,0.0,False
https://github.com/GetSimpleCMS/GetSimpleCMS,get-simple.info,GetSimple CMS,Web Content Management Systems,1250,812,548.0,186,418.0,120.0,322.0,59.0,PHP,2012-11-02T12:22:00Z,2026-03-12T08:45:14Z,2025-03-21 03:55:07+00:00,master,GPL-3.0,False,47173.0,,,11.0,7.0,,github-action,7.0,0.0,0.0,,,,,,,,,,,,,,,,,,,0.0,False
https://github.com/HotcakesCommerce/hotcakes-commerce-core,Arrow Digital,Hotcakes,E-Commerce Platform/Software,62,29,56.0,24,69.0,56.0,97.0,16.0,C#,2017-06-08T16:15:56Z,2025-07-09T05:46:44Z,2025-04-03 15:07:15+00:00,development,MIT,False,476944.0,,,396.0,252.0,dotnet,binary; dotnet,259.0,2.0,0.79,6.0,2.0,6.0,0.0,0.0,0.0,6.0,0.0,9.8,9.8,31.09,46.08,0.33,0.49,dotnet,dotnet,CWE-502; CWE-611,100.0,0.0,False
https://github.com/Icinga/icinga2,Icinga,Icinga,IT Infrastructure & Ops Management,45979,24644,13096.0,6677,2180.0,601.0,465.0,118.0,C++,2013-08-28T18:02:06Z,2026-03-27T09:22:04Z,2026-03-30 15:09:19+00:00,master,GPL-3.0,False,61690.0,,,13.0,10.0,,github-action; github-action-workflow,10.0,0.0,0.0,,,,,,,,,,,,,,,,,,,0.03,True
https://github.com/ImpressCMS/impresscms,ImpressCMS,ImpressCMS,Web Content Management Systems,22,3,21.0,2,29.0,32.0,57.0,9.0,PHP,2015-07-24T09:30:52Z,2026-03-28T09:07:02Z,2026-03-28 09:06:53+00:00,main,,False,80887.0,,,6.0,5.0,,github-action,6.0,0.0,0.0,,,,,,,,,,,,,,,,,,,0.0,False
https://github.com/Indexhibit/indexhibit,Indexhibit,Indexhibit,Web Content Management Systems,13,5,11.0,5,353.0,69.0,11.0,53.0,PHP,2016-06-07T21:06:00Z,2026-03-29T15:20:52Z,2024-03-27 09:33:50+00:00,master,,False,1866.0,,,,,,,,,,,,,,,,,,,,,,,,,,,,0.0,False
https://github.com/Jahia/jahia,Jahia,Jahia,Web Content Management Systems,19445,11016,4763.0,1712,48.0,34.0,0.0,21.0,Java,2016-07-12T14:46:07Z,2026-03-25T17:45:09Z,2026-03-25 17:45:05+00:00,master,,False,406774.0,,,964.0,881.0,java; javascript,github-action; github-action-workflow; java-archive; npm,954.0,45.0,5.11,81.0,73.0,9.0,38.0,28.0,6.0,72.0,9.0,6.99,9.8,9.52,98.7,0.12,0.94,java; javascript,github-action; java-archive; npm,CWE-1050; CWE-400; CWE-1321; CWE-1333; CWE-1333; CWE-400; CWE-172; CWE-792; CWE-178; CWE-20; CWE-208; CWE-22; CWE-250; NVD-CWE-Other; CWE-264; CWE-289; CWE-295; CWE-297; CWE-400; CWE-407; CWE-502; CWE-522; CWE-59; CWE-601; CWE-601; CWE-918; CWE-611; CWE-668; CWE-669; CWE-674; CWE-74; CWE-77; CWE-770; CWE-776; CWE-79; CWE-79; CWE-89; CWE-863; CWE-918; CWE-94; NVD-CWE-Other,88.89,0.01,False
https://github.com/LiveHelperChat/livehelperchat,Live Helper,Live Helper Chat,Live Chats,4427,843,2851.0,273,2205.0,736.0,136.0,170.0,PHP,2012-12-08T14:58:36Z,2026-03-30T13:50:06Z,2026-03-30 13:49:48+00:00,master,Apache-2.0,False,399400.0,,,2107.0,904.0,javascript; php,npm; php-composer,1040.0,16.0,1.77,60.0,22.0,0.0,27.0,23.0,10.0,59.0,1.0,6.4,8.9,0.02,0.06,0.0,0.0,javascript; php,npm; php-composer,CWE-1240; CWE-1321; CWE-1333; CWE-1333; CWE-400; CWE-184; CWE-20; CWE-327; CWE-400; CWE-407; CWE-59; CWE-674; CWE-754; CWE-835; CWE-918,98.33,0.01,True
https://github.com/MariaDB/server,MariaDB,MariaDB,Database Management,208073,109837,53532.0,15143,7381.0,2027.0,334.0,269.0,C++,2014-05-15T10:58:50Z,2026-03-30T17:35:50Z,2026-03-30 17:15:51+00:00,main,GPL-2.0,False,1630904.0,,,6.0,6.0,java,github-action; java-archive,6.0,0.0,0.0,,,,,,,,,,,,,,,,,,,0.13,True
https://github.com/MasaCMS/MasaCMS,Blue River Interactive Group,Mura CMS,Web Content Management Systems,44498,37694,9584.0,6424,79.0,37.0,24.0,20.0,ColdFusion,2021-07-26T18:21:53Z,2026-03-23T09:47:07Z,2025-12-08 12:40:01+00:00,main,GPL-2.0,False,88854.0,,,19.0,18.0,java; javascript,java-archive; npm,18.0,0.0,0.0,,,,,,,,,,,,,,,,,,,0.02,False
https://github.com/Modernizr/Modernizr,Modernizr,Modernizr,Frameworks & Libraries,3109589,1415886,1634842.0,574789,25667.0,2948.0,193.0,867.0,JavaScript,2009-09-25T20:13:23Z,2026-03-30T13:16:40Z,2026-03-27 04:11:46+00:00,master,MIT,False,20535.0,,,43.0,39.0,javascript,github-action; npm,39.0,0.0,0.0,,,,,,,,,,,,,,,,,,,3.94,True
https://github.com/NLnetLabs/nsd,NLnet Labs,NSD,Server,2,0,2.0,0,544.0,117.0,61.0,21.0,C,2017-06-13T10:01:17Z,2026-03-25T15:15:04Z,2026-03-25 08:24:45+00:00,master,BSD-3-Clause,False,204724.0,,,14.0,12.0,python,github-action; python,12.0,0.0,0.0,,,,,,,,,,,,,,,,,,,0.0,True
https://github.com/NLnetLabs/unbound,NLnet Labs,Unbound,Server,2,0,2.0,0,4371.0,431.0,352.0,65.0,C,2017-06-13T09:27:49Z,2026-03-30T14:16:03Z,2026-03-30 14:23:30+00:00,master,BSD-3-Clause,False,101783.0,,,5.0,4.0,,github-action,4.0,0.0,0.0,,,,,,,,,,,,,,,,,,,0.0,True
https://github.com/NagiosEnterprises/nagioscore,Nagios Enterprises,Nagios,IT Infrastructure & Ops Management,422391,262709,90339.0,42572,1973.0,473.0,202.0,107.0,C,2014-01-21T21:33:23Z,2026-03-29T21:54:44Z,2026-03-25 14:24:55+00:00,master,GPL-2.0,False,27586.0,,,2.0,2.0,,github-action,2.0,0.0,0.0,,,,,,,,,,,,,,,,,,,0.22,True
https://github.com/NetBSD/src,netBSD,netBSD,Operating System,1837,804,324.0,141,907.0,347.0,16.0,45.0,C,2017-04-16T20:03:43Z,2026-03-30T05:13:00Z,2026-03-27 18:52:10+00:00,trunk,,False,3322067.0,,,100.0,74.0,python,deb; github-action; python,82.0,8.0,10.81,29.0,25.0,0.0,8.0,19.0,2.0,28.0,1.0,6.3,8.9,0.47,6.37,0.01,0.21,python,python,CWE-1333; CWE-1333; CWE-400; CWE-1336; CWE-1336; CWE-693; CWE-150; CWE-200; CWE-345; CWE-377; CWE-400; CWE-400; CWE-770; CWE-409; CWE-434; CWE-522; CWE-601; CWE-669; CWE-670; CWE-770; CWE-79; CWE-835,96.55,0.0,True
https://github.com/NodeBB/NodeBB,NodeBB,NodeBB,Software as a Service,424,53,185.0,44,15033.0,2941.0,181.0,356.0,JavaScript,2013-04-22T16:49:40Z,2026-03-30T13:45:15Z,2026-03-30 16:03:20+00:00,master,GPL-3.0,False,104966.0,,,14.0,13.0,,github-action,13.0,0.0,0.0,,,,,,,,,,,,,,,,,,,0.0,True
https://github.com/OXID-eSales/oxideshop_ce,Oxid,Oxid,E-Commerce Platform/Software,430360,335456,100112.0,57628,238.0,199.0,4.0,55.0,PHP,2013-04-08T09:08:00Z,2026-03-30T11:50:53Z,2026-03-30 15:03:19+00:00,b-8.0.x,NOASSERTION,False,163424.0,,,5.0,3.0,,github-action-workflow,4.0,0.0,0.0,,,,,,,,,,,,,,,,,,,0.24,True
https://github.com/Open-Web-Analytics/Open-Web-Analytics,Open Web Analytics,Open Web Analytics,Web Analytics,18040,9232,10658.0,4275,2655.0,484.0,117.0,110.0,PHP,2012-04-01T07:53:45Z,2026-03-28T20:56:45Z,2026-02-28 03:03:59+00:00,master,GPL-2.0,False,17038.0,,,186.0,186.0,javascript; php,github-action; npm; php-composer,186.0,10.0,5.38,20.0,19.0,1.0,8.0,8.0,3.0,20.0,0.0,6.39,9.8,0.23,1.18,0.0,0.02,javascript; php,npm; php-composer,CWE-1050; CWE-400; CWE-1321; CWE-1333; CWE-1333; CWE-400; CWE-400; CWE-407; CWE-436; CWE-79; CWE-918,100.0,0.03,False
https://github.com/OpenPrinting/cups,Apple,CUPS,Server,1398,1036,184.0,106,1552.0,276.0,47.0,31.0,C,2020-09-03T19:43:01Z,2026-03-30T15:15:02Z,2026-03-30 17:42:15+00:00,master,Apache-2.0,False,122695.0,,,11.0,9.0,,github-action,9.0,0.0,0.0,,,,,,,,,,,,,,,,,,,0.0,True
https://github.com/OpenTSDB/opentsdb,OpenTSDB,OpenTSDB,Database Management,17921,10891,3035.0,1224,5064.0,1239.0,537.0,323.0,Java,2010-08-27T02:05:20Z,2026-03-20T04:29:10Z,2024-12-12 20:03:34+00:00,master,LGPL-2.1,False,41493.0,,,,,,,,,,,,,,,,,,,,,,,,,,,,0.01,False
https://github.com/OrchardCMS/OrchardCore,NET FOUNDATION,Orchard CMS,Web Content Management Systems,33680,23421,6324.0,2487,8056.0,2555.0,926.0,331.0,C#,2014-11-19T22:29:26Z,2026-03-30T12:46:27Z,2026-03-30 16:59:25+00:00,main,BSD-3-Clause,False,290759.0,,,390.0,360.0,javascript,github-action; github-action-workflow; npm,364.0,7.0,1.94,9.0,9.0,0.0,6.0,2.0,1.0,9.0,0.0,7.07,8.7,0.2,1.31,0.0,0.02,javascript,npm,CWE-1333; CWE-1333; CWE-400; CWE-20; CWE-754; CWE-352; CWE-400; CWE-754; CWE-918; CWE-94,100.0,0.02,True
https://github.com/Orckestra/C1-CMS-Foundation,Orckestra Inc,C1 CMS,Web Content Management Systems,2311,1292,1077.0,459,260.0,109.0,256.0,54.0,C#,2015-09-25T12:47:08Z,2026-02-26T19:46:34Z,2025-12-19 11:46:47+00:00,dev,NOASSERTION,False,70232.0,,,18.0,18.0,dotnet; java,dotnet; github-action; java-archive,18.0,0.0,0.0,,,,,,,,,,,,,,,,,,,0.0,False
https://github.com/PHPFusion/PHPFusion,php-fusion.co.uk,PHP-Fusion,Web Content Management Systems,5,3,4.0,2,119.0,115.0,33.0,43.0,PHP,2014-09-12T16:09:39Z,2026-03-30T15:43:22Z,2026-03-30 15:43:18+00:00,10.00.00-dev,AGPL-3.0,False,133636.0,,,,,,,,,,,,,,,,,,,,,,,,,,,,0.0,True
https://github.com/Perl/perl5,Perl,Perl,Programming Languages,842162,515497,247929.0,107372,2251.0,616.0,2374.0,23.0,Perl,2013-02-13T17:10:40Z,2026-03-30T02:12:11Z,2026-03-29 21:57:39+00:00,blead,NOASSERTION,False,368735.0,,,8.0,8.0,,github-action,8.0,0.0,0.0,,,,,,,,,,,,,,,,,,,0.6,True
https://github.com/PowerDNS/pdns,PowerDNS,DNS Server,Infrastructure as a Service,1761,1573,248.0,190,4330.0,994.0,934.0,127.0,C++,2013-04-26T11:16:49Z,2026-03-30T14:59:45Z,2026-03-30 15:04:28+00:00,master,GPL-2.0,False,107155.0,,,654.0,347.0,python; rust,github-action; github-action-workflow; python; rust-crate,393.0,4.0,1.15,26.0,5.0,0.0,3.0,11.0,12.0,18.0,8.0,4.03,8.2,0.0,0.01,0.0,0.0,python,python,CWE-1333; CWE-400; CWE-345; CWE-345; CWE-863; CWE-377,69.23,0.0,True
https://github.com/PrestaShop/PrestaShop,PrestaShop,Commerce Software,E-Commerce Platform/Software,60547,9288,35570.0,2480,9028.0,5035.0,2440.0,443.0,PHP,2012-11-19T16:41:31Z,2026-03-30T15:23:25Z,2026-03-30 16:09:45+00:00,develop,NOASSERTION,False,788242.0,,,1375.0,903.0,javascript; php,github-action; github-action-workflow; npm; php-composer,1120.0,57.0,6.31,166.0,128.0,5.0,67.0,68.0,26.0,160.0,6.0,6.41,10.0,1.6,62.48,0.02,0.72,javascript; php,github-action; npm; php-composer,CWE-120; CWE-1236; CWE-1284; CWE-1286; CWE-1286; CWE-601; CWE-1321; CWE-1321; CWE-1333; CWE-1333; CWE-1333; CWE-400; CWE-172; CWE-792; CWE-176; CWE-352; CWE-367; CWE-185; CWE-20; CWE-200; CWE-200; CWE-212; CWE-200; CWE-565; CWE-20; CWE-248; CWE-20; CWE-754; CWE-22; CWE-22; CWE-36; CWE-918; CWE-22; CWE-59; CWE-241; CWE-284; CWE-285; CWE-295; CWE-330; CWE-347; CWE-352; CWE-36; CWE-918; CWE-384; CWE-613; CWE-400; CWE-400; CWE-770; CWE-405; CWE-407; CWE-436; CWE-476; CWE-502; CWE-552; CWE-59; CWE-611; CWE-639; CWE-647; CWE-668; CWE-693; NVD-CWE-Other; CWE-703; CWE-705; CWE-74; CWE-754; CWE-77; CWE-776; CWE-78; CWE-79; CWE-80; CWE-835; CWE-843; CWE-88; CWE-89; CWE-918; CWE-94,96.39,0.09,True
https://github.com/Redocly/redoc,GitHub,ReDoc,Application Development Tools,2393,1612,562.0,304,25587.0,2388.0,435.0,296.0,TypeScript,2015-10-30T12:53:02Z,2026-03-30T16:53:40Z,2026-02-07 06:18:05+00:00,main,MIT,False,62450.0,,,120.0,116.0,javascript,github-action; npm,117.0,7.0,6.03,15.0,13.0,1.0,6.0,7.0,1.0,15.0,0.0,6.61,9.3,0.01,0.04,0.0,0.0,javascript,github-action; npm,CWE-120; CWE-1284; CWE-1321; CWE-1333; CWE-185; CWE-400; CWE-407; CWE-674; CWE-776; CWE-79,100.0,0.0,False
https://github.com/SeleniumHQ/selenium,Selenium,Selenium,Application Development Tools,836590,495828,202659.0,87615,34167.0,8668.0,198.0,1259.0,Java,2013-01-14T21:40:56Z,2026-03-30T17:05:00Z,2026-03-30 16:13:13+00:00,trunk,Apache-2.0,False,2332383.0,,,1693.0,1414.0,java; javascript; python; ruby; rust,binary; gem; github-action; github-action-workflow; java-archive; npm; python; rust-crate,1573.0,25.0,1.77,60.0,38.0,1.0,31.0,21.0,7.0,58.0,2.0,6.52,9.8,0.02,0.23,0.0,0.0,java; javascript; python; ruby; rust,gem; github-action; java-archive; npm; python; rust-crate,CWE-116; CWE-79; CWE-94; CWE-121; CWE-1321; CWE-1321; CWE-79; CWE-1333; CWE-1333; CWE-400; CWE-134; CWE-248; CWE-295; CWE-377; CWE-400; CWE-400; CWE-770; CWE-407; CWE-459; CWE-601; CWE-61; CWE-674; CWE-680; CWE-705; CWE-754; CWE-772; CWE-79; CWE-843; CWE-843; CWE-94,96.67,0.49,True
https://github.com/SeleniumHQ/selenium-ide,Selenium HQ,Selenium IDE,Application Development Tools,836590,495828,202659.0,87615,3093.0,839.0,452.0,160.0,TypeScript,2017-08-08T11:37:00Z,2026-03-30T10:20:03Z,2026-02-06 07:28:57+00:00,trunk,Apache-2.0,False,34069.0,,,673.0,579.0,javascript,github-action; npm,669.0,25.0,4.32,47.0,36.0,0.0,24.0,15.0,8.0,47.0,0.0,6.5,8.8,0.09,1.2,0.0,0.02,javascript,npm,CWE-1050; CWE-400; CWE-1321; CWE-1333; CWE-1333; CWE-400; CWE-154; CWE-295; CWE-176; CWE-352; CWE-367; CWE-20; CWE-22; CWE-22; CWE-59; CWE-400; CWE-405; CWE-407; CWE-476; CWE-59; CWE-674; CWE-74; CWE-78; CWE-79,100.0,0.49,False
https://github.com/Semantic-Org/Semantic-UI,Semantic UI,Semantic-ui,Frameworks & Libraries,63105,35065,18634.0,5856,51120.0,4891.0,1074.0,1274.0,JavaScript,2013-04-08T23:32:04Z,2026-03-30T09:36:16Z,2024-11-27 21:01:48+00:00,master,MIT,False,113201.0,,,,,,,,,,,,,,,,,,,,,,,,,,,,0.04,False
https://github.com/SimpleMachines/SMF,Simple Machines,Simple Machines Forum,Software as a Service,1941,937,978.0,390,714.0,270.0,139.0,64.0,PHP,2012-01-24T16:36:19Z,2026-03-28T13:15:07Z,2026-03-21 16:56:04+00:00,release-3.0,NOASSERTION,False,73586.0,,,26.0,21.0,php,github-action; php-composer,21.0,1.0,4.76,2.0,2.0,0.0,2.0,0.0,0.0,2.0,0.0,7.95,8.6,42.51,84.52,0.46,0.92,,github-action,CWE-506; NVD-CWE-Other; CWE-74; CWE-77,100.0,0.0,True
https://github.com/SonarSource/sonarqube,SonarSource SA,SonarQube,Application Development Tools,409836,258354,87080.0,41951,10382.0,2173.0,0.0,337.0,Java,2011-01-05T11:05:17Z,2026-03-30T16:14:52Z,2026-03-27 20:13:31+00:00,master,LGPL-3.0,False,962084.0,,,110.0,86.0,dotnet; java,dotnet; github-action; java-archive,88.0,4.0,4.65,12.0,10.0,2.0,3.0,5.0,2.0,11.0,1.0,6.27,9.8,1.84,9.54,0.02,0.1,java,java-archive,CWE-20; CWE-20; CWE-22; CWE-400; CWE-502; CWE-674; CWE-917; CWE-918,91.67,0.21,True
https://github.com/Sylius/Sylius,Sylius,Sylius,E-Commerce Platform/Software,1215,93,864.0,80,8436.0,2164.0,258.0,257.0,PHP,2011-11-05T22:05:52Z,2026-03-30T13:19:49Z,2026-03-30 13:19:14+00:00,2.3,MIT,False,360802.0,,,108.0,51.0,,github-action; github-action-workflow,51.0,0.0,0.0,,,,,,,,,,,,,,,,,,,0.0,True
https://github.com/TYPO3/typo3,TYPO3,TYPO3,Web Content Management Systems,157418,25579,80378.0,6517,1178.0,698.0,5.0,108.0,PHP,2011-03-02T10:02:23Z,2026-03-30T17:12:10Z,2026-03-30 17:12:05+00:00,main,GPL-2.0,False,641222.0,,,210.0,206.0,javascript; php,binary; npm; php-composer,210.0,0.0,0.0,,,,,,,,,,,,,,,,,,,0.19,True
https://github.com/TritonDataCenter/smartos-live,Joyent,SmartOS,Operating System,181,55,70.0,22,1657.0,248.0,363.0,166.0,C,2011-08-14T01:08:28Z,2026-03-21T06:52:00Z,2026-03-30 15:33:33+00:00,master,,False,52365.0,,,3.0,3.0,javascript,npm,4.0,0.0,0.0,,,,,,,,,,,,,,,,,,,0.0,True
https://github.com/TryGhost/Ghost,GHOST,Ghost,Web Content Management Systems,10548,4485,5838.0,1732,52243.0,11408.0,361.0,1011.0,JavaScript,2013-05-04T11:09:13Z,2026-03-30T17:31:36Z,2026-03-30 17:41:40+00:00,main,MIT,False,456146.0,,,3800.0,2969.0,javascript,binary; github-action; npm,3779.0,66.0,2.22,150.0,114.0,11.0,72.0,45.0,22.0,140.0,10.0,6.69,9.8,0.65,65.99,0.01,0.85,javascript,github-action; npm,CWE-116; CWE-79; CWE-94; CWE-120; CWE-1240; CWE-1259; CWE-287; NVD-CWE-Other; CWE-1284; CWE-1284; CWE-248; CWE-1286; CWE-1288; CWE-20; CWE-1321; CWE-1321; CWE-770; CWE-1321; CWE-79; CWE-1333; CWE-1333; CWE-400; CWE-172; CWE-792; CWE-176; CWE-352; CWE-367; CWE-184; CWE-697; CWE-185; CWE-190; CWE-20; CWE-200; CWE-200; CWE-538; CWE-541; CWE-20; CWE-248; CWE-20; CWE-347; CWE-20; CWE-754; CWE-22; CWE-22; CWE-27; CWE-22; CWE-59; CWE-241; CWE-284; CWE-285; CWE-863; CWE-287; CWE-347; CWE-295; CWE-327; CWE-330; CWE-338; CWE-346; CWE-352; CWE-347; CWE-400; CWE-400; CWE-770; CWE-401; CWE-409; CWE-436; CWE-444; CWE-459; CWE-476; CWE-601; CWE-674; CWE-703; CWE-705; CWE-74; CWE-74; CWE-79; CWE-754; CWE-770; CWE-772; CWE-776; CWE-78; CWE-94; CWE-79; CWE-79; CWE-94; CWE-835; CWE-843; CWE-94; CWE-89; CWE-918; CWE-918; CWE-941; CWE-93; CWE-94,93.33,0.01,True
https://github.com/VirtoCommerce/vc-platform,VIRTO SOLUTIONS LTD,Virto Commerce,E-Commerce Platform/Software,168,166,17.0,16,1286.0,855.0,60.0,140.0,C#,2013-10-24T07:44:30Z,2026-03-27T22:31:10Z,2026-03-30 13:05:35+00:00,dev,NOASSERTION,False,241563.0,,,76.0,55.0,,github-action; github-action-workflow,62.0,0.0,0.0,,,,,,,,,,,,,,,,,,,0.0,True
https://github.com/VoltDB/voltdb,VoltDB,VoltDB,Database Management,7723,3860,1777.0,900,,,,,,,,,,,,,,,,,,,,,,,,,,,,,,,,,,,,,,,,0.0,False
https://github.com/Waikato/weka-3.8,University of Waikato,Weka,Data Science & Machine Learning,25322,17289,4230.0,2292,190.0,99.0,18.0,7.0,Java,2018-05-30T09:25:20Z,2026-03-28T06:55:43Z,2022-08-10 01:25:51+00:00,master,,True,293979.0,,,613.0,535.0,java,binary; java-archive,582.0,20.0,3.74,76.0,51.0,13.0,30.0,32.0,1.0,58.0,18.0,7.05,9.9,4.22,68.08,0.06,0.9,java,java-archive,CWE-120; CWE-121; CWE-502; CWE-674; CWE-121; CWE-121; CWE-502; CWE-121; CWE-787; CWE-130; CWE-770; CWE-130; NVD-CWE-Other; CWE-20; CWE-200; CWE-209; CWE-20; CWE-22; CWE-20; CWE-770; CWE-264; CWE-269; CWE-287; CWE-295; CWE-378; CWE-732; CWE-400; CWE-502; CWE-552; CWE-611; CWE-74; CWE-770; CWE-776; CWE-787; CWE-79; CWE-834; CWE-835; CWE-835; CWE-89; CWE-94; NVD-CWE-Other,76.32,0.01,False
https://github.com/WebsiteBaker-modules/websitebaker,WebsiteBaker Org. e.V.,WebsiteBaker,Web Content Management Systems,215835,151712,56796.0,23824,,,,,,,,,,,,,,,,,,,,,,,,,,,,,,,,,,,,,,,,0.14,False
https://github.com/WellCommerce/WellCommerce,WellCommerce,WellCommerce,E-Commerce Platform/Software,9,0,4.0,0,,,,,,,,,,,,,,,,,,,,,,,,,,,,,,,,,,,,,,,,0.0,False
https://github.com/WordPress/WordPress,WordPress,WordPress,Web Content Management Systems,7357440,3109250,4676076.0,1536192,20984.0,12928.0,11.0,1428.0,PHP,2011-12-01T07:05:17Z,2026-03-30T14:28:28Z,2026-03-30 14:28:06+00:00,master,NOASSERTION,False,628255.0,,,10.0,10.0,javascript,npm,10.0,1.0,10.0,1.0,0.0,1.0,0.0,0.0,0.0,0.0,1.0,,,0.0,0.0,,,javascript,npm,,0.0,11.28,True
https://github.com/XOOPS/XoopsCore25,xoops.org,XOOPS,Web Content Management Systems,13671,8595,5998.0,3463,73.0,63.0,15.0,19.0,PHP,2015-09-22T13:21:34Z,2026-03-30T11:16:41Z,2026-03-30 11:16:45+00:00,master,GPL-2.0,False,63082.0,,,15.0,10.0,,github-action,12.0,0.0,0.0,,,,,,,,,,,,,,,,,,,0.01,True
https://github.com/abantecart/abantecart-src,AbanteCart,AbanteCart,E-Commerce Platform/Software,117,40,101.0,26,150.0,170.0,10.0,35.0,PHP,2011-12-04T17:15:38Z,2026-02-03T13:49:26Z,2026-03-30 16:42:59+00:00,master,OSL-3.0,False,159084.0,,,112.0,92.0,java; php,binary; github-action; java-archive; php-composer,97.0,1.0,1.09,1.0,1.0,0.0,0.0,1.0,0.0,1.0,0.0,6.3,6.3,0.0,0.0,0.0,0.0,php,php-composer,CWE-88,100.0,0.0,True
https://github.com/aerospike/aerospike-server,Aerospike,Aerospike,Database Management,23217,12509,5105.0,1966,1328.0,198.0,6.0,85.0,C,2018-03-08T00:59:46Z,2026-03-22T03:32:42Z,2026-03-16 22:40:12+00:00,master,NOASSERTION,False,6513.0,,,22.0,18.0,,github-action; github-action-workflow,18.0,1.0,5.56,6.0,2.0,0.0,0.0,6.0,0.0,6.0,0.0,4.6,4.6,0.04,0.05,0.0,0.0,,github-action,CWE-693; CWE-863,100.0,0.01,True
https://github.com/akka/akka-http,Lightbend,Akka HTTP,Frameworks & Libraries,48560,37119,4689.0,1711,1348.0,587.0,580.0,69.0,Scala,2016-08-19T11:33:36Z,2026-03-26T12:39:35Z,2026-03-26 12:39:32+00:00,main,NOASSERTION,False,18761.0,,,54.0,28.0,java,github-action; java-archive,28.0,0.0,0.0,,,,,,,,,,,,,,,,,,,0.01,True
https://github.com/alkacon/opencms-core,Alkacon Software GmbH,OpenCms,Web Content Management Systems,37458,20476,8471.0,1928,565.0,683.0,14.0,93.0,Java,2011-06-28T11:17:50Z,2026-03-25T00:00:37Z,2026-03-25 00:00:11+00:00,master,LGPL-2.1,False,995965.0,,,36.0,34.0,java,binary; java-archive,34.0,0.0,0.0,,,,,,,,,,,,,,,,,,,0.02,True
https://github.com/angular/angular,Angular,AngularJS,Frameworks & Libraries,1575125,828513,540504.0,213320,100102.0,27149.0,1115.0,2966.0,TypeScript,2014-09-18T16:12:01Z,2026-03-30T17:02:41Z,2026-03-30 10:47:07+00:00,main,MIT,False,621197.0,,,17218.0,2441.0,javascript,github-action; npm,2990.0,24.0,0.98,279.0,49.0,11.0,88.0,154.0,26.0,235.0,44.0,6.25,9.8,0.35,18.12,0.01,0.19,javascript,npm,CWE-116; CWE-79; CWE-94; CWE-1289; NVD-CWE-Other; CWE-1321; CWE-1321; CWE-79; CWE-1333; CWE-1333; CWE-400; CWE-20; CWE-201; CWE-359; CWE-20; NVD-CWE-Other; CWE-22; CWE-330; CWE-352; CWE-400; CWE-59; CWE-674; CWE-705; CWE-754; CWE-79; CWE-791; CWE-791; NVD-CWE-Other; CWE-843; CWE-94; CWE-918,84.23,1.3,True
https://github.com/angular/components,Google,Angular Material,Frameworks & Libraries,9541,4378,3416.0,1372,25010.0,6845.0,2007.0,861.0,TypeScript,2016-01-04T18:50:02Z,2026-03-30T07:53:06Z,2026-03-30 09:46:07+00:00,main,MIT,False,152217.0,,,5383.0,1880.0,javascript,github-action; npm,3067.0,39.0,2.07,246.0,76.0,2.0,151.0,62.0,31.0,243.0,3.0,6.78,9.8,0.06,3.66,0.0,0.06,javascript,npm,CWE-116; CWE-79; CWE-94; CWE-1188; CWE-1284; CWE-248; CWE-1321; CWE-1321; CWE-79; CWE-1333; CWE-1333; CWE-400; CWE-176; CWE-352; CWE-367; CWE-190; CWE-20; CWE-200; CWE-22; CWE-284; CWE-200; CWE-23; CWE-284; CWE-201; CWE-359; CWE-20; CWE-347; CWE-20; CWE-754; CWE-22; CWE-22; CWE-59; CWE-241; CWE-295; CWE-330; CWE-347; CWE-362; CWE-400; CWE-407; CWE-409; CWE-436; CWE-444; CWE-59; CWE-674; CWE-705; CWE-754; CWE-770; CWE-78; CWE-79; CWE-835; CWE-843; CWE-94; CWE-918; CWE-93; CWE-94,98.78,0.01,True
https://github.com/ansible/ansible,Red Hat,Ansible,Application Development Tools,669394,422046,157517.0,69193,68360.0,24164.0,792.0,1871.0,Python,2012-03-06T14:58:02Z,2026-03-30T16:49:33Z,2026-03-28 12:19:07+00:00,devel,GPL-3.0,False,263746.0,,,59.0,49.0,python,python,49.0,2.0,4.08,2.0,2.0,0.0,0.0,0.0,2.0,1.0,1.0,2.5,3.3,0.0,0.0,0.0,0.0,python,python,CWE-1333; CWE-400,50.0,0.38,True
https://github.com/ant-design/ant-design,Ant Design,Ant Design,Programming Languages,56519,4976,6447.0,1514,97749.0,54572.0,1357.0,240.0,TypeScript,2015-04-24T15:37:24Z,2026-03-30T15:40:39Z,2026-03-30 15:40:27+00:00,master,MIT,False,257795.0,,,106.0,60.0,,github-action,60.0,0.0,0.0,,,,,,,,,,,,,,,,,,,0.02,True
https://github.com/aolserver/aolserver,Verizon Media,AOLserver,Server,527,279,142.0,62,313.0,46.0,6.0,12.0,C,2010-04-10T03:11:20Z,2026-02-25T23:12:39Z,2022-10-11 07:03:23+00:00,master,NOASSERTION,False,6267.0,,,,,,,,,,,,,,,,,,,,,,,,,,,,0.0,False
https://github.com/apache/accumulo,The Apache Software Foundation,Apache Accumulo,Database Management,14611,9648,2922.0,1492,1140.0,478.0,352.0,73.0,Java,2011-10-06T07:00:09Z,2026-03-29T06:51:06Z,2026-03-27 22:37:37+00:00,main,Apache-2.0,False,119803.0,,,169.0,161.0,java,github-action; java-archive,161.0,1.0,0.62,1.0,1.0,1.0,0.0,0.0,0.0,1.0,0.0,9.3,9.3,0.46,0.46,0.01,0.01,java,java-archive,CWE-502,100.0,0.01,True
https://github.com/apache/ambari,The Apache Software Foundation,Apache Ambari,Big Data Processing,131790,74902,28330.0,10334,2297.0,1742.0,136.0,195.0,Java,2011-09-23T07:00:08Z,2026-03-27T03:33:24Z,2026-02-20 08:19:55+00:00,trunk,Apache-2.0,False,377283.0,,,3437.0,1291.0,java; javascript; python,java-archive; npm; python,1716.0,143.0,11.08,1152.0,378.0,144.0,584.0,330.0,94.0,1080.0,72.0,7.09,9.8,3.01,98.7,0.04,0.94,java; javascript,java-archive; npm,CWE-1050; CWE-400; CWE-113; CWE-115; CWE-436; CWE-116; CWE-79; CWE-94; CWE-116; CWE-91; CWE-119; CWE-120; CWE-121; CWE-502; CWE-674; CWE-121; CWE-121; CWE-502; CWE-121; CWE-787; CWE-125; CWE-125; CWE-126; CWE-1286; CWE-601; CWE-1288; CWE-20; CWE-130; CWE-770; CWE-130; NVD-CWE-Other; CWE-1321; CWE-1321; CWE-471; CWE-1321; CWE-770; CWE-1321; CWE-79; CWE-1333; CWE-1333; CWE-400; CWE-1333; NVD-CWE-Other; CWE-176; CWE-352; CWE-367; CWE-178; CWE-184; CWE-502; CWE-184; CWE-697; CWE-185; CWE-770; CWE-190; CWE-20; CWE-200; CWE-200; CWE-502; CWE-200; CWE-732; CWE-209; CWE-20; CWE-201; CWE-20; CWE-22; CWE-20; CWE-400; CWE-20; CWE-754; CWE-22; CWE-22; CWE-269; CWE-22; CWE-27; CWE-22; CWE-59; CWE-22; CWE-61; CWE-241; CWE-248; CWE-254; CWE-264; CWE-269; CWE-276; CWE-284; CWE-284; NVD-CWE-Other; CWE-285; CWE-295; CWE-306; CWE-502; CWE-94; CWE-330; CWE-330; CWE-338; CWE-346; CWE-352; CWE-362; CWE-367; CWE-378; CWE-378; CWE-379; CWE-668; CWE-378; CWE-732; CWE-399; CWE-399; CWE-400; CWE-400; CWE-400; CWE-502; CWE-400; CWE-674; CWE-400; CWE-674; CWE-787; CWE-400; CWE-74; CWE-400; CWE-770; CWE-400; CWE-917; CWE-405; CWE-407; CWE-425; CWE-434; CWE-502; CWE-444; CWE-471; CWE-502; CWE-502; CWE-73; CWE-502; CWE-78; CWE-94; CWE-502; CWE-835; CWE-502; CWE-918; CWE-502; CWE-94; CWE-502; NVD-CWE-Other; CWE-532; CWE-552; CWE-59; CWE-59; CWE-61; CWE-601; CWE-601; CWE-918; CWE-611; CWE-639; CWE-667; CWE-674; CWE-696; CWE-732; CWE-74; CWE-754; CWE-755; CWE-770; CWE-776; CWE-77; CWE-94; CWE-78; CWE-787; CWE-78; CWE-94; CWE-79; CWE-834; CWE-835; CWE-835; CWE-843; CWE-843; CWE-94; CWE-862; CWE-863; CWE-88; CWE-89; CWE-917; CWE-918; CWE-94; NVD-CWE-Other,93.75,0.07,False
https://github.com/apache/apex-core,The Apache Software Foundation,Apache Apex,Big Data Processing,3704,2426,643.0,388,350.0,171.0,2.0,47.0,Java,2015-08-25T07:00:05Z,2025-11-09T12:19:27Z,2021-06-07 08:25:09+00:00,master,Apache-2.0,True,14807.0,,,68.0,61.0,java,java-archive,65.0,8.0,13.11,26.0,25.0,4.0,10.0,11.0,1.0,24.0,2.0,7.08,9.8,3.42,69.55,0.04,0.93,java,java-archive,CWE-130; NVD-CWE-Other; CWE-20; CWE-200; CWE-200; CWE-732; CWE-22; CWE-264; CWE-284; CWE-284; NVD-CWE-Other; CWE-346; CWE-378; CWE-379; NVD-CWE-Other; CWE-502; CWE-59; CWE-611; CWE-668; CWE-755; CWE-78; CWE-787; CWE-863,92.31,0.0,False
https://github.com/apache/cassandra,The Apache Software Foundation,Apache Cassandra,Database Management,399817,269036,80149.0,44359,9675.0,3854.0,615.0,430.0,Java,2009-05-21T02:10:09Z,2026-03-30T00:00:37Z,2026-03-27 17:07:58+00:00,trunk,Apache-2.0,False,458620.0,,,6.0,6.0,python,github-action; python,6.0,1.0,16.67,1.0,1.0,0.0,0.0,1.0,0.0,1.0,0.0,5.4,5.4,0.11,0.11,0.0,0.0,python,python,CWE-1336,100.0,0.19,True
https://github.com/apache/chukwa,The Apache Software Foundation,Apache Chukwa,Database Management,5477,4025,914.0,416,85.0,39.0,3.0,15.0,Java,2012-04-07T07:00:24Z,2026-02-12T16:47:51Z,2019-03-31 22:35:18+00:00,master,Apache-2.0,True,49152.0,,,91.0,80.0,java,binary; java-archive,90.0,22.0,27.5,87.0,71.0,24.0,36.0,22.0,5.0,68.0,19.0,7.55,10.0,15.4,98.7,0.19,0.94,java,java-archive,CWE-20; CWE-200; CWE-732; CWE-208; CWE-22; CWE-248; CWE-835; CWE-264; CWE-284; CWE-284; NVD-CWE-Other; CWE-287; CWE-295; CWE-306; CWE-400; CWE-310; CWE-321; CWE-378; CWE-378; CWE-732; CWE-399; CWE-400; CWE-502; CWE-552; CWE-59; CWE-601; CWE-639; CWE-674; CWE-73; CWE-770; CWE-78; CWE-787; CWE-79; CWE-79; CWE-87; CWE-79; NVD-CWE-Other; CWE-835; CWE-862; CWE-863; CWE-89,78.16,0.0,False
https://github.com/apache/cloudstack,Citrix Systems Inc,CloudStack,Infrastructure as a Service,21241,12123,6683.0,4899,2849.0,1291.0,689.0,143.0,Java,2013-04-29T22:27:12Z,2026-03-30T14:04:51Z,2026-03-30 16:00:41+00:00,main,Apache-2.0,False,656056.0,,,1177.0,1151.0,java; javascript,deb; github-action; java-archive; npm,1157.0,64.0,5.56,110.0,101.0,9.0,42.0,46.0,13.0,99.0,11.0,6.74,9.8,3.32,65.99,0.05,0.94,java; javascript,java-archive; npm,CWE-1050; CWE-400; CWE-120; CWE-121; CWE-121; CWE-502; CWE-1240; CWE-125; CWE-1284; CWE-130; CWE-1321; CWE-1333; CWE-1333; CWE-400; CWE-176; CWE-352; CWE-367; CWE-178; CWE-185; CWE-20; CWE-200; CWE-203; CWE-20; CWE-601; CWE-20; CWE-94; CWE-22; CWE-22; CWE-59; CWE-269; CWE-552; CWE-284; CWE-295; CWE-295; CWE-297; CWE-330; CWE-347; CWE-352; CWE-378; CWE-732; CWE-400; CWE-400; CWE-770; CWE-407; CWE-444; CWE-502; CWE-552; CWE-601; CWE-601; CWE-918; CWE-611; CWE-674; CWE-705; CWE-74; CWE-754; CWE-770; CWE-776; CWE-79; CWE-79; NVD-CWE-Other; CWE-835; CWE-918; CWE-918; CWE-941; NVD-CWE-Other,90.0,0.02,True
https://github.com/apache/couchdb,The Apache Software Foundation,Apache CouchDB,Database Management,78543,49946,18262.0,10597,6848.0,1068.0,367.0,219.0,Erlang,2009-05-21T02:03:38Z,2026-03-30T16:02:20Z,2026-03-29 21:53:35+00:00,main,Apache-2.0,False,48867.0,,,12.0,12.0,java; python,java-archive; python,12.0,1.0,8.33,1.0,1.0,0.0,0.0,1.0,0.0,1.0,0.0,4.4,4.4,0.0,0.0,0.0,0.0,python,python,CWE-377,100.0,0.04,True
https://github.com/apache/drill,The Apache Software Foundation,Apache Drill,Database Management,77058,51076,14544.0,5320,2013.0,984.0,128.0,141.0,Java,2012-09-05T07:00:26Z,2026-03-27T06:48:08Z,2026-03-13 14:35:42+00:00,master,Apache-2.0,False,70733.0,,,411.0,392.0,java,binary; github-action; java-archive,406.0,5.0,1.28,8.0,8.0,0.0,5.0,2.0,1.0,8.0,0.0,6.59,8.7,0.04,0.1,0.0,0.0,java,java-archive,CWE-125; CWE-201; CWE-125; CWE-787; CWE-20; CWE-280; CWE-295; CWE-350; CWE-532; CWE-611; CWE-732,100.0,0.04,True
https://github.com/apache/druid,druidio,Druid,Database Management,48199,28947,7234.0,2890,13965.0,3777.0,794.0,564.0,Java,2012-10-23T19:08:07Z,2026-03-30T15:08:54Z,2026-03-30 15:08:08+00:00,master,Apache-2.0,False,414653.0,,,2674.0,2217.0,java; javascript; python,github-action; github-action-workflow; java-archive; npm; python,2591.0,55.0,2.48,102.0,83.0,8.0,41.0,44.0,9.0,90.0,12.0,6.63,9.8,0.65,18.12,0.01,0.19,java; javascript,java-archive; npm,CWE-1050; CWE-400; CWE-120; CWE-1284; CWE-1321; CWE-1333; CWE-1333; CWE-400; CWE-185; CWE-190; CWE-20; CWE-20; CWE-347; CWE-20; CWE-915; NVD-CWE-Other; CWE-241; CWE-295; CWE-346; CWE-347; CWE-378; CWE-378; CWE-379; CWE-668; CWE-400; CWE-400; CWE-401; CWE-407; CWE-436; CWE-444; CWE-502; CWE-611; CWE-670; CWE-674; CWE-74; CWE-749; CWE-754; CWE-77; CWE-770; CWE-776; CWE-79; CWE-79; CWE-94; CWE-835; CWE-843; CWE-918; CWE-94,88.24,0.02,True
https://github.com/apache/flex-sdk,The Apache Software Foundation,Apache Flex,Application Development Tools,87557,69549,16731.0,10595,366.0,147.0,3.0,94.0,ActionScript,2012-08-30T07:00:23Z,2026-03-05T21:17:47Z,2024-03-04 21:47:43+00:00,develop,Apache-2.0,False,269028.0,,,12.0,10.0,java,binary; java-archive,10.0,0.0,0.0,,,,,,,,,,,,,,,,,,,0.04,False
https://github.com/apache/flink,The Apache Software Foundation,Apache Flink,Big Data Processing,672831,368263,159046.0,68632,25907.0,13907.0,321.0,916.0,Java,2014-06-07T07:00:10Z,2026-03-30T14:06:07Z,2026-03-30 14:05:28+00:00,master,Apache-2.0,False,543007.0,,,717.0,667.0,java; javascript; python,github-action; github-action-workflow; java-archive; npm; python,699.0,18.0,2.7,32.0,25.0,2.0,13.0,11.0,6.0,30.0,2.0,6.57,9.0,5.24,99.0,0.06,0.94,java; javascript; python,github-action; java-archive; npm; python,CWE-125; CWE-201; CWE-1321; CWE-1333; CWE-400; CWE-1336; CWE-1336; CWE-693; CWE-150; CWE-201; CWE-359; CWE-20; CWE-674; CWE-269; CWE-552; CWE-290; CWE-295; CWE-377; CWE-378; CWE-378; CWE-732; CWE-552; CWE-611; CWE-79; CWE-917; CWE-918,93.75,0.38,True
https://github.com/apache/flume,The Apache Software Foundation,Apache Flume,Big Data Processing,151708,108162,28178.0,16456,2558.0,1550.0,91.0,223.0,Java,2011-08-12T18:20:14Z,2026-03-20T11:43:18Z,2024-10-10 11:41:45+00:00,trunk,Apache-2.0,False,45138.0,,,153.0,143.0,java,binary; github-action; java-archive,151.0,15.0,10.49,34.0,34.0,9.0,12.0,11.0,2.0,27.0,7.0,7.27,10.0,5.46,75.73,0.06,0.8,java,java-archive,CWE-190; CWE-20; CWE-295; CWE-297; CWE-378; CWE-378; CWE-732; CWE-400; CWE-400; CWE-674; CWE-787; CWE-400; CWE-770; CWE-404; CWE-502; CWE-552; CWE-59; CWE-611; CWE-674; CWE-696; CWE-73; CWE-770; CWE-78; CWE-787; CWE-79; CWE-835; CWE-89,79.41,0.07,False
https://github.com/apache/giraph,The Apache Software Foundation,Apache Giraph,Big Data Processing,3291,2612,481.0,328,620.0,299.0,32.0,60.0,Java,2011-08-28T07:00:33Z,2026-03-08T18:21:33Z,2023-04-14 18:34:58+00:00,trunk,Apache-2.0,True,26962.0,,,63.0,62.0,java,java-archive,62.0,16.0,25.81,32.0,31.0,6.0,14.0,10.0,2.0,21.0,11.0,7.23,9.8,6.96,67.17,0.08,0.71,java,java-archive,CWE-20; CWE-200; CWE-732; CWE-20; CWE-22; CWE-295; CWE-306; CWE-400; CWE-378; CWE-732; CWE-400; CWE-400; CWE-674; CWE-787; CWE-444; CWE-502; CWE-552; CWE-611; CWE-639; CWE-674; CWE-696; CWE-770; CWE-787; CWE-862; CWE-89,65.62,0.0,False
https://github.com/apache/hadoop,The Apache Software Foundation,Apache Hadoop,Big Data Processing,1537800,952164,305735.0,161002,15511.0,9209.0,124.0,965.0,Java,2014-08-28T07:00:08Z,2026-03-30T10:39:42Z,2026-03-30 11:18:29+00:00,trunk,Apache-2.0,False,606646.0,,,1723.0,1366.0,java; javascript; python,github-action; java-archive; npm; python,1666.0,83.0,6.08,265.0,153.0,22.0,126.0,89.0,28.0,240.0,25.0,6.88,9.8,1.56,69.05,0.02,0.85,java; javascript,java-archive; npm,CWE-1050; CWE-400; CWE-115; CWE-436; CWE-116; CWE-79; CWE-94; CWE-116; CWE-91; CWE-119; CWE-121; CWE-125; CWE-126; CWE-1286; CWE-601; CWE-1288; CWE-20; CWE-1289; NVD-CWE-Other; CWE-1321; CWE-1321; CWE-471; CWE-1321; CWE-770; CWE-1321; CWE-79; CWE-1333; CWE-1333; CWE-400; CWE-1333; NVD-CWE-Other; CWE-176; CWE-352; CWE-367; CWE-20; CWE-200; CWE-200; CWE-601; CWE-200; CWE-922; CWE-20; CWE-400; CWE-20; CWE-601; CWE-20; CWE-754; CWE-212; CWE-22; CWE-22; CWE-269; CWE-22; CWE-27; CWE-22; CWE-59; CWE-23; CWE-241; CWE-248; CWE-250; NVD-CWE-Other; CWE-269; CWE-285; CWE-295; CWE-330; CWE-346; CWE-367; CWE-400; CWE-400; CWE-674; CWE-787; CWE-400; CWE-770; CWE-405; CWE-407; CWE-434; CWE-913; CWE-471; CWE-502; CWE-522; CWE-532; CWE-59; CWE-59; CWE-61; CWE-611; CWE-668; CWE-696; CWE-732; CWE-74; CWE-754; CWE-770; CWE-78; CWE-79; CWE-791; CWE-791; NVD-CWE-Other; CWE-843; CWE-843; CWE-94; CWE-89; CWE-918; CWE-94; NVD-CWE-Other,90.57,0.74,True
https://github.com/apache/hbase,Hbase,Hbase,Data Integration,758634,433594,150010.0,78058,5574.0,3395.0,363.0,384.0,Java,2014-05-23T07:00:07Z,2026-03-30T10:45:55Z,2026-03-30 10:28:08+00:00,master,Apache-2.0,False,514001.0,,,783.0,698.0,java; javascript; python,github-action; java-archive; npm; python,773.0,2.0,0.29,4.0,4.0,0.0,2.0,1.0,1.0,4.0,0.0,5.65,7.5,0.02,0.03,0.0,0.0,javascript; python,npm; python,CWE-1333; CWE-1333; CWE-400,100.0,0.36,True
https://github.com/apache/hive,APACHE,Hive,Database Management,1231444,700308,231090.0,113800,6013.0,4789.0,62.0,307.0,Java,2009-05-21T02:31:01Z,2026-03-30T13:15:28Z,2026-03-27 08:39:22+00:00,master,Apache-2.0,False,749464.0,,,458.0,445.0,java,github-action; java-archive,457.0,15.0,3.37,33.0,30.0,3.0,13.0,12.0,5.0,21.0,12.0,6.64,9.8,1.04,10.78,0.01,0.12,java,java-archive,CWE-1286; NVD-CWE-Other; CWE-20; CWE-22; CWE-284; NVD-CWE-Other; CWE-285; CWE-288; CWE-290; CWE-295; CWE-295; CWE-350; CWE-378; CWE-379; CWE-668; CWE-378; CWE-732; CWE-400; CWE-444; CWE-532; CWE-552; CWE-611; CWE-611; CWE-91; CWE-674; CWE-770; CWE-78; CWE-835; CWE-94,63.64,0.56,True
https://github.com/apache/httpd,The Apache Software Foundation,Apache HTTP Server,Application Server Software,110325,63619,18846.0,6247,3942.0,1229.0,91.0,227.0,C,2009-05-20T02:02:59Z,2026-03-30T14:20:59Z,2026-03-28 12:48:15+00:00,trunk,Apache-2.0,False,350418.0,,,7.0,6.0,,github-action,7.0,0.0,0.0,,,,,,,,,,,,,,,,,,,0.05,True
https://github.com/apache/jmeter,The Apache Software Foundation,Apache JMeter,Testing & QA,430060,256638,94505.0,43191,9299.0,2274.0,938.0,317.0,Java,2010-05-26T23:38:07Z,2026-03-30T10:56:20Z,2026-03-28 09:52:24+00:00,master,Apache-2.0,False,136067.0,,,29.0,23.0,java; javascript,github-action; java-archive; npm,26.0,0.0,0.0,,,,,,,,,,,,,,,,,,,0.23,True
https://github.com/apache/kafka,The Apache Software Foundation,Apache Kafka,Big Data Processing,618199,367007,130978.0,60033,32235.0,15070.0,320.0,1047.0,Java,2011-08-15T18:06:16Z,2026-03-30T16:13:34Z,2026-03-30 16:00:20+00:00,trunk,Apache-2.0,False,282801.0,,,100.0,63.0,java; python,github-action; github-action-workflow; java-archive; python,63.0,2.0,3.17,7.0,3.0,3.0,0.0,4.0,0.0,7.0,0.0,7.19,9.4,41.42,96.6,0.09,0.21,python,github-action; python,CWE-377; CWE-506; CWE-78,100.0,0.32,True
https://github.com/apache/kylin,The Apache Software Foundation,Apache Kylin,Big Data Processing,21974,9738,3107.0,716,3765.0,1514.0,80.0,256.0,Java,2015-01-03T08:00:05Z,2026-03-30T07:19:51Z,2026-03-13 08:55:11+00:00,kylin5,Apache-2.0,False,573833.0,,,321.0,311.0,java,java-archive,319.0,28.0,9.0,66.0,64.0,8.0,29.0,20.0,9.0,60.0,6.0,6.97,9.9,5.02,97.12,0.06,0.94,java,java-archive,CWE-116; CWE-121; CWE-150; CWE-178; CWE-190; CWE-20; CWE-200; CWE-732; CWE-20; CWE-295; CWE-22; CWE-23; CWE-269; CWE-269; CWE-552; CWE-284; CWE-284; NVD-CWE-Other; CWE-288; CWE-295; CWE-295; CWE-297; CWE-303; NVD-CWE-Other; CWE-367; CWE-378; CWE-378; CWE-732; CWE-400; CWE-400; CWE-674; CWE-787; CWE-400; CWE-770; CWE-404; CWE-426; CWE-44; CWE-502; CWE-706; CWE-459; CWE-502; CWE-521; CWE-552; CWE-59; CWE-611; CWE-639; CWE-667; CWE-674; CWE-696; CWE-732; CWE-770; CWE-78; CWE-787; NVD-CWE-Other,90.91,0.01,True
https://github.com/apache/mahout,The Apache Software Foundation,Apache Mahout,Data Science & Machine Learning,34304,24104,12333.0,6081,2276.0,989.0,77.0,218.0,Rust,2014-05-23T07:00:07Z,2026-03-30T17:10:16Z,2026-03-30 17:11:19+00:00,main,Apache-2.0,False,85486.0,,,1845.0,1614.0,javascript; python; rust,github-action; npm; python; rust-crate,1755.0,6.0,0.37,14.0,7.0,0.0,10.0,2.0,2.0,12.0,2.0,6.53,8.1,0.01,0.03,0.0,0.0,javascript; python,npm; python,CWE-1333; CWE-1333; CWE-400; CWE-200; CWE-73; CWE-22; CWE-732; CWE-400; CWE-770,85.71,0.03,True
https://github.com/apache/mesos,The Apache Software Foundation,Apache Mesos,Containerization,121280,84025,27494.0,15564,5364.0,1666.0,11.0,356.0,C++,2013-07-17T07:00:13Z,2026-03-25T22:58:50Z,2024-08-23 18:59:16+00:00,master,Apache-2.0,False,421954.0,,,82.0,81.0,python; ruby,gem; python,81.0,8.0,9.88,44.0,35.0,3.0,19.0,15.0,7.0,43.0,1.0,7.07,10.0,0.57,8.79,0.01,0.09,python; ruby,gem; python,CWE-117; CWE-93; CWE-1333; CWE-1333; CWE-400; CWE-150; NVD-CWE-Other; CWE-20; CWE-200; CWE-441; CWE-913; CWE-20; CWE-784; CWE-22; CWE-548; CWE-23; CWE-362; CWE-367; CWE-613; CWE-379; CWE-732; CWE-400; CWE-400; CWE-770; CWE-434; CWE-79; CWE-862; CWE-94,97.73,0.07,False
https://github.com/apache/mina,The Apache Software Foundation,Apache MINA,Application Server Software,3266,1235,707.0,223,919.0,427.0,3.0,96.0,Java,2009-05-21T01:13:51Z,2026-03-26T17:32:34Z,2026-01-18 21:53:35+00:00,trunk,Apache-2.0,False,16686.0,,,60.0,48.0,java,github-action; java-archive,53.0,6.0,12.5,23.0,22.0,5.0,7.0,10.0,1.0,15.0,8.0,7.21,10.0,17.52,100.0,0.19,0.94,java,java-archive,CWE-20; CWE-200; CWE-732; CWE-20; CWE-400; CWE-502; CWE-917; CWE-20; CWE-674; CWE-20; CWE-74; CWE-295; CWE-295; CWE-297; CWE-378; CWE-379; CWE-668; CWE-399; CWE-400; CWE-400; CWE-674; CWE-787; CWE-444; CWE-502; CWE-917,65.22,0.0,False
https://github.com/apache/netbeans,Oracle,Oracle NetBeans,Application Development Tools,47200,31096,8575.0,4392,3034.0,921.0,1073.0,163.0,Java,2017-09-01T07:00:11Z,2026-03-30T08:56:44Z,2026-03-27 11:08:02+00:00,master,Apache-2.0,False,424938.0,,,164.0,128.0,java,github-action; java-archive,129.0,1.0,0.78,1.0,1.0,0.0,0.0,1.0,0.0,1.0,0.0,6.5,6.5,0.01,0.01,0.0,0.0,java,java-archive,CWE-674,100.0,0.02,True
https://github.com/apache/nifi,The Apache Software Foundation,Apache NiFi,Big Data Processing,211991,142931,45452.0,25532,6031.0,2937.0,41.0,189.0,Java,2014-12-12T08:00:05Z,2026-03-30T17:10:25Z,2026-03-30 17:10:17+00:00,main,Apache-2.0,False,304218.0,,,2299.0,2187.0,java; javascript; python,github-action; java-archive; npm; python,2278.0,4.0,0.18,6.0,5.0,0.0,5.0,1.0,0.0,2.0,4.0,7.63,8.5,0.03,0.07,0.0,0.0,javascript,npm,CWE-201; CWE-359; CWE-400; CWE-79,33.33,0.11,True
https://github.com/apache/oozie,The Apache Software Foundation,Apache Oozie,Big Data Processing,274628,180373,59842.0,32502,728.0,471.0,49.0,70.0,Java,2011-09-14T07:00:10Z,2026-03-29T13:29:57Z,2025-01-27 08:38:13+00:00,master,Apache-2.0,True,32259.0,,,183.0,179.0,java,java-archive,183.0,23.0,12.85,88.0,84.0,18.0,33.0,28.0,9.0,76.0,12.0,7.09,10.0,6.2,100.0,0.08,0.94,java,java-archive,CWE-121; CWE-1286; NVD-CWE-Other; CWE-130; CWE-1321; CWE-178; CWE-59; CWE-184; CWE-502; CWE-20; CWE-200; CWE-200; CWE-732; CWE-209; CWE-264; CWE-284; CWE-287; CWE-378; CWE-378; CWE-732; CWE-399; CWE-400; CWE-400; CWE-770; CWE-404; CWE-502; CWE-552; CWE-59; CWE-611; CWE-827; CWE-669; CWE-674; CWE-732; CWE-74; CWE-770; CWE-78; CWE-787; CWE-789; CWE-79; CWE-835; CWE-862; CWE-863; CWE-89,86.36,0.14,False
https://github.com/apache/phoenix,The Apache Software Foundation,Apache Phoenix,Big Data Processing,26017,17128,4834.0,2927,1053.0,1011.0,128.0,81.0,Java,2014-06-04T07:00:08Z,2026-03-27T04:40:59Z,2026-03-27 03:30:35+00:00,master,Apache-2.0,False,92968.0,,,169.0,129.0,java,java-archive,169.0,3.0,2.33,8.0,8.0,0.0,4.0,3.0,1.0,8.0,0.0,6.44,8.7,0.28,1.82,0.0,0.03,java,java-archive,CWE-20; CWE-295; CWE-350; CWE-378; CWE-732; CWE-400; CWE-674; CWE-787; CWE-532; CWE-552; CWE-696; CWE-770,100.0,0.01,True
https://github.com/apache/pig,The Apache Software Foundation,Apache Pig,Big Data Processing,69762,58822,9695.0,6316,689.0,445.0,9.0,74.0,Java,2009-05-21T01:10:43Z,2026-02-23T12:51:39Z,2025-09-15 11:23:44+00:00,trunk,Apache-2.0,False,91442.0,,,15.0,15.0,java,java-archive,15.0,0.0,0.0,,,,,,,,,,,,,,,,,,,0.02,False
https://github.com/apache/predictionio,The Apache Software Foundation,Apache PredictionIO,Data Science & Machine Learning,4880,2211,2177.0,939,12529.0,1914.0,80.0,744.0,Scala,2013-01-25T19:42:32Z,2026-03-23T07:02:58Z,2021-01-09 10:30:58+00:00,develop,Apache-2.0,True,36295.0,,,98.0,98.0,ruby,gem,98.0,15.0,15.31,82.0,67.0,6.0,37.0,33.0,6.0,82.0,0.0,7.05,10.0,1.98,70.37,0.03,0.94,ruby,gem,CWE-117; CWE-93; CWE-125; CWE-787; CWE-1333; CWE-1333; CWE-400; CWE-150; NVD-CWE-Other; CWE-19; CWE-20; CWE-200; CWE-22; CWE-200; CWE-441; CWE-913; CWE-203; CWE-208; CWE-20; CWE-784; CWE-22; CWE-23; CWE-22; CWE-548; CWE-23; CWE-241; CWE-843; CWE-254; CWE-362; CWE-367; CWE-613; CWE-362; CWE-664; CWE-400; CWE-400; CWE-770; CWE-416; CWE-416; CWE-908; CWE-426; CWE-476; CWE-611; CWE-74; CWE-79; CWE-78; CWE-787; CWE-787; CWE-843; CWE-79; CWE-835; CWE-843; CWE-862; CWE-908,100.0,0.01,False
https://github.com/apache/spark,The Apache Software Foundation,Apache Spark,Big Data Processing,1023126,602591,228584.0,108034,43060.0,29140.0,306.0,2001.0,Scala,2014-02-25T08:00:08Z,2026-03-30T17:23:44Z,2026-03-30 17:23:38+00:00,master,Apache-2.0,False,545497.0,,,567.0,482.0,R; java; javascript; python; ruby,R-package; gem; github-action; github-action-workflow; java-archive; npm; python,483.0,5.0,1.04,5.0,5.0,1.0,1.0,3.0,0.0,4.0,1.0,7.16,9.8,0.35,0.86,0.01,0.01,java,java-archive,CWE-208; CWE-295; CWE-674; CWE-732; CWE-74,80.0,0.55,True
https://github.com/apache/storm,The Apache Software Foundation,Apache Storm,Big Data Processing,120546,85265,19527.0,9755,6675.0,4049.0,38.0,562.0,Java,2013-11-05T08:00:14Z,2026-03-30T11:35:54Z,2026-03-30 11:35:45+00:00,master,Apache-2.0,False,157079.0,,,275.0,260.0,java; javascript; python,github-action; java-archive; npm; python,263.0,0.0,0.0,,,,,,,,,,,,,,,,,,,0.05,True
https://github.com/apache/subversion,CollabNet,Subversion,Application Development Tools,467526,340862,137982.0,70748,628.0,191.0,3.0,36.0,C,2009-12-31T09:00:10Z,2026-03-29T01:32:36Z,2026-03-29 01:32:32+00:00,trunk,Apache-2.0,False,218612.0,,,7.0,6.0,,github-action,6.0,0.0,0.0,,,,,,,,,,,,,,,,,,,0.33,True
https://github.com/apache/tez,The Apache Software Foundation,Apache Tez,Big Data Processing,41977,32548,6268.0,3062,514.0,440.0,67.0,32.0,Java,2013-04-08T07:20:23Z,2026-03-30T14:25:46Z,2026-03-30 14:24:01+00:00,master,Apache-2.0,False,32387.0,,,879.0,768.0,java; javascript,github-action; java-archive; npm,879.0,68.0,8.85,177.0,110.0,18.0,103.0,43.0,13.0,168.0,9.0,7.27,9.8,1.59,66.71,0.02,0.85,javascript,npm,CWE-1050; CWE-400; CWE-115; CWE-436; CWE-116; CWE-91; CWE-125; CWE-125; CWE-126; CWE-1286; CWE-601; CWE-1288; CWE-20; CWE-1321; CWE-1321; CWE-471; CWE-1321; CWE-770; CWE-1333; CWE-1333; CWE-400; CWE-1333; NVD-CWE-Other; CWE-176; CWE-352; CWE-367; CWE-185; CWE-770; CWE-20; CWE-200; CWE-20; CWE-201; CWE-20; CWE-400; CWE-20; CWE-754; CWE-22; CWE-22; CWE-269; CWE-22; CWE-59; CWE-241; CWE-254; CWE-269; CWE-295; CWE-330; CWE-330; CWE-338; CWE-367; CWE-399; CWE-400; CWE-400; CWE-74; CWE-400; CWE-770; CWE-405; CWE-407; CWE-471; CWE-532; CWE-59; CWE-59; CWE-61; CWE-732; CWE-74; CWE-770; CWE-77; CWE-94; CWE-78; CWE-94; CWE-79; CWE-843; CWE-89; CWE-918; CWE-94; NVD-CWE-Other,94.92,0.02,True
https://github.com/apache/tomcat,The Apache Software Foundation,Apache Tomcat,Operating System,876080,463286,207250.0,79968,8129.0,5359.0,26.0,475.0,Java,2011-10-01T07:00:19Z,2026-03-30T13:06:15Z,2026-03-30 16:24:03+00:00,main,Apache-2.0,False,194087.0,,,70.0,62.0,java,github-action; java-archive,62.0,0.0,0.0,,,,,,,,,,,,,,,,,,,0.5,True
https://github.com/apache/trafficserver,The Apache Software Foundation,Apache Traffic Server,Server,287102,194627,98623.0,51032,1938.0,854.0,422.0,149.0,C++,2009-10-31T08:00:10Z,2026-03-27T22:35:47Z,2026-03-27 22:35:43+00:00,master,Apache-2.0,False,172837.0,,,13.0,13.0,java,github-action; java-archive,13.0,0.0,0.0,,,,,,,,,,,,,,,,,,,0.24,True
https://github.com/apache/trafodion,The Apache Software Foundation,Apache Trafodion,Database Management,196,49,34.0,18,245.0,150.0,24.0,41.0,C++,2015-05-27T07:00:05Z,2026-03-17T07:11:04Z,2021-06-07 08:26:11+00:00,master,,True,88977.0,,,108.0,98.0,java,java-archive,108.0,14.0,14.29,46.0,45.0,9.0,18.0,15.0,4.0,37.0,9.0,6.91,9.8,4.3,51.96,0.06,0.69,java,java-archive,CWE-121; CWE-787; CWE-190; CWE-444; CWE-20; CWE-200; CWE-200; CWE-213; CWE-200; CWE-732; CWE-203; CWE-209; CWE-20; CWE-22; CWE-264; CWE-306; CWE-400; CWE-378; CWE-732; CWE-400; CWE-400; CWE-551; CWE-755; CWE-400; CWE-674; CWE-400; CWE-674; CWE-787; CWE-400; CWE-770; CWE-444; CWE-502; CWE-552; CWE-611; CWE-613; CWE-639; CWE-674; CWE-696; CWE-770; CWE-787; CWE-79; CWE-862; CWE-89,80.43,0.0,False
https://github.com/apache/xmlrpc,APACHE,XML-RPC,Application Server Software,734483,358187,524559.0,225544,,,,,,,,,,,,,,,,,,,,,,,,,,,,,,,,,,,,,,,,1.27,False
https://github.com/apache/zookeeper,The Apache Software Foundation,Apache Zookeeper,Software Configuration Management,228372,143045,42493.0,24336,12743.0,7327.0,226.0,654.0,Java,2009-03-27T15:41:56Z,2026-03-30T06:48:15Z,2026-03-27 17:59:09+00:00,master,Apache-2.0,False,154867.0,,,110.0,104.0,java,github-action; java-archive,104.0,3.0,2.88,6.0,4.0,0.0,3.0,2.0,1.0,6.0,0.0,5.98,8.9,0.03,0.15,0.0,0.0,java,java-archive,CWE-20; CWE-345; CWE-349; CWE-770,100.0,0.1,True
https://github.com/apollographql/apollo-client,Apollo GraphQL,Apollo Client,Application Development Tools,37285,19753,11501.0,4561,19717.0,2707.0,418.0,258.0,TypeScript,2016-02-26T20:25:00Z,2026-03-30T04:44:33Z,2026-03-28 09:03:21+00:00,main,MIT,False,100207.0,,,1669.0,1334.0,javascript,github-action; npm,1580.0,32.0,2.4,93.0,60.0,3.0,33.0,44.0,13.0,93.0,0.0,6.2,10.0,3.18,84.12,0.05,0.93,javascript,npm,CWE-1321; CWE-1333; CWE-1333; CWE-400; CWE-1385; CWE-190; CWE-20; CWE-200; CWE-200; CWE-22; CWE-284; CWE-200; CWE-23; CWE-284; CWE-200; CWE-284; CWE-20; CWE-347; CWE-22; CWE-241; CWE-285; CWE-863; CWE-295; CWE-330; CWE-346; CWE-347; CWE-400; CWE-407; CWE-436; CWE-444; CWE-524; CWE-59; CWE-670; CWE-674; CWE-705; CWE-74; CWE-749; CWE-754; CWE-770; CWE-776; CWE-78; CWE-835; CWE-918; CWE-94,100.0,0.03,True
https://github.com/apple/swift,Apple,Swift,Programming Languages,55702,40264,9862.0,4830,69867.0,10692.0,8773.0,2400.0,Swift,2015-10-23T21:15:07Z,2026-03-30T17:18:48Z,2026-03-30 17:42:34+00:00,main,Apache-2.0,False,1324975.0,,,14.0,13.0,swift,swift,13.0,0.0,0.0,,,,,,,,,,,,,,,,,,,0.02,True
https://github.com/aurelia/framework,Blue Spire Consulting Inc.,Aurelia,Frameworks & Libraries,32247,26240,9217.0,6001,11688.0,612.0,60.0,383.0,TypeScript,2014-12-10T19:22:29Z,2026-03-29T08:14:22Z,2023-01-27 11:32:58+00:00,master,MIT,False,3253.0,,,14.0,14.0,javascript,github-action; npm,14.0,0.0,0.0,,,,,,,,,,,,,,,,,,,0.02,False
https://github.com/backdrop/backdrop,backdropcms,Backdrop,Web Content Management Systems,369,97,230.0,70,1034.0,399.0,734.0,64.0,PHP,2013-08-22T01:50:58Z,2026-03-30T01:07:04Z,2026-03-30 01:07:20+00:00,1.x,GPL-2.0,False,83966.0,,,15.0,10.0,,github-action,10.0,0.0,0.0,,,,,,,,,,,,,,,,,,,0.0,True
https://github.com/basho/riak,Basho,Basho Riak,Database Management,37086,27585,10710.0,4950,4018.0,529.0,154.0,250.0,Shell,2010-04-16T14:51:16Z,2026-03-19T01:34:11Z,2024-05-01 19:27:08+00:00,develop,Apache-2.0,False,46600.0,,,42.0,42.0,erlang,hex,42.0,0.0,0.0,,,,,,,,,,,,,,,,,,,0.03,False
https://github.com/berkeleydb/libdb,Oracle,Oracle Berkeley DB,Database Management,10602,8383,1210.0,649,385.0,85.0,2.0,13.0,C,2011-09-13T18:37:21Z,2026-03-11T23:01:39Z,2023-10-21 14:20:18+00:00,master,,False,84412.0,,,,,,,,,,,,,,,,,,,,,,,,,,,,0.0,False
https://github.com/bitcoin/bitcoin,Bitcoin,Bitcoin,Blockchain,121625,60733,21283.0,10104,88627.0,38868.0,698.0,4049.0,C++,2010-12-19T15:16:43Z,2026-03-30T16:32:32Z,2026-03-30 12:11:12+00:00,master,MIT,False,310659.0,,,48.0,40.0,rust,github-action; rust-crate,44.0,0.0,0.0,,,,,,,,,,,,,,,,,,,0.05,True
https://github.com/bloomreach/brXM,BloomReach,Hippo,Web Content Management Systems,54328,44584,8584.0,4674,27.0,14.0,0.0,16.0,,2020-07-08T15:57:44Z,2026-02-20T21:38:24Z,2026-02-02 10:18:08+00:00,main,Apache-2.0,False,244568.0,,,,,,,,,,,,,,,,,,,,,,,,,,,,0.02,False
https://github.com/bolt/core,Bolt,Bolt,Web Content Management Systems,1950,1317,839.0,376,584.0,179.0,47.0,17.0,PHP,2018-05-28T15:18:59Z,2026-03-30T17:28:16Z,2026-03-30 11:42:43+00:00,6.0,MIT,False,62612.0,,,1333.0,1087.0,javascript,github-action; npm,1310.0,31.0,2.85,64.0,52.0,5.0,26.0,26.0,7.0,59.0,5.0,6.66,9.8,3.41,87.85,0.05,0.93,javascript,npm,CWE-1050; CWE-400; CWE-1240; CWE-1321; CWE-1333; CWE-1333; CWE-400; CWE-190; CWE-20; CWE-20; CWE-347; CWE-22; CWE-295; CWE-330; CWE-346; CWE-347; CWE-400; CWE-436; CWE-476; CWE-601; CWE-670; CWE-674; CWE-693; CWE-74; CWE-749; CWE-754; CWE-79; CWE-835; CWE-918; CWE-918; CWE-941; CWE-94; CWE-95,92.19,0.0,True
https://github.com/buddypress/buddypress,BuddyPress,BuddyPress,Software as a Service,32934,23231,12415.0,5405,245.0,172.0,19.0,28.0,PHP,2013-04-13T11:56:03Z,2026-03-28T02:40:33Z,2026-01-26 19:28:07+00:00,master,,False,77112.0,,,7.0,7.0,,github-action; github-action-workflow,7.0,0.0,0.0,,,,,,,,,,,,,,,,,,,0.03,False
https://github.com/bugzilla/bugzilla,Mozilla Foundation,Bugzilla,Testing & QA,162801,91741,41811.0,16326,810.0,313.0,33.0,49.0,Perl,2014-03-12T14:49:38Z,2026-03-30T15:58:19Z,2026-02-19 03:07:34+00:00,5.2,MPL-2.0,False,75100.0,,,6.0,6.0,python,github-action; python,6.0,0.0,0.0,,,,,,,,,,,,,,,,,,,0.1,False
https://github.com/cakephp/cakephp,Cake Software Foundation Inc.,CakePHP,Frameworks & Libraries,27597,7994,15692.0,3054,8795.0,3378.0,24.0,516.0,PHP,2010-05-08T14:38:22Z,2026-03-27T19:46:32Z,2026-03-30 17:32:09+00:00,5.x,MIT,False,117606.0,,,18.0,17.0,php,github-action; php-composer,17.0,0.0,0.0,,,,,,,,,,,,,,,,,,,0.04,True
https://github.com/capistrano/capistrano,capistranorb,Capistrano,Application Development Tools,10719,4825,3189.0,771,12925.0,1756.0,62.0,310.0,Ruby,2009-02-26T16:14:04Z,2026-03-29T11:12:28Z,2026-01-03 00:26:07+00:00,master,MIT,False,4640.0,,,92.0,92.0,ruby,gem; github-action,92.0,6.0,6.52,38.0,19.0,2.0,16.0,16.0,4.0,38.0,0.0,7.41,9.8,0.73,8.79,0.02,0.09,ruby,gem,CWE-125; CWE-787; CWE-1333; CWE-400; CWE-190; CWE-22; CWE-23; CWE-241; CWE-843; CWE-400; CWE-400; CWE-770; CWE-416; CWE-476; CWE-611; CWE-787; CWE-79; CWE-862,100.0,0.01,False
https://github.com/cdapio/cdap,Cask Data,Cask Data Application Platform,Big Data Processing,4641,3741,497.0,257,788.0,350.0,121.0,93.0,Java,2014-08-02T09:00:10Z,2026-03-27T13:44:16Z,2026-03-30 13:30:24+00:00,develop,NOASSERTION,False,642930.0,,,362.0,338.0,java,binary; github-action; java-archive,359.0,30.0,8.88,84.0,64.0,9.0,26.0,37.0,12.0,81.0,3.0,6.51,9.9,0.59,16.21,0.01,0.17,java,github-action; java-archive,CWE-125; CWE-178; CWE-59; CWE-190; CWE-20; CWE-200; CWE-200; CWE-732; CWE-203; CWE-20; CWE-400; CWE-22; CWE-264; CWE-269; CWE-295; CWE-303; NVD-CWE-Other; CWE-378; CWE-378; CWE-379; CWE-668; CWE-378; CWE-732; CWE-400; CWE-400; CWE-674; CWE-787; CWE-400; CWE-770; CWE-404; CWE-444; CWE-502; CWE-521; CWE-538; CWE-552; CWE-59; CWE-611; CWE-611; CWE-827; CWE-674; CWE-696; CWE-74; CWE-770; CWE-78; CWE-787; CWE-835; CWE-863; CWE-917; CWE-918; CWE-93,96.43,0.0,True
https://github.com/cesanta/mongoose,CESANTA,Mongoose,Server,6701,1514,493.0,266,12628.0,2892.0,13.0,467.0,C,2012-08-14T15:09:51Z,2026-03-30T09:32:34Z,2026-03-28 22:23:16+00:00,master,NOASSERTION,False,38922.0,,,26.0,17.0,,github-action,18.0,0.0,0.0,,,,,,,,,,,,,,,,,,,0.0,True
https://github.com/cfengine/core,CFEngine,CFEngine,Software Configuration Management,29767,23190,7229.0,5178,521.0,197.0,5.0,51.0,C,2012-02-25T09:19:05Z,2026-03-20T12:50:22Z,2026-03-20 14:34:06+00:00,master,NOASSERTION,False,70891.0,,,35.0,25.0,,github-action; github-action-workflow,25.0,0.0,0.0,,,,,,,,,,,,,,,,,,,0.02,True
https://github.com/chef/chef,Opscode,Opscode Chef,IT Infrastructure & Ops Management,271739,184669,58088.0,28050,8339.0,2526.0,370.0,352.0,Ruby,2009-01-15T20:40:48Z,2026-03-30T13:15:41Z,2026-03-30 17:20:25+00:00,main,Apache-2.0,False,392634.0,,,496.0,270.0,ruby,deb; gem; github-action; github-action-workflow; rpm,346.0,6.0,2.22,14.0,14.0,0.0,6.0,7.0,1.0,14.0,0.0,6.4,8.3,0.05,0.17,0.0,0.0,ruby,gem,CWE-1333; CWE-400; CWE-134; CWE-200; CWE-441; CWE-913; CWE-212; CWE-22; CWE-548; CWE-327; CWE-400; CWE-400; CWE-770; CWE-79; CWE-918,100.0,0.14,True
https://github.com/cherokee/webserver,CHEROKEE,Cherokee,Server,33332,28534,13436.0,9926,574.0,108.0,435.0,52.0,C,2011-10-11T12:19:24Z,2026-03-10T22:05:04Z,2023-01-11 20:34:30+00:00,master,GPL-2.0,False,39690.0,,,,,,,,,,,,,,,,,,,,,,,,,,,,0.03,False
https://github.com/ckeditor/ckeditor5,CKSource sp. z.o.o. sp.k.,CKEditor,Application Development Tools,530243,237880,203690.0,77074,10391.0,3739.0,876.0,146.0,Rich Text Format,2015-01-08T12:13:59Z,2026-03-30T16:14:42Z,2026-03-30 14:27:12+00:00,master,NOASSERTION,False,652295.0,,,1861.0,1638.0,javascript,npm,1861.0,6.0,0.37,12.0,7.0,0.0,4.0,8.0,0.0,12.0,0.0,6.43,8.9,0.04,0.08,0.0,0.0,javascript,npm,CWE-1321; CWE-1333; CWE-20; CWE-754; CWE-400; CWE-674,100.0,0.49,True
https://github.com/clojure/clojure,Clojure,Clojure,Programming Languages,59239,37881,15108.0,9262,10833.0,1456.0,0.0,681.0,Java,2010-06-29T20:03:33Z,2026-03-30T12:39:56Z,2026-01-16 14:55:13+00:00,master,,False,19313.0,,,19.0,17.0,java,github-action; github-action-workflow; java-archive,17.0,0.0,0.0,,,,,,,,,,,,,,,,,,,0.04,False
https://github.com/cmsmadesimple/cmsmadesimple2,CMS Made Simple,CMS Made Simple,Web Content Management Systems,16837,5657,11671.0,2420,,,,,,,,,,,,,,,,,,,,,,,,,,,,,,,,,,,,,,,,0.03,False
https://github.com/codeigniter4/CodeIgniter4,CodeIgniter,CodeIgniter,Frameworks & Libraries,193554,70191,76167.0,18825,5871.0,1972.0,34.0,276.0,PHP,2015-08-27T03:32:45Z,2026-03-30T14:48:15Z,2026-03-29 19:16:50+00:00,develop,MIT,False,363089.0,,,82.0,38.0,,github-action; github-action-workflow,40.0,0.0,0.0,,,,,,,,,,,,,,,,,,,0.18,True
https://github.com/codemirror/dev,Codemirror,CodeMirror,Application Development Tools,85472,40370,43507.0,14601,7773.0,472.0,17.0,70.0,JavaScript,2018-08-28T12:10:35Z,2026-03-30T13:39:52Z,2026-01-22 08:42:13+00:00,main,NOASSERTION,False,3746.0,,,4.0,4.0,,github-action,4.0,0.0,0.0,,,,,,,,,,,,,,,,,,,0.1,False
https://github.com/concretecms/concretecms,Concrete5,Concrete5,Web Content Management Systems,80882,59179,28024.0,13456,827.0,470.0,530.0,72.0,PHP,2014-04-22T18:12:28Z,2026-03-20T17:06:53Z,2026-03-29 01:24:26+00:00,9.5.x,MIT,False,307300.0,,,424.0,407.0,javascript; php,github-action; npm; php-composer,420.0,14.0,3.44,22.0,21.0,1.0,12.0,8.0,1.0,21.0,1.0,7.1,9.4,0.38,3.66,0.01,0.06,javascript; php,npm; php-composer,CWE-116; CWE-79; CWE-1321; CWE-1333; CWE-1333; CWE-400; CWE-176; CWE-352; CWE-367; CWE-20; CWE-208; CWE-22; CWE-22; CWE-59; CWE-330; CWE-400; CWE-407; CWE-476; CWE-918,95.45,0.07,True
https://github.com/contao/contao,contao.org,Contao,Web Content Management Systems,23575,1759,17985.0,341,420.0,169.0,431.0,34.0,PHP,2018-08-15T07:18:30Z,2026-03-30T16:02:48Z,2026-03-27 16:46:17+00:00,main,LGPL-3.0,False,138665.0,,,148.0,85.0,javascript; php,github-action; npm; php-composer,89.0,0.0,0.0,,,,,,,,,,,,,,,,,,,0.04,True
https://github.com/cubecart/v6,CubeCart,Commerce Software,Commerce Application,11286,10154,1688.0,986,74.0,57.0,7.0,16.0,PHP,2014-06-24T16:38:00Z,2026-03-25T20:19:18Z,2026-03-25 20:19:14+00:00,v6.5-master,,False,47980.0,,,26.0,24.0,php,github-action; php-composer,24.0,0.0,0.0,,,,,,,,,,,,,,,,,,,0.0,True
https://github.com/cucumber/cucumber,Cucumber,Cucumber,Testing & QA,455703,303749,108710.0,53604,3349.0,683.0,45.0,212.0,,2015-06-21T04:37:35Z,2026-03-29T18:25:25Z,2026-03-11 16:37:58+00:00,main,MIT,False,129995.0,,,5.0,5.0,,github-action,5.0,0.0,0.0,,,,,,,,,,,,,,,,,,,0.26,True
https://github.com/cucumber/cucumber-js,Cucumber,Cucumberjs,Testing & QA,455703,303749,108710.0,53604,5300.0,1108.0,53.0,203.0,TypeScript,2011-05-27T21:27:17Z,2026-03-30T07:32:08Z,2026-03-28 07:05:28+00:00,main,MIT,False,30053.0,,,185.0,138.0,javascript,github-action; npm,177.0,2.0,1.45,2.0,2.0,0.0,0.0,2.0,0.0,2.0,0.0,5.4,6.5,0.03,0.03,0.0,0.0,javascript,npm,CWE-400; CWE-674,100.0,0.26,True
https://github.com/d3/d3,Data Driven Documents,D3js,Charting,310035,162557,100961.0,40373,112654.0,22782.0,30.0,3555.0,Shell,2010-09-27T17:22:42Z,2026-03-30T16:08:41Z,2025-12-02 17:48:19+00:00,main,ISC,False,59349.0,,,49.0,46.0,javascript,github-action; npm,47.0,0.0,0.0,,,,,,,,,,,,,,,,,,,0.24,False
https://github.com/dart-lang/sdk,Dart,Dart,Programming Languages,63273,28693,17552.0,9385,11095.0,1787.0,8394.0,292.0,Dart,2015-05-16T14:14:58Z,2026-03-30T17:14:10Z,2026-03-30 17:16:13+00:00,main,BSD-3-Clause,False,1592006.0,,,206.0,204.0,dart,dart-pub; github-action; github-action-workflow,204.0,0.0,0.0,,,,,,,,,,,,,,,,,,,0.04,True
https://github.com/datawrapper/datawrapper,Settings,Datawrapper,Charting,10710,6237,4801.0,2027,1435.0,278.0,75.0,76.0,TypeScript,2012-07-06T08:54:49Z,2026-03-27T13:49:51Z,2025-03-30 20:06:30+00:00,main,,False,39960.0,,,,,,,,,,,,,,,,,,,,,,,,,,,,0.01,False
https://github.com/discourse/discourse,Civilized Discourse Construction Kit Inc.,Discourse,Software as a Service,15417,6701,9443.0,2777,46653.0,8861.0,160.0,881.0,Ruby,2013-01-12T00:25:55Z,2026-03-30T17:48:35Z,2026-03-30 17:48:31+00:00,main,GPL-2.0,False,876247.0,,,2475.0,1964.0,javascript; ruby,gem; github-action; npm,2439.0,19.0,0.97,47.0,32.0,1.0,18.0,20.0,8.0,47.0,0.0,6.07,9.8,0.03,0.23,0.0,0.0,javascript; ruby,gem; npm,CWE-1050; CWE-400; CWE-116; CWE-79; CWE-94; CWE-1321; CWE-79; CWE-1333; CWE-1333; CWE-400; CWE-176; CWE-352; CWE-367; CWE-20; CWE-20; CWE-754; CWE-22; CWE-22; CWE-59; CWE-327; CWE-384; CWE-639; CWE-400; CWE-59; CWE-754; CWE-835; CWE-843; CWE-94; CWE-918,100.0,0.02,True
https://github.com/django-cms/django-cms,Divio AG,django CMS,Web Content Management Systems,9434,7041,2017.0,1172,10640.0,3196.0,18.0,384.0,Python,2009-03-05T10:14:18Z,2026-03-30T14:41:17Z,2026-03-30 15:47:58+00:00,main,NOASSERTION,False,117171.0,,,123.0,108.0,javascript; python,github-action; npm; python,108.0,2.0,1.85,3.0,1.0,0.0,0.0,0.0,3.0,2.0,1.0,1.1,3.3,0.0,0.0,0.0,0.0,python,github-action; python,CWE-1333; CWE-400,66.67,0.0,True
https://github.com/django/django,Django Software Foundation,Django,Frameworks & Libraries,122791,49965,60198.0,18814,87124.0,33810.0,422.0,2246.0,Python,2012-04-28T02:47:18Z,2026-03-30T17:11:35Z,2026-03-30 16:55:55+00:00,main,BSD-3-Clause,False,278208.0,,,54.0,28.0,,github-action,28.0,2.0,7.14,2.0,1.0,0.0,2.0,0.0,0.0,2.0,0.0,8.0,8.7,0.07,0.15,0.0,0.0,,github-action,CWE-20,100.0,0.15,True
https://github.com/dokuwiki/dokuwiki,dokuwiki.org,DokuWiki,Other Web Tools & Plugins,77947,45478,39725.0,18050,4593.0,911.0,502.0,176.0,PHP,2010-01-03T13:47:20Z,2026-03-30T05:04:20Z,2026-03-25 07:57:19+00:00,master,GPL-2.0,False,44924.0,,,46.0,35.0,php,github-action; php-composer,35.0,1.0,2.86,3.0,3.0,0.0,1.0,2.0,0.0,2.0,1.0,5.83,8.7,0.24,0.52,0.0,0.01,php,php-composer,CWE-22; CWE-79; CWE-79; CWE-94,66.67,0.1,True
https://github.com/dotCMS/core,dotCMS,dotCMS,Web Content Management Systems,34906,26273,6867.0,4256,940.0,480.0,837.0,83.0,Java,2012-03-15T15:24:14Z,2026-03-30T17:13:39Z,2026-03-30 17:49:44+00:00,main,NOASSERTION,False,1127298.0,,,4351.0,2911.0,java; javascript,binary; github-action; github-action-workflow; java-archive; npm,3774.0,45.0,1.55,239.0,103.0,11.0,115.0,95.0,18.0,235.0,4.0,6.66,9.8,1.48,84.12,0.02,0.93,javascript,binary; github-action; npm,CWE-116; CWE-79; CWE-94; CWE-1284; CWE-248; CWE-1321; CWE-1321; CWE-79; CWE-1333; CWE-1333; CWE-400; CWE-1385; CWE-176; CWE-352; CWE-367; CWE-190; CWE-20; CWE-200; CWE-601; CWE-201; CWE-359; CWE-20; CWE-347; CWE-22; CWE-22; CWE-59; CWE-285; CWE-863; CWE-295; CWE-330; CWE-347; CWE-362; CWE-362; CWE-367; CWE-400; CWE-401; CWE-407; CWE-409; CWE-436; CWE-444; CWE-524; CWE-601; CWE-639; CWE-674; CWE-705; CWE-74; CWE-79; CWE-754; CWE-770; CWE-79; CWE-79; CWE-94; CWE-835; CWE-843; CWE-94; CWE-918; CWE-93; CWE-94,98.33,0.02,True
https://github.com/dotclear/dotclear,dotclear.org,Dotclear,Other Web Tools & Plugins,328,4,218.0,4,44.0,21.0,0.0,7.0,PHP,2017-11-02T17:45:08Z,2026-03-30T12:31:20Z,2026-03-30 12:31:15+00:00,master,AGPL-3.0,False,318066.0,,,,,,,,,,,,,,,,,,,,,,,,,,,,0.0,False
https://github.com/dotnet/aspnetcore,Microsoft,ASP.NET,Programming Languages,3033463,1457663,1241462.0,445644,37803.0,10620.0,3854.0,1412.0,C#,2014-03-11T06:09:42Z,2026-03-30T14:42:52Z,2026-03-30 14:25:57+00:00,main,MIT,False,376063.0,,,183.0,149.0,java; javascript,github-action; github-action-workflow; java-archive; npm,162.0,0.0,0.0,,,,,,,,,,,,,,,,,,,2.99,True
https://github.com/dotnet/fsharp,The F# Software Foundation,F#,Programming Languages,41718,24405,9962.0,4069,4273.0,852.0,1287.0,171.0,F#,2015-01-10T05:58:43Z,2026-03-30T17:04:06Z,2026-03-30 17:04:01+00:00,main,MIT,False,411122.0,,,43.0,30.0,dotnet,dotnet; github-action; github-action-workflow,39.0,1.0,3.33,1.0,0.0,0.0,1.0,0.0,0.0,1.0,0.0,7.3,7.3,0.0,0.0,,,,github-action,,100.0,0.02,True
https://github.com/dotwaffle/rancid-git,Shrubbery Networks Inc,Shrubbery Networks RANCID,Software Configuration Management,35,0,8.0,0,218.0,85.0,10.0,47.0,Makefile,2009-01-27T22:49:44Z,2025-09-20T00:55:49Z,2018-05-16 16:52:56+00:00,master,NOASSERTION,True,2999.0,,,,,,,,,,,,,,,,,,,,,,,,,,,,0.0,False
https://github.com/dovecot/core,Dovecot,Mail Server,Other IT Development/Infrastructure,9355,2349,2891.0,779,1189.0,331.0,11.0,63.0,C,2015-12-09T12:39:30Z,2026-03-30T17:00:11Z,2026-03-30 17:00:05+00:00,main,NOASSERTION,False,183395.0,,,,,,,,,,,,,,,,,,,,,,,,,,,,0.01,True
https://github.com/drupal/drupal,Open Source,Drupal,Web Content Management Systems,845239,477671,268561.0,109325,4257.0,1963.0,0.0,402.0,PHP,2009-01-04T13:53:32Z,2026-03-30T17:10:43Z,2026-03-30 17:10:38+00:00,main,,False,418051.0,,,1065.0,1064.0,javascript; php,npm; php-composer,1065.0,18.0,1.69,49.0,40.0,0.0,18.0,20.0,11.0,49.0,0.0,6.41,9.8,2.58,46.68,0.05,0.86,javascript; php,npm; php-composer,CWE-1321; CWE-1333; CWE-1333; CWE-400; CWE-176; CWE-352; CWE-367; CWE-178; CWE-289; CWE-209; CWE-20; CWE-915; NVD-CWE-Other; CWE-22; CWE-22; CWE-59; CWE-400; CWE-407; CWE-451; CWE-502; CWE-915; CWE-525; CWE-59; CWE-674; CWE-754; CWE-79; CWE-863; CWE-913; CWE-915; CWE-918,100.0,0.65,True
https://github.com/drupalcommerce/commerce,Open Source,Drupal Comm,Commerce Application,28396,11142,8502.0,2876,353.0,252.0,32.0,69.0,PHP,2014-07-01T15:05:51Z,2025-11-30T01:41:26Z,2020-10-06 10:56:55+00:00,8.x-2.x,,False,7943.0,,,,,,,,,,,,,,,,,,,,,,,,,,,,0.02,False
https://github.com/e107inc/e107,e107,e107,Web Content Management Systems,9200,8851,660.0,424,329.0,211.0,706.0,63.0,PHP,2012-11-16T19:49:01Z,2026-03-30T15:27:06Z,2026-02-20 22:44:28+00:00,master,GPL-3.0,False,94589.0,,,21.0,18.0,php,github-action; php-composer,21.0,1.0,5.56,1.0,1.0,0.0,0.0,1.0,0.0,0.0,1.0,3.7,3.7,0.01,0.01,0.0,0.0,php,php-composer,CWE-287; CWE-295,0.0,0.0,False
https://github.com/easymock/easymock,EasyMock,EasyMock,Frameworks & Libraries,47393,33463,12200.0,7726,829.0,310.0,65.0,57.0,HTML,2013-06-10T22:26:09Z,2026-03-25T04:18:01Z,2026-03-30 02:04:01+00:00,master,,False,12473.0,,,166.0,149.0,java; ruby,gem; github-action; java-archive,166.0,1.0,0.67,2.0,0.0,0.0,0.0,2.0,0.0,2.0,0.0,5.3,5.3,0.0,0.0,,,ruby,gem,,100.0,0.03,True
https://github.com/eclipse-ee4j/glassfish,Sun Microsystems,GlassFish,Server,87026,59825,15250.0,6211,435.0,170.0,92.0,39.0,Java,2018-09-15T08:59:52Z,2026-03-25T15:48:40Z,2026-03-25 16:04:22+00:00,main,NOASSERTION,False,4252632.0,,,1840.0,1646.0,java,github-action; java-archive,1701.0,7.0,0.43,24.0,22.0,6.0,10.0,7.0,1.0,17.0,7.0,7.65,9.8,11.23,69.55,0.14,0.93,java,java-archive,CWE-20; CWE-200; CWE-732; CWE-284; CWE-284; NVD-CWE-Other; CWE-295; CWE-502; CWE-89; CWE-94,70.83,0.04,True
https://github.com/elcodi/elcodi,Elcodi,Elcodi,E-Commerce Platform/Software,1,0,1.0,0,421.0,77.0,37.0,39.0,PHP,2014-04-03T17:26:10Z,2026-03-17T10:08:00Z,2016-08-05 13:38:39+00:00,master,MIT,True,16071.0,,,,,,,,,,,,,,,,,,,,,,,,,,,,0.0,False
https://github.com/emacs-mirror/emacs,EMACS,EMACS,Application Development Tools,1050,685,290.0,166,4996.0,1360.0,18.0,279.0,Emacs Lisp,2014-08-07T06:58:17Z,2026-03-30T17:15:41Z,2026-03-30 17:15:36+00:00,master,GPL-3.0,False,1591375.0,,,,,,,,,,,,,,,,,,,,,,,,,,,,0.0,True
https://github.com/emberjs/ember.js,Tilde,Emberjs,Frameworks & Libraries,103249,78595,18683.0,11136,22574.0,4195.0,399.0,817.0,TypeScript,2011-05-25T23:39:40Z,2026-03-30T14:15:40Z,2026-03-30 14:50:33+00:00,main,MIT,False,109766.0,,,2142.0,1661.0,javascript,github-action; github-action-workflow; npm,2119.0,20.0,1.2,30.0,22.0,1.0,14.0,9.0,6.0,27.0,3.0,6.07,9.4,0.35,3.99,0.01,0.05,javascript,npm,CWE-1321; CWE-1333; CWE-1333; CWE-400; CWE-20; CWE-20; CWE-201; CWE-330; CWE-399; CWE-400; CWE-471; CWE-59; CWE-770; CWE-79; CWE-918; CWE-94,90.0,0.05,True
https://github.com/erlang/otp,Ericsson,Erlang,Programming Languages,3607,1142,731.0,310,12087.0,3060.0,531.0,487.0,Erlang,2009-11-16T17:17:57Z,2026-03-30T16:35:43Z,2026-03-30 16:35:33+00:00,master,Apache-2.0,False,620552.0,,,286.0,199.0,elixir; erlang; java,binary; erlang-otp; github-action; github-action-workflow; hex; java-archive,233.0,0.0,0.0,,,,,,,,,,,,,,,,,,,0.0,True
https://github.com/ethereum/go-ethereum,Ethereum Foundation (Stiftung Ethereum),Ethereum,Blockchain,150569,81218,31271.0,15925,50963.0,21885.0,385.0,2201.0,Go,2013-12-26T13:05:46Z,2026-03-30T14:48:46Z,2026-03-30 15:22:30+00:00,master,LGPL-3.0,False,234032.0,,,216.0,176.0,go; python,binary; github-action; go-module; python,176.0,3.0,1.7,6.0,4.0,1.0,0.0,5.0,0.0,5.0,1.0,6.03,9.1,0.03,0.04,0.0,0.0,go,go-module,CWE-125; CWE-200; CWE-285; CWE-770,83.33,0.08,True
https://github.com/eucalyptus/eucalyptus,Eucalyptus Systems,Eucalyptus Systems,Infrastructure as a Service,26227,19722,3058.0,1386,861.0,264.0,0.0,113.0,Java,2011-05-24T20:36:49Z,2026-03-17T07:08:36Z,2021-07-21 20:42:24+00:00,master,NOASSERTION,True,115651.0,,,10.0,10.0,java,java-archive,10.0,1.0,10.0,1.0,1.0,0.0,0.0,1.0,0.0,1.0,0.0,4.4,4.4,0.02,0.02,0.0,0.0,java,java-archive,CWE-94,100.0,0.01,False
https://github.com/expressjs/express,Node.js,Express,Frameworks & Libraries,277280,182809,57791.0,25778,68883.0,22961.0,198.0,1675.0,JavaScript,2009-06-26T18:56:01Z,2026-03-30T17:07:07Z,2026-03-01 13:55:02+00:00,master,MIT,False,9726.0,,,21.0,13.0,,github-action,13.0,0.0,0.0,,,,,,,,,,,,,,,,,,,0.14,True
https://github.com/ezsystems/ezplatform,eZ Systems AS,eZ Platfrom,Web Content Management Systems,53,6,23.0,5,326.0,147.0,19.0,49.0,Shell,2015-02-26T11:12:45Z,2026-03-14T20:59:53Z,2023-12-04 12:47:20+00:00,master,NOASSERTION,False,13991.0,,,6.0,6.0,,github-action,6.0,0.0,0.0,,,,,,,,,,,,,,,,,,,0.0,False
https://github.com/facebook/hhvm,FACEBOOK,HHVM,Application Development Tools,667,194,444.0,95,18615.0,3079.0,535.0,987.0,C++,2010-01-02T01:17:06Z,2026-03-30T16:36:50Z,2026-03-30 16:36:42+00:00,master,NOASSERTION,False,873797.0,,,3699.0,2048.0,go; java; javascript; ruby; rust,gem; github-action; go-module; java-archive; npm; rust-crate,2856.0,36.0,1.76,89.0,60.0,1.0,38.0,40.0,10.0,89.0,0.0,6.32,10.0,0.6,41.72,0.01,0.46,java; javascript,java-archive; npm,CWE-1050; CWE-400; CWE-1284; CWE-248; CWE-1286; CWE-601; CWE-1321; CWE-1321; CWE-1333; CWE-1333; CWE-1333; CWE-400; CWE-20; CWE-20; CWE-347; CWE-20; CWE-915; NVD-CWE-Other; CWE-241; CWE-295; CWE-346; CWE-347; CWE-378; CWE-732; CWE-400; CWE-405; CWE-407; CWE-409; CWE-444; CWE-476; CWE-552; CWE-670; CWE-674; CWE-749; CWE-754; CWE-770; CWE-776; CWE-79; CWE-835; CWE-93; CWE-94,100.0,0.0,True
https://github.com/facebook/react,FACEBOOK,React,Frameworks & Libraries,1955076,995571,936285.0,389642,244256.0,50862.0,1190.0,6662.0,JavaScript,2013-05-24T16:15:54Z,2026-03-30T17:39:16Z,2026-03-30 17:07:34+00:00,main,MIT,False,951122.0,,,11273.0,2514.0,javascript,github-action; github-action-workflow; npm,4444.0,132.0,5.25,1334.0,220.0,176.0,531.0,415.0,212.0,1282.0,52.0,6.86,10.0,1.62,66.71,0.02,0.9,javascript,github-action; npm,CWE-1007; CWE-1050; CWE-400; CWE-115; CWE-601; CWE-1188; CWE-122; CWE-1240; CWE-125; CWE-1286; CWE-601; CWE-130; CWE-1321; CWE-1321; CWE-471; CWE-1321; CWE-770; CWE-1333; CWE-1333; CWE-400; CWE-176; CWE-352; CWE-367; CWE-184; CWE-697; CWE-185; CWE-770; CWE-190; CWE-20; CWE-200; CWE-601; CWE-20; CWE-347; CWE-20; CWE-400; CWE-20; NVD-CWE-Other; CWE-212; CWE-22; CWE-22; CWE-59; CWE-22; CWE-61; CWE-241; CWE-295; CWE-327; CWE-330; CWE-330; CWE-338; CWE-345; CWE-346; CWE-347; CWE-400; CWE-400; CWE-74; CWE-400; CWE-770; CWE-405; CWE-407; CWE-416; CWE-425; CWE-601; CWE-918; CWE-436; CWE-444; CWE-471; CWE-476; CWE-59; CWE-601; CWE-639; CWE-668; CWE-670; CWE-674; CWE-705; CWE-74; CWE-749; CWE-754; CWE-755; CWE-77; CWE-770; CWE-776; CWE-78; CWE-78; CWE-94; CWE-79; CWE-829; CWE-94; CWE-835; CWE-909; CWE-918; CWE-918; CWE-941; CWE-94; NVD-CWE-Other,96.1,2.26,True
https://github.com/facebook/react-native,FACEBOOK,React Native,Frameworks & Libraries,382214,243941,88008.0,37347,125653.0,25128.0,1277.0,3547.0,C++,2015-01-09T18:10:16Z,2026-03-30T16:47:07Z,2026-03-30 17:50:08+00:00,main,MIT,False,963581.0,,,487.0,317.0,java; javascript; ruby,gem; github-action; github-action-workflow; java-archive; npm,354.0,7.0,2.21,25.0,20.0,0.0,6.0,17.0,2.0,25.0,0.0,5.89,7.5,0.38,3.55,0.01,0.07,javascript; ruby,gem; npm,CWE-1284; CWE-1284; CWE-248; CWE-1333; CWE-1333; CWE-400; CWE-20; CWE-400; CWE-400; CWE-770; CWE-409; CWE-444; CWE-674; CWE-776; CWE-79; CWE-93,100.0,0.21,True
https://github.com/flot/flot,Flot Charts,Flot,Charting,22516,9767,9714.0,5977,5921.0,1545.0,631.0,268.0,JavaScript,2011-01-26T15:48:51Z,2026-03-25T11:09:07Z,2023-11-08 19:56:18+00:00,master,MIT,False,4711.0,,,2.0,2.0,javascript,npm,2.0,0.0,0.0,,,,,,,,,,,,,,,,,,,0.02,False
https://github.com/fluxbb/fluxbb,fluxbb.org,FluxBB,Software as a Service,15,1,15.0,1,543.0,191.0,13.0,40.0,PHP,2010-07-31T11:36:33Z,2026-03-28T11:04:38Z,2023-03-06 17:59:36+00:00,master,GPL-2.0,False,10671.0,,,,,,,,,,,,,,,,,,,,,,,,,,,,0.0,False
https://github.com/formspree/formspree,FORMSPREE,Formspree,Application Development Tools,3939,1851,2846.0,1013,2756.0,256.0,15.0,63.0,Python,2014-12-12T23:20:09Z,2026-03-18T04:52:55Z,2023-05-22 22:49:02+00:00,master,NOASSERTION,True,2971.0,,,46.0,46.0,python,python,46.0,13.0,28.26,55.0,55.0,2.0,18.0,33.0,2.0,55.0,0.0,6.39,9.8,2.12,67.54,0.03,0.9,python,python,CWE-117; CWE-1333; CWE-1336; CWE-1336; CWE-693; CWE-178; CWE-20; CWE-200; CWE-22; CWE-284; NVD-CWE-Other; CWE-295; CWE-331; CWE-345; CWE-346; CWE-352; CWE-377; CWE-400; CWE-400; CWE-407; CWE-787; CWE-400; CWE-770; CWE-409; CWE-41; CWE-444; CWE-476; CWE-522; CWE-524; CWE-539; CWE-601; CWE-669; CWE-67; CWE-670; CWE-74; CWE-74; CWE-79; CWE-77; CWE-770; CWE-79; CWE-89; CWE-93; NVD-CWE-Other,100.0,0.01,False
https://github.com/foundation/foundation-sites,ZURB Inc.,ZURB Foundation,Frameworks & Libraries,21882,14863,4874.0,2047,29761.0,5395.0,77.0,1219.0,HTML,2011-10-13T23:05:42Z,2026-03-30T14:01:01Z,2025-01-21 22:11:53+00:00,develop,MIT,False,126117.0,,,185.0,170.0,javascript,github-action; npm,186.0,5.0,2.94,5.0,5.0,1.0,1.0,3.0,0.0,3.0,2.0,6.62,9.4,1.35,3.66,0.02,0.06,javascript,npm,CWE-1321; CWE-1321; CWE-770; CWE-20; CWE-330; CWE-918,60.0,0.01,False
https://github.com/franzinc/aserve,Franz Inc.,AllegroServe,Server,32,23,21.0,13,200.0,30.0,1.0,16.0,Common Lisp,2009-05-14T21:41:00Z,2026-03-05T22:34:43Z,2026-03-05 22:34:39+00:00,master,NOASSERTION,False,5327.0,,,,,,,,,,,,,,,,,,,,,,,,,,,,0.0,False
https://github.com/ganglia/monitor-core,Ganglia,Ganglia,IT Infrastructure & Ops Management,2,1,2.0,1,494.0,241.0,85.0,54.0,C,2011-07-08T15:48:34Z,2026-02-09T13:50:59Z,2022-01-23 06:46:29+00:00,master,BSD-3-Clause,False,9558.0,,,,,,,,,,,,,,,,,,,,,,,,,,,,0.0,False
https://github.com/gentoo/gentoo,Gentoo Foundation Inc.,Gentoo,Operating System,14508,9475,11371.0,7209,2368.0,2214.0,705.0,83.0,Shell,2015-08-10T18:47:32Z,2026-03-30T16:48:06Z,2026-03-30 16:48:00+00:00,master,,False,2669553.0,,,,,,,,,,,,,,,,,,,,,,,,,,,,0.03,True
https://github.com/getgrav/grav,Grav,Grav,Web Content Management Systems,3651,1482,1865.0,402,15433.0,1418.0,461.0,328.0,PHP,2014-08-02T18:29:10Z,2026-03-30T09:27:08Z,2026-03-30 12:28:03+00:00,develop,MIT,False,31289.0,,,66.0,63.0,php,github-action; php-composer,64.0,4.0,6.35,8.0,5.0,0.0,3.0,2.0,3.0,8.0,0.0,5.51,8.8,2.57,19.39,0.03,0.24,php,php-composer,CWE-200; CWE-668; CWE-74; CWE-77; CWE-88,100.0,0.0,True
https://github.com/getpelican/pelican,getpelican,Pelican,Other Web Tools & Plugins,428,4,336.0,3,13262.0,1831.0,104.0,322.0,Python,2010-10-16T18:57:40Z,2026-03-30T11:05:02Z,2026-03-30 11:04:56+00:00,main,AGPL-3.0,False,7576.0,,,14.0,11.0,,github-action,12.0,1.0,9.09,1.0,0.0,0.0,0.0,0.0,1.0,1.0,0.0,0.0,0.0,0.0,0.0,,,,github-action,,100.0,0.0,True
https://github.com/getsentry/sentry-javascript,Sentry,Ravenjs,Frameworks & Libraries,294674,186022,102371.0,43992,8613.0,1761.0,485.0,122.0,TypeScript,2012-02-01T20:16:25Z,2026-03-30T14:44:10Z,2026-03-30 17:06:58+00:00,develop,MIT,False,209570.0,,,3006.0,2466.0,javascript,github-action; github-action-workflow; npm,2965.0,37.0,1.5,102.0,73.0,1.0,37.0,50.0,14.0,96.0,6.0,6.26,9.8,0.18,10.06,0.0,0.13,javascript,github-action; npm,CWE-115; CWE-79; CWE-120; CWE-1284; CWE-1284; CWE-248; CWE-1288; CWE-20; CWE-1321; CWE-1333; CWE-1333; CWE-400; CWE-176; CWE-352; CWE-367; CWE-20; CWE-201; CWE-359; CWE-219; CWE-22; CWE-22; CWE-23; CWE-22; CWE-59; CWE-241; CWE-346; CWE-347; CWE-352; CWE-362; CWE-400; CWE-409; CWE-444; CWE-459; CWE-470; CWE-647; CWE-674; CWE-705; CWE-74; CWE-749; CWE-770; CWE-772; CWE-776; CWE-79; CWE-79; CWE-94; CWE-80; CWE-915; CWE-918; CWE-93; CWE-94,94.12,0.25,True
https://github.com/gocd/gocd,ThoughtWorks Inc.,GoCD,Application Development Tools,25333,12453,5479.0,1913,7386.0,980.0,76.0,207.0,Java,2013-12-13T05:26:16Z,2026-03-30T08:06:22Z,2026-03-30 08:06:18+00:00,master,Apache-2.0,False,420675.0,,,1011.0,986.0,java; javascript; ruby,binary; gem; java-archive; npm,991.0,4.0,0.41,16.0,11.0,0.0,1.0,13.0,2.0,8.0,8.0,5.71,7.5,0.34,4.28,0.01,0.08,java; javascript; ruby,gem; java-archive; npm,CWE-1321; CWE-1333; CWE-400; CWE-674; CWE-79; CWE-791; CWE-791; NVD-CWE-Other,50.0,0.01,True
https://github.com/govCMS/govCMS,BENDELL HOLDINGS LLC,govCMS,Web Content Management Systems,303,15,179.0,4,188.0,50.0,57.0,17.0,Twig,2020-06-12T01:12:05Z,2026-03-30T05:20:12Z,2026-03-30 06:27:30+00:00,4.x-develop,GPL-2.0,False,15841.0,,,3.0,3.0,,github-action,3.0,0.0,0.0,,,,,,,,,,,,,,,,,,,0.0,True
https://github.com/grafana/grafana,Grafana Labs,Grafana,IT Infrastructure & Ops Management,396413,199793,104259.0,38712,72850.0,13627.0,3950.0,1248.0,TypeScript,2013-12-11T15:59:56Z,2026-03-30T17:43:46Z,2026-03-30 17:52:58+00:00,main,AGPL-3.0,False,1556396.0,,,7137.0,2948.0,go; javascript; python,github-action; github-action-workflow; go-module; npm; python,3080.0,16.0,0.54,39.0,27.0,1.0,23.0,12.0,3.0,33.0,6.0,6.93,9.8,6.56,84.52,0.1,0.92,go; javascript,github-action; go-module; npm,CWE-116; CWE-79; CWE-94; CWE-1289; CWE-20; CWE-345; CWE-1321; CWE-1321; CWE-79; CWE-1333; CWE-1333; CWE-400; CWE-20; CWE-20; CWE-347; CWE-22; CWE-22; CWE-59; CWE-295; CWE-347; CWE-400; CWE-506; NVD-CWE-Other; CWE-674; CWE-705; CWE-74; CWE-77; CWE-754; CWE-835; CWE-843; CWE-94; CWE-863,84.62,0.25,True
https://github.com/graphite-project/graphite-web,GitHub,Graphite,IT Infrastructure & Ops Management,19933,15348,2309.0,930,6073.0,1256.0,21.0,260.0,JavaScript,2012-05-07T21:30:55Z,2026-03-30T10:46:07Z,2026-03-17 22:50:01+00:00,master,Apache-2.0,False,23920.0,,,14.0,13.0,python,github-action; python,13.0,0.0,0.0,,,,,,,,,,,,,,,,,,,0.01,True
https://github.com/greenplum-db/gpdb,Pivotal Software,Greenplum Database,Database Management,69754,49788,11713.0,5960,,,,,,,,,,,,,,,,,,,,,,,,,,,,,,,,,,,,,,,,0.03,False
https://github.com/gridgain/gridgain,GridGain,GridGain,Big Data Processing,8407,4638,1478.0,851,148.0,56.0,41.0,64.0,Java,2019-02-13T11:31:35Z,2026-03-27T05:48:57Z,2026-03-30 12:57:22+00:00,master,NOASSERTION,False,361144.0,,,318.0,294.0,java,github-action; java-archive,316.0,18.0,6.12,84.0,73.0,16.0,37.0,26.0,5.0,75.0,9.0,7.39,10.0,11.34,84.0,0.16,0.94,java,java-archive,CWE-120; CWE-121; CWE-502; CWE-674; CWE-121; CWE-502; CWE-121; CWE-787; CWE-1286; NVD-CWE-Other; CWE-130; NVD-CWE-Other; CWE-178; CWE-20; CWE-200; CWE-200; CWE-732; CWE-267; CWE-284; CWE-285; CWE-290; CWE-295; CWE-350; CWE-306; CWE-502; CWE-94; CWE-378; CWE-378; CWE-732; CWE-379; NVD-CWE-Other; CWE-400; CWE-400; CWE-502; CWE-434; CWE-502; CWE-470; CWE-502; CWE-502; CWE-73; CWE-502; CWE-78; CWE-94; CWE-502; CWE-835; CWE-502; CWE-918; CWE-502; CWE-94; CWE-532; CWE-552; CWE-59; CWE-668; CWE-732; CWE-94; CWE-78; CWE-787; CWE-862; CWE-863; CWE-89; CWE-918,89.29,0.0,True
https://github.com/h2o/h2o,DeNA Co. Ltd.,H2O,Server,145677,106671,45083.0,26798,11430.0,878.0,729.0,374.0,C,2014-08-16T23:59:03Z,2026-03-30T15:12:14Z,2026-03-30 08:16:15+00:00,master,MIT,False,124410.0,,,58.0,41.0,java; ruby,gem; github-action; java-archive,43.0,1.0,2.44,1.0,1.0,0.0,0.0,1.0,0.0,1.0,0.0,4.4,4.4,0.04,0.04,0.0,0.0,java,java-archive,CWE-200; CWE-732,100.0,0.11,True
https://github.com/h2oai/h2o-3,H2O.ai,H20.ai,Data Science & Machine Learning,43539,30885,8066.0,4227,7521.0,2033.0,2890.0,367.0,Jupyter Notebook,2014-03-03T16:08:07Z,2026-03-30T13:15:29Z,2026-03-30 17:48:47+00:00,master,Apache-2.0,False,626598.0,,,71.0,52.0,R; java; python; ruby,R-package; gem; github-action; java-archive; python,70.0,6.0,11.54,17.0,16.0,1.0,6.0,9.0,1.0,16.0,1.0,6.16,9.8,5.07,81.63,0.06,0.88,python,python,CWE-1333; CWE-400; CWE-200; CWE-22; CWE-732; CWE-377; CWE-409; CWE-502; CWE-522; CWE-601; CWE-669; CWE-670; CWE-770; CWE-921; CWE-922,94.12,0.02,True
https://github.com/haproxy/haproxy,HAProxy,HAProxy,Application Server Software,118578,63957,27722.0,9708,6424.0,913.0,353.0,117.0,C,2018-04-09T15:17:42Z,2026-03-30T16:27:50Z,2026-03-30 16:27:45+00:00,master,NOASSERTION,False,113095.0,,,59.0,32.0,,github-action; github-action-workflow,32.0,0.0,0.0,,,,,,,,,,,,,,,,,,,0.07,True
https://github.com/highlightjs/highlight.js,highlightjs,highlightjs,Application Development Tools,78204,37711,33992.0,11758,24885.0,3728.0,224.0,296.0,JavaScript,2011-01-01T23:47:21Z,2026-03-30T15:09:18Z,2025-10-27 17:01:56+00:00,main,BSD-3-Clause,False,15446.0,,,21.0,16.0,javascript; python,github-action; npm; python,16.0,0.0,0.0,,,,,,,,,,,,,,,,,,,0.08,False
https://github.com/horde/horde,Horde LLC,Horde,Other IT Development/Infrastructure,8521,7802,757.0,417,244.0,126.0,2.0,35.0,,2010-08-28T22:06:38Z,2026-03-28T13:23:29Z,2020-05-16 23:39:26+00:00,deprecated,,True,315810.0,,,,,,,,,,,,,,,,,,,,,,,,,,,,0.0,False
https://github.com/illumos/illumos-gate,Open Source,illumos,Operating System,592,295,249.0,98,1832.0,796.0,9.0,143.0,C,2010-09-07T16:59:23Z,2026-03-29T15:37:13Z,2026-03-29 15:37:08+00:00,master,,False,563811.0,,,2.0,2.0,,binary,2.0,0.0,0.0,,,,,,,,,,,,,,,,,,,0.0,True
https://github.com/infinidb/infinidb,Calpont,InfiniDB,Database Management,2276,1778,402.0,164,247.0,86.0,1.0,49.0,C++,2013-10-15T12:10:40Z,2026-03-23T08:43:29Z,2017-10-14 19:00:58+00:00,master,GPL-2.0,False,35812.0,,,2.0,2.0,java,java-archive,2.0,0.0,0.0,,,,,,,,,,,,,,,,,,,0.0,False
https://github.com/influxdata/influxdb,Influxdata Inc,InfluxData,Database Management,144585,75283,36833.0,14679,31361.0,3701.0,2130.0,706.0,Rust,2013-09-26T14:31:10Z,2026-03-30T16:49:04Z,2026-03-30 16:01:25+00:00,main,Apache-2.0,False,209693.0,,,860.0,772.0,rust,github-action-workflow; rust-crate,860.0,1.0,0.13,1.0,0.0,0.0,0.0,1.0,0.0,1.0,0.0,4.4,4.4,0.0,0.0,,,rust,rust-crate,,100.0,0.09,True
https://github.com/intelliants/subrion,Intelliants LLC,Subrion,Web Content Management Systems,28,5,26.0,4,287.0,117.0,180.0,45.0,PHP,2013-01-29T06:57:00Z,2025-08-21T20:41:43Z,2023-08-24 14:49:52+00:00,develop,GPL-3.0,False,27524.0,,,,,,,,,,,,,,,,,,,,,,,,,,,,0.0,False
https://github.com/ionic-team/ionic-framework,Ionic,Ionic Framework,Frameworks & Libraries,237484,165895,65706.0,35572,52424.0,13385.0,626.0,1558.0,TypeScript,2013-08-20T23:06:02Z,2026-03-30T15:35:52Z,2026-03-30 17:40:44+00:00,main,MIT,False,1585510.0,,,3979.0,1221.0,java; javascript,github-action; github-action-workflow; java-archive; npm,1703.0,52.0,4.26,378.0,81.0,16.0,204.0,108.0,50.0,359.0,19.0,6.73,9.8,0.68,33.95,0.01,0.47,javascript,npm,CWE-1050; CWE-400; CWE-1286; CWE-601; CWE-1321; CWE-1333; CWE-1333; CWE-20; CWE-1333; CWE-400; CWE-184; CWE-697; CWE-190; CWE-20; CWE-200; CWE-201; CWE-359; CWE-20; CWE-347; CWE-20; CWE-601; CWE-22; CWE-241; CWE-295; CWE-330; CWE-346; CWE-347; CWE-362; CWE-400; CWE-405; CWE-407; CWE-436; CWE-476; CWE-601; CWE-670; CWE-674; CWE-693; CWE-705; CWE-74; CWE-749; CWE-754; CWE-776; CWE-79; CWE-835; CWE-918,94.97,0.16,True
https://github.com/isc-projects/bind9,ISC,BIND,Infrastructure as a Service,89316,59418,21865.0,9245,737.0,172.0,0.0,19.0,C,2017-11-27T19:09:20Z,2026-03-29T18:39:30Z,2025-08-06 12:40:45+00:00,main,MPL-2.0,True,420034.0,,,16.0,14.0,python,github-action; python,14.0,0.0,0.0,,,,,,,,,,,,,,,,,,,0.05,False
https://github.com/jashkenas/backbone,Backbonejs,Backbonejs,Frameworks & Libraries,668054,380103,288237.0,121776,28096.0,5330.0,62.0,1247.0,JavaScript,2010-09-30T19:41:28Z,2026-03-30T10:42:23Z,2025-04-01 11:14:31+00:00,master,MIT,False,27619.0,,,6.0,6.0,javascript,github-action; npm,6.0,1.0,16.67,1.0,1.0,0.0,1.0,0.0,0.0,1.0,0.0,8.2,8.2,0.01,0.01,0.0,0.0,javascript,npm,CWE-770,100.0,0.7,False
https://github.com/jasmine/jasmine,Pivotal Software,Jasmine,Testing & QA,284569,197984,62948.0,31234,15840.0,2245.0,11.0,423.0,JavaScript,2008-12-02T23:46:37Z,2026-03-30T10:38:17Z,2026-03-14 16:13:05+00:00,main,MIT,False,10829.0,,,3.0,3.0,,github-action,3.0,0.0,0.0,,,,,,,,,,,,,,,,,,,0.15,True
https://github.com/jekyll/jekyll,jekyll,Jekyll,Other Web Tools & Plugins,11753,7330,3804.0,1354,51468.0,10295.0,242.0,1407.0,Ruby,2008-10-20T06:29:03Z,2026-03-30T15:01:34Z,2026-03-30 03:56:56+00:00,master,MIT,False,70532.0,,,35.0,26.0,ruby,gem; github-action,26.0,0.0,0.0,,,,,,,,,,,,,,,,,,,0.01,True
https://github.com/jenkinsci/jenkins,Jenkins,Jenkins,Application Development Tools,891008,517205,216081.0,89896,25144.0,9443.0,3582.0,842.0,Java,2010-11-22T21:21:23Z,2026-03-30T15:17:24Z,2026-03-30 01:11:17+00:00,master,MIT,False,170892.0,,,241.0,214.0,java; javascript,github-action; java-archive; jenkins-plugin; npm,218.0,3.0,1.4,10.0,8.0,0.0,3.0,6.0,1.0,10.0,0.0,5.98,8.0,0.17,0.32,0.0,0.01,java,jenkins-plugin,CWE-22; CWE-311; CWE-36; CWE-611; CWE-674; CWE-79,100.0,0.52,True
https://github.com/jetty/jetty.project,ECLIPSE,Jetty,Server,241027,143103,65973.0,32086,4067.0,1991.0,265.0,255.0,Java,2011-07-14T01:11:57Z,2026-03-30T11:39:31Z,2026-03-30 11:39:30+00:00,jetty-12.1.x,NOASSERTION,False,279914.0,,,1637.0,1378.0,java,github-action; java-archive,1441.0,3.0,0.22,21.0,20.0,9.0,9.0,2.0,1.0,21.0,0.0,8.11,9.8,10.52,75.0,0.12,0.8,java,java-archive,CWE-1321; CWE-184; CWE-502; CWE-20; CWE-200; CWE-502; CWE-20; CWE-22; CWE-502; CWE-787,100.0,0.16,True
https://github.com/jigoshop/jigoshop,Jigoshop Limited,Jigoshop,E-Commerce Platform/Software,110,68,87.0,47,246.0,126.0,14.0,29.0,PHP,2011-06-12T15:24:52Z,2026-01-21T21:21:00Z,2017-03-07 12:17:01+00:00,master,NOASSERTION,True,32609.0,,,,,,,,,,,,,,,,,,,,,,,,,,,,0.0,False
https://github.com/joomla/joomla-cms,Joomla,Joomla,Web Content Management Systems,294731,105625,163635.0,35486,5061.0,3845.0,866.0,338.0,PHP,2011-09-27T02:07:38Z,2026-03-30T13:21:57Z,2026-03-26 10:10:56+00:00,5.4-dev,GPL-2.0,False,344268.0,,,228.0,224.0,javascript; php,binary; github-action; npm; php-composer,224.0,4.0,1.79,4.0,4.0,0.0,2.0,2.0,0.0,4.0,0.0,6.68,8.9,0.52,1.9,0.01,0.04,javascript; php,npm; php-composer,CWE-1321; CWE-204; CWE-208; CWE-79,100.0,0.39,True
https://github.com/jplayer/jPlayer,jPlayer,jPlayer,Software as a Service,192987,77776,127039.0,38279,4607.0,1450.0,164.0,284.0,JavaScript,2010-02-17T04:44:34Z,2026-03-27T08:54:02Z,2021-11-02 18:28:47+00:00,master,NOASSERTION,False,3802.0,,,,,,,,,,,,,,,,,,,,,,,,,,,,0.31,False
https://github.com/jquery/jquery,The jQuery Foundation Inc,jQuery,Frameworks & Libraries,8241612,2972264,4977060.0,1405008,59860.0,20466.0,94.0,3125.0,JavaScript,2009-04-03T15:20:14Z,2026-03-30T16:21:25Z,2026-03-30 16:46:18+00:00,main,MIT,False,35553.0,,,31.0,18.0,javascript,github-action; npm,18.0,0.0,0.0,,,,,,,,,,,,,,,,,,,12.01,True
https://github.com/jquery/jquery-migrate,The jQuery Foundation Inc,jQuery Migrate,Frameworks & Libraries,2528738,1216067,1383751.0,521972,2079.0,474.0,5.0,124.0,JavaScript,2012-11-05T03:44:18Z,2026-03-26T15:05:32Z,2026-03-29 20:12:04+00:00,main,NOASSERTION,False,2208.0,,,19.0,12.0,javascript,github-action; npm,12.0,0.0,0.0,,,,,,,,,,,,,,,,,,,3.34,True
https://github.com/jquery/jquery-ui,The jQuery Foundation Inc,jQuery UI,Frameworks & Libraries,3808730,1658067,1981726.0,650742,11343.0,5234.0,152.0,623.0,JavaScript,2010-01-19T14:40:34Z,2026-03-29T18:24:41Z,2026-03-29 11:40:13+00:00,main,NOASSERTION,False,30940.0,,,17.0,12.0,javascript,github-action; npm,12.0,0.0,0.0,,,,,,,,,,,,,,,,,,,4.78,True
https://github.com/juju/juju,Canonical,Juju,Application Development Tools,2355,874,538.0,230,2609.0,572.0,377.0,68.0,Go,2014-06-03T14:28:10Z,2026-03-29T06:48:52Z,2026-03-30 15:01:49+00:00,main,NOASSERTION,False,463228.0,,,422.0,378.0,go; python,github-action; github-action-workflow; go-module; python,384.0,7.0,1.85,10.0,10.0,1.0,5.0,3.0,1.0,9.0,1.0,6.93,9.1,0.02,0.05,0.0,0.0,go; python,go-module; python,CWE-1333; CWE-400; CWE-285; CWE-377; CWE-409; CWE-674; CWE-770; CWE-862,90.0,0.0,True
https://github.com/jython/jython,Python,Jython,Programming Languages,125464,92859,18048.0,9497,1497.0,227.0,108.0,43.0,Python,2020-07-25T16:17:43Z,2026-03-29T09:10:17Z,2026-03-02 17:11:39+00:00,master,NOASSERTION,False,366857.0,,,133.0,127.0,java; python,binary; github-action; java-archive; python,127.0,7.0,5.51,13.0,12.0,1.0,4.0,7.0,1.0,12.0,1.0,7.02,10.0,1.14,5.93,0.02,0.08,java,java-archive,CWE-200; CWE-732; CWE-400; CWE-400; CWE-770; CWE-409; CWE-611; CWE-665; CWE-770; CWE-89,92.31,0.04,True
https://github.com/kaltura/server,Kaltura,Kaltura,Software as a Service,88527,62166,29772.0,17215,400.0,183.0,354.0,88.0,PHP,2013-07-12T08:59:26Z,2026-03-30T13:59:36Z,2026-03-30 17:47:10+00:00,Venus-22.17.0,AGPL-3.0,False,321660.0,,,4.0,4.0,,github-action,4.0,0.0,0.0,,,,,,,,,,,,,,,,,,,0.07,True
https://github.com/kubernetes/kubernetes,Kubernetes,k8s,Containerization,752062,410347,180955.0,73387,121399.0,42756.0,2656.0,3183.0,Go,2014-06-06T22:56:04Z,2026-03-30T17:40:15Z,2026-03-30 12:30:15+00:00,master,Apache-2.0,False,1461148.0,,,2286.0,459.0,go; python,go-module; python,492.0,2.0,0.44,2.0,2.0,0.0,0.0,2.0,0.0,2.0,0.0,6.2,7.1,0.02,0.04,0.0,0.0,go,go-module,CWE-209,100.0,0.44,True
https://github.com/laminas/laminas-mvc,Zend,Zend Framework,Frameworks & Libraries,109850,57087,27423.0,9378,172.0,62.0,32.0,20.0,PHP,2019-12-31T21:39:54Z,2026-03-14T22:49:28Z,2026-02-06 10:01:46+00:00,3.9.x,BSD-3-Clause,False,7271.0,,,25.0,25.0,php,github-action; github-action-workflow; php-composer,25.0,0.0,0.0,,,,,,,,,,,,,,,,,,,0.07,False
https://github.com/lavabit/magma,Lavabit,Lavabit Enterprise Solutions,Email Software,1,0,1.0,0,1838.0,165.0,49.0,113.0,C,2014-12-23T01:27:17Z,2026-03-26T19:19:56Z,2025-03-06 05:12:37+00:00,develop,AGPL-3.0,False,586409.0,,,,,,,,,,,,,,,,,,,,,,,,,,,,0.0,False
https://github.com/less/less.js,Less,Less,Frameworks & Libraries,445347,350469,111625.0,62516,17051.0,3384.0,189.0,638.0,JavaScript,2010-02-20T17:25:38Z,2026-03-30T12:00:26Z,2026-03-24 22:41:03+00:00,master,Apache-2.0,False,17622.0,,,881.0,713.0,javascript,github-action; npm,875.0,32.0,4.49,75.0,46.0,5.0,43.0,23.0,4.0,71.0,4.0,7.05,9.8,0.36,3.99,0.01,0.06,javascript,npm,CWE-125; CWE-126; CWE-1321; CWE-1321; CWE-471; CWE-1333; CWE-1333; CWE-400; CWE-20; CWE-200; CWE-20; CWE-201; CWE-22; CWE-330; CWE-347; CWE-399; CWE-399; CWE-400; CWE-400; CWE-407; CWE-471; CWE-59; CWE-674; CWE-74; CWE-770; CWE-78; CWE-918; CWE-94,94.67,0.27,True
https://github.com/liferay/liferay-portal,Liferay,Liferay,Web Content Management Systems,191332,87447,52575.0,16260,2231.0,3754.0,94.0,150.0,Java,2009-09-25T22:55:58Z,2026-03-30T12:47:35Z,2026-03-30 12:47:30+00:00,master,NOASSERTION,False,39772012.0,,,17870.0,3772.0,go; java; javascript,github-action; github-action-workflow; go-module; java-archive; npm,6768.0,145.0,3.84,1330.0,302.0,68.0,592.0,515.0,155.0,1291.0,39.0,6.61,9.8,2.59,98.7,0.03,0.94,java; javascript,java-archive; npm,CWE-1050; CWE-400; CWE-116; CWE-116; CWE-79; CWE-94; CWE-116; CWE-94; CWE-119; CWE-120; CWE-1240; CWE-1284; CWE-1284; CWE-248; CWE-1286; CWE-601; CWE-1286; NVD-CWE-Other; CWE-1321; CWE-1321; CWE-471; CWE-1321; CWE-770; CWE-1321; CWE-79; CWE-1333; CWE-1333; CWE-20; CWE-1333; CWE-400; CWE-1333; NVD-CWE-Other; CWE-1385; CWE-346; CWE-350; CWE-176; CWE-352; CWE-367; CWE-178; CWE-178; CWE-200; CWE-284; CWE-184; CWE-697; CWE-185; CWE-190; CWE-190; CWE-444; CWE-20; CWE-200; CWE-200; CWE-213; CWE-200; CWE-22; CWE-284; CWE-200; CWE-23; CWE-284; CWE-200; CWE-284; CWE-200; CWE-601; CWE-201; CWE-359; CWE-203; CWE-208; CWE-20; CWE-347; CWE-20; CWE-601; CWE-20; CWE-754; CWE-20; CWE-915; NVD-CWE-Other; CWE-22; CWE-22; CWE-35; CWE-73; CWE-22; CWE-59; CWE-22; CWE-61; CWE-241; CWE-254; CWE-264; CWE-284; CWE-285; CWE-863; CWE-287; CWE-295; CWE-295; CWE-297; CWE-321; CWE-330; CWE-346; CWE-346; CWE-601; CWE-347; CWE-36; CWE-362; CWE-378; CWE-379; NVD-CWE-Other; CWE-378; CWE-732; CWE-400; CWE-400; CWE-551; CWE-755; CWE-400; CWE-770; CWE-400; CWE-917; CWE-401; CWE-405; CWE-407; CWE-409; CWE-425; CWE-436; CWE-444; CWE-476; CWE-502; CWE-552; CWE-59; CWE-601; CWE-601; CWE-918; CWE-611; CWE-613; CWE-639; CWE-668; CWE-670; CWE-674; CWE-705; CWE-74; CWE-749; CWE-74; CWE-79; CWE-74; CWE-93; CWE-74; CWE-93; NVD-CWE-Other; CWE-754; CWE-770; CWE-776; CWE-78; CWE-79; CWE-79; CWE-94; CWE-835; CWE-843; CWE-843; CWE-94; CWE-862; CWE-863; CWE-88; CWE-89; CWE-909; CWE-918; CWE-918; CWE-941; CWE-93; CWE-93; NVD-CWE-Other; CWE-94; NVD-CWE-Other,97.07,0.13,True
https://github.com/lift/framework,liftweb.net,Lift,Frameworks & Libraries,2614,1931,849.0,513,1281.0,275.0,122.0,99.0,Scala,2011-01-26T13:25:28Z,2026-03-29T01:51:07Z,2026-03-29 01:54:42+00:00,main,Apache-2.0,False,17167.0,,,4.0,4.0,,github-action,4.0,0.0,0.0,,,,,,,,,,,,,,,,,,,0.0,True
https://github.com/lighttpd/lighttpd1.4,LIGHTTPD,Web Server,Server,25217,11845,10377.0,3652,694.0,303.0,5.0,35.0,C,2011-11-12T15:12:57Z,2026-03-27T15:04:06Z,2026-03-25 19:14:08+00:00,master,BSD-3-Clause,False,13307.0,,,12.0,12.0,,github-action,12.0,0.0,0.0,,,,,,,,,,,,,,,,,,,0.03,True
https://github.com/liquibase/liquibase,Datical,Liquibase,Database Management,121032,76056,25920.0,12350,5465.0,1938.0,612.0,138.0,Java,2011-07-08T20:08:20Z,2026-03-28T17:56:07Z,2026-03-30 11:38:18+00:00,master,NOASSERTION,False,219379.0,,,259.0,180.0,go; java,github-action; github-action-workflow; go-module; java-archive,182.0,5.0,2.78,42.0,7.0,5.0,15.0,19.0,3.0,41.0,1.0,6.62,10.0,0.75,30.15,0.01,0.33,go; java,go-module; java-archive,CWE-125; CWE-1333; CWE-400; CWE-23; CWE-295; CWE-362; CWE-400; CWE-407; CWE-532; CWE-59; CWE-611; CWE-674; CWE-73; CWE-770; CWE-94; NVD-CWE-Other,97.62,0.06,True
https://github.com/litecoin-project/litecoin,Litecoin,Litecoin,Blockchain,5884,2786,1472.0,309,4576.0,3069.0,100.0,491.0,C++,2012-06-13T04:18:26Z,2026-03-29T23:47:02Z,2026-03-23 20:50:19+00:00,master,MIT,False,235921.0,,,,,,,,,,,,,,,,,,,,,,,,,,,,0.0,True
https://github.com/litespeedtech/openlitespeed,LiteSpeed Technologies,Web Server,Server,381464,82513,302888.0,53087,1417.0,225.0,84.0,38.0,C++,2013-07-11T14:35:25Z,2026-03-30T08:59:36Z,2026-01-08 16:45:13+00:00,master,GPL-3.0,False,36929.0,,,,,,,,,,,,,,,,,,,,,,,,,,,,0.73,False
https://github.com/loadedcommerce/loaded7,Loaded Commerce LLC,Loaded Commerce,E-Commerce Platform/Software,7742,4956,3289.0,1141,18.0,26.0,115.0,24.0,PHP,2012-11-28T15:42:04Z,2025-10-26T17:40:58Z,2018-08-21 21:53:29+00:00,master,GPL-2.0,False,40851.0,,,,,,,,,,,,,,,,,,,,,,,,,,,,0.01,False
https://github.com/locomotiveCMS/engine,LocomotiveCMS,LocomotiveCMS,Web Content Management Systems,390,175,244.0,87,2324.0,618.0,100.0,79.0,Ruby,2010-07-22T19:02:27Z,2026-03-11T04:16:01Z,2025-08-07 08:51:45+00:00,master,NOASSERTION,False,32161.0,,,520.0,468.0,javascript; ruby,gem; npm,520.0,29.0,6.2,74.0,66.0,6.0,30.0,30.0,8.0,72.0,2.0,6.77,9.8,1.52,66.71,0.02,0.85,javascript; ruby,gem; npm,CWE-117; CWE-93; CWE-1321; CWE-1333; CWE-1333; CWE-400; CWE-1333; CWE-770; CWE-150; CWE-176; CWE-352; CWE-367; CWE-184; CWE-697; CWE-190; CWE-20; CWE-200; CWE-441; CWE-913; CWE-200; CWE-601; CWE-22; CWE-22; CWE-548; CWE-22; CWE-59; CWE-23; CWE-241; CWE-79; CWE-843; CWE-362; CWE-362; CWE-367; CWE-613; CWE-400; CWE-400; CWE-770; CWE-407; CWE-436; CWE-79; CWE-74; CWE-770; CWE-77; CWE-94; CWE-789; CWE-79; CWE-918; CWE-925; CWE-94; NVD-CWE-Other,97.3,0.0,False
https://github.com/lua/lua,UNIVERSIDADE FEDERAL RURAL DO RIO DE JANEIRO,Lua,Programming Languages,18742,11329,3444.0,1663,9858.0,1927.0,0.0,409.0,C,2012-09-14T05:55:07Z,2026-03-30T05:09:22Z,2026-03-15 18:17:52+00:00,master,,False,12054.0,,,,,,,,,,,,,,,,,,,,,,,,,,,,0.01,True
https://github.com/lustre/lustre-release,Lustre,Lustre file system,Other IT Development/Infrastructure,4976,2493,2206.0,1015,279.0,90.0,2.0,9.0,C,2020-06-06T00:48:48Z,2026-03-26T23:45:54Z,2026-03-20 23:52:02+00:00,master,NOASSERTION,False,182243.0,,,,,,,,,,,,,,,,,,,,,,,,,,,,0.01,True
https://github.com/lxc/lxc,Canonical,LXC,Containerization,315012,212208,73796.0,34659,5151.0,1169.0,171.0,202.0,C,2012-09-07T18:50:27Z,2026-03-30T14:54:05Z,2026-03-23 17:45:08+00:00,main,NOASSERTION,False,36305.0,,,14.0,11.0,,github-action,11.0,0.0,0.0,,,,,,,,,,,,,,,,,,,0.18,True
https://github.com/magento/magento2,Magento,Magento Commerce,E-Commerce Platform/Software,328767,149131,115807.0,36100,12070.0,9398.0,1988.0,1217.0,PHP,2011-11-30T15:30:13Z,2026-03-30T16:10:29Z,2026-03-30 16:10:22+00:00,2.4-develop,OSL-3.0,False,747822.0,,,987.0,421.0,php,php-composer,659.0,11.0,2.61,77.0,31.0,4.0,52.0,18.0,3.0,77.0,0.0,7.57,9.8,5.19,84.86,0.06,0.9,php,php-composer,CWE-184; CWE-20; CWE-200; CWE-200; CWE-212; CWE-200; CWE-565; CWE-208; CWE-20; CWE-88; CWE-347; CWE-352; CWE-400; CWE-436; CWE-444; CWE-79; CWE-502; CWE-74; CWE-77; CWE-79; CWE-829; CWE-88; CWE-88; CWE-94,100.0,0.28,True
https://github.com/magnolia-cms/magnolia,Magnolia International Ltd.,Magnolia,Web Content Management Systems,23454,6021,8282.0,884,,,,,,,,,,,,,,,,,,,,,,,,,,,,,,,,,,,,,,,,0.02,False
https://github.com/mantisbt/mantisbt,Open Source,MantisBT,Testing & QA,120301,48428,26339.0,11078,1759.0,753.0,90.0,92.0,PHP,2010-06-29T21:42:07Z,2026-03-30T12:10:40Z,2026-03-30 12:10:35+00:00,master,,False,87847.0,,,24.0,23.0,php,github-action; php-composer,24.0,1.0,4.35,1.0,1.0,0.0,0.0,1.0,0.0,1.0,0.0,6.1,6.1,0.13,0.13,0.0,0.0,php,php-composer,CWE-94,100.0,0.06,True
https://github.com/mathjax/MathJax,The Apache Software Foundation,Apache MathJax,Frameworks & Libraries,114288,48163,44922.0,12137,10802.0,1196.0,172.0,242.0,JavaScript,2010-08-19T03:28:53Z,2026-03-29T10:35:03Z,2026-02-19 22:25:43+00:00,master,Apache-2.0,False,160482.0,,,4.0,4.0,,github-action,4.0,0.0,0.0,,,,,,,,,,,,,,,,,,,0.11,False
https://github.com/matomo-org/matomo,Piwik,Piwik,Web Analytics,167230,107507,67376.0,40401,21380.0,2821.0,2525.0,398.0,PHP,2011-03-30T21:18:17Z,2026-03-30T14:50:41Z,2026-03-30 17:22:38+00:00,5.x-dev,GPL-3.0,False,344211.0,,,796.0,675.0,java; javascript; php,github-action; github-action-workflow; java-archive; npm; php-composer,755.0,34.0,5.04,86.0,58.0,8.0,42.0,24.0,12.0,84.0,2.0,6.67,9.8,0.23,3.66,0.0,0.06,javascript,npm,CWE-1050; CWE-400; CWE-116; CWE-79; CWE-94; CWE-120; CWE-1284; CWE-1321; CWE-1321; CWE-79; CWE-1333; CWE-1333; CWE-400; CWE-185; CWE-20; CWE-200; CWE-601; CWE-212; CWE-22; CWE-22; CWE-59; CWE-22; CWE-61; CWE-330; CWE-400; CWE-407; CWE-476; CWE-59; CWE-601; CWE-704; CWE-754; CWE-776; CWE-78; CWE-79; CWE-835; CWE-843; CWE-94; CWE-918,97.67,0.16,True
https://github.com/mediaelement/mediaelement,mediaelementjs.com,MediaElement.js,Software as a Service,803377,394944,445211.0,164603,8312.0,1552.0,226.0,302.0,JavaScript,2010-07-28T02:32:56Z,2026-03-30T10:45:54Z,2025-11-12 10:26:32+00:00,master,MIT,False,74373.0,,,7.0,7.0,javascript,npm,7.0,1.0,14.29,1.0,1.0,0.0,0.0,0.0,1.0,1.0,0.0,2.9,2.9,0.03,0.03,0.0,0.0,javascript,npm,CWE-1321,100.0,1.07,False
https://github.com/mesosphere/marathon,Mesosphere Inc.,Marathon,Application Development Tools,63941,45751,12777.0,6930,4044.0,831.0,29.0,315.0,Scala,2013-06-25T14:56:34Z,2026-03-17T04:56:04Z,2022-09-08 05:13:23+00:00,master,Apache-2.0,True,71840.0,,,140.0,132.0,python; ruby,gem; python,132.0,17.0,12.88,117.0,76.0,2.0,48.0,51.0,16.0,116.0,1.0,6.4,9.8,1.65,67.97,0.03,0.93,python; ruby,gem; python,CWE-125; CWE-787; CWE-1333; CWE-1333; CWE-400; CWE-184; CWE-190; CWE-200; CWE-200; CWE-22; CWE-203; CWE-20; CWE-93; CWE-20; NVD-CWE-Other; CWE-22; CWE-22; CWE-23; CWE-241; CWE-843; CWE-345; CWE-345; CWE-863; CWE-377; CWE-385; NVD-CWE-Other; CWE-400; CWE-400; CWE-770; CWE-409; CWE-409; CWE-770; CWE-416; CWE-416; CWE-908; CWE-434; CWE-444; CWE-476; CWE-522; CWE-601; CWE-611; CWE-669; CWE-670; CWE-674; CWE-74; CWE-754; CWE-770; CWE-779; CWE-787; CWE-787; CWE-843; CWE-79; CWE-79; CWE-80; CWE-835; CWE-843; CWE-862; CWE-908; NVD-CWE-Other,99.15,0.03,False
https://github.com/meteor/meteor,Meteor Development Group Inc.,Meteor,Frameworks & Libraries,150877,109095,42359.0,21024,44788.0,5265.0,372.0,1500.0,JavaScript,2012-01-19T01:58:17Z,2026-03-30T02:35:21Z,2026-03-30 16:38:06+00:00,devel,NOASSERTION,False,144412.0,,,1880.0,835.0,javascript,github-action; npm,1080.0,34.0,4.07,158.0,62.0,7.0,70.0,53.0,28.0,153.0,5.0,6.48,9.3,0.2,3.01,0.0,0.04,javascript,npm,CWE-1240; CWE-125; CWE-126; CWE-130; CWE-1321; CWE-1321; CWE-770; CWE-1333; CWE-1333; CWE-400; CWE-176; CWE-352; CWE-367; CWE-184; CWE-697; CWE-190; CWE-20; CWE-200; CWE-601; CWE-20; CWE-347; CWE-22; CWE-22; CWE-59; CWE-22; CWE-61; CWE-241; CWE-295; CWE-347; CWE-400; CWE-407; CWE-436; CWE-476; CWE-59; CWE-674; CWE-78; CWE-79; CWE-835; CWE-918; CWE-94; NVD-CWE-Other,96.84,0.1,True
https://github.com/microsoft/CNTK,Microsoft,Microsoft Cognitive Toolkit,Data Science & Machine Learning,13280,5950,3096.0,700,17603.0,4242.0,839.0,1226.0,C++,2015-11-26T09:52:06Z,2026-03-29T21:00:30Z,2023-03-11 07:31:35+00:00,master,NOASSERTION,True,935217.0,,,4.0,4.0,java,binary; java-archive,4.0,0.0,0.0,,,,,,,,,,,,,,,,,,,0.01,False
https://github.com/moby/moby,Docker,Docker,Application Development Tools,905330,493711,233484.0,93372,71554.0,18911.0,3796.0,2821.0,Go,2013-01-18T18:10:57Z,2026-03-30T16:47:05Z,2026-03-30 08:58:45+00:00,master,Apache-2.0,False,256523.0,,,427.0,341.0,go; python,github-action; github-action-workflow; go-module; python,349.0,0.0,0.0,,,,,,,,,,,,,,,,,,,0.56,True
https://github.com/moby/swarmkit,Docker,Swarm,IT Infrastructure & Ops Management,214576,145899,43748.0,22287,3594.0,660.0,333.0,146.0,Go,2016-02-12T00:02:15Z,2026-03-29T20:31:33Z,2025-11-10 19:21:00+00:00,master,Apache-2.0,False,43275.0,,,159.0,99.0,go,github-action; go-module,111.0,3.0,3.03,10.0,7.0,2.0,1.0,6.0,1.0,8.0,2.0,6.52,9.1,0.02,0.05,0.0,0.0,go,go-module,CWE-125; CWE-285; CWE-345; CWE-346; CWE-770; CWE-909,80.0,0.11,False
https://github.com/modxcms/revolution,MODX LLC,MODX,Web Content Management Systems,11244,2885,7651.0,1527,1398.0,528.0,693.0,93.0,PHP,2010-07-29T21:03:57Z,2026-03-27T22:43:41Z,2026-03-28 21:41:13+00:00,3.x,GPL-2.0,False,106844.0,,,17.0,14.0,javascript,github-action; npm,15.0,0.0,0.0,,,,,,,,,,,,,,,,,,,0.02,True
https://github.com/moinwiki/moin,MoinMoin GmbH,MoinMoin,Software as a Service,13204,11843,1036.0,627,365.0,103.0,122.0,24.0,JavaScript,2018-08-16T21:27:34Z,2026-03-30T17:28:14Z,2026-03-30 17:28:03+00:00,master,NOASSERTION,False,14255.0,,,11.0,8.0,,github-action,8.0,1.0,12.5,1.0,1.0,0.0,1.0,0.0,0.0,1.0,0.0,8.7,8.7,0.15,0.15,0.0,0.0,,github-action,CWE-20,100.0,0.0,True
https://github.com/mongodb/mongo,MongoDB,MongoDB,Database Management,691077,381009,174761.0,72805,28192.0,5764.0,28.0,1248.0,C++,2009-01-15T16:15:18Z,2026-03-30T17:33:07Z,2026-03-30 17:33:02+00:00,master,NOASSERTION,False,1309072.0,,,330.0,297.0,javascript; python; rust,deb; github-action; npm; python; rust-crate,317.0,24.0,8.08,48.0,44.0,2.0,18.0,24.0,4.0,46.0,2.0,6.26,9.1,0.76,29.2,0.01,0.39,python,python,CWE-120; CWE-130; CWE-20; CWE-1333; CWE-400; CWE-1336; CWE-178; CWE-184; CWE-203; CWE-208; CWE-385; CWE-22; CWE-22; CWE-732; CWE-292; CWE-345; CWE-345; CWE-863; CWE-346; CWE-352; CWE-362; CWE-367; CWE-59; CWE-362; CWE-59; CWE-377; CWE-400; CWE-407; CWE-787; CWE-400; CWE-770; CWE-409; CWE-41; CWE-444; CWE-522; CWE-524; CWE-601; CWE-636; CWE-67; CWE-674; CWE-680; CWE-770; CWE-91; CWE-921; CWE-922; CWE-94; CWE-95,95.83,0.42,True
https://github.com/mootools/mootools-core,MooTools,MooTools,Application Development Tools,233126,85741,143715.0,33072,2672.0,514.0,76.0,118.0,JavaScript,2008-04-21T16:58:56Z,2026-03-28T18:28:19Z,2024-05-10 06:22:03+00:00,master,,False,7908.0,,,,,,,,,,,,,,,,,,,,,,,,,,,,0.35,False
https://github.com/movabletype/movabletype,MovableType,MovableType,Web Content Management Systems,2859,1133,1940.0,532,426.0,113.0,100.0,42.0,Perl,2010-12-29T15:31:02Z,2026-03-30T07:55:27Z,2026-03-30 07:55:22+00:00,develop,,False,169364.0,,,226.0,201.0,javascript; php,github-action; npm; php-composer,227.0,8.0,3.98,13.0,10.0,0.0,5.0,8.0,0.0,13.0,0.0,6.28,8.8,0.38,2.11,0.01,0.04,javascript; php,npm; php-composer,CWE-1050; CWE-400; CWE-1333; CWE-185; CWE-79; CWE-918; CWE-22; CWE-269; CWE-400; CWE-79,100.0,0.0,True
https://github.com/mozilla/nunjucks,Nunjucks,Nunjucks,Operating System,22534,13203,8253.0,3777,8920.0,650.0,353.0,132.0,JavaScript,2012-08-09T05:40:44Z,2026-03-30T11:37:14Z,2026-02-07 15:11:07+00:00,master,BSD-2-Clause,False,8177.0,,,24.0,24.0,javascript,github-action; npm,24.0,1.0,4.17,2.0,2.0,0.0,1.0,1.0,0.0,2.0,0.0,6.4,7.5,0.05,0.06,0.0,0.0,javascript,npm,CWE-1321; CWE-1333,100.0,0.02,False
https://github.com/mybb/mybb,MyBB Group,MyBB,Software as a Service,228,34,199.0,30,1203.0,429.0,301.0,89.0,PHP,2012-06-13T10:34:46Z,2026-03-30T12:39:37Z,2026-03-30 12:39:31+00:00,dev-1.9,LGPL-3.0,False,43617.0,,,70.0,62.0,php,github-action; php-composer,63.0,0.0,0.0,,,,,,,,,,,,,,,,,,,0.0,True
https://github.com/mysql/mysql-server,Oracle,MySQL,Database Management,1100973,578360,283484.0,119315,12182.0,4250.0,6.0,561.0,C++,2014-09-26T09:31:03Z,2026-03-30T17:07:52Z,2026-01-22 11:09:35+00:00,trunk,NOASSERTION,False,4747212.0,,,128.0,91.0,java; python,github-action; github-action-workflow; java-archive; python,94.0,5.0,5.49,9.0,6.0,0.0,4.0,5.0,0.0,9.0,0.0,6.98,8.8,0.16,0.56,0.0,0.01,java; python,java-archive; python,CWE-1336; CWE-1336; CWE-693; CWE-150; CWE-400; CWE-674; CWE-787; CWE-79,100.0,0.68,False
https://github.com/neo4j/neo4j,Neo4j,Neo4j,Database Management,248185,139157,51288.0,28194,16211.0,2585.0,186.0,521.0,Java,2012-11-12T08:46:15Z,2026-03-30T16:12:26Z,2026-03-20 15:45:08+00:00,release/5.26.0,GPL-3.0,False,697200.0,,,448.0,443.0,java,binary; java-archive,445.0,9.0,2.03,13.0,12.0,0.0,1.0,7.0,5.0,13.0,0.0,4.69,8.2,0.02,0.11,0.0,0.0,java,java-archive,CWE-117; CWE-20; CWE-208; CWE-290; CWE-295; CWE-297; CWE-532; CWE-611; CWE-674; CWE-770; CWE-917; CWE-918,100.0,0.12,True
https://github.com/neos/neos-development-collection,Neos,Neos,Web Content Management Systems,2971,76,2089.0,53,266.0,242.0,551.0,15.0,PHP,2015-08-18T09:48:35Z,2026-03-26T19:44:09Z,2026-03-28 15:02:16+00:00,9.2,GPL-3.0,False,177193.0,,,3126.0,1685.0,javascript; python; ruby,gem; github-action; npm; python,2484.0,108.0,6.41,440.0,184.0,49.0,206.0,144.0,41.0,427.0,13.0,6.93,10.0,1.49,66.71,0.02,0.85,javascript; python; ruby,gem; npm; python,CWE-1050; CWE-400; CWE-116; CWE-79; CWE-94; CWE-1188; CWE-1240; CWE-130; CWE-1321; CWE-1321; CWE-1333; CWE-1321; CWE-471; CWE-1321; CWE-770; CWE-1321; CWE-79; CWE-1333; CWE-1333; CWE-400; CWE-1336; CWE-1336; CWE-693; CWE-150; CWE-176; CWE-352; CWE-367; CWE-184; CWE-697; CWE-190; CWE-20; CWE-200; CWE-200; CWE-601; CWE-22; CWE-22; CWE-269; CWE-22; CWE-27; CWE-22; CWE-59; CWE-269; CWE-327; CWE-330; CWE-345; CWE-347; CWE-367; CWE-377; CWE-399; CWE-400; CWE-400; CWE-74; CWE-400; CWE-770; CWE-405; CWE-407; CWE-409; CWE-426; CWE-471; CWE-476; CWE-502; CWE-522; CWE-532; CWE-59; CWE-59; CWE-61; CWE-601; CWE-668; CWE-669; CWE-670; CWE-674; CWE-74; CWE-754; CWE-77; CWE-770; CWE-78; CWE-78; CWE-94; CWE-79; CWE-835; CWE-843; CWE-843; CWE-94; CWE-88; CWE-918; CWE-918; CWE-941; CWE-94; NVD-CWE-Other,97.05,0.01,True
https://github.com/nginx/nginx,NGINX,Web Server,Server,4060332,1494781,2320803.0,640196,29769.0,7827.0,362.0,936.0,C,2015-06-23T10:26:27Z,2026-03-30T16:19:44Z,2026-03-24 18:36:12+00:00,master,BSD-2-Clause,False,75351.0,,,7.0,7.0,,github-action; github-action-workflow,7.0,0.0,0.0,,,,,,,,,,,,,,,,,,,5.6,True
https://github.com/nodejs/node,Node.js,Node.js,Frameworks & Libraries,867046,486401,211172.0,88552,116467.0,35217.0,2592.0,2952.0,JavaScript,2014-11-26T19:57:11Z,2026-03-30T17:00:35Z,2026-03-30 15:21:57+00:00,main,NOASSERTION,False,1442423.0,,,1741.0,1101.0,javascript; python; rust,github-action; npm; python; rust-crate,1326.0,18.0,1.63,39.0,32.0,1.0,11.0,21.0,6.0,37.0,2.0,5.93,8.9,0.06,0.56,0.0,0.01,javascript; python; rust,github-action; npm; python; rust-crate,CWE-1321; CWE-1333; CWE-1333; CWE-400; CWE-1336; CWE-1336; CWE-693; CWE-150; CWE-20; CWE-22; CWE-241; CWE-377; CWE-400; CWE-407; CWE-409; CWE-522; CWE-601; CWE-674; CWE-680; CWE-693; CWE-863; CWE-705; CWE-770; CWE-79,94.87,0.51,True
https://github.com/nopSolutions/nopCommerce,Open Source,NopCommerce,E-Commerce Platform/Software,19084,11001,7599.0,2469,10021.0,5931.0,174.0,598.0,C#,2014-04-09T05:47:50Z,2026-03-30T14:36:50Z,2026-03-30 14:36:38+00:00,develop,NOASSERTION,False,1586831.0,,,261.0,237.0,dotnet; javascript,dotnet; github-action; npm,261.0,15.0,6.33,24.0,21.0,2.0,9.0,9.0,4.0,23.0,1.0,7.0,9.4,0.33,2.58,0.01,0.03,javascript,npm,CWE-1321; CWE-1333; CWE-1333; CWE-400; CWE-200; CWE-20; CWE-601; CWE-22; CWE-22; CWE-27; CWE-327; CWE-328; CWE-916; CWE-352; CWE-400; CWE-407; CWE-754; CWE-79; CWE-918,95.83,0.02,True
https://github.com/odoo/odoo,Odoo,Odoo Website Builder,Website Builders,83,13,75.0,11,49818.0,31941.0,9386.0,1527.0,Python,2014-05-13T15:38:58Z,2026-03-30T17:28:34Z,2026-03-30 17:42:17+00:00,19.0,NOASSERTION,False,14810667.0,,,103.0,52.0,python,python,103.0,15.0,28.85,118.0,69.0,4.0,31.0,70.0,13.0,117.0,1.0,6.27,9.8,3.3,85.58,0.04,0.94,python,python,CWE-116; CWE-170; CWE-120; CWE-1333; CWE-1333; CWE-400; CWE-1336; CWE-1336; CWE-693; CWE-150; CWE-20; CWE-200; CWE-203; CWE-212; CWE-22; CWE-345; CWE-352; CWE-377; CWE-392; CWE-400; CWE-400; CWE-407; CWE-400; CWE-407; CWE-787; CWE-400; CWE-409; CWE-400; CWE-770; CWE-407; CWE-409; CWE-476; CWE-522; CWE-601; CWE-636; CWE-669; CWE-67; CWE-670; CWE-674; CWE-680; CWE-754; CWE-75; CWE-843; CWE-770; CWE-787; CWE-79; CWE-834; CWE-835; CWE-843; CWE-94; CWE-94; CWE-95; NVD-CWE-Other,99.15,0.0,True
https://github.com/okd-project/okd,Red Hat,Red Hat OpenShift,Platform as a Service,340240,213076,65972.0,29795,2056.0,318.0,71.0,93.0,HCL,2019-11-15T21:06:09Z,2026-03-29T16:27:45Z,2026-03-18 20:07:01+00:00,master,Apache-2.0,False,839.0,,,,,,,,,,,,,,,,,,,,,,,,,,,,0.16,True
https://github.com/openbsd/src,Open Source,OpenBSD,Operating System,27384,16682,7390.0,3212,3708.0,927.0,1.0,177.0,C,2016-08-30T18:18:25Z,2026-03-30T14:20:34Z,2026-03-30 14:19:46+00:00,master,,False,1570826.0,,,90.0,62.0,javascript; python,npm; python,66.0,12.0,19.35,52.0,25.0,1.0,14.0,29.0,8.0,50.0,2.0,6.21,8.9,0.43,6.37,0.01,0.21,javascript; python,npm; python,CWE-1333; CWE-1333; CWE-400; CWE-1333; CWE-75; CWE-1336; CWE-1336; CWE-693; CWE-150; CWE-184; CWE-22; CWE-345; CWE-345; CWE-863; CWE-377; CWE-392; CWE-400; CWE-409; CWE-522; CWE-601; CWE-669; CWE-670; CWE-770; CWE-79,96.15,0.02,True
https://github.com/opencart/opencart,OpenCart,Commerce Software,E-Commerce Platform/Software,34104,12515,18954.0,3880,8074.0,5037.0,144.0,586.0,PHP,2011-08-02T07:32:17Z,2026-03-30T10:37:46Z,2026-03-30 13:04:24+00:00,master,NOASSERTION,False,222231.0,,,738.0,722.0,javascript; php,github-action; npm; php-composer,732.0,28.0,3.88,55.0,48.0,0.0,24.0,24.0,7.0,54.0,1.0,6.56,10.0,1.3,65.99,0.02,0.85,javascript; php,npm; php-composer,CWE-1050; CWE-400; CWE-116; CWE-116; CWE-79; CWE-1321; CWE-1321; CWE-1333; CWE-1333; CWE-1333; CWE-400; CWE-176; CWE-352; CWE-367; CWE-184; CWE-697; CWE-185; CWE-79; CWE-918; CWE-22; CWE-22; CWE-59; CWE-400; CWE-400; CWE-770; CWE-407; CWE-476; CWE-59; CWE-601; CWE-647; CWE-674; CWE-77; CWE-770; CWE-78; CWE-79; CWE-835; CWE-88; CWE-918; CWE-918; CWE-941,98.18,0.05,True
https://github.com/openjdk/jdk,Sun Microsystems,Java,Application Development Tools,59387,48734,7844.0,3555,22715.0,6296.0,412.0,363.0,Java,2018-09-17T12:29:20Z,2026-03-30T17:17:30Z,2026-03-30 17:44:09+00:00,master,GPL-2.0,False,1430845.0,,,224.0,164.0,java,github-action; github-action-workflow; java-archive,165.0,1.0,0.61,2.0,0.0,0.0,2.0,0.0,0.0,2.0,0.0,7.3,7.3,0.0,0.0,,,,github-action,,100.0,0.02,True
https://github.com/openresty/openresty,OpenResty,OpenResty,Application Development Tools,1148247,585142,507540.0,220833,13718.0,1619.0,316.0,533.0,C,2010-01-20T03:57:59Z,2026-03-30T08:19:19Z,2026-03-25 05:55:04+00:00,master,NOASSERTION,False,2842.0,,,7.0,7.0,,github-action,7.0,0.0,0.0,,,,,,,,,,,,,,,,,,,1.22,True
https://github.com/openssh/openssh-portable,OpenSSH,OpenSSH,Other IT Development/Infrastructure,25981,19231,4304.0,2218,3754.0,2053.0,128.0,130.0,C,2014-01-17T05:53:25Z,2026-03-30T10:59:54Z,2026-03-30 10:59:44+00:00,master,NOASSERTION,False,33026.0,,,25.0,18.0,,github-action,18.0,0.0,0.0,,,,,,,,,,,,,,,,,,,0.01,True
https://github.com/openssl/openssl,OpenSSL,OpenSSL,Other IT Development/Infrastructure,886177,392679,364551.0,105762,29857.0,11161.0,1554.0,1012.0,C,2013-01-15T22:34:48Z,2026-03-30T17:19:47Z,2026-03-27 18:37:42+00:00,master,Apache-2.0,False,333424.0,,,81.0,42.0,,github-action,46.0,0.0,0.0,,,,,,,,,,,,,,,,,,,0.88,True
https://github.com/oracle/linux-uek,Oracle,Linux,Operating System,107982,71772,25633.0,10854,348.0,86.0,5.0,55.0,,2018-01-13T05:00:58Z,2026-03-27T20:13:47Z,2026-03-24 16:37:59+00:00,main,,False,3293986.0,,,,,,,,,,,,,,,,,,,,,,,,,,,,0.06,True
https://github.com/orientechnologies/orientdb,Orient Technologies,OrientDB,Database Management,18034,10221,4241.0,1845,4945.0,874.0,343.0,262.0,Java,2012-12-09T20:33:47Z,2026-03-30T03:42:07Z,2026-03-30 14:48:24+00:00,develop,Apache-2.0,False,296440.0,,,1177.0,1009.0,java; javascript,github-action; java-archive; npm,1173.0,32.0,3.17,77.0,54.0,6.0,30.0,33.0,8.0,47.0,30.0,6.5,9.8,1.32,33.95,0.02,0.47,java; javascript,java-archive; npm,CWE-1050; CWE-400; CWE-1240; CWE-1289; NVD-CWE-Other; CWE-1321; CWE-1333; CWE-1333; CWE-400; CWE-184; CWE-697; CWE-201; CWE-359; CWE-22; CWE-27; CWE-400; CWE-74; CWE-770; CWE-79; CWE-791; CWE-791; NVD-CWE-Other; CWE-835; CWE-843; CWE-862; CWE-89; CWE-922; NVD-CWE-Other,61.04,0.01,True
https://github.com/pagekit/pagekit,pagekit,Pagekit,Web Content Management Systems,287,93,190.0,50,5478.0,637.0,178.0,262.0,PHP,2014-03-06T17:30:55Z,2026-03-23T08:37:57Z,2022-09-30 19:04:02+00:00,develop,MIT,True,16759.0,,,36.0,36.0,php,php-composer,36.0,6.0,16.67,20.0,20.0,1.0,9.0,6.0,4.0,20.0,0.0,6.7,9.8,1.57,9.57,0.02,0.17,php,php-composer,CWE-1321; CWE-20; CWE-88; CWE-22; CWE-345; CWE-502; CWE-601; CWE-647; CWE-668; CWE-693; NVD-CWE-Other; CWE-74; CWE-77; CWE-79; CWE-79; CWE-89; CWE-88; CWE-88; CWE-94,100.0,0.0,False
https://github.com/papaya-cms/papayacms-core,papaya Software GmbH,papaya CMS,Web Content Management Systems,1595,587,935.0,259,,,,,,,,,,,,,,,,,,,,,,,,,,,,,,,,,,,,,,,,0.0,False
https://github.com/percona/percona-server,Percona,Percona,Database Management,28812,14161,7914.0,2997,1255.0,509.0,61.0,134.0,C++,2015-02-13T11:32:01Z,2026-03-30T10:27:17Z,2026-03-30 16:50:08+00:00,8.0,NOASSERTION,False,5034042.0,,,121.0,84.0,java; python,github-action; github-action-workflow; java-archive; python,87.0,5.0,5.95,9.0,6.0,0.0,4.0,5.0,0.0,9.0,0.0,6.98,8.8,0.16,0.56,0.0,0.01,java; python,java-archive; python,CWE-1336; CWE-1336; CWE-693; CWE-150; CWE-400; CWE-674; CWE-787; CWE-79,100.0,0.02,True
https://github.com/percona/percona-xtradb-cluster,Percona,Percona XtraDB Cluster,Database Management,273,139,88.0,48,378.0,152.0,11.0,68.0,C++,2015-02-13T11:39:22Z,2026-03-30T14:28:33Z,2026-03-30 14:28:26+00:00,8.0,NOASSERTION,False,4975640.0,,,134.0,96.0,java; python,github-action; github-action-workflow; java-archive; python,100.0,5.0,5.21,9.0,6.0,0.0,4.0,5.0,0.0,9.0,0.0,6.98,8.8,0.16,0.56,0.0,0.01,java; python,java-archive; python,CWE-1336; CWE-1336; CWE-693; CWE-150; CWE-400; CWE-674; CWE-787; CWE-79,100.0,0.0,True
https://github.com/perl-catalyst/catalyst-runtime,Catalyst Framework,Catalyst Framework,Application Development Tools,2218,760,960.0,145,268.0,101.0,36.0,44.0,Perl,2008-12-29T04:20:30Z,2025-09-02T07:08:41Z,2025-02-08 19:11:11+00:00,master,,False,13913.0,,,,,,,,,,,,,,,,,,,,,,,,,,,,0.0,False
https://github.com/phacility/phabricator,Phacility Inc,Phabricator,Application Development Tools,12223,3856,3160.0,1212,12305.0,1622.0,3.0,565.0,PHP,2011-01-21T22:08:29Z,2026-03-28T18:28:26Z,2024-04-12 10:28:40+00:00,master,Apache-2.0,False,144626.0,,,,,,,,,,,,,,,,,,,,,,,,,,,,0.01,False
https://github.com/php/php-src,COMPILER,PHP,Programming Languages,4753974,1747130,2807288.0,749401,39959.0,8022.0,1754.0,1350.0,C,2011-06-16T01:52:25Z,2026-03-30T17:36:07Z,2026-03-30 17:36:01+00:00,master,NOASSERTION,False,628719.0,,,69.0,60.0,,binary; github-action; github-action-workflow,61.0,0.0,0.0,,,,,,,,,,,,,,,,,,,6.77,True
https://github.com/phpbb/phpbb,phpBB,phpBB,Software as a Service,122177,104798,22808.0,12238,2049.0,993.0,43.0,95.0,PHP,2010-03-01T22:33:17Z,2026-03-30T05:08:40Z,2026-03-29 08:07:58+00:00,master,GPL-2.0,False,95699.0,,,105.0,103.0,javascript; php,github-action; npm; php-composer,104.0,1.0,0.97,1.0,1.0,0.0,0.0,1.0,0.0,1.0,0.0,6.3,6.3,0.0,0.0,0.0,0.0,php,php-composer,CWE-88,100.0,0.06,True
https://github.com/phpmyadmin/phpmyadmin,phpMyAdmin,phpMyAdmin,Database Management,32,0,28.0,0,7838.0,3565.0,903.0,272.0,PHP,2012-01-19T13:21:52Z,2026-03-30T14:53:01Z,2026-03-30 14:52:48+00:00,master,GPL-2.0,False,2409214.0,,,561.0,488.0,javascript; php,github-action; npm; php-composer,535.0,7.0,1.43,16.0,10.0,0.0,9.0,7.0,0.0,16.0,0.0,6.95,8.7,0.02,0.06,0.0,0.0,javascript,npm,CWE-1321; CWE-1333; CWE-1333; CWE-400; CWE-400; CWE-407; CWE-674,100.0,0.0,True
https://github.com/phusion/passenger,Phusion,Phusion Passenger,Server,123051,68931,49903.0,19579,5076.0,561.0,240.0,110.0,C++,2008-03-27T23:40:48Z,2026-03-25T08:35:33Z,2026-03-02 20:41:37+00:00,stable-6.1,MIT,False,56758.0,,,37.0,30.0,javascript; ruby,gem; github-action; npm,31.0,2.0,6.67,3.0,3.0,0.0,2.0,1.0,0.0,3.0,0.0,7.07,8.3,0.03,0.06,0.0,0.0,ruby,gem,CWE-134; CWE-22; CWE-548; CWE-79,100.0,0.12,True
https://github.com/pimcore/pimcore,pimcore,Pimcore CMS,Web Content Management Systems,13398,1602,7691.0,518,3741.0,1503.0,588.0,165.0,PHP,2011-11-01T09:16:14Z,2026-03-30T14:03:57Z,2026-03-30 13:34:58+00:00,2026.x,NOASSERTION,False,542103.0,,,50.0,37.0,,github-action; github-action-workflow,41.0,0.0,0.0,,,,,,,,,,,,,,,,,,,0.02,True
https://github.com/plainblack/webgui,Plain Black Corporation,WebGUI,Web Content Management Systems,379,342,74.0,42,63.0,42.0,7.0,25.0,Perl,2009-02-06T02:52:45Z,2025-11-09T09:56:11Z,2019-03-14 21:45:13+00:00,master,,False,119900.0,,,,,,,,,,,,,,,,,,,,,,,,,,,,0.0,False
https://github.com/playframework/playframework,Lightbend Inc.,Play Framework,Frameworks & Libraries,681,134,502.0,76,12625.0,4048.0,490.0,607.0,Scala,2011-09-07T09:24:08Z,2026-03-30T07:21:08Z,2026-03-30 07:11:04+00:00,main,Apache-2.0,False,113634.0,,,17.0,16.0,java,github-action; github-action-workflow; java-archive,16.0,0.0,0.0,,,,,,,,,,,,,,,,,,,0.0,True
https://github.com/plone/Plone,PLONE FOUNDATION,Plone,Web Content Management Systems,60983,50540,10346.0,4994,274.0,58.0,0.0,177.0,Python,2011-09-25T01:41:25Z,2026-03-30T05:50:16Z,2026-03-27 11:41:01+00:00,master,,False,3146.0,,,,,,,,,,,,,,,,,,,,,,,,,,,,0.02,True
https://github.com/plotly/plotly.js,Plotly Inc,Plotly,Charting,14619,7122,5479.0,2480,18170.0,1982.0,803.0,281.0,JavaScript,2015-11-05T23:27:17Z,2026-03-30T15:46:42Z,2026-03-30 16:50:58+00:00,master,MIT,False,1916396.0,,,521.0,389.0,javascript,github-action; npm,432.0,1.0,0.26,1.0,1.0,0.0,0.0,1.0,0.0,1.0,0.0,5.3,5.3,0.01,0.01,0.0,0.0,javascript,npm,CWE-835,100.0,0.01,True
https://github.com/postgres/postgres,PostgreSQL Global Development,DataBase Management System,Database Management,1442700,804706,397932.0,164578,20388.0,5531.0,0.0,560.0,C,2010-09-21T11:35:45Z,2026-03-30T17:50:37Z,2026-03-30 17:50:32+00:00,master,NOASSERTION,False,728609.0,,,,,,,,,,,,,,,,,,,,,,,,,,,,0.96,True
https://github.com/prestodb/presto,FACEBOOK,Presto,Big Data Processing,143057,98318,22940.0,11374,16670.0,5532.0,2847.0,826.0,Java,2012-08-09T01:03:37Z,2026-03-30T17:28:07Z,2026-03-30 17:27:59+00:00,master,Apache-2.0,False,272795.0,,,1736.0,1523.0,java; javascript; python,github-action; java-archive; npm; python,1666.0,22.0,1.44,57.0,44.0,3.0,27.0,21.0,6.0,57.0,0.0,6.67,9.8,1.99,85.33,0.03,0.91,java; javascript,github-action; java-archive; npm,CWE-116; CWE-79; CWE-94; CWE-1321; CWE-1321; CWE-79; CWE-1333; CWE-1333; CWE-400; CWE-190; CWE-20; CWE-208; CWE-20; CWE-347; CWE-241; CWE-287; CWE-295; CWE-312; CWE-346; CWE-347; CWE-400; CWE-407; CWE-436; CWE-502; CWE-532; CWE-611; CWE-670; CWE-674; CWE-705; CWE-749; CWE-754; CWE-835; CWE-843; CWE-94; CWE-88; CWE-918,100.0,0.06,True
https://github.com/processone/ejabberd,ejabberd,XMPP Server,Server,6185,3985,851.0,398,6623.0,1542.0,209.0,255.0,Erlang,2010-02-08T10:37:25Z,2026-03-30T16:21:19Z,2026-03-25 15:42:32+00:00,master,NOASSERTION,False,48294.0,,,100.0,62.0,elixir; erlang; javascript,github-action; hex; npm,62.0,0.0,0.0,,,,,,,,,,,,,,,,,,,0.0,True
https://github.com/prometheus/prometheus,The Apache Software Foundation,Prometheus,Data Management,300109,161711,72083.0,30306,63314.0,10287.0,772.0,1100.0,Go,2012-11-24T11:14:12Z,2026-03-30T17:08:12Z,2026-03-30 14:47:59+00:00,main,Apache-2.0,False,279008.0,,,904.0,597.0,go; javascript,github-action; github-action-workflow; go-module; npm,637.0,5.0,0.84,9.0,6.0,0.0,5.0,4.0,0.0,5.0,4.0,7.41,8.8,0.02,0.06,0.0,0.0,go; javascript,go-module; npm,CWE-1321; CWE-1333,55.56,0.17,True
https://github.com/prototypejs/prototype,PrettyPolymath,Prototype,Frameworks & Libraries,359325,156892,166012.0,47051,3540.0,645.0,101.0,195.0,JavaScript,2008-03-27T02:15:03Z,2026-03-29T14:20:12Z,2024-08-13 10:53:04+00:00,master,NOASSERTION,False,9353.0,,,,,,,,,,,,,,,,,,,,,,,,,,,,0.4,False
https://github.com/puppetlabs/puppet,Puppet Labs,Puppet Labs,Software Configuration Management,219230,152842,46326.0,25788,7824.0,2208.0,91.0,455.0,Ruby,2010-09-14T19:26:44Z,2026-03-30T16:20:08Z,2026-03-16 11:58:10+00:00,main,Apache-2.0,False,90447.0,,,33.0,22.0,ruby,deb; gem; github-action; github-action-workflow; rpm,28.0,0.0,0.0,,,,,,,,,,,,,,,,,,,0.11,True
https://github.com/pyrocms/pyrocms,PyroCMS,PyroCMS,Web Content Management Systems,4115,2737,1513.0,583,3177.0,917.0,8.0,171.0,PHP,2010-07-06T12:55:25Z,2026-03-28T11:08:49Z,2026-01-23 20:55:53+00:00,3.9,NOASSERTION,False,59655.0,,,164.0,164.0,php,php-composer,164.0,10.0,6.1,20.0,19.0,0.0,6.0,11.0,3.0,20.0,0.0,5.85,8.8,3.39,53.23,0.05,0.66,php,php-composer,CWE-1321; CWE-155; CWE-185; CWE-79; CWE-918; CWE-22; CWE-285; CWE-436; CWE-601; CWE-647; CWE-668; CWE-693; NVD-CWE-Other; CWE-74; CWE-77; CWE-79; CWE-88; CWE-98,100.0,0.0,False
https://github.com/python/cpython,Python,Python,Application Development Tools,1502147,787184,392157.0,166456,72119.0,34330.0,9329.0,1539.0,Python,2017-02-10T19:23:51Z,2026-03-30T17:26:57Z,2026-03-30 16:42:24+00:00,main,NOASSERTION,False,802690.0,,,197.0,163.0,javascript; python,github-action; github-action-workflow; npm; python,165.0,1.0,0.61,1.0,0.0,1.0,0.0,0.0,0.0,1.0,0.0,9.9,9.9,0.0,0.0,,,,github-action,,100.0,0.95,True
https://github.com/q2a/question2answer,Question2Answer,Question2Answer,Other Web Tools & Plugins,255,62,164.0,41,1669.0,618.0,91.0,129.0,PHP,2011-12-05T13:18:58Z,2026-03-29T13:24:38Z,2024-08-20 01:45:18+00:00,bugfix,GPL-3.0,False,10075.0,,,,,,,,,,,,,,,,,,,,,,,,,,,,0.0,False
https://github.com/quartz-scheduler/quartz,Quartz Scheduler,Quartz Scheduler,IT Infrastructure & Ops Management,81415,62290,11905.0,6978,6708.0,1996.0,72.0,231.0,Java,2016-03-07T14:05:37Z,2026-03-30T09:46:57Z,2026-03-20 01:43:34+00:00,main,Apache-2.0,False,26998.0,,,2.0,2.0,java,java-archive,2.0,0.0,0.0,,,,,,,,,,,,,,,,,,,0.03,True
https://github.com/quilljs/quill,Quill,Quill,Other Web Tools & Plugins,23720,10759,8304.0,3522,47008.0,3630.0,635.0,484.0,TypeScript,2012-07-30T23:23:18Z,2026-03-30T17:49:25Z,2025-07-25 06:09:23+00:00,main,BSD-3-Clause,False,18429.0,,,919.0,811.0,javascript,github-action; github-action-workflow; npm,913.0,21.0,2.59,49.0,39.0,1.0,21.0,20.0,7.0,49.0,0.0,6.41,9.1,3.65,84.12,0.05,0.93,javascript,npm,CWE-1050; CWE-400; CWE-1321; CWE-1333; CWE-1333; CWE-400; CWE-1385; CWE-20; CWE-20; CWE-915; NVD-CWE-Other; CWE-285; CWE-863; CWE-362; CWE-400; CWE-407; CWE-444; CWE-524; CWE-639; CWE-674; CWE-770; CWE-776; CWE-78; CWE-79; CWE-918; CWE-94,100.0,0.02,False
https://github.com/qunitjs/qunit,The jQuery Foundation Inc,qunit,Testing & QA,37948,26680,10915.0,7438,4028.0,776.0,52.0,122.0,JavaScript,2009-07-24T16:26:23Z,2026-03-18T06:41:56Z,2026-02-05 01:31:03+00:00,main,MIT,False,16709.0,,,26.0,12.0,,github-action,12.0,0.0,0.0,,,,,,,,,,,,,,,,,,,0.03,False
https://github.com/rabbitmq/rabbitmq-server,Pivotal Software,Pivotal vFabric RabbitMQ,Application Development Tools,351471,199864,85034.0,36544,13553.0,4000.0,261.0,374.0,JavaScript,2010-09-20T10:29:16Z,2026-03-30T11:53:08Z,2026-03-30 17:40:12+00:00,main,NOASSERTION,False,228719.0,,,134.0,87.0,erlang; java; python; ruby,erlang-otp; gem; github-action; github-action-workflow; java-archive; python,90.0,1.0,1.15,1.0,1.0,0.0,0.0,1.0,0.0,1.0,0.0,7.5,7.5,1.08,1.08,0.02,0.02,java,java-archive,CWE-346; CWE-755,100.0,0.21,True
https://github.com/rails/rails,Ruby on Rails,Ruby on Rails,Frameworks & Libraries,1015563,594884,403948.0,161698,58316.0,22180.0,1540.0,2307.0,Ruby,2008-04-11T02:19:47Z,2026-03-30T13:56:02Z,2026-03-30 13:01:53+00:00,main,MIT,False,277775.0,,,781.0,687.0,javascript; ruby,gem; github-action; npm,768.0,34.0,4.95,67.0,57.0,1.0,21.0,33.0,12.0,66.0,1.0,5.83,9.4,0.18,3.66,0.0,0.06,javascript; ruby,gem; npm,CWE-1050; CWE-400; CWE-115; CWE-601; CWE-1287; CWE-400; CWE-405; CWE-409; CWE-770; CWE-789; CWE-1321; CWE-1333; CWE-1333; CWE-400; CWE-134; CWE-190; CWE-20; CWE-200; CWE-200; CWE-441; CWE-913; CWE-20; CWE-601; CWE-20; CWE-754; CWE-20; NVD-CWE-Other; CWE-212; CWE-22; CWE-22; CWE-548; CWE-252; CWE-327; CWE-330; CWE-400; CWE-400; CWE-405; CWE-770; CWE-789; CWE-405; CWE-407; CWE-59; CWE-601; CWE-639; CWE-674; CWE-74; CWE-79; CWE-918,98.51,0.97,True
https://github.com/rancher/os,Rancher Labs,RancherOS,Application Development Tools,1908,901,333.0,162,6449.0,652.0,457.0,281.0,Go,2015-01-05T03:37:16Z,2026-03-30T07:24:14Z,2024-06-07 16:53:40+00:00,master,Apache-2.0,True,33549.0,,,,,,,,,,,,,,,,,,,,,,,,,,,,0.0,False
https://github.com/redis/redis,Redis Labs Inc.,Redis,Database Management,526598,267422,132399.0,52038,73583.0,24554.0,2777.0,2487.0,C,2009-03-21T22:32:25Z,2026-03-30T17:54:05Z,2026-03-30 11:50:48+00:00,unstable,NOASSERTION,False,209520.0,,,45.0,35.0,python,github-action; python,37.0,1.0,2.86,2.0,2.0,0.0,1.0,1.0,0.0,2.0,0.0,5.1,6.5,0.51,0.74,0.01,0.01,python,python,CWE-193; CWE-459,100.0,0.32,True
https://github.com/requirejs/requirejs,RequireJS,RequireJS,Frameworks & Libraries,1756856,872205,676541.0,266452,12938.0,2351.0,290.0,506.0,JavaScript,2010-02-03T21:08:14Z,2026-03-29T18:43:01Z,2025-11-30 23:49:15+00:00,master,NOASSERTION,False,14800.0,,,,,,,,,,,,,,,,,,,,,,,,,,,,1.63,False
https://github.com/rethinkdb/rethinkdb,RethinkDB,RethinkDB,Database Management,17233,10917,3165.0,1553,26989.0,1856.0,1350.0,757.0,C++,2012-10-30T05:37:47Z,2026-03-30T06:48:34Z,2026-03-28 06:10:59+00:00,main,NOASSERTION,False,283668.0,,,26.0,24.0,,deb; github-action,24.0,1.0,4.17,1.0,0.0,0.0,1.0,0.0,0.0,1.0,0.0,7.3,7.3,0.0,0.0,,,,github-action,,100.0,0.01,True
https://github.com/ripple/rippled,Ripple Labs Inc.,Ripple,Blockchain,41954,13769,4086.0,1913,5118.0,1611.0,555.0,512.0,C++,2011-11-07T04:40:15Z,2026-03-30T17:38:16Z,2026-03-30 17:38:13+00:00,develop,ISC,False,149484.0,,,98.0,68.0,c++,conan; github-action; github-action-workflow,68.0,3.0,4.41,3.0,0.0,0.0,1.0,2.0,0.0,2.0,0.0,6.17,7.5,0.03,0.04,0.0,0.0,c++,conan,CWE-1284; CWE-400; CWE-835; CWE-757,66.67,0.01,True
https://github.com/rkt/rkt,CoreOS,rkt,Application Development Tools,63207,40376,10623.0,3173,8788.0,876.0,499.0,405.0,Go,2014-11-11T23:13:18Z,2026-03-24T21:24:08Z,2020-02-24 14:16:05+00:00,master,Apache-2.0,True,26090.0,,,,,,,,,,,,,,,,,,,,,,,,,,,,0.03,False
https://github.com/roundcube/roundcubemail,Roundcube Webmail Project,Roundcube,Other IT Development/Infrastructure,9742,8907,570.0,315,6878.0,1744.0,439.0,218.0,PHP,2012-05-04T11:19:01Z,2026-03-30T12:50:40Z,2026-03-29 10:02:44+00:00,master,,False,68338.0,,,127.0,119.0,javascript,github-action; npm,119.0,4.0,3.36,6.0,5.0,0.0,3.0,3.0,0.0,6.0,0.0,6.82,8.8,0.06,0.23,0.0,0.0,javascript,npm,CWE-1321; CWE-1333; CWE-22,100.0,0.0,True
https://github.com/rundeck/rundeck,Rundeck,Rundeck,Application Development Tools,115729,74209,27214.0,13629,6082.0,971.0,669.0,197.0,Groovy,2010-09-03T22:11:25Z,2026-03-30T02:45:44Z,2026-03-30 16:47:37+00:00,main,Apache-2.0,False,224703.0,,,368.0,320.0,java; javascript,github-action; java-archive; npm,354.0,11.0,3.44,16.0,13.0,0.0,3.0,11.0,2.0,14.0,2.0,6.1,8.2,0.26,3.66,0.01,0.06,javascript,npm,CWE-1321; CWE-1333; CWE-1333; CWE-400; CWE-754; CWE-770; CWE-79; CWE-918,87.5,0.07,True
https://github.com/rust-lang/rust,Rust,Rust,Programming Languages,19425,12365,4040.0,1586,111585.0,14682.0,12299.0,1474.0,Rust,2010-06-16T20:39:03Z,2026-03-30T17:50:04Z,2026-03-30 16:26:38+00:00,main,Apache-2.0,False,866679.0,,,3500.0,1432.0,javascript; python; rust,github-action; github-action-workflow; npm; python; rust-crate,2056.0,20.0,1.4,35.0,22.0,3.0,14.0,14.0,4.0,34.0,1.0,6.55,9.8,0.1,1.37,0.0,0.02,javascript; python; rust,github-action; npm; python; rust-crate,CWE-121; CWE-1321; CWE-1333; CWE-1333; CWE-400; CWE-1336; CWE-1336; CWE-693; CWE-150; CWE-190; CWE-835; CWE-22; CWE-400; CWE-407; CWE-415; CWE-674; CWE-680; CWE-770,97.14,0.01,True
https://github.com/saltstack/salt,SaltStack,SaltStack,IT Infrastructure & Ops Management,88539,55793,16071.0,7895,15295.0,5575.0,2472.0,516.0,Python,2011-02-20T20:16:56Z,2026-03-30T17:21:16Z,2026-03-30 17:55:43+00:00,master,Apache-2.0,False,562766.0,,,224.0,79.0,,binary; github-action; github-action-workflow; rpm,79.0,2.0,2.53,157.0,0.0,3.0,61.0,78.0,15.0,133.0,0.0,6.14,9.4,1.33,60.24,0.02,0.91,,binary; github-action,CWE-116; CWE-116; CWE-20; CWE-1285; CWE-1286; CWE-20; CWE-1333; CWE-1333; CWE-400; CWE-20; CWE-20; CWE-434; CWE-74; CWE-22; CWE-276; CWE-306; CWE-362; CWE-400; CWE-405; CWE-407; CWE-416; CWE-426; CWE-428; CWE-77; CWE-668; CWE-674; CWE-682; CWE-697; CWE-704; CWE-74; CWE-754; CWE-77; CWE-835; CWE-918; CWE-93; CWE-94,84.71,0.04,True
https://github.com/scala/scala3,EPFL,Scala,Programming Languages,521729,295353,113825.0,51709,6221.0,1153.0,1930.0,194.0,Scala,2012-12-06T12:57:33Z,2026-03-30T14:15:07Z,2026-03-30 12:34:57+00:00,main,Apache-2.0,False,216769.0,,,123.0,78.0,java; ruby,gem; github-action; github-action-workflow; java-archive,80.0,1.0,1.28,2.0,2.0,1.0,1.0,0.0,0.0,2.0,0.0,9.8,9.8,5.51,8.79,0.06,0.09,ruby,gem,CWE-862,100.0,0.27,True
https://github.com/scikit-learn/scikit-learn,scikit-learn,scikit-learn,Data Science & Machine Learning,470785,246909,96045.0,46412,65557.0,26862.0,2131.0,2108.0,Python,2010-08-17T09:43:38Z,2026-03-30T17:40:02Z,2026-03-30 15:45:03+00:00,main,BSD-3-Clause,False,180760.0,,,78.0,46.0,python,github-action; github-action-workflow; python,46.0,0.0,0.0,,,,,,,,,,,,,,,,,,,0.23,True
https://github.com/seam/solder,Red Hat,JBoss Seam Framework,Application Development Tools,9099,4661,1826.0,762,41.0,31.0,1.0,3.0,Java,2010-12-02T18:37:18Z,2023-04-15T03:32:23Z,2020-10-13 09:55:10+00:00,develop,,False,4934.0,,,43.0,40.0,java,java-archive,43.0,2.0,5.0,7.0,7.0,3.0,3.0,1.0,0.0,2.0,5.0,8.23,9.8,13.92,51.96,0.17,0.69,java,java-archive,CWE-200; CWE-732; CWE-502; CWE-89,28.57,0.0,False
https://github.com/sensu/sensu-go,sensuapp,Sensu,IT Infrastructure & Ops Management,2837,1553,380.0,138,1098.0,180.0,286.0,48.0,Go,2017-02-23T23:38:08Z,2026-03-25T18:21:38Z,2026-03-30 06:05:30+00:00,main,MIT,False,177773.0,,,134.0,133.0,go,github-action; go-module,133.0,10.0,7.52,23.0,21.0,2.0,7.0,13.0,1.0,20.0,3.0,6.53,9.8,7.25,58.27,0.13,0.94,go,go-module,CWE-115; CWE-125; CWE-190; CWE-89; CWE-22; CWE-285; CWE-354; CWE-400; CWE-405; CWE-755; CWE-770; CWE-789; CWE-79,86.96,0.0,True
https://github.com/shopsys/shopsys,Shopsys Framework,Shopsys Framework,E-Commerce Platform/Software,40,0,39.0,0,346.0,99.0,92.0,16.0,PHP,2018-02-01T12:21:09Z,2026-03-30T11:27:37Z,2026-03-30 14:06:16+00:00,19.0,NOASSERTION,False,1085949.0,,,1416.0,1221.0,javascript; php; python,github-action; npm; php-composer; python,1354.0,13.0,1.06,30.0,21.0,0.0,15.0,13.0,2.0,30.0,0.0,6.59,8.9,0.03,0.14,0.0,0.0,javascript,github-action; npm,CWE-1284; CWE-248; CWE-1321; CWE-1333; CWE-1333; CWE-400; CWE-400; CWE-407; CWE-409; CWE-444; CWE-674; CWE-770; CWE-918; CWE-93,100.0,0.0,True
https://github.com/shopware/shopware,Shopware Inc,Shopware,E-Commerce Platform/Software,13584,355,9125.0,171,3301.0,1167.0,1417.0,94.0,PHP,2018-05-03T13:00:31Z,2026-03-30T16:23:19Z,2026-03-30 16:38:12+00:00,trunk,MIT,False,404696.0,,,2054.0,1472.0,javascript,github-action; github-action-workflow; npm,1682.0,7.0,0.48,23.0,10.0,0.0,7.0,15.0,1.0,22.0,1.0,6.43,8.6,3.73,84.52,0.04,0.92,javascript,github-action; npm,CWE-1240; CWE-1321; CWE-1333; CWE-400; CWE-506; NVD-CWE-Other; CWE-674; CWE-74; CWE-77,95.65,0.02,True
https://github.com/silverstripe/silverstripe-framework,SilverStripe,SilverStripe,Web Content Management Systems,42305,26361,17081.0,6497,722.0,817.0,682.0,56.0,PHP,2011-02-02T02:04:13Z,2026-03-26T22:16:23Z,2026-03-23 02:48:51+00:00,6,BSD-3-Clause,False,116091.0,,,12.0,12.0,,github-action; github-action-workflow,12.0,0.0,0.0,,,,,,,,,,,,,,,,,,,0.04,True
https://github.com/snowplow/snowplow,Snowplow Analytics,Snowplow,Web Analytics,473561,321299,208706.0,103833,7001.0,1178.0,59.0,257.0,Scala,2012-03-01T13:02:21Z,2026-03-30T12:19:41Z,2026-03-30 12:19:36+00:00,master,Apache-2.0,False,26837.0,,,4.0,3.0,,github-action,3.0,0.0,0.0,,,,,,,,,,,,,,,,,,,0.5,True
https://github.com/spree/spree,Spree Commerce,SpreeCommerc,Commerce Application,4906,2820,2180.0,792,15301.0,5245.0,100.0,81.0,Ruby,2008-03-10T14:45:35Z,2026-03-30T16:26:00Z,2026-03-30 17:39:51+00:00,main,BSD-3-Clause,False,252912.0,,,474.0,400.0,javascript; ruby,gem; github-action; npm,466.0,1.0,0.25,1.0,1.0,0.0,1.0,0.0,0.0,1.0,0.0,8.8,8.8,0.23,0.23,0.0,0.0,javascript,npm,CWE-22,100.0,0.01,True
https://github.com/spring-projects/spring-framework,Pivotal Software,Spring,Frameworks & Libraries,64668,52920,12290.0,8391,59794.0,38897.0,369.0,3281.0,Java,2010-12-08T04:04:45Z,2026-03-30T15:03:17Z,2026-03-30 15:03:32+00:00,main,Apache-2.0,False,241733.0,,,57.0,33.0,java,github-action; github-action-workflow; java-archive,35.0,0.0,0.0,,,,,,,,,,,,,,,,,,,0.03,True
https://github.com/squid-cache/squid,Squid,Proxy Server,Application Server Software,15625,6135,6900.0,705,2907.0,618.0,184.0,72.0,C++,2014-09-27T00:59:40Z,2026-03-30T07:48:15Z,2026-03-27 09:57:18+00:00,master,GPL-2.0,False,181921.0,,,15.0,11.0,,github-action,11.0,0.0,0.0,,,,,,,,,,,,,,,,,,,0.02,True
https://github.com/symfony/symfony,Symfony,Symfony,Frameworks & Libraries,124058,47849,45076.0,11607,30986.0,9813.0,560.0,1044.0,PHP,2010-01-04T14:21:21Z,2026-03-30T15:22:22Z,2026-03-30 16:40:05+00:00,8.1,MIT,False,322264.0,,,404.0,207.0,,binary; github-action; github-action-workflow,208.0,0.0,0.0,,,,,,,,,,,,,,,,,,,0.11,True
https://github.com/telerik/kendo-ui-core,Progress Software,Kendo UI,Frameworks & Libraries,155087,97088,52953.0,25086,2575.0,1893.0,752.0,187.0,JavaScript,2014-01-31T15:21:13Z,2026-03-30T15:16:30Z,2026-03-30 06:11:22+00:00,master,NOASSERTION,False,507447.0,,,5.0,5.0,javascript,github-action; npm,5.0,0.0,0.0,,,,,,,,,,,,,,,,,,,0.13,True
https://github.com/tensorflow/tensorflow,Google,TensorFlow,Data Science & Machine Learning,475441,255549,104572.0,47907,194394.0,75252.0,4069.0,7393.0,C++,2015-11-07T01:19:20Z,2026-03-30T17:49:30Z,2026-03-30 17:50:23+00:00,master,Apache-2.0,False,1297769.0,,,659.0,155.0,java; python,github-action; github-action-workflow; java-archive; python,187.0,7.0,4.52,51.0,8.0,0.0,16.0,25.0,10.0,42.0,9.0,5.97,8.2,0.03,0.14,0.0,0.0,python,python,CWE-1333; CWE-400; CWE-22; CWE-732; CWE-377; CWE-400; CWE-404; CWE-67; CWE-674,82.35,0.25,True
https://github.com/testng-team/testng,TestNG,TestNG,Testing & QA,506057,329919,102580.0,52969,2053.0,1026.0,287.0,179.0,Java,2010-06-28T23:10:17Z,2026-03-27T03:08:52Z,2026-03-27 03:08:47+00:00,master,Apache-2.0,False,33126.0,,,38.0,29.0,java; javascript,github-action; java-archive; npm,30.0,0.0,0.0,,,,,,,,,,,,,,,,,,,0.25,True
https://github.com/textpattern/textpattern,textpattern.com,Textpattern CMS,Web Content Management Systems,7661,7033,756.0,479,861.0,109.0,78.0,40.0,PHP,2009-03-24T23:49:46Z,2026-03-27T23:19:00Z,2026-03-25 11:54:57+00:00,dev,GPL-2.0,False,54276.0,,,2.0,2.0,php,php-composer,2.0,0.0,0.0,,,,,,,,,,,,,,,,,,,0.0,True
https://github.com/thelia/thelia,Thelia,Thelia,E-Commerce Platform/Software,178,1,139.0,1,871.0,313.0,90.0,65.0,PHP,2013-03-18T20:10:36Z,2026-03-17T11:16:05Z,2026-03-30 16:26:49+00:00,main,GPL-3.0,False,112421.0,,,1299.0,1066.0,java; javascript,github-action; java-archive; npm,1299.0,31.0,2.91,72.0,52.0,3.0,32.0,29.0,8.0,72.0,0.0,6.47,9.8,0.21,3.01,0.0,0.04,javascript,npm,CWE-1050; CWE-400; CWE-1288; CWE-20; CWE-1321; CWE-1333; CWE-1333; CWE-400; CWE-184; CWE-697; CWE-190; CWE-20; CWE-20; CWE-347; CWE-241; CWE-248; CWE-295; CWE-346; CWE-347; CWE-352; CWE-400; CWE-407; CWE-436; CWE-476; CWE-674; CWE-74; CWE-749; CWE-754; CWE-776; CWE-79; CWE-835; CWE-918,100.0,0.0,True
https://github.com/torch/torch7,Torch,Torch,Data Science & Machine Learning,14687,6028,5578.0,976,9115.0,2357.0,297.0,611.0,C,2013-10-18T12:13:58Z,2026-03-30T13:06:37Z,2025-03-31 20:16:24+00:00,master,NOASSERTION,False,2634.0,,,2.0,2.0,lua,lua-rocks,2.0,0.0,0.0,,,,,,,,,,,,,,,,,,,0.01,False
https://github.com/tornadoweb/tornado,Apps,Tornado,Server,4127,1834,1781.0,565,22385.0,5546.0,211.0,953.0,Python,2009-09-09T04:55:16Z,2026-03-30T14:07:35Z,2026-03-26 17:59:39+00:00,master,Apache-2.0,False,11063.0,,,66.0,63.0,python,github-action; python,64.0,2.0,3.17,2.0,1.0,0.0,0.0,0.0,2.0,1.0,1.0,1.65,3.3,0.0,0.0,0.0,0.0,python,github-action; python,CWE-1333; CWE-400,50.0,0.0,True
https://github.com/torvalds/linux,LINUX,Linux,Operating System,4907656,2777856,1281548.0,537122,225680.0,61306.0,3.0,8134.0,C,2011-09-04T22:48:12Z,2026-03-30T17:56:29Z,2026-03-29 22:42:54+00:00,master,NOASSERTION,False,6096869.0,,,9.0,9.0,python,binary; python,9.0,0.0,0.0,,,,,,,,,,,,,,,,,,,3.09,True
https://github.com/twbs/bootstrap,Twitter Inc.,Bootstrap,Frameworks & Libraries,3479964,1673778,1656937.0,602335,174118.0,79026.0,473.0,6648.0,MDX,2011-07-29T21:19:00Z,2026-03-30T17:31:49Z,2026-03-29 21:05:57+00:00,main,MIT,False,281149.0,,,50.0,32.0,javascript,github-action; npm,32.0,0.0,0.0,,,,,,,,,,,,,,,,,,,4.0,True
https://github.com/twitter/hogan.js,Twitter Inc.,Hoganjs,Frameworks & Libraries,43150,25302,18273.0,8682,5137.0,428.0,38.0,236.0,JavaScript,2011-12-21T19:58:09Z,2026-03-17T08:05:21Z,2023-04-10 11:35:08+00:00,master,Apache-2.0,False,449.0,,,,,,,,,,,,,,,,,,,,,,,,,,,,0.04,False
https://github.com/ubercart/ubercart,Ubercart,Commerce Software,Commerce Application,7569,5154,4033.0,2206,,,,,,,,,,,,,,,,,,,,,,,,,,,,,,,,,,,,,,,,0.01,False
https://github.com/umbraco/Umbraco-CMS,Umbraco,Umbraco,Web Content Management Systems,46633,14494,21966.0,4723,5152.0,2869.0,563.0,221.0,C#,2013-06-10T13:50:46Z,2026-03-30T15:09:47Z,2026-03-30 17:14:25+00:00,main,MIT,False,449235.0,,,380.0,312.0,javascript,github-action; npm,315.0,3.0,0.96,13.0,8.0,1.0,4.0,7.0,1.0,13.0,0.0,6.72,9.8,0.03,0.23,0.0,0.0,javascript,npm,CWE-116; CWE-79; CWE-94; CWE-1321; CWE-1321; CWE-79; CWE-754; CWE-79; CWE-843; CWE-94,100.0,0.05,True
https://github.com/unclebob/fitnesse,fitnesse.org,FitNesse,Testing & QA,60973,39611,8848.0,4825,2102.0,710.0,109.0,144.0,Java,2008-12-06T19:38:59Z,2026-03-26T04:48:44Z,2026-03-30 15:49:05+00:00,master,NOASSERTION,False,74459.0,,,13.0,13.0,java,github-action; java-archive,13.0,0.0,0.0,,,,,,,,,,,,,,,,,,,0.02,True
https://github.com/vaadin/framework,Vaadin,Vaadin,Frameworks & Libraries,81184,56461,12500.0,5340,1807.0,721.0,404.0,136.0,Java,2012-10-19T10:41:30Z,2026-03-29T12:49:24Z,2026-03-27 11:46:53+00:00,master,NOASSERTION,False,487570.0,,,429.0,398.0,dotnet; java,dotnet; java-archive,405.0,17.0,4.27,44.0,37.0,9.0,10.0,23.0,2.0,41.0,3.0,6.96,10.0,17.71,100.0,0.2,0.94,java,java-archive,CWE-1284; CWE-15; CWE-178; CWE-59; CWE-20; CWE-20; CWE-22; CWE-20; CWE-400; CWE-20; CWE-400; CWE-502; CWE-917; CWE-20; CWE-674; CWE-20; CWE-74; CWE-20; CWE-917; CWE-22; CWE-264; CWE-295; CWE-295; CWE-297; CWE-400; CWE-502; CWE-611; CWE-611; CWE-827; CWE-611; CWE-91; CWE-674; CWE-79; CWE-79; CWE-87; CWE-916; CWE-917; CWE-918; CWE-94,93.18,0.03,True
https://github.com/varnishcache/varnish-cache,Varnish,Varnish,Application Server Software,701345,394092,297274.0,125224,4059.0,399.0,150.0,106.0,C,2015-10-05T12:04:36Z,2026-03-29T09:44:29Z,2026-02-16 01:29:54+00:00,master,NOASSERTION,True,37566.0,,,7.0,7.0,,github-action,7.0,0.0,0.0,,,,,,,,,,,,,,,,,,,0.72,False
https://github.com/vdukhovni/postfix,POSTFIX,Mail Server,Email Software,177822,103608,47310.0,20896,530.0,147.0,2.0,51.0,C,2013-02-16T20:48:16Z,2026-03-30T15:09:23Z,2026-03-20 13:04:00+00:00,master,NOASSERTION,False,40054.0,,,,,,,,,,,,,,,,,,,,,,,,,,,,0.11,True
https://github.com/vrana/adminer,jakubvrana,Adminer,Database Management,2025,1006,401.0,129,7329.0,1169.0,32.0,222.0,PHP,2010-04-25T08:30:07Z,2026-03-29T15:26:46Z,2026-03-18 14:15:06+00:00,master,NOASSERTION,False,10804.0,,,5.0,5.0,,github-action,5.0,0.0,0.0,,,,,,,,,,,,,,,,,,,0.0,True
https://github.com/watir/watir,Watir,Watir,Frameworks & Libraries,29466,22219,6659.0,4220,1545.0,247.0,12.0,67.0,Ruby,2009-11-09T11:40:46Z,2026-03-17T07:08:18Z,2024-05-31 14:27:21+00:00,main,MIT,False,8878.0,,,20.0,10.0,ruby,gem; github-action,10.0,0.0,0.0,,,,,,,,,,,,,,,,,,,0.02,False
https://github.com/webEdition/webEdition-CE,webedition.org,webEdition,Web Content Management Systems,238,3,199.0,3,,,,,,,,,,,,,,,,,,,,,,,,,,,,,,,,,,,,,,,,0.0,False
https://github.com/wildfly/wildfly,Red Hat,JBoss Enterprise Application Server (EAS),Application Development Tools,604645,379564,118161.0,56867,3158.0,2253.0,105.0,180.0,Java,2010-07-08T20:46:07Z,2026-03-30T07:14:06Z,2026-03-30 09:43:11+00:00,main,Apache-2.0,False,302121.0,,,1474.0,1275.0,java,github-action; java-archive,1421.0,5.0,0.39,40.0,40.0,0.0,7.0,22.0,11.0,24.0,16.0,5.19,8.8,0.05,0.51,0.0,0.01,java,java-archive,CWE-112; CWE-125; CWE-1286; NVD-CWE-Other; CWE-1287; CWE-1333; CWE-20; CWE-203; CWE-209; CWE-266; CWE-280; CWE-284; CWE-285; CWE-287; CWE-295; CWE-297; CWE-306; CWE-346; CWE-347; CWE-358; CWE-359; CWE-367; CWE-384; CWE-400; CWE-409; CWE-613; CWE-74; CWE-79; CWE-770; CWE-840; CWE-863; CWE-918; CWE-93,60.0,0.29,True
https://github.com/woocommerce/woocommerce,WooCommerce,WooCommerce,E-Commerce Platform/Software,532873,195381,386951.0,110397,10227.0,10718.0,2932.0,533.0,PHP,2011-08-09T15:12:11Z,2026-03-30T17:39:20Z,2026-03-30 17:39:15+00:00,trunk,,False,885488.0,,,5916.0,3287.0,javascript; php,github-action; github-action-workflow; npm; php-composer,5238.0,90.0,2.74,298.0,149.0,15.0,131.0,108.0,44.0,292.0,6.0,6.51,9.8,0.58,65.99,0.01,0.85,javascript,github-action; npm,CWE-1050; CWE-400; CWE-116; CWE-79; CWE-94; CWE-120; CWE-1240; CWE-1284; CWE-1284; CWE-248; CWE-1286; CWE-601; CWE-130; CWE-1321; CWE-1321; CWE-79; CWE-1333; CWE-1333; CWE-400; CWE-176; CWE-352; CWE-367; CWE-178; CWE-78; CWE-185; CWE-190; CWE-20; CWE-200; CWE-200; CWE-538; CWE-541; CWE-200; CWE-601; CWE-20; CWE-248; CWE-20; CWE-347; CWE-20; CWE-601; CWE-20; CWE-915; NVD-CWE-Other; CWE-22; CWE-22; CWE-59; CWE-22; CWE-61; CWE-241; CWE-284; CWE-285; CWE-863; CWE-295; CWE-330; CWE-338; CWE-346; CWE-347; CWE-352; CWE-367; CWE-400; CWE-400; CWE-770; CWE-401; CWE-405; CWE-407; CWE-409; CWE-436; CWE-444; CWE-476; CWE-59; CWE-601; CWE-670; CWE-674; CWE-693; CWE-705; CWE-74; CWE-749; CWE-754; CWE-770; CWE-776; CWE-78; CWE-79; CWE-79; CWE-94; CWE-835; CWE-843; CWE-94; CWE-918; CWE-918; CWE-941; CWE-93; CWE-94; CWE-95,97.99,0.93,True
https://github.com/xen-project/xen,Xen Project,Xen,Server Virtualization,1480,1084,253.0,122,794.0,381.0,3.0,50.0,C,2016-02-03T15:00:09Z,2026-03-30T16:36:42Z,2026-03-30 16:36:35+00:00,master,NOASSERTION,False,149310.0,,,3.0,3.0,,github-action,3.0,0.0,0.0,,,,,,,,,,,,,,,,,,,0.0,True
https://github.com/xwiki/xwiki-platform,XWiki,XWiki,Other Web Tools & Plugins,162,7,82.0,7,1227.0,623.0,193.0,59.0,Java,2011-03-10T13:26:41Z,2026-03-30T15:31:34Z,2026-03-30 16:24:32+00:00,master,LGPL-2.1,False,611975.0,,,3149.0,2959.0,java; javascript,github-action; java-archive; npm,3086.0,15.0,0.51,54.0,44.0,2.0,29.0,22.0,1.0,53.0,1.0,6.91,9.6,0.98,32.54,0.02,0.67,java; javascript,java-archive; npm,CWE-1284; CWE-248; CWE-1321; CWE-1321; CWE-471; CWE-1321; CWE-770; CWE-1333; CWE-1333; CWE-400; CWE-20; CWE-201; CWE-359; CWE-22; CWE-23; CWE-250; NVD-CWE-Other; CWE-285; CWE-287; CWE-295; CWE-400; CWE-400; CWE-770; CWE-400; CWE-787; CWE-407; CWE-409; CWE-444; CWE-552; CWE-862; CWE-601; CWE-674; CWE-74; CWE-94; CWE-754; CWE-770; CWE-79; CWE-862; CWE-93; CWE-94; NVD-CWE-Other,98.15,0.0,True
https://github.com/yiiframework/yii2,Yii Framework,Yii,Frameworks & Libraries,101583,44574,47061.0,15227,,,,,,,,,,,,,,,,,,,,,,,,,,,,,,,,,,,,,,,,0.11,False
https://github.com/yui/yui3,Yahoo!,Yahoo User Interface,Frameworks & Libraries,872335,461083,386928.0,169301,4174.0,1278.0,362.0,243.0,JavaScript,2008-12-05T19:12:24Z,2026-03-27T02:12:29Z,2025-02-20 00:57:45+00:00,master,NOASSERTION,False,205628.0,,,,,,,,,,,,,,,,,,,,,,,,,,,,0.93,False
https://github.com/zabbix/zabbix,Zabbix,Zabbix,IT Infrastructure & Ops Management,315118,158946,57433.0,20783,5762.0,1193.0,94.0,143.0,Go Template,2014-02-27T15:36:03Z,2026-03-30T17:36:51Z,2026-03-30 16:00:51+00:00,master,AGPL-3.0,False,1923190.0,,,384.0,346.0,go; java; javascript; php,github-action; go-module; java-archive; npm; php-composer,382.0,15.0,4.34,34.0,27.0,0.0,18.0,10.0,6.0,33.0,1.0,6.65,9.8,2.0,65.99,0.03,0.85,java; javascript; php,java-archive; npm; php-composer,CWE-1050; CWE-400; CWE-1321; CWE-1333; CWE-1333; CWE-400; CWE-176; CWE-352; CWE-367; CWE-20; CWE-200; CWE-732; CWE-22; CWE-22; CWE-59; CWE-326; CWE-354; CWE-400; CWE-400; CWE-770; CWE-407; CWE-693; CWE-705; CWE-776; CWE-918; CWE-918; CWE-941,97.06,0.14,True
https://github.com/zencart/zencart,Zen Cart,Commerce Software,E-Commerce Platform/Software,3630,1366,2983.0,989,417.0,245.0,61.0,50.0,PHP,2012-07-04T10:02:56Z,2026-03-29T12:26:16Z,2026-03-29 12:26:12+00:00,master,NOASSERTION,False,105547.0,,,12.0,6.0,,github-action,6.0,0.0,0.0,,,,,,,,,,,,,,,,,,,0.01,True
https://github.com/zkoss/zk,Potix Corporation,ZK,Frameworks & Libraries,10215,4784,1472.0,703,466.0,216.0,34.0,46.0,Java,2011-05-20T10:25:18Z,2026-03-30T09:02:12Z,2026-03-30 09:02:06+00:00,master,,False,1066006.0,,,565.0,522.0,java; javascript,github-action; java-archive; npm,558.0,17.0,3.26,46.0,41.0,3.0,19.0,21.0,3.0,41.0,5.0,6.67,9.8,7.72,98.7,0.1,0.94,java; javascript,java-archive; npm,CWE-117; NVD-CWE-Other; CWE-121; CWE-121; CWE-787; CWE-1321; CWE-1333; CWE-1333; CWE-400; CWE-178; CWE-20; CWE-209; CWE-20; CWE-502; CWE-284; NVD-CWE-Other; CWE-400; CWE-407; CWE-502; CWE-601; CWE-601; CWE-918; CWE-674; CWE-770; CWE-776; CWE-79; CWE-917; CWE-918; CWE-94,89.13,0.0,True
https://github.com/zopefoundation/Zope,Zope,Web Server,Server,41852,29594,16459.0,10062,382.0,106.0,29.0,86.0,Python,2013-02-26T16:13:23Z,2026-03-29T18:45:07Z,2026-03-23 04:48:38+00:00,master,NOASSERTION,False,163880.0,,,87.0,86.0,python,github-action; python,86.0,0.0,0.0,,,,,,,,,,,,,,,,,,,0.04,True
