project,name,version,type,purl,cpe,language,pkg_type,path
Magento-Magento_Commerce,magento/module-ui,0.74.0-beta2,library,pkg:composer/magento/module-ui@0.74.0-beta2,cpe:2.3:a:magento\/module-ui:magento\/module-ui:0.74.0-beta2:*:*:*:*:*:*:*,php,php-composer,/dev/tests/integration/testsuite/Magento/Setup/Model/_files/testSkeleton/composer.lock
Shopsys_Framework-Shopsys_Framework,@types/react,19.2.14,library,pkg:npm/%40types/react@19.2.14,cpe:2.3:a:\@types\/react:\@types\/react:19.2.14:*:*:*:*:*:*:*,javascript,npm,/project-base/storefront/pnpm-lock.yaml
Liferay-Liferay,@img/sharp-darwin-x64,0.34.3,library,pkg:npm/%40img/sharp-darwin-x64@0.34.3,cpe:2.3:a:\@img\/sharp-darwin-x64:\@img\/sharp-darwin-x64:0.34.3:*:*:*:*:*:*:*,javascript,npm,/modules/integrations/vercel/content-page/package-lock.json
Angular-AngularJS,content-disposition,0.5.4,library,pkg:npm/content-disposition@0.5.4,cpe:2.3:a:content-disposition:content-disposition:0.5.4:*:*:*:*:*:*:*,javascript,npm,/integration/trusted-types/pnpm-lock.yaml
Spree_Commerce-SpreeCommerc,picocolors,1.1.1,library,pkg:npm/picocolors@1.1.1,cpe:2.3:a:picocolors:picocolors:1.1.1:*:*:*:*:*:*:*,javascript,npm,/pnpm-lock.yaml
Meteor_Development_Group_Inc_-Meteor,fd-slicer,1.1.0,library,pkg:npm/fd-slicer@1.1.0,cpe:2.3:a:fd-slicer:fd-slicer:1.1.0:*:*:*:*:*:*:*,javascript,npm,/tools/tests/apps/modern/package-lock.json
Thelia-Thelia,mathml-tag-names,2.1.3,library,pkg:npm/mathml-tag-names@2.1.3,cpe:2.3:a:mathml-tag-names:mathml-tag-names:2.1.3:*:*:*:*:*:*:*,javascript,npm,/templates/frontOffice/modern/yarn.lock
Liferay-Liferay,is-fullwidth-code-point,3.0.0,library,pkg:npm/is-fullwidth-code-point@3.0.0,cpe:2.3:a:is-fullwidth-code-point:is-fullwidth-code-point:3.0.0:*:*:*:*:*:*:*,javascript,npm,/workspaces/liferay-aicontentwizard-workspace/yarn.lock
Ionic-Ionic_Framework,qs,6.13.0,library,pkg:npm/qs@6.13.0,cpe:2.3:a:qs_project:qs:6.13.0:*:*:*:*:node.js:*:*,javascript,npm,/packages/angular/test/apps/ng20/package-lock.json
FACEBOOK-HHVM,websocket-driver,0.7.4,library,pkg:npm/websocket-driver@0.7.4,cpe:2.3:a:websocket-driver:websocket-driver:0.7.4:*:*:*:*:*:*:*,javascript,npm,/hphp/hack/website/yarn.lock
FACEBOOK-React_Native,ruby-macho,2.5.1,library,pkg:gem/ruby-macho@2.5.1,cpe:2.3:a:ruby-macho:ruby-macho:2.5.1:*:*:*:*:*:*:*,ruby,gem,/Gemfile.lock
Oracle-MySQL,protobuf-java-util,3.24.4,library,pkg:maven/com.google.protobuf/protobuf-java-util@3.24.4,cpe:2.3:a:com.google.protobuf:protobuf-java-util:3.24.4:*:*:*:*:*:*:*,java,java-archive,/extra/protobuf/protobuf-24.4/java/util/pom.xml
druidio-Druid,websocket-driver,0.7.4,library,pkg:npm/websocket-driver@0.7.4,cpe:2.3:a:websocket-driver:websocket-driver:0.7.4:*:*:*:*:*:*:*,javascript,npm,/website/package-lock.json
Sentry-Ravenjs,@babel/plugin-syntax-object-rest-spread,7.8.3,library,pkg:npm/%40babel/plugin-syntax-object-rest-spread@7.8.3,cpe:2.3:a:\@babel\/plugin-syntax-object-rest-spread:\@babel\/plugin-syntax-object-rest-spread:7.8.3:*:*:*:*:*:*:*,javascript,npm,/yarn.lock
Google-Angular_Material,math-intrinsics,1.1.0,library,pkg:npm/math-intrinsics@1.1.0,cpe:2.3:a:math-intrinsics:math-intrinsics:1.1.0:*:*:*:*:*:*:*,javascript,npm,/integration/ng-add-standalone/pnpm-lock.yaml
Google-Angular_Material,regenerate-unicode-properties,10.2.0,library,pkg:npm/regenerate-unicode-properties@10.2.0,cpe:2.3:a:regenerate-unicode-properties:regenerate-unicode-properties:10.2.0:*:*:*:*:*:*:*,javascript,npm,/integration/yarn-pnp-compat/yarn.lock
The_Apache_Software_Foundation-Apache_Hadoop,jersey-common,2.46,library,pkg:maven/org.glassfish.jersey.core/jersey-common@2.46,cpe:2.3:a:org.glassfish.jersey.core:jersey-common:2.46:*:*:*:*:*:*:*,java,java-archive,/hadoop-client-modules/hadoop-client-minicluster/pom.xml
Live_Helper-Live_Helper_Chat,ansi-styles,3.2.1,library,pkg:npm/ansi-styles@3.2.1,cpe:2.3:a:ansi-styles:ansi-styles:3.2.1:*:*:*:*:*:*:*,javascript,npm,/lhc_web/package-lock.json
ec-cube_net-EC-CUBE,symfony/stopwatch,v6.4.13,library,pkg:composer/symfony/stopwatch@v6.4.13,cpe:2.3:a:symfony\/stopwatch:symfony\/stopwatch:v6.4.13:*:*:*:*:*:*:*,php,php-composer,/composer.lock
Angular-AngularJS,p-retry,4.6.2,library,pkg:npm/p-retry@4.6.2,cpe:2.3:a:p-retry:p-retry:4.6.2:*:*:*:*:*:*:*,javascript,npm,/pnpm-lock.yaml
Apollo_GraphQL-Apollo_Client,error-stack-parser,2.1.4,library,pkg:npm/error-stack-parser@2.1.4,cpe:2.3:a:error-stack-parser:error-stack-parser:2.1.4:*:*:*:*:*:*:*,javascript,npm,/integration-tests/pnpm-lock.yaml
Angular-AngularJS,@webassemblyjs/helper-buffer,1.14.1,library,pkg:npm/%40webassemblyjs/helper-buffer@1.14.1,cpe:2.3:a:\@webassemblyjs\/helper-buffer:\@webassemblyjs\/helper-buffer:1.14.1:*:*:*:*:*:*:*,javascript,npm,/integration/animations/pnpm-lock.yaml
Apollo_GraphQL-Apollo_Client,pretty-format,27.5.1,library,pkg:npm/pretty-format@27.5.1,cpe:2.3:a:pretty-format:pretty-format:27.5.1:*:*:*:*:*:*:*,javascript,npm,/integration-tests/pnpm-lock.yaml
Liferay-Liferay,jsesc,3.1.0,library,pkg:npm/jsesc@3.1.0,cpe:2.3:a:jsesc:jsesc:3.1.0:*:*:*:*:*:*:*,javascript,npm,/workspaces/liferay-recaptcha-workspace/yarn.lock
Angular-AngularJS,strip-ansi,6.0.1,library,pkg:npm/strip-ansi@6.0.1,cpe:2.3:a:strip-ansi:strip-ansi:6.0.1:*:*:*:*:*:*:*,javascript,npm,/integration/animations/pnpm-lock.yaml
Angular-AngularJS,obuf,1.1.2,library,pkg:npm/obuf@1.1.2,cpe:2.3:a:obuf:obuf:1.1.2:*:*:*:*:*:*:*,javascript,npm,/integration/trusted-types/pnpm-lock.yaml
Vaadin-Vaadin,vaadin-test-addon-using-no-defined-widget-set,8.14-SNAPSHOT,library,pkg:maven/com.vaadin/vaadin-test-addon-using-no-defined-widget-set@8.14-SNAPSHOT,cpe:2.3:a:vaadin-test-addon-using-no-defined-widget-set:vaadin-test-addon-using-no-defined-widget-set:8.14-SNAPSHOT:*:*:*:*:*:*:*,java,java-archive,/test/addon-using-no-defined-widget-set/pom.xml
University_of_Waikato-Weka,/Users/dmk6603/Documents/cloned_repos_oss_swdb/University_of_Waikato-Weka/packages/internal/netlibNativeLinux/lib/netlib-native_system-linux-x86_64-1.1-natives.jar,,file,,,,,
dotCMS-dotCMS,@babel/plugin-transform-react-pure-annotations,7.27.1,library,pkg:npm/%40babel/plugin-transform-react-pure-annotations@7.27.1,cpe:2.3:a:\@babel\/plugin-transform-react-pure-annotations:\@babel\/plugin-transform-react-pure-annotations:7.27.1:*:*:*:*:*:*:*,javascript,npm,/core-web/yarn.lock
Thelia-Thelia,which,2.0.2,library,pkg:npm/which@2.0.2,cpe:2.3:a:which:which:2.0.2:*:*:*:*:*:*:*,javascript,npm,/templates/frontOffice/modern/yarn.lock
FACEBOOK-Presto,@babel/plugin-transform-react-jsx-development,7.27.1,library,pkg:npm/%40babel/plugin-transform-react-jsx-development@7.27.1,cpe:2.3:a:\@babel\/plugin-transform-react-jsx-development:\@babel\/plugin-transform-react-jsx-development:7.27.1:*:*:*:*:*:*:*,javascript,npm,/presto-ui/src/yarn.lock
The_Apache_Software_Foundation-Apache_Ambari,optimist,0.3.7,library,pkg:npm/optimist@0.3.7,cpe:2.3:a:optimist:optimist:0.3.7:*:*:*:*:*:*:*,javascript,npm,/contrib/views/pig/src/main/resources/ui/pig-web/yarn.lock
Angular-AngularJS,express,4.22.1,library,pkg:npm/express@4.22.1,cpe:2.3:a:openjsf:express:4.22.1:*:*:*:*:node.js:*:*,javascript,npm,/integration/platform-server/pnpm-lock.yaml
Google-Angular_Material,ordered-binary,1.5.3,library,pkg:npm/ordered-binary@1.5.3,cpe:2.3:a:ordered-binary:ordered-binary:1.5.3:*:*:*:*:*:*:*,javascript,npm,/integration/ng-add/pnpm-lock.yaml
Liferay-Liferay,is-bigint,1.1.0,library,pkg:npm/is-bigint@1.1.0,cpe:2.3:a:is-bigint:is-bigint:1.1.0:*:*:*:*:*:*:*,javascript,npm,/workspaces/liferay-evp-workspace/yarn.lock
Angular-AngularJS,@angular-devkit/architect,0.2200.0-next.3,library,pkg:npm/%40angular-devkit/architect@0.2200.0-next.3,cpe:2.3:a:\@angular-devkit\/architect:\@angular-devkit\/architect:0.2200.0-next.3:*:*:*:*:*:*:*,javascript,npm,/integration/legacy-animations-async/pnpm-lock.yaml
XWiki-XWiki,xwiki-platform-legacy-url,18.3.0-SNAPSHOT,library,pkg:maven/org.xwiki.platform/xwiki-platform-legacy-url@18.3.0-SNAPSHOT,cpe:2.3:a:xwiki-platform-legacy-url:xwiki-platform-legacy-url:18.3.0-SNAPSHOT:*:*:*:*:*:*:*,java,java-archive,/xwiki-platform-core/xwiki-platform-legacy/xwiki-platform-legacy-url/pom.xml
Angular-AngularJS,liftoff,5.0.1,library,pkg:npm/liftoff@5.0.1,cpe:2.3:a:liftoff:liftoff:5.0.1:*:*:*:*:*:*:*,javascript,npm,/pnpm-lock.yaml
Apollo_GraphQL-Apollo_Client,resolve.exports,1.1.1,library,pkg:npm/resolve.exports@1.1.1,cpe:2.3:a:resolve.exports:resolve.exports:1.1.1:*:*:*:*:*:*:*,javascript,npm,/integration-tests/pnpm-lock.yaml
Liferay-Liferay,arraybuffer.prototype.slice,1.0.3,library,pkg:npm/arraybuffer.prototype.slice@1.0.3,cpe:2.3:a:arraybuffer.prototype.slice:arraybuffer.prototype.slice:1.0.3:*:*:*:*:*:*:*,javascript,npm,/workspaces/liferay-paypal-workspace/yarn.lock
Liferay-Liferay,@babel/plugin-transform-destructuring,7.23.0,library,pkg:npm/%40babel/plugin-transform-destructuring@7.23.0,cpe:2.3:a:\@babel\/plugin-transform-destructuring:\@babel\/plugin-transform-destructuring:7.23.0:*:*:*:*:*:*:*,javascript,npm,/workspaces/liferay-learn-workspace/client-extensions/liferay-learn-global-js/yarn.lock
WooCommerce-WooCommerce,kind-of,6.0.3,library,pkg:npm/kind-of@6.0.3,cpe:2.3:a:kind-of:kind-of:6.0.3:*:*:*:*:*:*:*,javascript,npm,/docs/_docu-tools/pnpm-lock.yaml
FACEBOOK-React,babel-plugin-syntax-async-functions,6.13.0,library,pkg:npm/babel-plugin-syntax-async-functions@6.13.0,cpe:2.3:a:babel-plugin-syntax-async-functions:babel-plugin-syntax-async-functions:6.13.0:*:*:*:*:*:*:*,javascript,npm,/fixtures/concurrent/time-slicing/yarn.lock
Liferay-Liferay,static-extend,0.1.2,library,pkg:npm/static-extend@0.1.2,cpe:2.3:a:static-extend:static-extend:0.1.2:*:*:*:*:*:*:*,javascript,npm,/modules/yarn.lock
The_Apache_Software_Foundation-Apache_NiFi,protobuf-java,4.34.1,library,pkg:maven/com.google.protobuf/protobuf-java@4.34.1,cpe:2.3:a:com.google.protobuf:protobuf-java:4.34.1:*:*:*:*:*:*:*,java,java-archive,/nifi-commons/nifi-calcite-utils/pom.xml
Bolt-Bolt,@webassemblyjs/helper-wasm-section,1.14.1,library,pkg:npm/%40webassemblyjs/helper-wasm-section@1.14.1,cpe:2.3:a:\@webassemblyjs\/helper-wasm-section:\@webassemblyjs\/helper-wasm-section:1.14.1:*:*:*:*:*:*:*,javascript,npm,/package-lock.json
FACEBOOK-React,fresh,0.3.0,library,pkg:npm/fresh@0.3.0,cpe:2.3:a:fresh_project:fresh:0.3.0:*:*:*:*:node.js:*:*,javascript,npm,/fixtures/fiber-debugger/yarn.lock
Grafana_Labs-Grafana,github.com/woodsbury/decimal128,v1.4.0,library,pkg:golang/github.com/woodsbury/decimal128@v1.4.0,cpe:2.3:a:woodsbury:decimal128:v1.4.0:*:*:*:*:*:*:*,go,go-module,/apps/alerting/historian/go.mod
Sentry-Ravenjs,@apollo/utils.fetcher,3.1.0,library,pkg:npm/%40apollo/utils.fetcher@3.1.0,cpe:2.3:a:\@apollo\/utils.fetcher:\@apollo\/utils.fetcher:3.1.0:*:*:*:*:*:*:*,javascript,npm,/yarn.lock
Less-Less,zen-observable,0.8.15,library,pkg:npm/zen-observable@0.8.15,cpe:2.3:a:zen-observable:zen-observable:0.8.15:*:*:*:*:*:*:*,javascript,npm,/pnpm-lock.yaml
Meteor_Development_Group_Inc_-Meteor,loose-envify,1.4.0,library,pkg:npm/loose-envify@1.4.0,cpe:2.3:a:loose-envify:loose-envify:1.4.0:*:*:*:*:*:*:*,javascript,npm,/tools/tests/apps/modules/package-lock.json
The_Apache_Software_Foundation-Apache_Ambari,require-main-filename,1.0.1,library,pkg:npm/require-main-filename@1.0.1,cpe:2.3:a:require-main-filename:require-main-filename:1.0.1:*:*:*:*:*:*:*,javascript,npm,/contrib/views/files/src/main/resources/ui/yarn.lock
FACEBOOK-React,source-map-js,0.6.2,library,pkg:npm/source-map-js@0.6.2,cpe:2.3:a:source-map-js:source-map-js:0.6.2:*:*:*:*:*:*:*,javascript,npm,/yarn.lock
Angular-AngularJS,pvtsutils,1.3.6,library,pkg:npm/pvtsutils@1.3.6,cpe:2.3:a:pvtsutils:pvtsutils:1.3.6:*:*:*:*:*:*:*,javascript,npm,/integration/cli-hello-world-ivy-i18n/pnpm-lock.yaml
capistranorb-Capistrano,jekyll-theme-slate,0.1.1,library,pkg:gem/jekyll-theme-slate@0.1.1,cpe:2.3:a:jekyll-theme-slate:jekyll-theme-slate:0.1.1:*:*:*:*:*:*:*,ruby,gem,/docs/Gemfile.lock
Live_Helper-Live_Helper_Chat,now-and-later,3.0.0,library,pkg:npm/now-and-later@3.0.0,cpe:2.3:a:now-and-later:now-and-later:3.0.0:*:*:*:*:*:*:*,javascript,npm,/lhc_web/package-lock.json
Quill-Quill,micromark-extension-mdx-md,2.0.0,library,pkg:npm/micromark-extension-mdx-md@2.0.0,cpe:2.3:a:micromark-extension-mdx-md:micromark-extension-mdx-md:2.0.0:*:*:*:*:*:*:*,javascript,npm,/package-lock.json
ECLIPSE-Jetty,jersey-container-servlet,3.0.17,library,pkg:maven/org.glassfish.jersey.containers/jersey-container-servlet@3.0.17,cpe:2.3:a:org.glassfish.jersey.containers:jersey-container-servlet:3.0.17:*:*:*:*:*:*:*,java,java-archive,/jetty-ee9/jetty-ee9-tests/jetty-ee9-test-jersey/pom.xml
Bolt-Bolt,electron-to-chromium,1.5.286,library,pkg:npm/electron-to-chromium@1.5.286,cpe:2.3:a:electron-to-chromium:electron-to-chromium:1.5.286:*:*:*:*:*:*:*,javascript,npm,/package-lock.json
The_Apache_Software_Foundation-Prometheus,go.lsp.dev/pkg,v0.0.0-20210717090340-384b27a52fb2,library,pkg:golang/go.lsp.dev/pkg@v0.0.0-20210717090340-384b27a52fb2,,go,go-module,/internal/tools/go.mod
WooCommerce-WooCommerce,b4a,1.6.4,library,pkg:npm/b4a@1.6.4,cpe:2.3:a:b4a:b4a:1.6.4:*:*:*:*:*:*:*,javascript,npm,/pnpm-lock.yaml
Red_Hat-JBoss_Enterprise_Application_Server__EAS_,/Users/dmk6603/Documents/cloned_repos_oss_swdb/Red_Hat-JBoss_Enterprise_Application_Server__EAS_/boms/preview-expansion/pom.xml,,file,,,,,
Ionic-Ionic_Framework,pretty-format,28.1.1,library,pkg:npm/pretty-format@28.1.1,cpe:2.3:a:pretty-format:pretty-format:28.1.1:*:*:*:*:*:*:*,javascript,npm,/packages/react/test/apps/react17/package-lock.json
FACEBOOK-React,pumpify,1.5.1,library,pkg:npm/pumpify@1.5.1,cpe:2.3:a:pumpify:pumpify:1.5.1:*:*:*:*:*:*:*,javascript,npm,/fixtures/ssr2/yarn.lock
CKSource_sp__z_o_o__sp_k_-CKEditor,array-back,4.0.2,library,pkg:npm/array-back@4.0.2,cpe:2.3:a:array-back:array-back:4.0.2:*:*:*:*:*:*:*,javascript,npm,/pnpm-lock.yaml
GHOST-Ghost,@types/lodash-es,4.17.12,library,pkg:npm/%40types/lodash-es@4.17.12,cpe:2.3:a:\@types\/lodash-es:\@types\/lodash-es:4.17.12:*:*:*:*:*:*:*,javascript,npm,/yarn.lock
dotCMS-dotCMS,ee-first,1.1.1,library,pkg:npm/ee-first@1.1.1,cpe:2.3:a:ee-first:ee-first:1.1.1:*:*:*:*:*:*:*,javascript,npm,/examples/angular-ssr/package-lock.json
The_Apache_Software_Foundation-Apache_Mahout,ty,0.0.16,library,pkg:pypi/ty@0.0.16,cpe:2.3:a:python-ty:python-ty:0.0.16:*:*:*:*:*:*:*,python,python,/uv.lock
Countly-Countly,mkdirp,1.0.4,library,pkg:npm/mkdirp@1.0.4,cpe:2.3:a:mkdirp:mkdirp:1.0.4:*:*:*:*:*:*:*,javascript,npm,/plugins/hooks/package-lock.json
Zabbix-Zabbix,once,1.4.0,library,pkg:npm/once@1.4.0,cpe:2.3:a:once:once:1.4.0:*:*:*:*:*:*:*,javascript,npm,/sass/icons/package-lock.json
WooCommerce-WooCommerce,request-promise-core,1.1.4,library,pkg:npm/request-promise-core@1.1.4,cpe:2.3:a:request-promise-core:request-promise-core:1.1.4:*:*:*:*:*:*:*,javascript,npm,/pnpm-lock.yaml
Angular-AngularJS,ansi-colors,4.1.3,library,pkg:npm/ansi-colors@4.1.3,cpe:2.3:a:ansi-colors:ansi-colors:4.1.3:*:*:*:*:*:*:*,javascript,npm,/integration/trusted-types/pnpm-lock.yaml
Angular-AngularJS,@inquirer/select,5.1.2,library,pkg:npm/%40inquirer/select@5.1.2,cpe:2.3:a:\@inquirer\/select:\@inquirer\/select:5.1.2:*:*:*:*:*:*:*,javascript,npm,/integration/ng-add-localize/pnpm-lock.yaml
Angular-AngularJS,ansi-html-community,0.0.8,library,pkg:npm/ansi-html-community@0.0.8,cpe:2.3:a:ansi-html-community:ansi-html-community:0.0.8:*:*:*:*:*:*:*,javascript,npm,/integration/legacy-animations/pnpm-lock.yaml
Ionic-Ionic_Framework,@rollup/rollup-linux-arm64-gnu,4.34.9,library,pkg:npm/%40rollup/rollup-linux-arm64-gnu@4.34.9,cpe:2.3:a:\@rollup\/rollup-linux-arm64-gnu:\@rollup\/rollup-linux-arm64-gnu:4.34.9:*:*:*:*:*:*:*,javascript,npm,/packages/vue-router/package-lock.json
FACEBOOK-HHVM,minimalistic-assert,1.0.1,library,pkg:npm/minimalistic-assert@1.0.1,cpe:2.3:a:minimalistic-assert:minimalistic-assert:1.0.1:*:*:*:*:*:*:*,javascript,npm,/hphp/hack/website/yarn.lock
Liferay-Liferay,micromatch,4.0.2,library,pkg:npm/micromatch@4.0.2,cpe:2.3:a:jonschlinkert:micromatch:4.0.2:*:*:*:*:node.js:*:*,javascript,npm,/modules/yarn.lock
Cask_Data-Cask_Data_Application_Platform,guava,13.0.1,library,pkg:maven/com.google.guava/guava@13.0.1,cpe:2.3:a:com.google.guava:guava:13.0.1:*:*:*:*:*:*:*,java,java-archive,/cdap-app-fabric/pom.xml
Liferay-Liferay,graphql-config,4.2.0,library,pkg:npm/graphql-config@4.2.0,cpe:2.3:a:graphql-config:graphql-config:4.2.0:*:*:*:*:*:*:*,javascript,npm,/modules/yarn.lock
Liferay-Liferay,@babel/plugin-transform-block-scoping,7.24.7,library,pkg:npm/%40babel/plugin-transform-block-scoping@7.24.7,cpe:2.3:a:\@babel\/plugin-transform-block-scoping:\@babel\/plugin-transform-block-scoping:7.24.7:*:*:*:*:*:*:*,javascript,npm,/modules/yarn.lock
Angular-AngularJS,@emnapi/runtime,1.9.1,library,pkg:npm/%40emnapi/runtime@1.9.1,cpe:2.3:a:\@emnapi\/runtime:\@emnapi\/runtime:1.9.1:*:*:*:*:*:*:*,javascript,npm,/integration/cli-signal-inputs/pnpm-lock.yaml
PowerDNS-DNS_Server,ring,0.17.14,library,pkg:cargo/ring@0.17.14,cpe:2.3:a:ring:ring:0.17.14:*:*:*:*:*:*:*,rust,rust-crate,/pdns/recursordist/rec-rust-lib/rust/Cargo.lock
Neos-Neos,cross-spawn,5.1.0,library,pkg:npm/cross-spawn@5.1.0,cpe:2.3:a:cross-spawn:cross-spawn:5.1.0:*:*:*:*:*:*:*,javascript,npm,/Neos.Media.Browser/yarn.lock
Liferay-Liferay,@liferay/eslint-plugin,1.6.0,library,pkg:npm/%40liferay/eslint-plugin@1.6.0,cpe:2.3:a:\@liferay\/eslint-plugin:\@liferay\/eslint-plugin:1.6.0:*:*:*:*:*:*:*,javascript,npm,/workspaces/liferay-evp-workspace/yarn.lock
Tilde-Emberjs,elegant-spinner,1.0.1,library,pkg:npm/elegant-spinner@1.0.1,cpe:2.3:a:elegant-spinner:elegant-spinner:1.0.1:*:*:*:*:*:*:*,javascript,npm,/pnpm-lock.yaml
The_Apache_Software_Foundation-Apache_Spark,/Users/dmk6603/Documents/cloned_repos_oss_swdb/The_Apache_Software_Foundation-Apache_Spark/dev/requirements.txt,,file,,,,,
Angular-AngularJS,@rollup/rollup-darwin-arm64,4.60.0,library,pkg:npm/%40rollup/rollup-darwin-arm64@4.60.0,cpe:2.3:a:\@rollup\/rollup-darwin-arm64:\@rollup\/rollup-darwin-arm64:4.60.0:*:*:*:*:*:*:*,javascript,npm,/integration/animations/pnpm-lock.yaml
Jetpack-JetPack,oxc-parser,0.99.0,library,pkg:npm/oxc-parser@0.99.0,cpe:2.3:a:oxc-parser:oxc-parser:0.99.0:*:*:*:*:*:*:*,javascript,npm,/pnpm-lock.yaml
Angular-AngularJS,@standard-schema/spec,1.1.0,library,pkg:npm/%40standard-schema/spec@1.1.0,cpe:2.3:a:\@standard-schema\/spec:\@standard-schema\/spec:1.1.0:*:*:*:*:*:*:*,javascript,npm,/adev/src/content/tutorials/signals/common/package-lock.json
Angular-AngularJS,@napi-rs/nice-linux-x64-musl,1.1.1,library,pkg:npm/%40napi-rs/nice-linux-x64-musl@1.1.1,cpe:2.3:a:\@napi-rs\/nice-linux-x64-musl:\@napi-rs\/nice-linux-x64-musl:1.1.1:*:*:*:*:*:*:*,javascript,npm,/integration/defer/pnpm-lock.yaml
Angular-AngularJS,isstream,0.1.2,library,pkg:npm/isstream@0.1.2,cpe:2.3:a:isstream:isstream:0.1.2:*:*:*:*:*:*:*,javascript,npm,/integration/trusted-types/pnpm-lock.yaml
FACEBOOK-Presto,okhttp,4.12.0,library,pkg:maven/com.squareup.okhttp3/okhttp@4.12.0,cpe:2.3:a:com.squareup.okhttp3:okhttp:4.12.0:*:*:*:*:*:*:*,java,java-archive,/presto-benchmark-driver/pom.xml
Sentry-Ravenjs,on-net-listen,1.1.2,library,pkg:npm/on-net-listen@1.1.2,cpe:2.3:a:on-net-listen:on-net-listen:1.1.2:*:*:*:*:*:*:*,javascript,npm,/yarn.lock
The_Apache_Software_Foundation-Apache_Ambari,colors,1.1.2,library,pkg:npm/colors@1.1.2,cpe:2.3:a:colors:colors:1.1.2:*:*:*:*:*:*:*,javascript,npm,/ambari-web/yarn.lock
Shopware_Inc-Shopware,shopware/setup-shopware,main,library,pkg:github/shopware/setup-shopware@main,cpe:2.3:a:shopware\/setup-shopware:shopware\/setup-shopware:main:*:*:*:*:*:*:*,,github-action,/.github/workflows/integration.yml
Grafana_Labs-Grafana,modernc.org/mathutil,v1.7.1,library,pkg:golang/modernc.org/mathutil@v1.7.1,,go,go-module,/apps/quotas/go.mod
Liferay-Liferay,through2-filter,3.0.0,library,pkg:npm/through2-filter@3.0.0,cpe:2.3:a:through2-filter:through2-filter:3.0.0:*:*:*:*:*:*:*,javascript,npm,/modules/dxp/apps/osb/osb-faro/osb-faro-theme/package-lock.json
dotCMS-dotCMS,jsx-ast-utils,3.3.5,library,pkg:npm/jsx-ast-utils@3.3.5,cpe:2.3:a:jsx-ast-utils:jsx-ast-utils:3.3.5:*:*:*:*:*:*:*,javascript,npm,/core-web/yarn.lock
Liferay-Liferay,jest-matcher-utils,22.4.3,library,pkg:npm/jest-matcher-utils@22.4.3,cpe:2.3:a:jest-matcher-utils:jest-matcher-utils:22.4.3:*:*:*:*:*:*:*,javascript,npm,/modules/dxp/apps/osb/osb-faro/yarn.lock
ECLIPSE-Jetty,test-jetty-ee8-osgi-server,12.1.8-SNAPSHOT,library,pkg:maven/org.eclipse.jetty.ee8.osgi/test-jetty-ee8-osgi-server@12.1.8-SNAPSHOT,cpe:2.3:a:org.eclipse.jetty.ee8.osgi:test-jetty-ee8-osgi-server:12.1.8-SNAPSHOT:*:*:*:*:*:*:*,java,java-archive,/jetty-ee8/jetty-ee8-osgi/test-jetty-ee8-osgi-server/pom.xml
Liferay-Liferay,ajv,6.12.6,library,pkg:npm/ajv@6.12.6,cpe:2.3:a:ajv:ajv:6.12.6:*:*:*:*:*:*:*,javascript,npm,/workspaces/liferay-ups-workspace/yarn.lock
The_Apache_Software_Foundation-Apache_Hadoop,has-flag,3.0.0,library,pkg:npm/has-flag@3.0.0,cpe:2.3:a:has-flag:has-flag:3.0.0:*:*:*:*:*:*:*,javascript,npm,/hadoop-yarn-project/hadoop-yarn/hadoop-yarn-ui/src/main/webapp/yarn.lock
Liferay-Liferay,postcss-modules-local-by-default,4.2.0,library,pkg:npm/postcss-modules-local-by-default@4.2.0,cpe:2.3:a:postcss-modules-local-by-default:postcss-modules-local-by-default:4.2.0:*:*:*:*:*:*:*,javascript,npm,/modules/yarn.lock
WooCommerce-WooCommerce,automattic/jetpack-config,v3.0.0,library,pkg:composer/automattic/jetpack-config@v3.0.0,cpe:2.3:a:automattic\/jetpack-config:automattic\/jetpack-config:v3.0.0:*:*:*:*:*:*:*,php,php-composer,/plugins/woocommerce/composer.lock
Liferay-Liferay,has-value,1.0.0,library,pkg:npm/has-value@1.0.0,cpe:2.3:a:has-value:has-value:1.0.0:*:*:*:*:*:*:*,javascript,npm,/modules/dxp/apps/osb/osb-faro/yarn.lock
ECLIPSE-Jetty,/Users/dmk6603/Documents/cloned_repos_oss_swdb/ECLIPSE-Jetty/jetty-ee10/jetty-ee10-tests/jetty-ee10-test-sessions/pom.xml,,file,,,,,
Tilde-Emberjs,package-manager-detector,1.6.0,library,pkg:npm/package-manager-detector@1.6.0,cpe:2.3:a:package-manager-detector:package-manager-detector:1.6.0:*:*:*:*:*:*:*,javascript,npm,/pnpm-lock.yaml
Tilde-Emberjs,@pnpm/fs.packlist,2.0.0,library,pkg:npm/%40pnpm/fs.packlist@2.0.0,cpe:2.3:a:\@pnpm\/fs.packlist:\@pnpm\/fs.packlist:2.0.0:*:*:*:*:*:*:*,javascript,npm,/pnpm-lock.yaml
The_Apache_Software_Foundation-Apache_Mahout,@babel/helper-optimise-call-expression,7.27.1,library,pkg:npm/%40babel/helper-optimise-call-expression@7.27.1,cpe:2.3:a:\@babel\/helper-optimise-call-expression:\@babel\/helper-optimise-call-expression:7.27.1:*:*:*:*:*:*:*,javascript,npm,/website/package-lock.json
FACEBOOK-HHVM,postcss-custom-selectors,8.0.5,library,pkg:npm/postcss-custom-selectors@8.0.5,cpe:2.3:a:postcss-custom-selectors:postcss-custom-selectors:8.0.5:*:*:*:*:*:*:*,javascript,npm,/hphp/hack/website/yarn.lock
Liferay-Liferay,eslint-plugin-no-only-tests,2.6.0,library,pkg:npm/eslint-plugin-no-only-tests@2.6.0,cpe:2.3:a:eslint-plugin-no-only-tests:eslint-plugin-no-only-tests:2.6.0:*:*:*:*:*:*:*,javascript,npm,/workspaces/clarity-solution-workspace/yarn.lock
Orient_Technologies-OrientDB,babel-polyfill,6.26.0,library,pkg:npm/babel-polyfill@6.26.0,cpe:2.3:a:babel-polyfill:babel-polyfill:6.26.0:*:*:*:*:*:*:*,javascript,npm,/studio/yarn.lock
WooCommerce-WooCommerce,trim-lines,3.0.1,library,pkg:npm/trim-lines@3.0.1,cpe:2.3:a:trim-lines:trim-lines:3.0.1:*:*:*:*:*:*:*,javascript,npm,/docs/_docu-tools/pnpm-lock.yaml
ECLIPSE-Jetty,jetty-compression-zstandard,12.1.8-SNAPSHOT,library,pkg:maven/org.eclipse.jetty.compression/jetty-compression-zstandard@12.1.8-SNAPSHOT,cpe:2.3:a:org.eclipse.jetty.compression:jetty-compression-zstandard:12.1.8-SNAPSHOT:*:*:*:*:*:*:*,java,java-archive,/jetty-core/jetty-compression/jetty-compression-zstandard/pom.xml
Liferay-Liferay,jsonfile,4.0.0,library,pkg:npm/jsonfile@4.0.0,cpe:2.3:a:jsonfile:jsonfile:4.0.0:*:*:*:*:*:*:*,javascript,npm,/workspaces/liferay-sample-workspace/client-extensions/liferay-sample-custom-element-3/yarn.lock
Orient_Technologies-OrientDB,orientdb-server,4.0.0-SNAPSHOT,library,pkg:maven/com.orientechnologies/orientdb-server@4.0.0-SNAPSHOT,cpe:2.3:a:com.orientechnologies:orientdb-server:4.0.0-SNAPSHOT:*:*:*:*:*:*:*,java,java-archive,/server/pom.xml
Apollo_GraphQL-Apollo_Client,react-is,18.3.1,library,pkg:npm/react-is@18.3.1,cpe:2.3:a:react-is:react-is:18.3.1:*:*:*:*:*:*:*,javascript,npm,/integration-tests/pnpm-lock.yaml
Liferay-Liferay,ajv,8.17.1,library,pkg:npm/ajv@8.17.1,cpe:2.3:a:ajv:ajv:8.17.1:*:*:*:*:*:*:*,javascript,npm,/workspaces/liferay-customer-workspace/yarn.lock
Google-TensorFlow,nvidia-cuda-nvrtc-cu12,12.5.82,library,pkg:pypi/nvidia-cuda-nvrtc-cu12@12.5.82,cpe:2.3:a:python-nvidia-cuda-nvrtc-cu12:python-nvidia-cuda-nvrtc-cu12:12.5.82:*:*:*:*:*:*:*,python,python,/ci/official/requirements_updater/numpy1_requirements/requirements_lock_3_11.txt
RethinkDB-RethinkDB,/Users/dmk6603/Documents/cloned_repos_oss_swdb/RethinkDB-RethinkDB/.github/actions/tests/action.yml,,file,,,,,
WooCommerce-WooCommerce,html-encoding-sniffer,2.0.1,library,pkg:npm/html-encoding-sniffer@2.0.1,cpe:2.3:a:html-encoding-sniffer:html-encoding-sniffer:2.0.1:*:*:*:*:*:*:*,javascript,npm,/pnpm-lock.yaml
Docker-Docker,github.com/cloudflare/circl,v1.6.3,library,pkg:golang/github.com/cloudflare/circl@v1.6.3,cpe:2.3:a:cloudflare:circl:v1.6.3:*:*:*:*:*:*:*,go,go-module,/go.mod
APACHE-Hive,curator-framework,4.0.0,library,pkg:maven/org.apache.curator/curator-framework@4.0.0,cpe:2.3:a:apache:curator-framework:4.0.0:*:*:*:*:*:*:*,java,java-archive,/itests/qtest-druid/pom.xml
Angular-AngularJS,shell-quote,1.8.3,library,pkg:npm/shell-quote@1.8.3,cpe:2.3:a:shell-quote_project:shell-quote:1.8.3:*:*:*:*:node.js:*:*,javascript,npm,/integration/platform-server-zoneless/pnpm-lock.yaml
Bolt-Bolt,flat-cache,3.2.0,library,pkg:npm/flat-cache@3.2.0,cpe:2.3:a:flat-cache:flat-cache:3.2.0:*:*:*:*:*:*:*,javascript,npm,/package-lock.json
Liferay-Liferay,acorn-jsx,5.3.2,library,pkg:npm/acorn-jsx@5.3.2,cpe:2.3:a:acorn-jsx:acorn-jsx:5.3.2:*:*:*:*:*:*:*,javascript,npm,/workspaces/liferay-marketplace-workspace/yarn.lock
FACEBOOK-React,is-obj,1.0.1,library,pkg:npm/is-obj@1.0.1,cpe:2.3:a:is-obj:is-obj:1.0.1:*:*:*:*:*:*:*,javascript,npm,/fixtures/dom/yarn.lock
WooCommerce-WooCommerce,find-up,1.1.2,library,pkg:npm/find-up@1.1.2,cpe:2.3:a:find-up:find-up:1.1.2:*:*:*:*:*:*:*,javascript,npm,/pnpm-lock.yaml
PrestaShop-Commerce_Software,prop-types,15.8.1,library,pkg:npm/prop-types@15.8.1,cpe:2.3:a:prop-types:prop-types:15.8.1:*:*:*:*:*:*:*,javascript,npm,/tests/UI/package-lock.json
Grafana_Labs-Grafana,sentence-case,3.0.4,library,pkg:npm/sentence-case@3.0.4,cpe:2.3:a:sentence-case:sentence-case:3.0.4:*:*:*:*:*:*:*,javascript,npm,/yarn.lock
ECLIPSE-Jetty,/Users/dmk6603/Documents/cloned_repos_oss_swdb/ECLIPSE-Jetty/jetty-ee10/jetty-ee10-tests/jetty-ee10-test-websocket-webapp/pom.xml,,file,,,,,
Meteor_Development_Group_Inc_-Meteor,async,1.0.0,library,pkg:npm/async@1.0.0,cpe:2.3:a:async:async:1.0.0:*:*:*:*:*:*:*,javascript,npm,/tools/tests/apps/modules/package-lock.json
The_Apache_Software_Foundation-Apache_Ambari,read,1.0.7,library,pkg:npm/read@1.0.7,cpe:2.3:a:read:read:1.0.7:*:*:*:*:*:*:*,javascript,npm,/contrib/views/files/src/main/resources/ui/yarn.lock
Angular-AngularJS,@csstools/color-helpers,5.1.0,library,pkg:npm/%40csstools/color-helpers@5.1.0,cpe:2.3:a:\@csstools\/color-helpers:\@csstools\/color-helpers:5.1.0:*:*:*:*:*:*:*,javascript,npm,/pnpm-lock.yaml
WooCommerce-WooCommerce,@babel/plugin-transform-async-generator-functions,7.25.9,library,pkg:npm/%40babel/plugin-transform-async-generator-functions@7.25.9,cpe:2.3:a:\@babel\/plugin-transform-async-generator-functions:\@babel\/plugin-transform-async-generator-functions:7.25.9:*:*:*:*:*:*:*,javascript,npm,/pnpm-lock.yaml
Liferay-Liferay,@mdx-js/loader,3.0.1,library,pkg:npm/%40mdx-js/loader@3.0.1,cpe:2.3:a:\@mdx-js\/loader:\@mdx-js\/loader:3.0.1:*:*:*:*:*:*:*,javascript,npm,/modules/apps/frontend-js/frontend-js-clay-web/clay/www/yarn.lock
Jetpack-JetPack,automattic/jetpack-explat,dev-trunk,library,pkg:composer/automattic/jetpack-explat@dev-trunk,cpe:2.3:a:automattic\/jetpack-explat:automattic\/jetpack-explat:dev-trunk:*:*:*:*:*:*:*,php,php-composer,/projects/plugins/mu-wpcom-plugin/composer.lock
Opscode-Opscode_Chef,chef,19.1.98-universal-mingw-ucrt,library,pkg:gem/chef@19.1.98-universal-mingw-ucrt,cpe:2.3:a:ruby-lang:chef:19.1.98-universal-mingw-ucrt:*:*:*:*:*:*:*,ruby,gem,/knife/Gemfile.lock
EllisLab-EllisLab_ExpressionEngine,@szmarczak/http-timer,1.1.2,library,pkg:npm/%40szmarczak/http-timer@1.1.2,cpe:2.3:a:\@szmarczak\/http-timer:\@szmarczak\/http-timer:1.1.2:*:*:*:*:*:*:*,javascript,npm,/tests/cypress/package-lock.json
WooCommerce-WooCommerce,v8-to-istanbul,7.1.2,library,pkg:npm/v8-to-istanbul@7.1.2,cpe:2.3:a:v8-to-istanbul:v8-to-istanbul:7.1.2:*:*:*:*:*:*:*,javascript,npm,/pnpm-lock.yaml
Vaadin-Vaadin,org.apache.karaf.jaas.command,4.2.1,library,pkg:maven/org.apache.karaf.jaas/org.apache.karaf.jaas.command@4.2.1,cpe:2.3:a:apache:org.apache.karaf.jaas.command:4.2.1:*:*:*:*:*:*:*,java,java-archive,/test/servlet-containers/karaf/karaf-run/apache-karaf-4.2.1-minimal/system/org/apache/karaf/jaas/org.apache.karaf.jaas.command/4.2.1/org.apache.karaf.jaas.command-4.2.1.jar
Kubernetes-k8s,go.yaml.in/yaml/v2,v2.4.3,library,pkg:golang/go.yaml.in/yaml/v2@v2.4.3,cpe:2.3:a:yaml:v2:v2.4.3:*:*:*:*:*:*:*,go,go-module,/staging/src/k8s.io/kube-aggregator/go.mod
Civilized_Discourse_Construction_Kit_Inc_-Discourse,yard,0.9.38,library,pkg:gem/yard@0.9.38,cpe:2.3:a:ruby-lang:yard:0.9.38:*:*:*:*:*:*:*,ruby,gem,/Gemfile.lock
Ionic-Ionic_Framework,resolve-from,4.0.0,library,pkg:npm/resolve-from@4.0.0,cpe:2.3:a:resolve-from:resolve-from:4.0.0:*:*:*:*:*:*:*,javascript,npm,/packages/angular/test/apps/ng17/package-lock.json
Ionic-Ionic_Framework,@jest/test-result,28.1.1,library,pkg:npm/%40jest/test-result@28.1.1,cpe:2.3:a:\@jest\/test-result:\@jest\/test-result:28.1.1:*:*:*:*:*:*:*,javascript,npm,/packages/react/test/apps/react17/package-lock.json
Selenium-Selenium,@babel/helper-string-parser,7.27.1,library,pkg:npm/%40babel/helper-string-parser@7.27.1,cpe:2.3:a:\@babel\/helper-string-parser:\@babel\/helper-string-parser:7.27.1:*:*:*:*:*:*:*,javascript,npm,/pnpm-lock.yaml
GHOST-Ghost,postcss-discard-overridden,7.0.1,library,pkg:npm/postcss-discard-overridden@7.0.1,cpe:2.3:a:postcss-discard-overridden:postcss-discard-overridden:7.0.1:*:*:*:*:*:*:*,javascript,npm,/yarn.lock
Hbase-Hbase,ee-first,1.1.1,library,pkg:npm/ee-first@1.1.1,cpe:2.3:a:ee-first:ee-first:1.1.1:*:*:*:*:*:*:*,javascript,npm,/hbase-website/package-lock.json
WooCommerce-WooCommerce,@docusaurus/plugin-debug,3.7.0,library,pkg:npm/%40docusaurus/plugin-debug@3.7.0,cpe:2.3:a:\@docusaurus\/plugin-debug:\@docusaurus\/plugin-debug:3.7.0:*:*:*:*:*:*:*,javascript,npm,/docs/_docu-tools/pnpm-lock.yaml
Angular-AngularJS,@esbuild/win32-arm64,0.27.3,library,pkg:npm/%40esbuild/win32-arm64@0.27.3,cpe:2.3:a:\@esbuild\/win32-arm64:\@esbuild\/win32-arm64:0.27.3:*:*:*:*:*:*:*,javascript,npm,/integration/cli-signal-inputs/pnpm-lock.yaml
druidio-Druid,@jridgewell/trace-mapping,0.3.25,library,pkg:npm/%40jridgewell/trace-mapping@0.3.25,cpe:2.3:a:\@jridgewell\/trace-mapping:\@jridgewell\/trace-mapping:0.3.25:*:*:*:*:*:*:*,javascript,npm,/website/package-lock.json
Neos-Neos,@webpack-cli/serve,1.7.0,library,pkg:npm/%40webpack-cli/serve@1.7.0,cpe:2.3:a:\@webpack-cli\/serve:\@webpack-cli\/serve:1.7.0:*:*:*:*:*:*:*,javascript,npm,/Neos.Neos/yarn.lock
Grafana_Labs-Grafana,go.opentelemetry.io/otel/exporters/otlp/otlptrace/otlptracegrpc,v1.40.0,library,pkg:golang/go.opentelemetry.io/otel/exporters/otlp/otlptrace/otlptracegrpc@v1.40.0,cpe:2.3:a:otel:exporters\/otlp\/otlptrace\/otlptracegrpc:v1.40.0:*:*:*:*:*:*:*,go,go-module,/apps/live/go.mod
FACEBOOK-HHVM,positioned_smart_constructors,0.0.0,library,pkg:cargo/positioned_smart_constructors@0.0.0,cpe:2.3:a:positioned-smart-constructors:positioned-smart-constructors:0.0.0:*:*:*:*:*:*:*,rust,rust-crate,/hphp/hack/src/Cargo.lock
Countly-Countly,is-fullwidth-code-point,3.0.0,library,pkg:npm/is-fullwidth-code-point@3.0.0,cpe:2.3:a:is-fullwidth-code-point:is-fullwidth-code-point:3.0.0:*:*:*:*:*:*:*,javascript,npm,/package-lock.json
Grafana_Labs-Grafana,@babel/helper-create-class-features-plugin,7.27.1,library,pkg:npm/%40babel/helper-create-class-features-plugin@7.27.1,cpe:2.3:a:\@babel\/helper-create-class-features-plugin:\@babel\/helper-create-class-features-plugin:7.27.1:*:*:*:*:*:*:*,javascript,npm,/yarn.lock
Liferay-Liferay,babel-eslint,10.1.0,library,pkg:npm/babel-eslint@10.1.0,cpe:2.3:a:babel-eslint:babel-eslint:10.1.0:*:*:*:*:*:*:*,javascript,npm,/workspaces/liferay-marketplace-workspace/yarn.lock
FACEBOOK-React,builtin-status-codes,3.0.0,library,pkg:npm/builtin-status-codes@3.0.0,cpe:2.3:a:builtin-status-codes:builtin-status-codes:3.0.0:*:*:*:*:*:*:*,javascript,npm,/fixtures/concurrent/time-slicing/yarn.lock
FACEBOOK-HHVM,dom-serializer,1.4.1,library,pkg:npm/dom-serializer@1.4.1,cpe:2.3:a:dom-serializer:dom-serializer:1.4.1:*:*:*:*:*:*:*,javascript,npm,/third-party/watchman/src/website/yarn.lock
Tilde-Emberjs,babel-plugin-ember-data-packages-polyfill,0.1.2,library,pkg:npm/babel-plugin-ember-data-packages-polyfill@0.1.2,cpe:2.3:a:babel-plugin-ember-data-packages-polyfill:babel-plugin-ember-data-packages-polyfill:0.1.2:*:*:*:*:*:*:*,javascript,npm,/pnpm-lock.yaml
Hbase-Hbase,mdast-util-gfm-strikethrough,2.0.0,library,pkg:npm/mdast-util-gfm-strikethrough@2.0.0,cpe:2.3:a:mdast-util-gfm-strikethrough:mdast-util-gfm-strikethrough:2.0.0:*:*:*:*:*:*:*,javascript,npm,/hbase-website/package-lock.json
netBSD-netBSD,alabaster,0.7.13,library,pkg:pypi/alabaster@0.7.13,cpe:2.3:a:python-alabaster:python-alabaster:0.7.13:*:*:*:*:*:*:*,python,python,/external/mit/libuv/dist/docs/requirements.txt
Kubernetes-k8s,github.com/coreos/go-semver,v0.3.1,library,pkg:golang/github.com/coreos/go-semver@v0.3.1,cpe:2.3:a:coreos:go-semver:v0.3.1:*:*:*:*:*:*:*,go,go-module,/staging/src/k8s.io/cloud-provider/go.mod
CKSource_sp__z_o_o__sp_k_-CKEditor,node-gyp,11.4.2,library,pkg:npm/node-gyp@11.4.2,cpe:2.3:a:node-gyp:node-gyp:11.4.2:*:*:*:*:*:*:*,javascript,npm,/pnpm-lock.yaml
The_Apache_Software_Foundation-Prometheus,go.yaml.in/yaml/v2,v2.4.4,library,pkg:golang/go.yaml.in/yaml/v2@v2.4.4,cpe:2.3:a:yaml:v2:v2.4.4:*:*:*:*:*:*:*,go,go-module,/web/ui/mantine-ui/src/promql/tools/go.mod
Civilized_Discourse_Construction_Kit_Inc_-Discourse,qs,6.15.0,library,pkg:npm/qs@6.15.0,cpe:2.3:a:qs_project:qs:6.15.0:*:*:*:*:node.js:*:*,javascript,npm,/pnpm-lock.yaml
WooCommerce-WooCommerce,setprototypeof,1.2.0,library,pkg:npm/setprototypeof@1.2.0,cpe:2.3:a:setprototypeof:setprototypeof:1.2.0:*:*:*:*:*:*:*,javascript,npm,/pnpm-lock.yaml
Piwik-Piwik,pend,1.2.0,library,pkg:npm/pend@1.2.0,cpe:2.3:a:pend:pend:1.2.0:*:*:*:*:*:*:*,javascript,npm,/tests/lib/screenshot-testing/package-lock.json
ECLIPSE-Jetty,/Users/dmk6603/Documents/cloned_repos_oss_swdb/ECLIPSE-Jetty/jetty-ee9/jetty-ee9-websocket/jetty-ee9-websocket-jakarta-tests/pom.xml,,file,,,,,
Google-Angular_Material,@babel/core,7.27.1,library,pkg:npm/%40babel/core@7.27.1,cpe:2.3:a:\@babel\/core:\@babel\/core:7.27.1:*:*:*:*:*:*:*,javascript,npm,/integration/ng-add/pnpm-lock.yaml
FACEBOOK-React,@hapi/hoek,9.3.0,library,pkg:npm/%40hapi/hoek@9.3.0,cpe:2.3:a:\@hapi\/hoek:\@hapi\/hoek:9.3.0:*:*:*:*:*:*:*,javascript,npm,/compiler/apps/playground/yarn.lock
Liferay-Liferay,jest-message-util,24.9.0,library,pkg:npm/jest-message-util@24.9.0,cpe:2.3:a:jest-message-util:jest-message-util:24.9.0:*:*:*:*:*:*:*,javascript,npm,/modules/dxp/apps/osb/osb-faro/yarn.lock
Liferay-Liferay,reflect.getprototypeof,1.0.8,library,pkg:npm/reflect.getprototypeof@1.0.8,cpe:2.3:a:reflect.getprototypeof:reflect.getprototypeof:1.0.8:*:*:*:*:*:*:*,javascript,npm,/workspaces/liferay-dev-workspace/yarn.lock
FACEBOOK-React,css-loader,6.7.1,library,pkg:npm/css-loader@6.7.1,cpe:2.3:a:css-loader:css-loader:6.7.1:*:*:*:*:*:*:*,javascript,npm,/fixtures/flight/yarn.lock
Google-Angular_Material,@babel/plugin-transform-class-static-block,7.27.1,library,pkg:npm/%40babel/plugin-transform-class-static-block@7.27.1,cpe:2.3:a:\@babel\/plugin-transform-class-static-block:\@babel\/plugin-transform-class-static-block:7.27.1:*:*:*:*:*:*:*,javascript,npm,/integration/yarn-pnp-compat/yarn.lock
Angular-AngularJS,supports-color,2.0.0,library,pkg:npm/supports-color@2.0.0,cpe:2.3:a:supports-color:supports-color:2.0.0:*:*:*:*:*:*:*,javascript,npm,/integration/cli-hello-world-ivy-i18n/pnpm-lock.yaml
Angular-AngularJS,function-bind,1.1.2,library,pkg:npm/function-bind@1.1.2,cpe:2.3:a:function-bind:function-bind:1.1.2:*:*:*:*:*:*:*,javascript,npm,/integration/trusted-types/pnpm-lock.yaml
Jahia-Jahia,slice-ansi,2.1.0,library,pkg:npm/slice-ansi@2.1.0,cpe:2.3:a:slice-ansi:slice-ansi:2.1.0:*:*:*:*:*:*:*,javascript,npm,/war/yarn.lock
Angular-AngularJS,@types/connect,3.4.38,library,pkg:npm/%40types/connect@3.4.38,cpe:2.3:a:\@types\/connect:\@types\/connect:3.4.38:*:*:*:*:*:*:*,javascript,npm,/integration/animations/pnpm-lock.yaml
Civilized_Discourse_Construction_Kit_Inc_-Discourse,findup-sync,4.0.0,library,pkg:npm/findup-sync@4.0.0,cpe:2.3:a:findup-sync:findup-sync:4.0.0:*:*:*:*:*:*:*,javascript,npm,/pnpm-lock.yaml
dotCMS-dotCMS,sass-embedded-darwin-arm64,1.97.3,library,pkg:npm/sass-embedded-darwin-arm64@1.97.3,cpe:2.3:a:sass-embedded-darwin-arm64:sass-embedded-darwin-arm64:1.97.3:*:*:*:*:*:*:*,javascript,npm,/core-web/yarn.lock
Sentry-Ravenjs,@redis/json,1.0.6,library,pkg:npm/%40redis/json@1.0.6,cpe:2.3:a:\@redis\/json:\@redis\/json:1.0.6:*:*:*:*:*:*:*,javascript,npm,/yarn.lock
Liferay-Liferay,@babel/template,7.25.9,library,pkg:npm/%40babel/template@7.25.9,cpe:2.3:a:\@babel\/template:\@babel\/template:7.25.9:*:*:*:*:*:*:*,javascript,npm,/workspaces/liferay-dev-workspace/yarn.lock
CKSource_sp__z_o_o__sp_k_-CKEditor,@esbuild/android-arm,0.25.10,library,pkg:npm/%40esbuild/android-arm@0.25.10,cpe:2.3:a:\@esbuild\/android-arm:\@esbuild\/android-arm:0.25.10:*:*:*:*:*:*:*,javascript,npm,/pnpm-lock.yaml
GHOST-Ghost,markdown-it-footnote,4.0.0,library,pkg:npm/markdown-it-footnote@4.0.0,cpe:2.3:a:markdown-it-footnote:markdown-it-footnote:4.0.0:*:*:*:*:*:*:*,javascript,npm,/yarn.lock
FACEBOOK-React_Native,strnum,1.0.5,library,pkg:npm/strnum@1.0.5,cpe:2.3:a:strnum:strnum:1.0.5:*:*:*:*:*:*:*,javascript,npm,/yarn.lock
phpMyAdmin-phpMyAdmin,/Users/dmk6603/Documents/cloned_repos_oss_swdb/phpMyAdmin-phpMyAdmin/.github/workflows/shellcheck.yml,,file,,,,,
Sun_Microsystems-GlassFish,/Users/dmk6603/Documents/cloned_repos_oss_swdb/Sun_Microsystems-GlassFish/appserver/tests/appserv-tests/devtests/admin/cli/apps/MonApp/pom.xml,,file,,,,,
WooCommerce-WooCommerce,@storybook/node-logger,7.6.4,library,pkg:npm/%40storybook/node-logger@7.6.4,cpe:2.3:a:\@storybook\/node-logger:\@storybook\/node-logger:7.6.4:*:*:*:*:*:*:*,javascript,npm,/pnpm-lock.yaml
Sun_Microsystems-Java,jmh-generator-annprocess,1.36,library,pkg:maven/org.openjdk.jmh/jmh-generator-annprocess@1.36,cpe:2.3:a:jmh-generator-annprocess:jmh-generator-annprocess:1.36:*:*:*:*:*:*:*,java,java-archive,/test/benchmarks/micros-javac/pom.xml
Shopsys_Framework-Shopsys_Framework,domhandler,5.0.3,library,pkg:npm/domhandler@5.0.3,cpe:2.3:a:domhandler:domhandler:5.0.3:*:*:*:*:*:*:*,javascript,npm,/project-base/storefront/pnpm-lock.yaml
Ionic-Ionic_Framework,hoist-non-react-statics,3.3.2,library,pkg:npm/hoist-non-react-statics@3.3.2,cpe:2.3:a:hoist-non-react-statics:hoist-non-react-statics:3.3.2:*:*:*:*:*:*:*,javascript,npm,/packages/react/test/apps/react18/package-lock.json
Liferay-Liferay,esrecurse,4.2.0,library,pkg:npm/esrecurse@4.2.0,cpe:2.3:a:esrecurse:esrecurse:4.2.0:*:*:*:*:*:*:*,javascript,npm,/modules/dxp/apps/osb/osb-faro/yarn.lock
ThoughtWorks_Inc_-GoCD,mini-css-extract-plugin,2.10.2,library,pkg:npm/mini-css-extract-plugin@2.10.2,cpe:2.3:a:mini-css-extract-plugin:mini-css-extract-plugin:2.10.2:*:*:*:*:*:*:*,javascript,npm,/server/src/main/webapp/WEB-INF/rails/yarn.lock
Kubernetes-k8s,github.com/coredns/caddy,v1.1.1,library,pkg:golang/github.com/coredns/caddy@v1.1.1,cpe:2.3:a:coredns:caddy:v1.1.1:*:*:*:*:*:*:*,go,go-module,/go.mod
NET_FOUNDATION-Orchard_CMS,@vue/runtime-dom,3.5.13,library,pkg:npm/%40vue/runtime-dom@3.5.13,cpe:2.3:a:\@vue\/runtime-dom:\@vue\/runtime-dom:3.5.13:*:*:*:*:*:*:*,javascript,npm,/yarn.lock
Apollo_GraphQL-Apollo_Client,@babel/plugin-syntax-jsx,7.27.1,library,pkg:npm/%40babel/plugin-syntax-jsx@7.27.1,cpe:2.3:a:\@babel\/plugin-syntax-jsx:\@babel\/plugin-syntax-jsx:7.27.1:*:*:*:*:*:*:*,javascript,npm,/package-lock.json
Angular-AngularJS,eventsource,3.0.7,library,pkg:npm/eventsource@3.0.7,cpe:2.3:a:eventsource:eventsource:3.0.7:*:*:*:*:*:*:*,javascript,npm,/integration/platform-server-zoneless/pnpm-lock.yaml
FACEBOOK-Presto,@jest/reporters,29.7.0,library,pkg:npm/%40jest/reporters@29.7.0,cpe:2.3:a:\@jest\/reporters:\@jest\/reporters:29.7.0:*:*:*:*:*:*:*,javascript,npm,/presto-ui/src/yarn.lock
Open_Source-Drupal,@nightwatch/nightwatch-inspector,1.0.1,library,pkg:npm/%40nightwatch/nightwatch-inspector@1.0.1,cpe:2.3:a:\@nightwatch\/nightwatch-inspector:\@nightwatch\/nightwatch-inspector:1.0.1:*:*:*:*:*:*:*,javascript,npm,/core/yarn.lock
The_Apache_Software_Foundation-Apache_Ambari,chalk,1.1.3,library,pkg:npm/chalk@1.1.3,cpe:2.3:a:chalk:chalk:1.1.3:*:*:*:*:*:*:*,javascript,npm,/contrib/views/wfmanager/src/main/resources/ui/yarn.lock
FORMSPREE-Formspree,flask-cors,3.0.2,library,pkg:pypi/flask-cors@3.0.2,cpe:2.3:a:python-flask-cors:python-flask-cors:3.0.2:*:*:*:*:*:*:*,python,python,/Pipfile.lock
Less-Less,when,3.7.8,library,pkg:npm/when@3.7.8,cpe:2.3:a:when:when:3.7.8:*:*:*:*:*:*:*,javascript,npm,/pnpm-lock.yaml
Grafana_Labs-Grafana,github.com/munnerz/goautoneg,v0.0.0-20191010083416-a7dc8b61c822,library,pkg:golang/github.com/munnerz/goautoneg@v0.0.0-20191010083416-a7dc8b61c822,cpe:2.3:a:munnerz:goautoneg:v0.0.0-20191010083416-a7dc8b61c822:*:*:*:*:*:*:*,go,go-module,/apps/preferences/go.mod
Neos-Neos,locate-path,2.0.0,library,pkg:npm/locate-path@2.0.0,cpe:2.3:a:locate-path:locate-path:2.0.0:*:*:*:*:*:*:*,javascript,npm,/Neos.Media.Browser/yarn.lock
Thelia-Thelia,cookie-signature,1.0.6,library,pkg:npm/cookie-signature@1.0.6,cpe:2.3:a:cookie-signature_project:cookie-signature:1.0.6:*:*:*:*:node.js:*:*,javascript,npm,/templates/frontOffice/modern/yarn.lock
ECLIPSE-Jetty,jetty-servlet4-demo-container-initializer,12.1.8-SNAPSHOT,library,pkg:maven/org.eclipse.jetty.demos/jetty-servlet4-demo-container-initializer@12.1.8-SNAPSHOT,cpe:2.3:a:jetty-servlet4-demo-container-initializer:jetty-servlet4-demo-container-initializer:12.1.8-SNAPSHOT:*:*:*:*:*:*:*,java,java-archive,/jetty-demos/jetty-servlet4-demos/jetty-servlet4-demo-spec/jetty-servlet4-demo-container-initializer/pom.xml
Rust-Rust,jobserver,0.1.34,library,pkg:cargo/jobserver@0.1.34,cpe:2.3:a:jobserver:jobserver:0.1.34:*:*:*:*:*:*:*,rust,rust-crate,/Cargo.lock
Jahia-Jahia,org.jahia.bundles.websocket,8.2.4.0-SNAPSHOT,library,pkg:maven/org.jahia.bundles/org.jahia.bundles.websocket@8.2.4.0-SNAPSHOT,cpe:2.3:a:org.jahia.bundles.websocket:org.jahia.bundles.websocket:8.2.4.0-SNAPSHOT:*:*:*:*:*:*:*,java,java-archive,/bundles/websocket-bridge/pom.xml
Kubernetes-k8s,gopkg.in/evanphx/json-patch.v4,v4.13.0,library,pkg:golang/gopkg.in/evanphx/json-patch.v4@v4.13.0,,go,go-module,/staging/src/k8s.io/client-go/go.mod
Angular-AngularJS,chalk,1.1.3,library,pkg:npm/chalk@1.1.3,cpe:2.3:a:chalk:chalk:1.1.3:*:*:*:*:*:*:*,javascript,npm,/integration/ng_elements/pnpm-lock.yaml
University_of_Waikato-Weka,/Users/dmk6603/Documents/cloned_repos_oss_swdb/University_of_Waikato-Weka/packages/internal/WekaODF/lib/jOpenDocument.jar,,file,,,,,
Docker-Docker,go.etcd.io/raft/v3,v3.6.0,library,pkg:golang/go.etcd.io/raft/v3@v3.6.0,cpe:2.3:a:raft:v3:v3.6.0:*:*:*:*:*:*:*,go,go-module,/go.mod
Ionic-Ionic_Framework,regenerator-transform,0.15.0,library,pkg:npm/regenerator-transform@0.15.0,cpe:2.3:a:regenerator-transform:regenerator-transform:0.15.0:*:*:*:*:*:*:*,javascript,npm,/packages/react/test/apps/react17/package-lock.json
Liferay-Liferay,ms,2.1.3,library,pkg:npm/ms@2.1.3,cpe:2.3:a:vercel:ms:2.1.3:*:*:*:*:node.js:*:*,javascript,npm,/workspaces/liferay-aicontentwizard-workspace/yarn.lock
Grafana_Labs-Grafana,@babel/plugin-transform-member-expression-literals,7.27.1,library,pkg:npm/%40babel/plugin-transform-member-expression-literals@7.27.1,cpe:2.3:a:\@babel\/plugin-transform-member-expression-literals:\@babel\/plugin-transform-member-expression-literals:7.27.1:*:*:*:*:*:*:*,javascript,npm,/yarn.lock
FACEBOOK-HHVM,remark-emoji,2.2.0,library,pkg:npm/remark-emoji@2.2.0,cpe:2.3:a:remark-emoji:remark-emoji:2.2.0:*:*:*:*:*:*:*,javascript,npm,/third-party/watchman/src/website/yarn.lock
Python-Jython,/Users/dmk6603/Documents/cloned_repos_oss_swdb/Python-Jython/extlibs/mockrunner-0.4.1/jar/jdom.jar,,file,,,,,
Angular-AngularJS,forever-agent,0.6.1,library,pkg:npm/forever-agent@0.6.1,cpe:2.3:a:forever-agent:forever-agent:0.6.1:*:*:*:*:*:*:*,javascript,npm,/integration/cli-hello-world-ivy-i18n/pnpm-lock.yaml
dotCMS-dotCMS,@sinclair/typebox,0.34.48,library,pkg:npm/%40sinclair/typebox@0.34.48,cpe:2.3:a:\@sinclair\/typebox:\@sinclair\/typebox:0.34.48:*:*:*:*:*:*:*,javascript,npm,/core-web/yarn.lock
ThoughtWorks_Inc_-GoCD,jsesc,3.1.0,library,pkg:npm/jsesc@3.1.0,cpe:2.3:a:jsesc:jsesc:3.1.0:*:*:*:*:*:*:*,javascript,npm,/server/src/main/webapp/WEB-INF/rails/yarn.lock
dotCMS-dotCMS,@material/tokens,14.0.0-canary.53b3cad2f.0,library,pkg:npm/%40material/tokens@14.0.0-canary.53b3cad2f.0,cpe:2.3:a:\@material\/tokens:\@material\/tokens:14.0.0-canary.53b3cad2f.0:*:*:*:*:*:*:*,javascript,npm,/core-web/yarn.lock
Kubernetes-k8s,github.com/fxamacker/cbor/v2,v2.9.0,library,pkg:golang/github.com/fxamacker/cbor/v2@v2.9.0,cpe:2.3:a:fxamacker:cbor\/v2:v2.9.0:*:*:*:*:*:*:*,go,go-module,/staging/src/k8s.io/sample-cli-plugin/go.mod
GridGain-GridGain,bcprov-jdk18on,1.79,library,pkg:maven/org.bouncycastle/bcprov-jdk18on@1.79,cpe:2.3:a:org.bouncycastle:bcprov-jdk18on:1.79:*:*:*:*:*:*:*,java,java-archive,/modules/aws/pom.xml
Rust-Rust,serde_json,1.0.79,library,pkg:cargo/serde_json@1.0.79,cpe:2.3:a:serde-json:serde-json:1.0.79:*:*:*:*:*:*:*,rust,rust-crate,/src/tools/rustfmt/Cargo.lock
druidio-Druid,csstype,2.6.17,library,pkg:npm/csstype@2.6.17,cpe:2.3:a:csstype:csstype:2.6.17:*:*:*:*:*:*:*,javascript,npm,/web-console/package-lock.json
Sentry-Ravenjs,istextorbinary,2.1.0,library,pkg:npm/istextorbinary@2.1.0,cpe:2.3:a:istextorbinary:istextorbinary:2.1.0:*:*:*:*:*:*:*,javascript,npm,/yarn.lock
Shopware_Inc-Shopware,eslint,9.39.3,library,pkg:npm/eslint@9.39.3,cpe:2.3:a:eslint:eslint:9.39.3:*:*:*:*:*:*:*,javascript,npm,/src/Administration/Resources/app/administration/package-lock.json
Grafana_Labs-Grafana,lower-case,2.0.2,library,pkg:npm/lower-case@2.0.2,cpe:2.3:a:lower-case:lower-case:2.0.2:*:*:*:*:*:*:*,javascript,npm,/yarn.lock
Google-TensorFlow,nvidia-cusolver-cu12,11.6.3.83,library,pkg:pypi/nvidia-cusolver-cu12@11.6.3.83,cpe:2.3:a:python-nvidia-cusolver-cu12:python-nvidia-cusolver-cu12:11.6.3.83:*:*:*:*:*:*:*,python,python,/ci/official/requirements_updater/numpy1_requirements/requirements_lock_3_10.txt
The_Apache_Software_Foundation-Apache_NiFi,nifi-standard-content-viewer-nar,2.9.0-SNAPSHOT,library,pkg:maven/org.apache.nifi/nifi-standard-content-viewer-nar@2.9.0-SNAPSHOT,cpe:2.3:a:apache:nifi-standard-content-viewer-nar:2.9.0-SNAPSHOT:*:*:*:*:*:*:*,java,java-archive,/nifi-extension-bundles/nifi-standard-bundle/nifi-standard-content-viewer-nar/pom.xml
Ionic-Ionic_Framework,ionicons,6.1.3,library,pkg:npm/ionicons@6.1.3,cpe:2.3:a:ionicons:ionicons:6.1.3:*:*:*:*:*:*:*,javascript,npm,/packages/react/test/apps/react17/package-lock.json
Alluxio_Inc_-Alluxio,/Users/dmk6603/Documents/cloned_repos_oss_swdb/Alluxio_Inc_-Alluxio/core/server/proxy/pom.xml,,file,,,,,
Thelia-Thelia,define-property,2.0.2,library,pkg:npm/define-property@2.0.2,cpe:2.3:a:define-property:define-property:2.0.2:*:*:*:*:*:*:*,javascript,npm,/templates/frontOffice/modern/yarn.lock
Angular-AngularJS,@tsconfig/node10,1.0.12,library,pkg:npm/%40tsconfig/node10@1.0.12,cpe:2.3:a:\@tsconfig\/node10:\@tsconfig\/node10:1.0.12:*:*:*:*:*:*:*,javascript,npm,/integration/standalone-bootstrap/pnpm-lock.yaml
dotCMS-dotCMS,dot.jaxb-api,UNKNOWN,library,pkg:maven/com.dotcms.lib/dot.jaxb-api,cpe:2.3:a:com.dotcms.lib:dot.jaxb-api:*:*:*:*:*:*:*:*,java,java-archive,/dotCMS/pom.xml
Influxdata_Inc-InfluxData,arrow-schema,57.3.0,library,pkg:cargo/arrow-schema@57.3.0,cpe:2.3:a:arrow-schema:arrow-schema:57.3.0:*:*:*:*:*:*:*,rust,rust-crate,/Cargo.lock
Shopsys_Framework-Shopsys_Framework,is-node-process,1.2.0,library,pkg:npm/is-node-process@1.2.0,cpe:2.3:a:is-node-process:is-node-process:1.2.0:*:*:*:*:*:*:*,javascript,npm,/project-base/storefront/pnpm-lock.yaml
Liferay-Liferay,typed-array-length,1.0.7,library,pkg:npm/typed-array-length@1.0.7,cpe:2.3:a:typed-array-length:typed-array-length:1.0.7:*:*:*:*:*:*:*,javascript,npm,/workspaces/liferay-dotcom-workspace/yarn.lock
Neos-Neos,postcss-convert-values,2.6.1,library,pkg:npm/postcss-convert-values@2.6.1,cpe:2.3:a:postcss-convert-values:postcss-convert-values:2.6.1:*:*:*:*:*:*:*,javascript,npm,/Neos.Media.Browser/yarn.lock
FACEBOOK-React_Native,@babel/plugin-syntax-export-default-from,7.25.9,library,pkg:npm/%40babel/plugin-syntax-export-default-from@7.25.9,cpe:2.3:a:\@babel\/plugin-syntax-export-default-from:\@babel\/plugin-syntax-export-default-from:7.25.9:*:*:*:*:*:*:*,javascript,npm,/yarn.lock
XWiki-XWiki,xwiki-platform-annotation-test-docker,18.3.0-SNAPSHOT,library,pkg:maven/org.xwiki.platform/xwiki-platform-annotation-test-docker@18.3.0-SNAPSHOT,cpe:2.3:a:xwiki-platform-annotation-test-docker:xwiki-platform-annotation-test-docker:18.3.0-SNAPSHOT:*:*:*:*:*:*:*,java,java-archive,/xwiki-platform-core/xwiki-platform-annotation/xwiki-platform-annotation-test/xwiki-platform-annotation-test-docker/pom.xml
Ionic-Ionic_Framework,glob-parent,5.1.2,library,pkg:npm/glob-parent@5.1.2,cpe:2.3:a:gulpjs:glob-parent:5.1.2:*:*:*:*:node.js:*:*,javascript,npm,/packages/angular/test/apps/ng20/package-lock.json
dotCMS-dotCMS,acorn-globals,7.0.1,library,pkg:npm/acorn-globals@7.0.1,cpe:2.3:a:acorn-globals:acorn-globals:7.0.1:*:*:*:*:*:*:*,javascript,npm,/core-web/yarn.lock
Rust-Rust,toml_edit,0.22.27,library,pkg:cargo/toml_edit@0.22.27,cpe:2.3:a:toml-edit:toml-edit:0.22.27:*:*:*:*:*:*:*,rust,rust-crate,/Cargo.lock
Grafana_Labs-Grafana,@croct/json,2.1.0,library,pkg:npm/%40croct/json@2.1.0,cpe:2.3:a:\@croct\/json:\@croct\/json:2.1.0:*:*:*:*:*:*:*,javascript,npm,/yarn.lock
Liferay-Liferay,lodash-es,4.17.21,library,pkg:npm/lodash-es@4.17.21,cpe:2.3:a:lodash-es:lodash-es:4.17.21:*:*:*:*:*:*:*,javascript,npm,/workspaces/liferay-testray-workspace/client-extensions/liferay-testray-custom-element/yarn.lock
FACEBOOK-React_Native,end-of-stream,1.4.4,library,pkg:npm/end-of-stream@1.4.4,cpe:2.3:a:end-of-stream:end-of-stream:1.4.4:*:*:*:*:*:*:*,javascript,npm,/yarn.lock
Angular-AngularJS,ajv-keywords,5.1.0,library,pkg:npm/ajv-keywords@5.1.0,cpe:2.3:a:ajv-keywords:ajv-keywords:5.1.0:*:*:*:*:*:*:*,javascript,npm,/integration/cli-hello-world/pnpm-lock.yaml
University_of_Waikato-Weka,jaxb-runtime,2.3.5,library,pkg:maven/org.glassfish.jaxb/jaxb-runtime@2.3.5,cpe:2.3:a:org.glassfish.jaxb.runtime:jaxb-runtime:2.3.5:*:*:*:*:*:*:*,java,java-archive,/weka/lib/jaxb-runtime-2.3.5.jar
FACEBOOK-React,@babel/helper-hoist-variables,7.22.5,library,pkg:npm/%40babel/helper-hoist-variables@7.22.5,cpe:2.3:a:\@babel\/helper-hoist-variables:\@babel\/helper-hoist-variables:7.22.5:*:*:*:*:*:*:*,javascript,npm,/fixtures/ssr2/package-lock.json
Angular-AngularJS,@jsonjoy.com/fs-snapshot,4.57.1,library,pkg:npm/%40jsonjoy.com/fs-snapshot@4.57.1,cpe:2.3:a:\@jsonjoy.com\/fs-snapshot:\@jsonjoy.com\/fs-snapshot:4.57.1:*:*:*:*:*:*:*,javascript,npm,/integration/platform-server-hydration/pnpm-lock.yaml
Neos-Neos,jscodeshift,0.13.1,library,pkg:npm/jscodeshift@0.13.1,cpe:2.3:a:jscodeshift:jscodeshift:0.13.1:*:*:*:*:*:*:*,javascript,npm,/Neos.Neos/yarn.lock
Neos-Neos,@babel/helper-split-export-declaration,7.22.6,library,pkg:npm/%40babel/helper-split-export-declaration@7.22.6,cpe:2.3:a:\@babel\/helper-split-export-declaration:\@babel\/helper-split-export-declaration:7.22.6:*:*:*:*:*:*:*,javascript,npm,/Neos.Neos/yarn.lock
Potix_Corporation-ZK,imurmurhash,0.1.4,library,pkg:npm/imurmurhash@0.1.4,cpe:2.3:a:imurmurhash:imurmurhash:0.1.4:*:*:*:*:*:*:*,javascript,npm,/package-lock.json
FACEBOOK-React,bplist-parser,0.2.0,library,pkg:npm/bplist-parser@0.2.0,cpe:2.3:a:bplist-parser:bplist-parser:0.2.0:*:*:*:*:*:*:*,javascript,npm,/yarn.lock
CKSource_sp__z_o_o__sp_k_-CKEditor,proxy-agent,6.5.0,library,pkg:npm/proxy-agent@6.5.0,cpe:2.3:a:proxy-agent:proxy-agent:6.5.0:*:*:*:*:*:*:*,javascript,npm,/pnpm-lock.yaml
Thelia-Thelia,babel-plugin-polyfill-corejs2,0.3.3,library,pkg:npm/babel-plugin-polyfill-corejs2@0.3.3,cpe:2.3:a:babel-plugin-polyfill-corejs2:babel-plugin-polyfill-corejs2:0.3.3:*:*:*:*:*:*:*,javascript,npm,/templates/frontOffice/modern/yarn.lock
Angular-AngularJS,@rolldown/binding-android-arm64,1.0.0-rc.10,library,pkg:npm/%40rolldown/binding-android-arm64@1.0.0-rc.10,cpe:2.3:a:\@rolldown\/binding-android-arm64:\@rolldown\/binding-android-arm64:1.0.0-rc.10:*:*:*:*:*:*:*,javascript,npm,/integration/platform-server-hydration/pnpm-lock.yaml
Selenium_HQ-Selenium_IDE,vary,1.1.2,library,pkg:npm/vary@1.1.2,cpe:2.3:a:vary:vary:1.1.2:*:*:*:*:*:*:*,javascript,npm,/pnpm-lock.yaml
Alkacon_Software_GmbH-OpenCms,/Users/dmk6603/Documents/cloned_repos_oss_swdb/Alkacon_Software_GmbH-OpenCms/lib/jni/Win32NetBIOS.dll,,file,,,,,
Grafana_Labs-Grafana,github.com/grpc-ecosystem/go-grpc-middleware/v2,v2.3.3,library,pkg:golang/github.com/grpc-ecosystem/go-grpc-middleware/v2@v2.3.3,cpe:2.3:a:grpc-ecosystem:go-grpc-middleware\/v2:v2.3.3:*:*:*:*:*:*:*,go,go-module,/apps/dashboard/go.mod
Neos-Neos,d,1.0.0,library,pkg:npm/d@1.0.0,cpe:2.3:a:d:d:1.0.0:*:*:*:*:*:*:*,javascript,npm,/Neos.Media.Browser/yarn.lock
Grafana_Labs-Grafana,file-selector,2.1.0,library,pkg:npm/file-selector@2.1.0,cpe:2.3:a:file-selector:file-selector:2.1.0:*:*:*:*:*:*:*,javascript,npm,/yarn.lock
Symfony-Symfony,superbrothers/close-pull-request,v3,library,pkg:github/superbrothers/close-pull-request@v3,cpe:2.3:a:superbrothers\/close-pull-request:superbrothers\/close-pull-request:v3:*:*:*:*:*:*:*,,github-action,/src/Symfony/Component/Dotenv/.github/workflows/close-pull-request.yml
Red_Hat-JBoss_Enterprise_Application_Server__EAS_,/Users/dmk6603/Documents/cloned_repos_oss_swdb/Red_Hat-JBoss_Enterprise_Application_Server__EAS_/boms/user/server/ee/preview/with-tools/pom.xml,,file,,,,,
Countly-Countly,@img/sharp-wasm32,0.34.5,library,pkg:npm/%40img/sharp-wasm32@0.34.5,cpe:2.3:a:\@img\/sharp-wasm32:\@img\/sharp-wasm32:0.34.5:*:*:*:*:*:*:*,javascript,npm,/package-lock.json
sensuapp-Sensu,gopkg.in/ini.v1,v1.51.0,library,pkg:golang/gopkg.in/ini.v1@v1.51.0,,go,go-module,/go.mod
Liferay-Liferay,is-string,1.1.0,library,pkg:npm/is-string@1.1.0,cpe:2.3:a:is-string:is-string:1.1.0:*:*:*:*:*:*:*,javascript,npm,/workspaces/liferay-aicontentwizard-workspace/yarn.lock
Angular-AngularJS,type-is,2.0.1,library,pkg:npm/type-is@2.0.1,cpe:2.3:a:type-is:type-is:2.0.1:*:*:*:*:*:*:*,javascript,npm,/integration/defer/pnpm-lock.yaml
Neos-Neos,util-deprecate,1.0.2,library,pkg:npm/util-deprecate@1.0.2,cpe:2.3:a:util-deprecate:util-deprecate:1.0.2:*:*:*:*:*:*:*,javascript,npm,/Neos.Neos/yarn.lock
WooCommerce-WooCommerce,ajv,6.12.6,library,pkg:npm/ajv@6.12.6,cpe:2.3:a:ajv:ajv:6.12.6:*:*:*:*:*:*:*,javascript,npm,/docs/_docu-tools/pnpm-lock.yaml
Liferay-Liferay,prelude-ls,1.2.1,library,pkg:npm/prelude-ls@1.2.1,cpe:2.3:a:prelude-ls:prelude-ls:1.2.1:*:*:*:*:*:*:*,javascript,npm,/workspaces/clarity-solution-workspace/yarn.lock
FACEBOOK-React,postcss,6.0.23,library,pkg:npm/postcss@6.0.23,cpe:2.3:a:postcss:postcss:6.0.23:*:*:*:*:node.js:*:*,javascript,npm,/yarn.lock
LocomotiveCMS-LocomotiveCMS,rimraf,3.0.2,library,pkg:npm/rimraf@3.0.2,cpe:2.3:a:isaacs:rimraf:3.0.2:*:*:*:*:node.js:*:*,javascript,npm,/yarn.lock
GHOST-Ghost,lodash._root,3.0.1,library,pkg:npm/lodash._root@3.0.1,cpe:2.3:a:lodash.-root:lodash.-root:3.0.1:*:*:*:*:*:*:*,javascript,npm,/yarn.lock
Countly-Countly,/Users/dmk6603/Documents/cloned_repos_oss_swdb/Countly-Countly/plugins/desktop/package-lock.json,,file,,,,,
Liferay-Liferay,babel-plugin-polyfill-regenerator,0.5.2,library,pkg:npm/babel-plugin-polyfill-regenerator@0.5.2,cpe:2.3:a:babel-plugin-polyfill-regenerator:babel-plugin-polyfill-regenerator:0.5.2:*:*:*:*:*:*:*,javascript,npm,/workspaces/liferay-sample-workspace/client-extensions/liferay-sample-custom-element-3/yarn.lock
PrestaShop-Commerce_Software,doctrine/annotations,1.14.4,library,pkg:composer/doctrine/annotations@1.14.4,cpe:2.3:a:doctrine\/annotations:doctrine\/annotations:1.14.4:*:*:*:*:*:*:*,php,php-composer,/composer.lock
Meteor_Development_Group_Inc_-Meteor,has-proto,1.0.3,library,pkg:npm/has-proto@1.0.3,cpe:2.3:a:has-proto:has-proto:1.0.3:*:*:*:*:*:*:*,javascript,npm,/tools/tests/apps/modules/package-lock.json
Cucumber-Cucumberjs,brace-expansion,5.0.2,library,pkg:npm/brace-expansion@5.0.2,cpe:2.3:a:brace-expansion:brace-expansion:5.0.2:*:*:*:*:*:*:*,javascript,npm,/package-lock.json
FACEBOOK-React,defer-to-connect,1.1.3,library,pkg:npm/defer-to-connect@1.1.3,cpe:2.3:a:defer-to-connect:defer-to-connect:1.1.3:*:*:*:*:*:*:*,javascript,npm,/fixtures/ssr2/yarn.lock
Selenium-Selenium,diff-lcs,1.6.2,library,pkg:gem/diff-lcs@1.6.2,cpe:2.3:a:ruby-lang:diff-lcs:1.6.2:*:*:*:*:*:*:*,ruby,gem,/rb/Gemfile.lock
XWiki-XWiki,/Users/dmk6603/Documents/cloned_repos_oss_swdb/XWiki-XWiki/xwiki-platform-core/xwiki-platform-velocity/xwiki-platform-velocity-xwiki/pom.xml,,file,,,,,
Liferay-Liferay,function.prototype.name,1.1.6,library,pkg:npm/function.prototype.name@1.1.6,cpe:2.3:a:function.prototype.name:function.prototype.name:1.1.6:*:*:*:*:*:*:*,javascript,npm,/workspaces/liferay-paypal-workspace/yarn.lock
Sentry-Ravenjs,@hapi/bounce,3.0.1,library,pkg:npm/%40hapi/bounce@3.0.1,cpe:2.3:a:\@hapi\/bounce:\@hapi\/bounce:3.0.1:*:*:*:*:*:*:*,javascript,npm,/yarn.lock
Google-TensorFlow,nvidia-curand-cu12,10.3.6.82,library,pkg:pypi/nvidia-curand-cu12@10.3.6.82,cpe:2.3:a:python-nvidia-curand-cu12:python-nvidia-curand-cu12:10.3.6.82:*:*:*:*:*:*:*,python,python,/requirements_lock_3_10.txt
The_Apache_Software_Foundation-Apache_NiFi,minifi-provenance-repository-nar,2.9.0-SNAPSHOT,library,pkg:maven/org.apache.nifi.minifi/minifi-provenance-repository-nar@2.9.0-SNAPSHOT,cpe:2.3:a:apache:minifi-provenance-repository-nar:2.9.0-SNAPSHOT:*:*:*:*:*:*:*,java,java-archive,/minifi/minifi-nar-bundles/minifi-provenance-repository-bundle/minifi-provenance-repository-nar/pom.xml
Liferay-Liferay,progress,2.0.3,library,pkg:npm/progress@2.0.3,cpe:2.3:a:progress:progress:2.0.3:*:*:*:*:*:*:*,javascript,npm,/workspaces/liferay-hcaptcha-workspace/yarn.lock
Liferay-Liferay,get-intrinsic,1.0.1,library,pkg:npm/get-intrinsic@1.0.1,cpe:2.3:a:get-intrinsic:get-intrinsic:1.0.1:*:*:*:*:*:*:*,javascript,npm,/modules/dxp/apps/osb/osb-faro/yarn.lock
Magento-Magento_Commerce,magento/module-user,101.1.1,library,pkg:composer/magento/module-user@101.1.1,cpe:2.3:a:magento\/module-user:magento\/module-user:101.1.1:*:*:*:*:*:*:*,php,php-composer,/dev/tests/integration/testsuite/Magento/Framework/Composer/_files/testFromCreateProject/composer.lock
The_Apache_Software_Foundation-Apache_Mahout,lilconfig,3.1.3,library,pkg:npm/lilconfig@3.1.3,cpe:2.3:a:lilconfig:lilconfig:3.1.3:*:*:*:*:*:*:*,javascript,npm,/website/package-lock.json
Node_js-Node_js,databake,0.2.0,library,pkg:cargo/databake@0.2.0,cpe:2.3:a:databake:databake:0.2.0:*:*:*:*:*:*:*,rust,rust-crate,/deps/crates/vendor/icu_collections/Cargo.lock
FACEBOOK-Presto,randombytes,2.1.0,library,pkg:npm/randombytes@2.1.0,cpe:2.3:a:randombytes:randombytes:2.1.0:*:*:*:*:*:*:*,javascript,npm,/presto-ui/src/yarn.lock
Grafana_Labs-Grafana,github.com/cheekybits/genny,v1.0.0,library,pkg:golang/github.com/cheekybits/genny@v1.0.0,cpe:2.3:a:cheekybits:genny:v1.0.0:*:*:*:*:*:*:*,go,go-module,/go.mod
Kubernetes-k8s,github.com/prometheus/common,v0.67.5,library,pkg:golang/github.com/prometheus/common@v0.67.5,cpe:2.3:a:prometheus:common:v0.67.5:*:*:*:*:*:*:*,go,go-module,/staging/src/k8s.io/kube-aggregator/go.mod
Google-Angular_Material,@esbuild/linux-ia32,0.26.0,library,pkg:npm/%40esbuild/linux-ia32@0.26.0,cpe:2.3:a:\@esbuild\/linux-ia32:\@esbuild\/linux-ia32:0.26.0:*:*:*:*:*:*:*,javascript,npm,/integration/vitest/pnpm-lock.yaml
Grafana_Labs-Grafana,zod-to-json-schema,3.25.1,library,pkg:npm/zod-to-json-schema@3.25.1,cpe:2.3:a:zod-to-json-schema:zod-to-json-schema:3.25.1:*:*:*:*:*:*:*,javascript,npm,/yarn.lock
The_Apache_Software_Foundation-Apache_Kafka,actions/checkout,v5,library,pkg:github/actions/checkout@v5,cpe:2.3:a:actions\/checkout:actions\/checkout:v5:*:*:*:*:*:*:*,,github-action,/.github/workflows/docker_build_and_test.yml
Jahia-Jahia,eslint-visitor-keys,1.3.0,library,pkg:npm/eslint-visitor-keys@1.3.0,cpe:2.3:a:eslint-visitor-keys:eslint-visitor-keys:1.3.0:*:*:*:*:*:*:*,javascript,npm,/war/yarn.lock
Jetpack-JetPack,actions/checkout,v6,library,pkg:github/actions/checkout@v6,cpe:2.3:a:actions\/checkout:actions\/checkout:v6:*:*:*:*:*:*:*,,github-action,/.github/workflows/update-jetpack-staging-sites.yml
Angular-AngularJS,is-wsl,3.1.1,library,pkg:npm/is-wsl@3.1.1,cpe:2.3:a:is-wsl:is-wsl:3.1.1:*:*:*:*:*:*:*,javascript,npm,/integration/platform-server-zoneless/pnpm-lock.yaml
XWiki-XWiki,compare-versions,6.1.1,library,pkg:npm/compare-versions@6.1.1,cpe:2.3:a:compare-versions:compare-versions:6.1.1:*:*:*:*:*:*:*,javascript,npm,/pnpm-lock.yaml
The_Apache_Software_Foundation-Apache_Ambari,ms,0.7.1,library,pkg:npm/ms@0.7.1,cpe:2.3:a:vercel:ms:0.7.1:*:*:*:*:node.js:*:*,javascript,npm,/ambari-web/yarn.lock
CKSource_sp__z_o_o__sp_k_-CKEditor,encodeurl,1.0.2,library,pkg:npm/encodeurl@1.0.2,cpe:2.3:a:encodeurl:encodeurl:1.0.2:*:*:*:*:*:*:*,javascript,npm,/pnpm-lock.yaml
NET_FOUNDATION-Orchard_CMS,@orchardcore/menu,0.0.0-use.local,library,pkg:npm/%40orchardcore/menu@0.0.0-use.local,cpe:2.3:a:\@orchardcore\/menu:\@orchardcore\/menu:0.0.0-use.local:*:*:*:*:*:*:*,javascript,npm,/yarn.lock
FACEBOOK-HHVM,colorette,2.0.20,library,pkg:npm/colorette@2.0.20,cpe:2.3:a:colorette:colorette:2.0.20:*:*:*:*:*:*:*,javascript,npm,/hphp/hack/website/yarn.lock
Open_Web_Analytics-Open_Web_Analytics,json-schema-traverse,0.4.1,library,pkg:npm/json-schema-traverse@0.4.1,cpe:2.3:a:json-schema-traverse:json-schema-traverse:0.4.1:*:*:*:*:*:*:*,javascript,npm,/package-lock.json
Red_Hat-JBoss_Enterprise_Application_Server__EAS_,jboss-invocation,UNKNOWN,library,pkg:maven/org.jboss.invocation/jboss-invocation,cpe:2.3:a:org.jboss.invocation:jboss-invocation:*:*:*:*:*:*:*:*,java,java-archive,/concurrency/spi/pom.xml
Sentry-Ravenjs,p-finally,1.0.0,library,pkg:npm/p-finally@1.0.0,cpe:2.3:a:p-finally:p-finally:1.0.0:*:*:*:*:*:*:*,javascript,npm,/yarn.lock
Red_Hat-JBoss_Enterprise_Application_Server__EAS_,wildfly-transactions,UNKNOWN,library,pkg:maven/wildfly-transactions/wildfly-transactions,cpe:2.3:a:wildfly-transactions:wildfly-transactions:*:*:*:*:*:*:*:*,java,java-archive,/batch-jberet/pom.xml
The_Apache_Software_Foundation-Apache_Hadoop,mute-stream,0.0.8,library,pkg:npm/mute-stream@0.0.8,cpe:2.3:a:mute-stream:mute-stream:0.0.8:*:*:*:*:*:*:*,javascript,npm,/hadoop-yarn-project/hadoop-yarn/hadoop-yarn-ui/src/main/webapp/yarn.lock
Liferay-Liferay,duplexer,0.1.2,library,pkg:npm/duplexer@0.1.2,cpe:2.3:a:duplexer:duplexer:0.1.2:*:*:*:*:*:*:*,javascript,npm,/modules/yarn.lock
XWiki-XWiki,@tiptap/extension-bold,3.15.3,library,pkg:npm/%40tiptap/extension-bold@3.15.3,cpe:2.3:a:\@tiptap\/extension-bold:\@tiptap\/extension-bold:3.15.3:*:*:*:*:*:*:*,javascript,npm,/pnpm-lock.yaml
The_Apache_Software_Foundation-Prometheus,github.com/basgys/goxml2json,v1.1.1-0.20231018121955-e66ee54ceaad,library,pkg:golang/github.com/basgys/goxml2json@v1.1.1-0.20231018121955-e66ee54ceaad,cpe:2.3:a:basgys:goxml2json:v1.1.1-0.20231018121955-e66ee54ceaad:*:*:*:*:*:*:*,go,go-module,/go.mod
Angular-AngularJS,@napi-rs/nice-android-arm64,1.1.1,library,pkg:npm/%40napi-rs/nice-android-arm64@1.1.1,cpe:2.3:a:\@napi-rs\/nice-android-arm64:\@napi-rs\/nice-android-arm64:1.1.1:*:*:*:*:*:*:*,javascript,npm,/integration/platform-server-zoneless/pnpm-lock.yaml
FACEBOOK-React,@types/estree,0.0.45,library,pkg:npm/%40types/estree@0.0.45,cpe:2.3:a:\@types\/estree:\@types\/estree:0.0.45:*:*:*:*:*:*:*,javascript,npm,/fixtures/flight/yarn.lock
FACEBOOK-React,babel-plugin-transform-system-register,0.0.1,library,pkg:npm/babel-plugin-transform-system-register@0.0.1,cpe:2.3:a:babel-plugin-transform-system-register:babel-plugin-transform-system-register:0.0.1:*:*:*:*:*:*:*,javascript,npm,/fixtures/packaging/systemjs-builder/dev/yarn.lock
XWiki-XWiki,ccount,2.0.1,library,pkg:npm/ccount@2.0.1,cpe:2.3:a:ccount:ccount:2.0.1:*:*:*:*:*:*:*,javascript,npm,/pnpm-lock.yaml
The_Apache_Software_Foundation-Apache_Mahout,idna_adapter,1.2.1,library,pkg:cargo/idna_adapter@1.2.1,cpe:2.3:a:idna-adapter:idna-adapter:1.2.1:*:*:*:*:*:*:*,rust,rust-crate,/qdp/Cargo.lock
Liferay-Liferay,tar-stream,1.6.2,library,pkg:npm/tar-stream@1.6.2,cpe:2.3:a:tar-stream:tar-stream:1.6.2:*:*:*:*:*:*:*,javascript,npm,/modules/yarn.lock
Liferay-Liferay,is-symbol,1.1.0,library,pkg:npm/is-symbol@1.1.0,cpe:2.3:a:is-symbol:is-symbol:1.1.0:*:*:*:*:*:*:*,javascript,npm,/workspaces/liferay-recaptcha-workspace/yarn.lock
FACEBOOK-Presto,stats,0.227,library,pkg:maven/com.facebook.airlift/stats@0.227,cpe:2.3:a:com.facebook.airlift:stats:0.227:*:*:*:*:*:*:*,java,java-archive,/presto-benchmark/pom.xml
COMPILER-PHP,/Users/dmk6603/Documents/cloned_repos_oss_swdb/COMPILER-PHP/.github/workflows/remove-needs-feedback.yml,,file,,,,,
The_Apache_Software_Foundation-Prometheus,github.com/rs/cors,v1.11.1,library,pkg:golang/github.com/rs/cors@v1.11.1,cpe:2.3:a:rs:cors:v1.11.1:*:*:*:*:*:*:*,go,go-module,/internal/tools/go.mod
Jetpack-JetPack,/Users/dmk6603/Documents/cloned_repos_oss_swdb/Jetpack-JetPack/projects/plugins/wpcloud-sso/composer.lock,,file,,,,,
The_Apache_Software_Foundation-Apache_Ambari,walker,1.0.7,library,pkg:npm/walker@1.0.7,cpe:2.3:a:walker:walker:1.0.7:*:*:*:*:*:*:*,javascript,npm,/contrib/views/wfmanager/src/main/resources/ui/yarn.lock
Liferay-Liferay,detect-libc,1.0.3,library,pkg:npm/detect-libc@1.0.3,cpe:2.3:a:detect-libc:detect-libc:1.0.3:*:*:*:*:*:*:*,javascript,npm,/modules/dxp/apps/osb/osb-faro/yarn.lock
Open_Source-Drupal,typed-array-length,1.0.7,library,pkg:npm/typed-array-length@1.0.7,cpe:2.3:a:typed-array-length:typed-array-length:1.0.7:*:*:*:*:*:*:*,javascript,npm,/core/yarn.lock
Jetpack-JetPack,automattic/jetpack-boost-speed-score,dev-trunk,library,pkg:composer/automattic/jetpack-boost-speed-score@dev-trunk,cpe:2.3:a:automattic\/jetpack-boost-speed-score:automattic\/jetpack-boost-speed-score:dev-trunk:*:*:*:*:*:*:*,php,php-composer,/projects/plugins/jetpack/composer.lock
FACEBOOK-React,asn1,0.2.3,library,pkg:npm/asn1@0.2.3,cpe:2.3:a:asn1:asn1:0.2.3:*:*:*:*:*:*:*,javascript,npm,/fixtures/packaging/webpack-alias/prod/yarn.lock
Liferay-Liferay,faye-websocket,0.10.0,library,pkg:npm/faye-websocket@0.10.0,cpe:2.3:a:faye-websocket:faye-websocket:0.10.0:*:*:*:*:*:*:*,javascript,npm,/modules/yarn.lock
Jetpack-JetPack,micromark-util-types,2.0.2,library,pkg:npm/micromark-util-types@2.0.2,cpe:2.3:a:micromark-util-types:micromark-util-types:2.0.2:*:*:*:*:*:*:*,javascript,npm,/pnpm-lock.yaml
Google-Angular_Material,karma-source-map-support,1.4.0,library,pkg:npm/karma-source-map-support@1.4.0,cpe:2.3:a:karma-source-map-support:karma-source-map-support:1.4.0:*:*:*:*:*:*:*,javascript,npm,/pnpm-lock.yaml
FACEBOOK-React,constants-browserify,1.0.0,library,pkg:npm/constants-browserify@1.0.0,cpe:2.3:a:constants-browserify:constants-browserify:1.0.0:*:*:*:*:*:*:*,javascript,npm,/fixtures/fiber-debugger/yarn.lock
Grafana_Labs-Grafana,go.uber.org/atomic,v1.11.0,library,pkg:golang/go.uber.org/atomic@v1.11.0,,go,go-module,/apps/dashvalidator/go.mod
FACEBOOK-React,form-data,2.1.4,library,pkg:npm/form-data@2.1.4,cpe:2.3:a:form-data:form-data:2.1.4:*:*:*:*:*:*:*,javascript,npm,/fixtures/packaging/webpack-alias/prod/yarn.lock
Grafana_Labs-Grafana,4d63.com/gochecknoglobals,v0.2.2,library,pkg:golang/4d63.com/gochecknoglobals@v0.2.2,,go,go-module,/.citools/src/golangci-lint/go.mod
Concrete5-Concrete5,escape-string-regexp,1.0.5,library,pkg:npm/escape-string-regexp@1.0.5,cpe:2.3:a:escape-string-regexp:escape-string-regexp:1.0.5:*:*:*:*:*:*:*,javascript,npm,/build/package-lock.json
XWiki-XWiki,run-parallel,1.2.0,library,pkg:npm/run-parallel@1.2.0,cpe:2.3:a:run-parallel:run-parallel:1.2.0:*:*:*:*:*:*:*,javascript,npm,/pnpm-lock.yaml
Open_Source-Drupal,@npmcli/fs,4.0.0,library,pkg:npm/%40npmcli/fs@4.0.0,cpe:2.3:a:\@npmcli\/fs:\@npmcli\/fs:4.0.0:*:*:*:*:*:*:*,javascript,npm,/core/yarn.lock
Grafana_Labs-Grafana,@swc/core-linux-arm-gnueabihf,1.15.17,library,pkg:npm/%40swc/core-linux-arm-gnueabihf@1.15.17,cpe:2.3:a:\@swc\/core-linux-arm-gnueabihf:\@swc\/core-linux-arm-gnueabihf:1.15.17:*:*:*:*:*:*:*,javascript,npm,/yarn.lock
XWiki-XWiki,xwiki-platform-extension-security-ui,18.3.0-SNAPSHOT,library,pkg:maven/org.xwiki.platform/xwiki-platform-extension-security-ui@18.3.0-SNAPSHOT,cpe:2.3:a:xwiki-platform-extension-security-ui:xwiki-platform-extension-security-ui:18.3.0-SNAPSHOT:*:*:*:*:*:*:*,java,java-archive,/xwiki-platform-core/xwiki-platform-extension/xwiki-platform-extension-security/xwiki-platform-extension-security-ui/pom.xml
Shopware_Inc-Shopware,chalk,5.4.1,library,pkg:npm/chalk@5.4.1,cpe:2.3:a:chalk:chalk:5.4.1:*:*:*:*:*:*:*,javascript,npm,/src/Administration/Resources/app/administration/package-lock.json
GHOST-Ghost,postcss-place,7.0.5,library,pkg:npm/postcss-place@7.0.5,cpe:2.3:a:postcss-place:postcss-place:7.0.5:*:*:*:*:*:*:*,javascript,npm,/yarn.lock
Vaadin-Vaadin,/Users/dmk6603/Documents/cloned_repos_oss_swdb/Vaadin-Vaadin/test/servlet-containers/karaf/karaf-run/apache-karaf-4.2.1-minimal/system/org/apache/karaf/features/org.apache.karaf.features.core/4.2.1/org.apache.karaf.features.core-4.2.1.jar,,file,,,,,
Google-Angular_Material,angular/dev-infra/github-actions/bazel/configure-remote,b9bca459f29f61177a829e69089730415c95ccde,library,pkg:github/angular/dev-infra@b9bca459f29f61177a829e69089730415c95ccde#github-actions/bazel/configure-remote,cpe:2.3:a:angular\/dev-infra\/github-actions\/bazel\/configure-remote:angular\/dev-infra\/github-actions\/bazel\/configure-remote:b9bca459f29f61177a829e69089730415c95ccde:*:*:*:*:*:*:*,,github-action,/.github/workflows/pr.material-aio.yml
dotCMS-dotCMS,dot.slf4j-api,UNKNOWN,library,pkg:maven/com.dotcms.lib/dot.slf4j-api,cpe:2.3:a:com.dotcms.lib:dot.slf4j-api:*:*:*:*:*:*:*:*,java,java-archive,/dotCMS/pom.xml
dotCMS-dotCMS,actions/cache/restore,v4,library,pkg:github/actions/cache@v4#restore,cpe:2.3:a:actions\/cache\/restore:actions\/cache\/restore:v4:*:*:*:*:*:*:*,,github-action,/.github/workflows/legacy-release_maven-release-process.yml
Liferay-Liferay,picocolors,1.1.1,library,pkg:npm/picocolors@1.1.1,cpe:2.3:a:picocolors:picocolors:1.1.1:*:*:*:*:*:*:*,javascript,npm,/modules/apps/frontend-js/frontend-js-clay-web/clay/www/yarn.lock
Liferay-Liferay,array-sort,1.0.0,library,pkg:npm/array-sort@1.0.0,cpe:2.3:a:array-sort:array-sort:1.0.0:*:*:*:*:*:*:*,javascript,npm,/modules/yarn.lock
Thelia-Thelia,locate-path,6.0.0,library,pkg:npm/locate-path@6.0.0,cpe:2.3:a:locate-path:locate-path:6.0.0:*:*:*:*:*:*:*,javascript,npm,/templates/frontOffice/modern/yarn.lock
Grafana_Labs-Grafana,publint,0.3.12,library,pkg:npm/publint@0.3.12,cpe:2.3:a:publint:publint:0.3.12:*:*:*:*:*:*:*,javascript,npm,/yarn.lock
ECLIPSE-Jetty,jetty-ee10-test-client-transports,12.1.8-SNAPSHOT,library,pkg:maven/org.eclipse.jetty.ee10/jetty-ee10-test-client-transports@12.1.8-SNAPSHOT,cpe:2.3:a:jetty-ee10-test-client-transports:jetty-ee10-test-client-transports:12.1.8-SNAPSHOT:*:*:*:*:*:*:*,java,java-archive,/jetty-ee10/jetty-ee10-tests/jetty-ee10-test-client-transports/pom.xml
Rust-Rust,windows-targets,0.53.3,library,pkg:cargo/windows-targets@0.53.3,cpe:2.3:a:windows-targets:windows-targets:0.53.3:*:*:*:*:*:*:*,rust,rust-crate,/src/tools/rustfmt/Cargo.lock
Google-Angular_Material,@parcel/watcher-linux-x64-glibc,2.5.1,library,pkg:npm/%40parcel/watcher-linux-x64-glibc@2.5.1,cpe:2.3:a:\@parcel\/watcher-linux-x64-glibc:\@parcel\/watcher-linux-x64-glibc:2.5.1:*:*:*:*:*:*:*,javascript,npm,/integration/ng-add/pnpm-lock.yaml
dotCMS-dotCMS,colorette,2.0.20,library,pkg:npm/colorette@2.0.20,cpe:2.3:a:colorette:colorette:2.0.20:*:*:*:*:*:*:*,javascript,npm,/core-web/yarn.lock
ec-cube_net-EC-CUBE,actions/checkout,de0fac2e4500dabe0009e67214ff5f5447ce83dd,library,pkg:github/actions/checkout@de0fac2e4500dabe0009e67214ff5f5447ce83dd,cpe:2.3:a:actions\/checkout:actions\/checkout:de0fac2e4500dabe0009e67214ff5f5447ce83dd:*:*:*:*:*:*:*,,github-action,/.github/workflows/zaproxy.yml
Node_js-Node_js,mdast-comment-marker,3.0.0,library,pkg:npm/mdast-comment-marker@3.0.0,cpe:2.3:a:mdast-comment-marker:mdast-comment-marker:3.0.0:*:*:*:*:*:*:*,javascript,npm,/tools/lint-md/package-lock.json
Neos-Neos,cross-spawn,7.0.3,library,pkg:npm/cross-spawn@7.0.3,cpe:2.3:a:cross-spawn:cross-spawn:7.0.3:*:*:*:*:*:*:*,javascript,npm,/Neos.Neos/yarn.lock
Node_js-Node_js,@radix-ui/react-select,2.2.6,library,pkg:npm/%40radix-ui/react-select@2.2.6,cpe:2.3:a:\@radix-ui\/react-select:\@radix-ui\/react-select:2.2.6:*:*:*:*:*:*:*,javascript,npm,/tools/doc/package-lock.json
FACEBOOK-React,babel-plugin-transform-class-properties,6.22.0,library,pkg:npm/babel-plugin-transform-class-properties@6.22.0,cpe:2.3:a:babel-plugin-transform-class-properties:babel-plugin-transform-class-properties:6.22.0:*:*:*:*:*:*:*,javascript,npm,/fixtures/ssr/yarn.lock
Sentry-Ravenjs,core-js,2.6.12,library,pkg:npm/core-js@2.6.12,cpe:2.3:a:core-js:core-js:2.6.12:*:*:*:*:*:*:*,javascript,npm,/yarn.lock
Liferay-Liferay,path-dirname,1.0.2,library,pkg:npm/path-dirname@1.0.2,cpe:2.3:a:path-dirname:path-dirname:1.0.2:*:*:*:*:*:*:*,javascript,npm,/modules/yarn.lock
Liferay-Liferay,@babel/code-frame,7.26.2,library,pkg:npm/%40babel/code-frame@7.26.2,cpe:2.3:a:\@babel\/code-frame:\@babel\/code-frame:7.26.2:*:*:*:*:*:*:*,javascript,npm,/workspaces/liferay-evp-workspace/yarn.lock
The_Apache_Software_Foundation-Apache_Tez,lodash.merge,4.6.2,library,pkg:npm/lodash.merge@4.6.2,cpe:2.3:a:lodash.merge:lodash.merge:4.6.2:*:*:*:*:*:*:*,javascript,npm,/tez-ui/src/main/webapp/yarn.lock
dotCMS-dotCMS,monaco-editor,0.33.0,library,pkg:npm/monaco-editor@0.33.0,cpe:2.3:a:monaco-editor:monaco-editor:0.33.0:*:*:*:*:*:*:*,javascript,npm,/core-web/yarn.lock
Tilde-Emberjs,actions/checkout,v6.0.2,library,pkg:github/actions/checkout@v6.0.2,cpe:2.3:a:actions\/checkout:actions\/checkout:v6.0.2:*:*:*:*:*:*:*,,github-action,/.github/workflows/package-size.yml
FACEBOOK-React,create-hash,1.2.0,library,pkg:npm/create-hash@1.2.0,cpe:2.3:a:create-hash:create-hash:1.2.0:*:*:*:*:*:*:*,javascript,npm,/fixtures/attribute-behavior/yarn.lock
XWiki-XWiki,strip-bom,3.0.0,library,pkg:npm/strip-bom@3.0.0,cpe:2.3:a:strip-bom:strip-bom:3.0.0:*:*:*:*:*:*:*,javascript,npm,/pnpm-lock.yaml
Angular-AngularJS,side-channel-weakmap,1.0.2,library,pkg:npm/side-channel-weakmap@1.0.2,cpe:2.3:a:side-channel-weakmap:side-channel-weakmap:1.0.2:*:*:*:*:*:*:*,javascript,npm,/integration/ng-add-localize/pnpm-lock.yaml
Google-Angular_Material,@babel/helper-validator-option,7.27.1,library,pkg:npm/%40babel/helper-validator-option@7.27.1,cpe:2.3:a:\@babel\/helper-validator-option:\@babel\/helper-validator-option:7.27.1:*:*:*:*:*:*:*,javascript,npm,/docs/src/assets/stackblitz/package-lock.json
Angular-AngularJS,proxy-addr,2.0.7,library,pkg:npm/proxy-addr@2.0.7,cpe:2.3:a:proxy-addr:proxy-addr:2.0.7:*:*:*:*:*:*:*,javascript,npm,/integration/trusted-types/pnpm-lock.yaml
WooCommerce-WooCommerce,write,1.0.3,library,pkg:npm/write@1.0.3,cpe:2.3:a:write:write:1.0.3:*:*:*:*:*:*:*,javascript,npm,/pnpm-lock.yaml
dotCMS-dotCMS,@module-federation/runtime-core,0.18.4,library,pkg:npm/%40module-federation/runtime-core@0.18.4,cpe:2.3:a:\@module-federation\/runtime-core:\@module-federation\/runtime-core:0.18.4:*:*:*:*:*:*:*,javascript,npm,/core-web/yarn.lock
Liferay-Liferay,remark-stringify,6.0.4,library,pkg:npm/remark-stringify@6.0.4,cpe:2.3:a:remark-stringify:remark-stringify:6.0.4:*:*:*:*:*:*:*,javascript,npm,/modules/yarn.lock
Liferay-Liferay,ecc-jsbn,0.1.1,library,pkg:npm/ecc-jsbn@0.1.1,cpe:2.3:a:ecc-jsbn:ecc-jsbn:0.1.1:*:*:*:*:*:*:*,javascript,npm,/modules/dxp/apps/osb/osb-faro/yarn.lock
Liferay-Liferay,base64id,2.0.0,library,pkg:npm/base64id@2.0.0,cpe:2.3:a:base64id:base64id:2.0.0:*:*:*:*:*:*:*,javascript,npm,/workspaces/liferay-sample-workspace/client-extensions/liferay-sample-custom-element-3/yarn.lock
GHOST-Ghost,html-minifier,4.0.0,library,pkg:npm/html-minifier@4.0.0,cpe:2.3:a:kangax:html-minifier:4.0.0:*:*:*:*:node.js:*:*,javascript,npm,/yarn.lock
Neos-Neos,autoprefixer,9.8.5,library,pkg:npm/autoprefixer@9.8.5,cpe:2.3:a:autoprefixer:autoprefixer:9.8.5:*:*:*:*:*:*:*,javascript,npm,/Neos.Media.Browser/package-lock.json
Plotly_Inc-Plotly,supports-preserve-symlinks-flag,1.0.0,library,pkg:npm/supports-preserve-symlinks-flag@1.0.0,cpe:2.3:a:supports-preserve-symlinks-flag:supports-preserve-symlinks-flag:1.0.0:*:*:*:*:*:*:*,javascript,npm,/package-lock.json
Ionic-Ionic_Framework,postcss-page-break,3.0.4,library,pkg:npm/postcss-page-break@3.0.4,cpe:2.3:a:postcss-page-break:postcss-page-break:3.0.4:*:*:*:*:*:*:*,javascript,npm,/packages/react/test/apps/react17/package-lock.json
PowerDNS-DNS_Server,urllib3,2.6.3,library,pkg:pypi/urllib3@2.6.3,cpe:2.3:a:python:urllib3:2.6.3:*:*:*:*:*:*:*,python,python,/regression-tests.recursor-dnssec/requirements.txt
Grafana_Labs-Grafana,math-intrinsics,1.1.0,library,pkg:npm/math-intrinsics@1.1.0,cpe:2.3:a:math-intrinsics:math-intrinsics:1.1.0:*:*:*:*:*:*:*,javascript,npm,/yarn.lock
Jahia-Jahia,figures,2.0.0,library,pkg:npm/figures@2.0.0,cpe:2.3:a:figures:figures:2.0.0:*:*:*:*:*:*:*,javascript,npm,/war/yarn.lock
Kubernetes-k8s,github.com/modern-go/concurrent,v0.0.0-20180306012644-bacd9c7ef1dd,library,pkg:golang/github.com/modern-go/concurrent@v0.0.0-20180306012644-bacd9c7ef1dd,cpe:2.3:a:modern-go:concurrent:v0.0.0-20180306012644-bacd9c7ef1dd:*:*:*:*:*:*:*,go,go-module,/staging/src/k8s.io/apiserver/go.mod
Pivotal_Software-Spring,./.github/actions/build,UNKNOWN,library,,cpe:2.3:a:.\/.github\/actions\/build:.\/.github\/actions\/build:*:*:*:*:*:*:*:*,,github-action,/.github/workflows/ci.yml
Angular-AngularJS,webdriver-js-extender,2.1.0,library,pkg:npm/webdriver-js-extender@2.1.0,cpe:2.3:a:webdriver-js-extender:webdriver-js-extender:2.1.0:*:*:*:*:*:*:*,javascript,npm,/integration/trusted-types/pnpm-lock.yaml
FACEBOOK-React,json-parse-better-errors,1.0.2,library,pkg:npm/json-parse-better-errors@1.0.2,cpe:2.3:a:json-parse-better-errors:json-parse-better-errors:1.0.2:*:*:*:*:*:*:*,javascript,npm,/fixtures/ssr2/package-lock.json
Angular-AngularJS,websocket-extensions,0.1.4,library,pkg:npm/websocket-extensions@0.1.4,cpe:2.3:a:websocket-extensions_project:websocket-extensions:0.1.4:*:*:*:*:node.js:*:*,javascript,npm,/integration/platform-server-zoneless/pnpm-lock.yaml
Grafana_Labs-Grafana,commander,12.1.0,library,pkg:npm/commander@12.1.0,cpe:2.3:a:commander:commander:12.1.0:*:*:*:*:*:*:*,javascript,npm,/yarn.lock
Liferay-Liferay,is-generator-function,1.0.10,library,pkg:npm/is-generator-function@1.0.10,cpe:2.3:a:is-generator-function:is-generator-function:1.0.10:*:*:*:*:*:*:*,javascript,npm,/workspaces/liferay-ticket-workspace/yarn.lock
Liferay-Liferay,@codemirror/lang-html,6.4.11,library,pkg:npm/%40codemirror/lang-html@6.4.11,cpe:2.3:a:\@codemirror\/lang-html:\@codemirror\/lang-html:6.4.11:*:*:*:*:*:*:*,javascript,npm,/modules/yarn.lock
Sun_Microsystems-GlassFish,glassfish-embedded-web,8.0.2-SNAPSHOT,library,pkg:maven/org.glassfish.extras/glassfish-embedded-web@8.0.2-SNAPSHOT,cpe:2.3:a:glassfish-embedded-web:glassfish-embedded-web:8.0.2-SNAPSHOT:*:*:*:*:*:*:*,java,java-archive,/appserver/tests/embedded/static/ejb/simple/pom.xml
Angular-AngularJS,extend,3.0.2,library,pkg:npm/extend@3.0.2,cpe:2.3:a:extend_project:extend:3.0.2:*:*:*:*:node.js:*:*,javascript,npm,/integration/legacy-animations/pnpm-lock.yaml
Angular-AngularJS,/Users/dmk6603/Documents/cloned_repos_oss_swdb/Angular-AngularJS/adev/src/content/tutorials/signal-forms/common/package-lock.json,,file,,,,,
Liferay-Liferay,ansi-regex,6.0.1,library,pkg:npm/ansi-regex@6.0.1,cpe:2.3:a:ansi-regex_project:ansi-regex:6.0.1:*:*:*:*:node.js:*:*,javascript,npm,/modules/yarn.lock
The_Apache_Software_Foundation-Apache_Storm,spring-core,7.0.5,library,pkg:maven/org.springframework/spring-core@7.0.5,cpe:2.3:a:springsource-spring-framework:springsource_spring_framework:7.0.5:*:*:*:*:*:*:*,java,java-archive,/examples/storm-jms-examples/pom.xml
Angular-AngularJS,angular/dev-infra/github-actions/linting/licenses,55af1f65dbeb0fe6a3de1d1134bd0dd8bc5e60cc,library,pkg:github/angular/dev-infra@55af1f65dbeb0fe6a3de1d1134bd0dd8bc5e60cc#github-actions/linting/licenses,cpe:2.3:a:angular\/dev-infra\/github-actions\/linting\/licenses:angular\/dev-infra\/github-actions\/linting\/licenses:55af1f65dbeb0fe6a3de1d1134bd0dd8bc5e60cc:*:*:*:*:*:*:*,,github-action,/.github/workflows/pr.yml
FACEBOOK-React,supports-color,5.5.0,library,pkg:npm/supports-color@5.5.0,cpe:2.3:a:supports-color:supports-color:5.5.0:*:*:*:*:*:*:*,javascript,npm,/fixtures/ssr2/package-lock.json
WooCommerce-WooCommerce,image-size,1.2.1,library,pkg:npm/image-size@1.2.1,cpe:2.3:a:image-size:image-size:1.2.1:*:*:*:*:*:*:*,javascript,npm,/docs/_docu-tools/pnpm-lock.yaml
Neos-Neos,path-key,3.1.1,library,pkg:npm/path-key@3.1.1,cpe:2.3:a:path-key:path-key:3.1.1:*:*:*:*:*:*:*,javascript,npm,/Neos.Neos/yarn.lock
Node_js-Node_js,micromark-factory-title,2.0.0,library,pkg:npm/micromark-factory-title@2.0.0,cpe:2.3:a:micromark-factory-title:micromark-factory-title:2.0.0:*:*:*:*:*:*:*,javascript,npm,/tools/lint-md/package-lock.json
Grafana_Labs-Grafana,go.uber.org/automaxprocs,v1.6.0,library,pkg:golang/go.uber.org/automaxprocs@v1.6.0,,go,go-module,/.citools/src/golangci-lint/go.mod
Shopsys_Framework-Shopsys_Framework,side-channel,1.1.0,library,pkg:npm/side-channel@1.1.0,cpe:2.3:a:side-channel:side-channel:1.1.0:*:*:*:*:*:*:*,javascript,npm,/project-base/storefront/pnpm-lock.yaml
Angular-AngularJS,d3-array,2.12.1,library,pkg:npm/d3-array@2.12.1,cpe:2.3:a:d3-array:d3-array:2.12.1:*:*:*:*:*:*:*,javascript,npm,/pnpm-lock.yaml
Ionic-Ionic_Framework,serialize-javascript,6.0.0,library,pkg:npm/serialize-javascript@6.0.0,cpe:2.3:a:verizon:serialize-javascript:6.0.0:*:*:*:*:node.js:*:*,javascript,npm,/packages/react/test/apps/react17/package-lock.json
Jahia-Jahia,arr-diff,1.1.0,library,pkg:npm/arr-diff@1.1.0,cpe:2.3:a:arr-diff:arr-diff:1.1.0:*:*:*:*:*:*:*,javascript,npm,/war/yarn.lock
Liferay-Liferay,data-view-buffer,1.0.1,library,pkg:npm/data-view-buffer@1.0.1,cpe:2.3:a:data-view-buffer:data-view-buffer:1.0.1:*:*:*:*:*:*:*,javascript,npm,/workspaces/liferay-ups-workspace/yarn.lock
Angular-AngularJS,pvutils,1.1.5,library,pkg:npm/pvutils@1.1.5,cpe:2.3:a:pvutils:pvutils:1.1.5:*:*:*:*:*:*:*,javascript,npm,/integration/animations/pnpm-lock.yaml
Liferay-Liferay,once,1.4.0,library,pkg:npm/once@1.4.0,cpe:2.3:a:once:once:1.4.0:*:*:*:*:*:*:*,javascript,npm,/workspaces/liferay-x-workspace/yarn.lock
Meteor_Development_Group_Inc_-Meteor,object-inspect,1.13.4,library,pkg:npm/object-inspect@1.13.4,cpe:2.3:a:object-inspect:object-inspect:1.13.4:*:*:*:*:*:*:*,javascript,npm,/npm-packages/meteor-rspack/package-lock.json
Spree_Commerce-SpreeCommerc,pretty-ms,9.3.0,library,pkg:npm/pretty-ms@9.3.0,cpe:2.3:a:pretty-ms:pretty-ms:9.3.0:*:*:*:*:*:*:*,javascript,npm,/pnpm-lock.yaml
Angular-AngularJS,@npmcli/run-script,10.0.4,library,pkg:npm/%40npmcli/run-script@10.0.4,cpe:2.3:a:\@npmcli\/run-script:\@npmcli\/run-script:10.0.4:*:*:*:*:*:*:*,javascript,npm,/integration/cli-hello-world-ivy-i18n/pnpm-lock.yaml
Grafana_Labs-Grafana,github.com/mitchellh/reflectwalk,v1.0.2,library,pkg:golang/github.com/mitchellh/reflectwalk@v1.0.2,cpe:2.3:a:mitchellh:reflectwalk:v1.0.2:*:*:*:*:*:*:*,go,go-module,/.citools/src/swagger/go.mod
Angular-AngularJS,open,11.0.0,library,pkg:npm/open@11.0.0,cpe:2.3:a:open:open:11.0.0:*:*:*:*:*:*:*,javascript,npm,/integration/standalone-bootstrap/pnpm-lock.yaml
WooCommerce-WooCommerce,react-easy-crop,5.1.0,library,pkg:npm/react-easy-crop@5.1.0,cpe:2.3:a:react-easy-crop:react-easy-crop:5.1.0:*:*:*:*:*:*:*,javascript,npm,/pnpm-lock.yaml
FACEBOOK-React,es5-ext,0.8.2,library,pkg:npm/es5-ext@0.8.2,cpe:2.3:a:medikoo:es5-ext:0.8.2:*:*:*:*:node.js:*:*,javascript,npm,/compiler/yarn.lock
OpenCart-Commerce_Software,flat,5.0.2,library,pkg:npm/flat@5.0.2,cpe:2.3:a:flat:flat:5.0.2:*:*:*:*:*:*:*,javascript,npm,/tools/daux.io/yarn.lock
OpenCart-Commerce_Software,sade,1.8.1,library,pkg:npm/sade@1.8.1,cpe:2.3:a:sade:sade:1.8.1:*:*:*:*:*:*:*,javascript,npm,/tools/daux.io/yarn.lock
Civilized_Discourse_Construction_Kit_Inc_-Discourse,indent-string,4.0.0,library,pkg:npm/indent-string@4.0.0,cpe:2.3:a:indent-string:indent-string:4.0.0:*:*:*:*:*:*:*,javascript,npm,/pnpm-lock.yaml
Angular-AngularJS,@esbuild/linux-arm,0.27.3,library,pkg:npm/%40esbuild/linux-arm@0.27.3,cpe:2.3:a:\@esbuild\/linux-arm:\@esbuild\/linux-arm:0.27.3:*:*:*:*:*:*:*,javascript,npm,/integration/cli-hello-world/pnpm-lock.yaml
Jahia-Jahia,brace-expansion,1.1.11,library,pkg:npm/brace-expansion@1.1.11,cpe:2.3:a:brace-expansion:brace-expansion:1.1.11:*:*:*:*:*:*:*,javascript,npm,/war/yarn.lock
FACEBOOK-React,@img/sharp-wasm32,0.34.3,library,pkg:npm/%40img/sharp-wasm32@0.34.3,cpe:2.3:a:\@img\/sharp-wasm32:\@img\/sharp-wasm32:0.34.3:*:*:*:*:*:*:*,javascript,npm,/compiler/apps/playground/yarn.lock
Apollo_GraphQL-Apollo_Client,char-regex,1.0.2,library,pkg:npm/char-regex@1.0.2,cpe:2.3:a:char-regex:char-regex:1.0.2:*:*:*:*:*:*:*,javascript,npm,/integration-tests/pnpm-lock.yaml
Grafana_Labs-Grafana,./.github/actions/build-package,UNKNOWN,library,,cpe:2.3:a:.\/.github\/actions\/build-package:.\/.github\/actions\/build-package:*:*:*:*:*:*:*:*,,github-action,/.github/workflows/release-build.yml
Neos-Neos,babel-messages,6.23.0,library,pkg:npm/babel-messages@6.23.0,cpe:2.3:a:babel-messages:babel-messages:6.23.0:*:*:*:*:*:*:*,javascript,npm,/Neos.Media.Browser/yarn.lock
MongoDB-MongoDB,trio-websocket,0.11.1,library,pkg:pypi/trio-websocket@0.11.1,cpe:2.3:a:python-trio-websocket:python-trio-websocket:0.11.1:*:*:*:*:*:*:*,python,python,/poetry.lock
Rust-Rust,core,0.0.0,library,pkg:cargo/core@0.0.0,cpe:2.3:a:core:core:0.0.0:*:*:*:*:*:*:*,rust,rust-crate,/library/Cargo.lock
Bolt-Bolt,cli-highlight,2.1.11,library,pkg:npm/cli-highlight@2.1.11,cpe:2.3:a:cli-highlight:cli-highlight:2.1.11:*:*:*:*:*:*:*,javascript,npm,/package-lock.json
FACEBOOK-React,builtin-status-codes,3.0.0,library,pkg:npm/builtin-status-codes@3.0.0,cpe:2.3:a:builtin-status-codes:builtin-status-codes:3.0.0:*:*:*:*:*:*:*,javascript,npm,/fixtures/ssr2/package-lock.json
Angular-AngularJS,side-channel,1.1.0,library,pkg:npm/side-channel@1.1.0,cpe:2.3:a:side-channel:side-channel:1.1.0:*:*:*:*:*:*:*,javascript,npm,/integration/platform-server/pnpm-lock.yaml
The_Apache_Software_Foundation-Apache_NiFi,/Users/dmk6603/Documents/cloned_repos_oss_swdb/The_Apache_Software_Foundation-Apache_NiFi/nifi-registry/pom.xml,,file,,,,,
Plotly_Inc-Plotly,gl-vao,1.3.0,library,pkg:npm/gl-vao@1.3.0,cpe:2.3:a:gl-vao:gl-vao:1.3.0:*:*:*:*:*:*:*,javascript,npm,/stackgl_modules/package-lock.json
Tilde-Emberjs,fs-tree-diff,0.5.9,library,pkg:npm/fs-tree-diff@0.5.9,cpe:2.3:a:fs-tree-diff:fs-tree-diff:0.5.9:*:*:*:*:*:*:*,javascript,npm,/pnpm-lock.yaml
The_Apache_Software_Foundation-Apache_Flink,flink-libraries,2.3-SNAPSHOT,library,pkg:maven/org.apache.flink/flink-libraries@2.3-SNAPSHOT,cpe:2.3:a:apache:flink-libraries:2.3-SNAPSHOT:*:*:*:*:*:*:*,java,java-archive,/flink-libraries/pom.xml
Sentry-Ravenjs,@types/react-dom,18.3.7,library,pkg:npm/%40types/react-dom@18.3.7,cpe:2.3:a:\@types\/react-dom:\@types\/react-dom:18.3.7:*:*:*:*:*:*:*,javascript,npm,/yarn.lock
Liferay-Liferay,babel-plugin-istanbul,6.0.0,library,pkg:npm/babel-plugin-istanbul@6.0.0,cpe:2.3:a:babel-plugin-istanbul:babel-plugin-istanbul:6.0.0:*:*:*:*:*:*:*,javascript,npm,/modules/dxp/apps/osb/osb-faro/yarn.lock
Tilde-Emberjs,@esbuild/win32-x64,0.27.4,library,pkg:npm/%40esbuild/win32-x64@0.27.4,cpe:2.3:a:\@esbuild\/win32-x64:\@esbuild\/win32-x64:0.27.4:*:*:*:*:*:*:*,javascript,npm,/pnpm-lock.yaml
The_Apache_Software_Foundation-Apache_NiFi,internmap,2.0.3,library,pkg:npm/internmap@2.0.3,cpe:2.3:a:internmap:internmap:2.0.3:*:*:*:*:*:*:*,javascript,npm,/nifi-frontend/src/main/frontend/package-lock.json
Ionic-Ionic_Framework,@rollup/rollup-win32-arm64-msvc,4.34.9,library,pkg:npm/%40rollup/rollup-win32-arm64-msvc@4.34.9,cpe:2.3:a:\@rollup\/rollup-win32-arm64-msvc:\@rollup\/rollup-win32-arm64-msvc:4.34.9:*:*:*:*:*:*:*,javascript,npm,/core/package-lock.json
Liferay-Liferay,console-control-strings,1.1.0,library,pkg:npm/console-control-strings@1.1.0,cpe:2.3:a:console-control-strings:console-control-strings:1.1.0:*:*:*:*:*:*:*,javascript,npm,/workspaces/liferay-sample-workspace/client-extensions/liferay-sample-custom-element-3/yarn.lock
Neos-Neos,config-chain,1.1.11,library,pkg:npm/config-chain@1.1.11,cpe:2.3:a:config-chain:config-chain:1.1.11:*:*:*:*:*:*:*,javascript,npm,/Neos.Media.Browser/yarn.lock
Angular-AngularJS,onetime,7.0.0,library,pkg:npm/onetime@7.0.0,cpe:2.3:a:onetime:onetime:7.0.0:*:*:*:*:*:*:*,javascript,npm,/pnpm-lock.yaml
The_Apache_Software_Foundation-Apache_Flink,flink-walkthrough-table-java,2.3-SNAPSHOT,library,pkg:maven/org.apache.flink/flink-walkthrough-table-java@2.3-SNAPSHOT,cpe:2.3:a:apache:flink-walkthrough-table-java:2.3-SNAPSHOT:*:*:*:*:*:*:*,java,java-archive,/flink-walkthroughs/flink-walkthrough-table-java/pom.xml
GHOST-Ghost,@ember-data/model,3.24.0,library,pkg:npm/%40ember-data/model@3.24.0,cpe:2.3:a:\@ember-data\/model:\@ember-data\/model:3.24.0:*:*:*:*:*:*:*,javascript,npm,/yarn.lock
Sentry-Ravenjs,functions-have-names,1.2.3,library,pkg:npm/functions-have-names@1.2.3,cpe:2.3:a:functions-have-names:functions-have-names:1.2.3:*:*:*:*:*:*:*,javascript,npm,/yarn.lock
XWiki-XWiki,xwiki-platform-wysiwyg-webjar,18.3.0-SNAPSHOT,library,pkg:maven/org.xwiki.platform/xwiki-platform-wysiwyg-webjar@18.3.0-SNAPSHOT,cpe:2.3:a:xwiki-platform-wysiwyg-webjar:xwiki-platform-wysiwyg-webjar:18.3.0-SNAPSHOT:*:*:*:*:*:*:*,java,java-archive,/xwiki-platform-core/xwiki-platform-wysiwyg/xwiki-platform-wysiwyg-webjar/pom.xml
PowerDNS-DNS_Server,idna,3.11,library,pkg:pypi/idna@3.11,cpe:2.3:a:python-idna:python-idna:3.11:*:*:*:*:*:*:*,python,python,/regression-tests.api/requirements.txt
ThoughtWorks_Inc_-GoCD,@babel/helper-validator-identifier,7.28.5,library,pkg:npm/%40babel/helper-validator-identifier@7.28.5,cpe:2.3:a:\@babel\/helper-validator-identifier:\@babel\/helper-validator-identifier:7.28.5:*:*:*:*:*:*:*,javascript,npm,/server/src/main/webapp/WEB-INF/rails/yarn.lock
Aerospike-Aerospike,actions/create-github-app-token,v2.2.1,library,pkg:github/actions/create-github-app-token@v2.2.1,cpe:2.3:a:actions\/create-github-app-token:actions\/create-github-app-token:v2.2.1:*:*:*:*:*:*:*,,github-action,/.github/workflows/build-and-test.yaml
druidio-Druid,@babel/code-frame,7.26.2,library,pkg:npm/%40babel/code-frame@7.26.2,cpe:2.3:a:\@babel\/code-frame:\@babel\/code-frame:7.26.2:*:*:*:*:*:*:*,javascript,npm,/website/package-lock.json
Grafana_Labs-Grafana,github.com/fxamacker/cbor/v2,v2.9.0,library,pkg:golang/github.com/fxamacker/cbor/v2@v2.9.0,cpe:2.3:a:fxamacker:cbor\/v2:v2.9.0:*:*:*:*:*:*:*,go,go-module,/pkg/apimachinery/go.mod
Angular-AngularJS,@msgpackr-extract/msgpackr-extract-darwin-arm64,3.0.3,library,pkg:npm/%40msgpackr-extract/msgpackr-extract-darwin-arm64@3.0.3,cpe:2.3:a:\@msgpackr-extract\/msgpackr-extract-darwin-arm64:\@msgpackr-extract\/msgpackr-extract-darwin-arm64:3.0.3:*:*:*:*:*:*:*,javascript,npm,/integration/platform-server/pnpm-lock.yaml
Meteor_Development_Group_Inc_-Meteor,/Users/dmk6603/Documents/cloned_repos_oss_swdb/Meteor_Development_Group_Inc_-Meteor/package-lock.json,,file,,,,,
FACEBOOK-HHVM,is-regexp,1.0.0,library,pkg:npm/is-regexp@1.0.0,cpe:2.3:a:is-regexp:is-regexp:1.0.0:*:*:*:*:*:*:*,javascript,npm,/third-party/watchman/src/website/yarn.lock
The_Apache_Software_Foundation-Apache_Ambari,are-we-there-yet,1.1.4,library,pkg:npm/are-we-there-yet@1.1.4,cpe:2.3:a:are-we-there-yet:are-we-there-yet:1.1.4:*:*:*:*:*:*:*,javascript,npm,/contrib/views/files/src/main/resources/ui/yarn.lock
CodeIgniter-CodeIgniter,shivammathur/setup-php,2.37.0,library,pkg:github/shivammathur/setup-php@2.37.0,cpe:2.3:a:shivammathur\/setup-php:shivammathur\/setup-php:2.37.0:*:*:*:*:*:*:*,,github-action,/.github/workflows/test-coding-standards.yml
Selenium-Selenium,platformdirs,4.9.4,library,pkg:pypi/platformdirs@4.9.4,cpe:2.3:a:python-platformdirs:python-platformdirs:4.9.4:*:*:*:*:*:*:*,python,python,/py/requirements_lock.txt
GHOST-Ghost,lazy-universal-dotenv,4.0.0,library,pkg:npm/lazy-universal-dotenv@4.0.0,cpe:2.3:a:lazy-universal-dotenv:lazy-universal-dotenv:4.0.0:*:*:*:*:*:*:*,javascript,npm,/yarn.lock
Angular-AngularJS,braces,3.0.3,library,pkg:npm/braces@3.0.3,cpe:2.3:a:braces_project:braces:3.0.3:*:*:*:*:node.js:*:*,javascript,npm,/integration/cli-hello-world-lazy/pnpm-lock.yaml
Shopsys_Framework-Shopsys_Framework,string.prototype.repeat,1.0.0,library,pkg:npm/string.prototype.repeat@1.0.0,cpe:2.3:a:string.prototype.repeat:string.prototype.repeat:1.0.0:*:*:*:*:*:*:*,javascript,npm,/project-base/storefront/pnpm-lock.yaml
Shopsys_Framework-Shopsys_Framework,enhanced-resolve,5.19.0,library,pkg:npm/enhanced-resolve@5.19.0,cpe:2.3:a:enhanced-resolve:enhanced-resolve:5.19.0:*:*:*:*:*:*:*,javascript,npm,/project-base/storefront/pnpm-lock.yaml
Google-Angular_Material,@lmdb/lmdb-darwin-x64,3.4.2,library,pkg:npm/%40lmdb/lmdb-darwin-x64@3.4.2,cpe:2.3:a:\@lmdb\/lmdb-darwin-x64:\@lmdb\/lmdb-darwin-x64:3.4.2:*:*:*:*:*:*:*,javascript,npm,/integration/ng-add/pnpm-lock.yaml
Angular-AngularJS,@babel/plugin-transform-async-to-generator,7.28.6,library,pkg:npm/%40babel/plugin-transform-async-to-generator@7.28.6,cpe:2.3:a:\@babel\/plugin-transform-async-to-generator:\@babel\/plugin-transform-async-to-generator:7.28.6:*:*:*:*:*:*:*,javascript,npm,/integration/cli-hello-world/pnpm-lock.yaml
FACEBOOK-HHVM,actions/stale,v9,library,pkg:github/actions/stale@v9,cpe:2.3:a:actions\/stale:actions\/stale:v9:*:*:*:*:*:*:*,,github-action,/third-party/proxygen/src/.github/workflows/close_stale.yml
Bolt-Bolt,arrify,1.0.1,library,pkg:npm/arrify@1.0.1,cpe:2.3:a:arrify:arrify:1.0.1:*:*:*:*:*:*:*,javascript,npm,/package-lock.json
Liferay-Liferay,mime-types,2.1.35,library,pkg:npm/mime-types@2.1.35,cpe:2.3:a:mime-types:mime-types:2.1.35:*:*:*:*:*:*:*,javascript,npm,/workspaces/liferay-learn-workspace/client-extensions/liferay-learn-global-js/yarn.lock
Angular-AngularJS,node-gyp-build-optional-packages,5.2.2,library,pkg:npm/node-gyp-build-optional-packages@5.2.2,cpe:2.3:a:node-gyp-build-optional-packages:node-gyp-build-optional-packages:5.2.2:*:*:*:*:*:*:*,javascript,npm,/integration/platform-server/pnpm-lock.yaml
Angular-AngularJS,@babel/core,7.29.0,library,pkg:npm/%40babel/core@7.29.0,cpe:2.3:a:\@babel\/core:\@babel\/core:7.29.0:*:*:*:*:*:*:*,javascript,npm,/integration/defer/pnpm-lock.yaml
Angular-AngularJS,@inquirer/checkbox,5.1.2,library,pkg:npm/%40inquirer/checkbox@5.1.2,cpe:2.3:a:\@inquirer\/checkbox:\@inquirer\/checkbox:5.1.2:*:*:*:*:*:*:*,javascript,npm,/integration/cli-hello-world/pnpm-lock.yaml
Angular-AngularJS,binary-extensions,2.3.0,library,pkg:npm/binary-extensions@2.3.0,cpe:2.3:a:binary-extensions:binary-extensions:2.3.0:*:*:*:*:*:*:*,javascript,npm,/integration/cli-hello-world/pnpm-lock.yaml
PrestaShop-Commerce_Software,ipaddr.js,1.9.1,library,pkg:npm/ipaddr.js@1.9.1,cpe:2.3:a:ipaddr.js:ipaddr.js:1.9.1:*:*:*:*:*:*:*,javascript,npm,/tests/UI/package-lock.json
Shopware_Inc-Shopware,balanced-match,4.0.4,library,pkg:npm/balanced-match@4.0.4,cpe:2.3:a:balanced-match:balanced-match:4.0.4:*:*:*:*:*:*:*,javascript,npm,/src/Storefront/Resources/app/storefront/package-lock.json
FACEBOOK-React,des.js,1.0.0,library,pkg:npm/des.js@1.0.0,cpe:2.3:a:des.js:des.js:1.0.0:*:*:*:*:*:*:*,javascript,npm,/fixtures/expiration/yarn.lock
SaltStack-SaltStack,./.github/workflows/test-action.yml,UNKNOWN,library,,cpe:2.3:a:.\/.github\/workflows\/test-action.yml:.\/.github\/workflows\/test-action.yml:*:*:*:*:*:*:*:*,,github-action-workflow,/.github/workflows/depcheck.yml
Liferay-Liferay,@esbuild/win32-x64,0.18.20,library,pkg:npm/%40esbuild/win32-x64@0.18.20,cpe:2.3:a:\@esbuild\/win32-x64:\@esbuild\/win32-x64:0.18.20:*:*:*:*:*:*:*,javascript,npm,/workspaces/liferay-ticket-workspace/client-extensions/liferay-ticket-custom-element/yarn.lock
Liferay-Liferay,@types/semver,7.5.8,library,pkg:npm/%40types/semver@7.5.8,cpe:2.3:a:\@types\/semver:\@types\/semver:7.5.8:*:*:*:*:*:*:*,javascript,npm,/workspaces/liferay-paypal-workspace/yarn.lock
Ionic-Ionic_Framework,cross-spawn,7.0.3,library,pkg:npm/cross-spawn@7.0.3,cpe:2.3:a:cross-spawn:cross-spawn:7.0.3:*:*:*:*:*:*:*,javascript,npm,/packages/react-router/test/apps/reactrouter5/package-lock.json
Neos-Neos,private,0.1.8,library,pkg:npm/private@0.1.8,cpe:2.3:a:private:private:0.1.8:*:*:*:*:*:*:*,javascript,npm,/Neos.Neos/yarn.lock
Rust-Rust,anstyle-query,1.1.5,library,pkg:cargo/anstyle-query@1.1.5,cpe:2.3:a:anstyle-query:anstyle-query:1.1.5:*:*:*:*:*:*:*,rust,rust-crate,/library/stdarch/Cargo.lock
Liferay-Liferay,sample.deployment.helper,1.0.0,library,pkg:maven/sample.deployment.helper/sample.deployment.helper@1.0.0,cpe:2.3:a:sample.deployment.helper:sample.deployment.helper:1.0.0:*:*:*:*:*:*:*,java,java-archive,/modules/util/deployment-helper/samples/pom.xml
capistranorb-Capistrano,sass,3.6.0,library,pkg:gem/sass@3.6.0,cpe:2.3:a:ruby-lang:sass:3.6.0:*:*:*:*:*:*:*,ruby,gem,/docs/Gemfile.lock
Node_js-Node_js,micromark-util-decode-numeric-character-reference,2.0.1,library,pkg:npm/micromark-util-decode-numeric-character-reference@2.0.1,cpe:2.3:a:micromark-util-decode-numeric-character-reference:micromark-util-decode-numeric-character-reference:2.0.1:*:*:*:*:*:*:*,javascript,npm,/tools/lint-md/package-lock.json
Liferay-Liferay,@babel/code-frame,7.26.2,library,pkg:npm/%40babel/code-frame@7.26.2,cpe:2.3:a:\@babel\/code-frame:\@babel\/code-frame:7.26.2:*:*:*:*:*:*:*,javascript,npm,/workspaces/liferay-sample-workspace/yarn.lock
FACEBOOK-HHVM,is-inside-container,1.0.0,library,pkg:npm/is-inside-container@1.0.0,cpe:2.3:a:is-inside-container:is-inside-container:1.0.0:*:*:*:*:*:*:*,javascript,npm,/hphp/hack/website/yarn.lock
FACEBOOK-Presto,jakarta.validation-api,UNKNOWN,library,pkg:maven/jakarta.validation/jakarta.validation-api,cpe:2.3:a:jakarta.validation-api:jakarta.validation-api:*:*:*:*:*:*:*:*,java,java-archive,/presto-accumulo/pom.xml
Angular-AngularJS,p-locate,5.0.0,library,pkg:npm/p-locate@5.0.0,cpe:2.3:a:p-locate:p-locate:5.0.0:*:*:*:*:*:*:*,javascript,npm,/integration/cli-signal-inputs/pnpm-lock.yaml
Liferay-Liferay,@babel/traverse,7.22.20,library,pkg:npm/%40babel/traverse@7.22.20,cpe:2.3:a:\@babel\/traverse:\@babel\/traverse:7.22.20:*:*:*:*:*:*:*,javascript,npm,/workspaces/liferay-partner-workspace/client-extensions/liferay-partner-custom-element/yarn.lock
Liferay-Liferay,@babel/helper-builder-binary-assignment-operator-visitor,7.22.15,library,pkg:npm/%40babel/helper-builder-binary-assignment-operator-visitor@7.22.15,cpe:2.3:a:\@babel\/helper-builder-binary-assignment-operator-visitor:\@babel\/helper-builder-binary-assignment-operator-visitor:7.22.15:*:*:*:*:*:*:*,javascript,npm,/workspaces/liferay-learn-workspace/client-extensions/liferay-learn-global-js/yarn.lock
The_Apache_Software_Foundation-Apache_Ambari,snappy-java,1.0.4.1,library,pkg:maven/org.xerial.snappy/snappy-java@1.0.4.1,cpe:2.3:a:org.xerial.snappy:snappy-java:1.0.4.1:*:*:*:*:*:*:*,java,java-archive,/ambari-server/src/main/resources/stack-hooks/before-START/files/fast-hdfs-resource.jar
druidio-Druid,mockito-core,UNKNOWN,library,pkg:maven/org.mockito/mockito-core,cpe:2.3:a:mockito-core:mockito-core:*:*:*:*:*:*:*:*,java,java-archive,/benchmarks/pom.xml
Angular-AngularJS,make-dir,2.1.0,library,pkg:npm/make-dir@2.1.0,cpe:2.3:a:make-dir:make-dir:2.1.0:*:*:*:*:*:*:*,javascript,npm,/integration/standalone-bootstrap/pnpm-lock.yaml
Rust-Rust,regex,1.11.1,library,pkg:cargo/regex@1.11.1,cpe:2.3:a:regex:regex:1.11.1:*:*:*:*:*:*:*,rust,rust-crate,/src/tools/clippy/clippy_test_deps/Cargo.lock
Apollo_GraphQL-Apollo_Client,rework,1.0.1,library,pkg:npm/rework@1.0.1,cpe:2.3:a:rework:rework:1.0.1:*:*:*:*:*:*:*,javascript,npm,/integration-tests/pnpm-lock.yaml
The_Apache_Software_Foundation-Apache_Spark,log4j-slf4j2-impl,2.25.3,library,pkg:maven/org.apache.logging.log4j/log4j-slf4j2-impl@2.25.3,cpe:2.3:a:apache:log4j-slf4j2-impl:2.25.3:*:*:*:*:*:*:*,java,java-archive,/common/kvstore/pom.xml
Ionic-Ionic_Framework,@rollup/rollup-win32-arm64-msvc,4.34.9,library,pkg:npm/%40rollup/rollup-win32-arm64-msvc@4.34.9,cpe:2.3:a:\@rollup\/rollup-win32-arm64-msvc:\@rollup\/rollup-win32-arm64-msvc:4.34.9:*:*:*:*:*:*:*,javascript,npm,/packages/angular/test/apps/ng17/package-lock.json
FACEBOOK-Presto,p-locate,4.1.0,library,pkg:npm/p-locate@4.1.0,cpe:2.3:a:p-locate:p-locate:4.1.0:*:*:*:*:*:*:*,javascript,npm,/presto-ui/src/yarn.lock
Node_js-Node_js,compressible,2.0.18,library,pkg:npm/compressible@2.0.18,cpe:2.3:a:compressible:compressible:2.0.18:*:*:*:*:*:*:*,javascript,npm,/deps/v8/tools/package-lock.json
Angular-AngularJS,ee-first,1.1.1,library,pkg:npm/ee-first@1.1.1,cpe:2.3:a:ee-first:ee-first:1.1.1:*:*:*:*:*:*:*,javascript,npm,/integration/ng_elements/pnpm-lock.yaml
The_Apache_Software_Foundation-Apache_Oozie,oozie-sharelib,5.3.0-SNAPSHOT,library,pkg:maven/org.apache.oozie/oozie-sharelib@5.3.0-SNAPSHOT,cpe:2.3:a:apache:oozie-sharelib:5.3.0-SNAPSHOT:*:*:*:*:*:*:*,java,java-archive,/sharelib/pom.xml
Jetpack-JetPack,automattic/jetpack-logo,dev-trunk,library,pkg:composer/automattic/jetpack-logo@dev-trunk,cpe:2.3:a:automattic\/jetpack-logo:automattic\/jetpack-logo:dev-trunk:*:*:*:*:*:*:*,php,php-composer,/projects/plugins/beta/composer.lock
WooCommerce-WooCommerce,actions-ecosystem/action-remove-labels,v1.3.0,library,pkg:github/actions-ecosystem/action-remove-labels@v1.3.0,cpe:2.3:a:actions-ecosystem\/action-remove-labels:actions-ecosystem\/action-remove-labels:v1.3.0:*:*:*:*:*:*:*,,github-action,/.github/workflows/update-feedback-labels.yml
Apollo_GraphQL-Apollo_Client,@svgr/babel-plugin-remove-jsx-empty-expression,5.0.1,library,pkg:npm/%40svgr/babel-plugin-remove-jsx-empty-expression@5.0.1,cpe:2.3:a:\@svgr\/babel-plugin-remove-jsx-empty-expression:\@svgr\/babel-plugin-remove-jsx-empty-expression:5.0.1:*:*:*:*:*:*:*,javascript,npm,/integration-tests/pnpm-lock.yaml
Angular-AngularJS,engine.io,6.6.6,library,pkg:npm/engine.io@6.6.6,cpe:2.3:a:socket:engine.io:6.6.6:*:*:*:*:node.js:*:*,javascript,npm,/pnpm-lock.yaml
Quill-Quill,@babel/helper-hoist-variables,7.22.5,library,pkg:npm/%40babel/helper-hoist-variables@7.22.5,cpe:2.3:a:\@babel\/helper-hoist-variables:\@babel\/helper-hoist-variables:7.22.5:*:*:*:*:*:*:*,javascript,npm,/package-lock.json
Node_js-Node_js,setprototypeof,1.2.0,library,pkg:npm/setprototypeof@1.2.0,cpe:2.3:a:setprototypeof:setprototypeof:1.2.0:*:*:*:*:*:*:*,javascript,npm,/deps/v8/tools/package-lock.json
FACEBOOK-Presto,tslib,2.6.2,library,pkg:npm/tslib@2.6.2,cpe:2.3:a:tslib:tslib:2.6.2:*:*:*:*:*:*:*,javascript,npm,/presto-ui/src/yarn.lock
TYPO3-TYPO3,symfony/mailer,v7.4.6,library,pkg:composer/symfony/mailer@v7.4.6,cpe:2.3:a:symfony\/mailer:symfony\/mailer:v7.4.6:*:*:*:*:*:*:*,php,php-composer,/composer.lock
Liferay-Liferay,estraverse,5.3.0,library,pkg:npm/estraverse@5.3.0,cpe:2.3:a:estraverse:estraverse:5.3.0:*:*:*:*:*:*:*,javascript,npm,/workspaces/liferay-sample-workspace/yarn.lock
The_Apache_Software_Foundation-Prometheus,go.opentelemetry.io/collector/confmap,v1.54.0,library,pkg:golang/go.opentelemetry.io/collector/confmap@v1.54.0,cpe:2.3:a:collector:confmap:v1.54.0:*:*:*:*:*:*:*,go,go-module,/documentation/examples/remote_storage/go.mod
ec-cube_net-EC-CUBE,psr/cache,3.0.0,library,pkg:composer/psr/cache@3.0.0,cpe:2.3:a:psr\/cache:psr\/cache:3.0.0:*:*:*:*:*:*:*,php,php-composer,/composer.lock
Meteor_Development_Group_Inc_-Meteor,@babel/runtime,7.24.5,library,pkg:npm/%40babel/runtime@7.24.5,cpe:2.3:a:\@babel\/runtime:\@babel\/runtime:7.24.5:*:*:*:*:*:*:*,javascript,npm,/tools/tests/apps/modern/package-lock.json
FACEBOOK-React,global-dirs,2.0.1,library,pkg:npm/global-dirs@2.0.1,cpe:2.3:a:global-dirs:global-dirs:2.0.1:*:*:*:*:*:*:*,javascript,npm,/yarn.lock
Liferay-Liferay,http-proxy,1.18.1,library,pkg:npm/http-proxy@1.18.1,cpe:2.3:a:http-proxy_project:http-proxy:1.18.1:*:*:*:*:node.js:*:*,javascript,npm,/modules/dxp/apps/osb/osb-faro/osb-faro-theme/package-lock.json
Google-Angular_Material,call-bind,1.0.8,library,pkg:npm/call-bind@1.0.8,cpe:2.3:a:call-bind:call-bind:1.0.8:*:*:*:*:*:*:*,javascript,npm,/pnpm-lock.yaml
Citrix_Systems_Inc-CloudStack,cloud-usage,4.23.0.0-SNAPSHOT,library,pkg:maven/org.apache.cloudstack/cloud-usage@4.23.0.0-SNAPSHOT,cpe:2.3:a:apache:cloud-usage:4.23.0.0-SNAPSHOT:*:*:*:*:*:*:*,java,java-archive,/usage/pom.xml
FACEBOOK-HHVM,@types/scheduler,0.16.3,library,pkg:npm/%40types/scheduler@0.16.3,cpe:2.3:a:\@types\/scheduler:\@types\/scheduler:0.16.3:*:*:*:*:*:*:*,javascript,npm,/third-party/watchman/src/website/yarn.lock
ThoughtWorks_Inc_-GoCD,tslint,6.1.3,library,pkg:npm/tslint@6.1.3,cpe:2.3:a:tslint:tslint:6.1.3:*:*:*:*:*:*:*,javascript,npm,/server/src/main/webapp/WEB-INF/rails/yarn.lock
The_Apache_Software_Foundation-Apache_NiFi,minipass,7.1.3,library,pkg:npm/minipass@7.1.3,cpe:2.3:a:minipass:minipass:7.1.3:*:*:*:*:*:*:*,javascript,npm,/nifi-frontend/src/main/frontend/package-lock.json
Selenium_HQ-Selenium_IDE,@emotion/weak-memoize,0.3.1,library,pkg:npm/%40emotion/weak-memoize@0.3.1,cpe:2.3:a:\@emotion\/weak-memoize:\@emotion\/weak-memoize:0.3.1:*:*:*:*:*:*:*,javascript,npm,/pnpm-lock.yaml
FACEBOOK-React,eslint-module-utils,2.12.0,library,pkg:npm/eslint-module-utils@2.12.0,cpe:2.3:a:eslint-module-utils:eslint-module-utils:2.12.0:*:*:*:*:*:*:*,javascript,npm,/fixtures/view-transition/yarn.lock
Grafana_Labs-Grafana,github.com/munnerz/goautoneg,v0.0.0-20191010083416-a7dc8b61c822,library,pkg:golang/github.com/munnerz/goautoneg@v0.0.0-20191010083416-a7dc8b61c822,cpe:2.3:a:munnerz:goautoneg:v0.0.0-20191010083416-a7dc8b61c822:*:*:*:*:*:*:*,go,go-module,/pkg/plugins/go.mod
Kubernetes-k8s,k8s.io/utils,v0.0.0-20260210185600-b8788abfbbc2,library,pkg:golang/k8s.io/utils@v0.0.0-20260210185600-b8788abfbbc2,,go,go-module,/staging/src/k8s.io/cri-client/go.mod
Grafana_Labs-Grafana,github.com/go-openapi/swag,v0.25.4,library,pkg:golang/github.com/go-openapi/swag@v0.25.4,cpe:2.3:a:go-openapi:swag:v0.25.4:*:*:*:*:*:*:*,go,go-module,/apps/dashvalidator/go.mod
Arrow_Digital-Hotcakes,log4net,1.2.10.0,library,pkg:nuget/log4net@1.2.10.0,cpe:2.3:a:the_apache_software_foundation:log4net_.net:1.2.10.0:*:*:*:*:*:*:*,dotnet,dotnet,/Website/DesktopModules/Hotcakes/bin/log4net.dll
Liferay-Liferay,es-set-tostringtag,2.0.3,library,pkg:npm/es-set-tostringtag@2.0.3,cpe:2.3:a:es-set-tostringtag:es-set-tostringtag:2.0.3:*:*:*:*:*:*:*,javascript,npm,/workspaces/liferay-adyen-workspace/yarn.lock
Bolt-Bolt,indexes-of,1.0.1,library,pkg:npm/indexes-of@1.0.1,cpe:2.3:a:indexes-of:indexes-of:1.0.1:*:*:*:*:*:*:*,javascript,npm,/package-lock.json
Rust-Rust,vfs-notify,0.0.0,library,pkg:cargo/vfs-notify@0.0.0,cpe:2.3:a:vfs-notify:vfs-notify:0.0.0:*:*:*:*:*:*:*,rust,rust-crate,/src/tools/rust-analyzer/Cargo.lock
FACEBOOK-React,create-hmac,1.1.6,library,pkg:npm/create-hmac@1.1.6,cpe:2.3:a:create-hmac:create-hmac:1.1.6:*:*:*:*:*:*:*,javascript,npm,/fixtures/packaging/browserify/prod/yarn.lock
FACEBOOK-React,core-util-is,1.0.2,library,pkg:npm/core-util-is@1.0.2,cpe:2.3:a:core-util-is:core-util-is:1.0.2:*:*:*:*:*:*:*,javascript,npm,/fixtures/art/yarn.lock
PrestaShop-Commerce_Software,nikic/php-parser,v4.10.5,library,pkg:composer/nikic/php-parser@v4.10.5,cpe:2.3:a:nikic\/php-parser:nikic\/php-parser:v4.10.5:*:*:*:*:*:*:*,php,php-composer,/tests/Unit/Resources/composerLock/composer.lock
Jetpack-JetPack,memize,2.1.1,library,pkg:npm/memize@2.1.1,cpe:2.3:a:memize:memize:2.1.1:*:*:*:*:*:*:*,javascript,npm,/pnpm-lock.yaml
Bolt-Bolt,create-hash,1.1.3,library,pkg:npm/create-hash@1.1.3,cpe:2.3:a:create-hash:create-hash:1.1.3:*:*:*:*:*:*:*,javascript,npm,/package-lock.json
Node_js-Node_js,@jridgewell/resolve-uri,3.1.2,library,pkg:npm/%40jridgewell/resolve-uri@3.1.2,cpe:2.3:a:\@jridgewell\/resolve-uri:\@jridgewell\/resolve-uri:3.1.2:*:*:*:*:*:*:*,javascript,npm,/tools/eslint/package-lock.json
Apollo_GraphQL-Apollo_Client,@rollup/rollup-freebsd-x64,4.34.9,library,pkg:npm/%40rollup/rollup-freebsd-x64@4.34.9,cpe:2.3:a:\@rollup\/rollup-freebsd-x64:\@rollup\/rollup-freebsd-x64:4.34.9:*:*:*:*:*:*:*,javascript,npm,/integration-tests/pnpm-lock.yaml
Selenium-Selenium,actions/checkout,v4,library,pkg:github/actions/checkout@v4,cpe:2.3:a:actions\/checkout:actions\/checkout:v4:*:*:*:*:*:*:*,,github-action,/.github/workflows/mirror-selenium-releases.yml
Liferay-Liferay,side-channel-list,1.0.0,library,pkg:npm/side-channel-list@1.0.0,cpe:2.3:a:side-channel-list:side-channel-list:1.0.0:*:*:*:*:*:*:*,javascript,npm,/workspaces/liferay-ups-workspace/yarn.lock
Meteor_Development_Group_Inc_-Meteor,@babel/helper-create-regexp-features-plugin,7.22.15,library,pkg:npm/%40babel/helper-create-regexp-features-plugin@7.22.15,cpe:2.3:a:\@babel\/helper-create-regexp-features-plugin:\@babel\/helper-create-regexp-features-plugin:7.22.15:*:*:*:*:*:*:*,javascript,npm,/npm-packages/meteor-babel/package-lock.json
Red_Hat-JBoss_Enterprise_Application_Server__EAS_,wildfly-clustering-weld-ejb,UNKNOWN,library,pkg:maven/wildfly-clustering-weld-ejb/wildfly-clustering-weld-ejb,cpe:2.3:a:wildfly-clustering-weld-ejb:wildfly-clustering-weld-ejb:*:*:*:*:*:*:*:*,java,java-archive,/ee-feature-pack/galleon-shared/pom.xml
Liferay-Liferay,is-date-object,1.0.5,library,pkg:npm/is-date-object@1.0.5,cpe:2.3:a:is-date-object:is-date-object:1.0.5:*:*:*:*:*:*:*,javascript,npm,/workspaces/liferay-learn-workspace/yarn.lock
Google-Angular_Material,webpack-dev-middleware,7.4.2,library,pkg:npm/webpack-dev-middleware@7.4.2,cpe:2.3:a:webpack-dev-middleware:webpack-dev-middleware:7.4.2:*:*:*:*:*:*:*,javascript,npm,/integration/yarn-pnp-compat/yarn.lock
Meteor_Development_Group_Inc_-Meteor,ansi-html-community,0.0.8,library,pkg:npm/ansi-html-community@0.0.8,cpe:2.3:a:ansi-html-community:ansi-html-community:0.0.8:*:*:*:*:*:*:*,javascript,npm,/npm-packages/meteor-rspack/package-lock.json
ECLIPSE-Jetty,jetty-ee11-websocket-jakarta-client-webapp,12.1.8-SNAPSHOT,library,pkg:maven/org.eclipse.jetty.ee11.websocket/jetty-ee11-websocket-jakarta-client-webapp@12.1.8-SNAPSHOT,cpe:2.3:a:jetty-ee11-websocket-jakarta-client-webapp:jetty-ee11-websocket-jakarta-client-webapp:12.1.8-SNAPSHOT:*:*:*:*:*:*:*,java,java-archive,/jetty-ee11/jetty-ee11-websocket/jetty-ee11-websocket-jakarta-client-webapp/pom.xml
Liferay-Liferay,json-schema-traverse,0.4.1,library,pkg:npm/json-schema-traverse@0.4.1,cpe:2.3:a:json-schema-traverse:json-schema-traverse:0.4.1:*:*:*:*:*:*:*,javascript,npm,/workspaces/liferay-partner-workspace/yarn.lock
The_Apache_Software_Foundation-Apache_Ambari,lcid,1.0.0,library,pkg:npm/lcid@1.0.0,cpe:2.3:a:lcid:lcid:1.0.0:*:*:*:*:*:*:*,javascript,npm,/contrib/views/wfmanager/src/main/resources/ui/yarn.lock
Node_js-Node_js,d3-axis,1.0.12,library,pkg:npm/d3-axis@1.0.12,cpe:2.3:a:d3-axis:d3-axis:1.0.12:*:*:*:*:*:*:*,javascript,npm,/deps/v8/tools/turbolizer/package-lock.json
Modernizr-Modernizr,requirejs,2.3.8,library,pkg:npm/requirejs@2.3.8,cpe:2.3:a:requirejs:requirejs:2.3.8:*:*:*:*:*:*:*,javascript,npm,/package-lock.json
FACEBOOK-React,is-obj,2.0.0,library,pkg:npm/is-obj@2.0.0,cpe:2.3:a:is-obj:is-obj:2.0.0:*:*:*:*:*:*:*,javascript,npm,/yarn.lock
Neos-Neos,smart-buffer,4.0.1,library,pkg:npm/smart-buffer@4.0.1,cpe:2.3:a:smart-buffer:smart-buffer:4.0.1:*:*:*:*:*:*:*,javascript,npm,/Neos.Media.Browser/yarn.lock
Liferay-Liferay,js-tokens,4.0.0,library,pkg:npm/js-tokens@4.0.0,cpe:2.3:a:js-tokens:js-tokens:4.0.0:*:*:*:*:*:*:*,javascript,npm,/workspaces/liferay-aicontentwizard-workspace/yarn.lock
Live_Helper-Live_Helper_Chat,isobject,3.0.1,library,pkg:npm/isobject@3.0.1,cpe:2.3:a:isobject:isobject:3.0.1:*:*:*:*:*:*:*,javascript,npm,/lhc_web/package-lock.json
Orient_Technologies-OrientDB,set-value,0.4.3,library,pkg:npm/set-value@0.4.3,cpe:2.3:a:set-value_project:set-value:0.4.3:*:*:*:*:node.js:*:*,javascript,npm,/studio/yarn.lock
Citrix_Systems_Inc-CloudStack,cloudstack-service-console-proxy,4.23.0.0-SNAPSHOT,library,pkg:maven/org.apache.cloudstack/cloudstack-service-console-proxy@4.23.0.0-SNAPSHOT,cpe:2.3:a:apache:cloudstack-service-console-proxy:4.23.0.0-SNAPSHOT:*:*:*:*:*:*:*,java,java-archive,/services/console-proxy/pom.xml
Sentry-Ravenjs,@smithy/middleware-serde,4.2.9,library,pkg:npm/%40smithy/middleware-serde@4.2.9,cpe:2.3:a:\@smithy\/middleware-serde:\@smithy\/middleware-serde:4.2.9:*:*:*:*:*:*:*,javascript,npm,/yarn.lock
Thelia-Thelia,babel-eslint,10.1.0,library,pkg:npm/babel-eslint@10.1.0,cpe:2.3:a:babel-eslint:babel-eslint:10.1.0:*:*:*:*:*:*:*,javascript,npm,/templates/frontOffice/modern/yarn.lock
Liferay-Liferay,which-builtin-type,1.2.0,library,pkg:npm/which-builtin-type@1.2.0,cpe:2.3:a:which-builtin-type:which-builtin-type:1.2.0:*:*:*:*:*:*:*,javascript,npm,/workspaces/liferay-learn-workspace/yarn.lock
Tilde-Emberjs,lines-and-columns,1.2.4,library,pkg:npm/lines-and-columns@1.2.4,cpe:2.3:a:lines-and-columns:lines-and-columns:1.2.4:*:*:*:*:*:*:*,javascript,npm,/pnpm-lock.yaml
Angular-AngularJS,@types/hast,3.0.4,library,pkg:npm/%40types/hast@3.0.4,cpe:2.3:a:\@types\/hast:\@types\/hast:3.0.4:*:*:*:*:*:*:*,javascript,npm,/pnpm-lock.yaml
FACEBOOK-React,browserify-sign,4.2.2,library,pkg:npm/browserify-sign@4.2.2,cpe:2.3:a:browserify:browserify-sign:4.2.2:*:*:*:*:node.js:*:*,javascript,npm,/fixtures/ssr2/package-lock.json
WooCommerce-WooCommerce,concat-map,0.0.1,library,pkg:npm/concat-map@0.0.1,cpe:2.3:a:concat-map:concat-map:0.0.1:*:*:*:*:*:*:*,javascript,npm,/pnpm-lock.yaml
Ionic-Ionic_Framework,type-is,1.6.18,library,pkg:npm/type-is@1.6.18,cpe:2.3:a:type-is:type-is:1.6.18:*:*:*:*:*:*:*,javascript,npm,/packages/angular/test/apps/ng16/package-lock.json
Shopsys_Framework-Shopsys_Framework,actions/checkout,v4,library,pkg:github/actions/checkout@v4,cpe:2.3:a:actions\/checkout:actions\/checkout:v4:*:*:*:*:*:*:*,,github-action,/packages/coding-standards/.github/workflows/run-checks-tests.yaml
Countly-Countly,@jimp/plugin-rotate,1.6.0,library,pkg:npm/%40jimp/plugin-rotate@1.6.0,cpe:2.3:a:\@jimp\/plugin-rotate:\@jimp\/plugin-rotate:1.6.0:*:*:*:*:*:*:*,javascript,npm,/package-lock.json
Angular-AngularJS,@rollup/rollup-linux-riscv64-gnu,4.60.0,library,pkg:npm/%40rollup/rollup-linux-riscv64-gnu@4.60.0,cpe:2.3:a:\@rollup\/rollup-linux-riscv64-gnu:\@rollup\/rollup-linux-riscv64-gnu:4.60.0:*:*:*:*:*:*:*,javascript,npm,/integration/animations/pnpm-lock.yaml
Apollo_GraphQL-Apollo_Client,@csstools/selector-specificity,2.2.0,library,pkg:npm/%40csstools/selector-specificity@2.2.0,cpe:2.3:a:\@csstools\/selector-specificity:\@csstools\/selector-specificity:2.2.0:*:*:*:*:*:*:*,javascript,npm,/integration-tests/pnpm-lock.yaml
GHOST-Ghost,store2,2.14.2,library,pkg:npm/store2@2.14.2,cpe:2.3:a:store2:store2:2.14.2:*:*:*:*:*:*:*,javascript,npm,/yarn.lock
Rust-Rust,issue_rust_86261,0.1.0,library,pkg:cargo/issue_rust_86261@0.1.0,cpe:2.3:a:issue-rust-86261:issue-rust-86261:0.1.0:*:*:*:*:*:*:*,rust,rust-crate,/src/tools/miri/test-cargo-miri/Cargo.lock
Google-Angular_Material,retry,0.12.0,library,pkg:npm/retry@0.12.0,cpe:2.3:a:retry:retry:0.12.0:*:*:*:*:*:*:*,javascript,npm,/integration/ng-add-standalone/pnpm-lock.yaml
Apollo_GraphQL-Apollo_Client,tiny-invariant,1.3.3,library,pkg:npm/tiny-invariant@1.3.3,cpe:2.3:a:tiny-invariant:tiny-invariant:1.3.3:*:*:*:*:*:*:*,javascript,npm,/package-lock.json
Google-Angular_Material,is-yarn-global,0.3.0,library,pkg:npm/is-yarn-global@0.3.0,cpe:2.3:a:is-yarn-global:is-yarn-global:0.3.0:*:*:*:*:*:*:*,javascript,npm,/pnpm-lock.yaml
Rust-Rust,glob,7.2.3,library,pkg:npm/glob@7.2.3,cpe:2.3:a:isaacs:glob:7.2.3:*:*:*:*:node.js:*:*,javascript,npm,/yarn.lock
Angular-AngularJS,@rolldown/binding-linux-arm64-gnu,1.0.0-rc.10,library,pkg:npm/%40rolldown/binding-linux-arm64-gnu@1.0.0-rc.10,cpe:2.3:a:\@rolldown\/binding-linux-arm64-gnu:\@rolldown\/binding-linux-arm64-gnu:1.0.0-rc.10:*:*:*:*:*:*:*,javascript,npm,/integration/legacy-animations/pnpm-lock.yaml
The_Apache_Software_Foundation-Apache_Hadoop,/Users/dmk6603/Documents/cloned_repos_oss_swdb/The_Apache_Software_Foundation-Apache_Hadoop/hadoop-hdfs-project/hadoop-hdfs/pom.xml,,file,,,,,
Grafana_Labs-Grafana,github.com/evanphx/json-patch,v5.9.11+incompatible,library,pkg:golang/github.com/evanphx/json-patch@v5.9.11%2Bincompatible,cpe:2.3:a:evanphx:json-patch:v5.9.11\+incompatible:*:*:*:*:*:*:*,go,go-module,/apps/alerting/rules/go.mod
druidio-Druid,hast-util-from-parse5,6.0.1,library,pkg:npm/hast-util-from-parse5@6.0.1,cpe:2.3:a:hast-util-from-parse5:hast-util-from-parse5:6.0.1:*:*:*:*:*:*:*,javascript,npm,/website/package-lock.json
Kubernetes-k8s,github.com/armon/go-socks5,v0.0.0-20160902184237-e75332964ef5,library,pkg:golang/github.com/armon/go-socks5@v0.0.0-20160902184237-e75332964ef5,cpe:2.3:a:armon:go-socks5:v0.0.0-20160902184237-e75332964ef5:*:*:*:*:*:*:*,go,go-module,/staging/src/k8s.io/streaming/go.mod
CKSource_sp__z_o_o__sp_k_-CKEditor,walk-back,5.1.1,library,pkg:npm/walk-back@5.1.1,cpe:2.3:a:walk-back:walk-back:5.1.1:*:*:*:*:*:*:*,javascript,npm,/pnpm-lock.yaml
Meteor_Development_Group_Inc_-Meteor,string_decoder,1.3.0,library,pkg:npm/string_decoder@1.3.0,cpe:2.3:a:string-decoder:string-decoder:1.3.0:*:*:*:*:*:*:*,javascript,npm,/tools/tests/apps/meteor-ignore/package-lock.json
Node_js-Node_js,zerovec,0.11.5,library,pkg:cargo/zerovec@0.11.5,cpe:2.3:a:zerovec:zerovec:0.11.5:*:*:*:*:*:*:*,rust,rust-crate,/deps/crates/vendor/zerotrie/Cargo.lock
WooCommerce-WooCommerce,@sentry/node,7.120.3,library,pkg:npm/%40sentry/node@7.120.3,cpe:2.3:a:\@sentry\/node:\@sentry\/node:7.120.3:*:*:*:*:*:*:*,javascript,npm,/pnpm-lock.yaml
FACEBOOK-React,console-control-strings,1.1.0,library,pkg:npm/console-control-strings@1.1.0,cpe:2.3:a:console-control-strings:console-control-strings:1.1.0:*:*:*:*:*:*:*,javascript,npm,/fixtures/art/yarn.lock
Google-Angular_Material,is-shared-array-buffer,1.0.4,library,pkg:npm/is-shared-array-buffer@1.0.4,cpe:2.3:a:is-shared-array-buffer:is-shared-array-buffer:1.0.4:*:*:*:*:*:*:*,javascript,npm,/pnpm-lock.yaml
The_Apache_Software_Foundation-Apache_Hadoop,apidoc-core,0.8.3,library,pkg:npm/apidoc-core@0.8.3,cpe:2.3:a:apidoc-core:apidoc-core:0.8.3:*:*:*:*:*:*:*,javascript,npm,/hadoop-yarn-project/hadoop-yarn/hadoop-yarn-applications/hadoop-yarn-applications-catalog/hadoop-yarn-applications-catalog-webapp/yarn.lock
Angular-AngularJS,globalthis,1.0.4,library,pkg:npm/globalthis@1.0.4,cpe:2.3:a:globalthis:globalthis:1.0.4:*:*:*:*:*:*:*,javascript,npm,/pnpm-lock.yaml
Influxdata_Inc-InfluxData,prometheus,0.14.0,library,pkg:cargo/prometheus@0.14.0,,rust,rust-crate,/Cargo.lock
Grafana_Labs-Grafana,github.com/grafana/grafana-app-sdk/logging,v0.51.4,library,pkg:golang/github.com/grafana/grafana-app-sdk/logging@v0.51.4,cpe:2.3:a:grafana:grafana-app-sdk\/logging:v0.51.4:*:*:*:*:*:*:*,go,go-module,/apps/live/go.mod
Liferay-Liferay,csstype,3.1.3,library,pkg:npm/csstype@3.1.3,cpe:2.3:a:csstype:csstype:3.1.3:*:*:*:*:*:*:*,javascript,npm,/workspaces/liferay-testray-workspace/client-extensions/liferay-testray-custom-element/yarn.lock
Neos-Neos,clone-deep,4.0.1,library,pkg:npm/clone-deep@4.0.1,cpe:2.3:a:clone-deep:clone-deep:4.0.1:*:*:*:*:*:*:*,javascript,npm,/Neos.Neos/yarn.lock
FACEBOOK-Presto,functions-have-names,1.2.3,library,pkg:npm/functions-have-names@1.2.3,cpe:2.3:a:functions-have-names:functions-have-names:1.2.3:*:*:*:*:*:*:*,javascript,npm,/presto-ui/src/yarn.lock
FACEBOOK-React,cli-boxes,2.2.1,library,pkg:npm/cli-boxes@2.2.1,cpe:2.3:a:cli-boxes:cli-boxes:2.2.1:*:*:*:*:*:*:*,javascript,npm,/fixtures/ssr2/yarn.lock
Kubernetes-k8s,golang.org/x/text,v0.33.0,library,pkg:golang/golang.org/x/text@v0.33.0,cpe:2.3:a:golang:text:v0.33.0:*:*:*:*:*:*:*,go,go-module,/staging/src/k8s.io/component-base/go.mod
Rundeck-Rundeck,escalade,3.2.0,library,pkg:npm/escalade@3.2.0,cpe:2.3:a:escalade:escalade:3.2.0:*:*:*:*:*:*:*,javascript,npm,/rundeckapp/grails-app/assets/javascripts/_package-manager/package-lock.json
Liferay-Liferay,util-deprecate,1.0.2,library,pkg:npm/util-deprecate@1.0.2,cpe:2.3:a:util-deprecate:util-deprecate:1.0.2:*:*:*:*:*:*:*,javascript,npm,/workspaces/liferay-learn-workspace/client-extensions/liferay-learn-global-js/yarn.lock
GHOST-Ghost,babel-plugin-transform-es2015-unicode-regex,6.24.1,library,pkg:npm/babel-plugin-transform-es2015-unicode-regex@6.24.1,cpe:2.3:a:babel-plugin-transform-es2015-unicode-regex:babel-plugin-transform-es2015-unicode-regex:6.24.1:*:*:*:*:*:*:*,javascript,npm,/yarn.lock
Google-Angular_Material,is-date-object,1.1.0,library,pkg:npm/is-date-object@1.1.0,cpe:2.3:a:is-date-object:is-date-object:1.1.0:*:*:*:*:*:*:*,javascript,npm,/pnpm-lock.yaml
WooCommerce-WooCommerce,buffer-fill,1.0.0,library,pkg:npm/buffer-fill@1.0.0,cpe:2.3:a:buffer-fill:buffer-fill:1.0.0:*:*:*:*:*:*:*,javascript,npm,/pnpm-lock.yaml
ec-cube_net-EC-CUBE,chart.js,3.9.1,library,pkg:npm/chart.js@3.9.1,cpe:2.3:a:chartjs:chart.js:3.9.1:*:*:*:*:node.js:*:*,javascript,npm,/package-lock.json
XWiki-XWiki,bail,2.0.2,library,pkg:npm/bail@2.0.2,cpe:2.3:a:bail:bail:2.0.2:*:*:*:*:*:*:*,javascript,npm,/pnpm-lock.yaml
dotCMS-dotCMS,is-fullwidth-code-point,3.0.0,library,pkg:npm/is-fullwidth-code-point@3.0.0,cpe:2.3:a:is-fullwidth-code-point:is-fullwidth-code-point:3.0.0:*:*:*:*:*:*:*,javascript,npm,/core-web/yarn.lock
FACEBOOK-React,type-is,1.6.18,library,pkg:npm/type-is@1.6.18,cpe:2.3:a:type-is:type-is:1.6.18:*:*:*:*:*:*:*,javascript,npm,/fixtures/flight/yarn.lock
Bolt-Bolt,open,6.4.0,library,pkg:npm/open@6.4.0,cpe:2.3:a:open:open:6.4.0:*:*:*:*:*:*:*,javascript,npm,/package-lock.json
Civilized_Discourse_Construction_Kit_Inc_-Discourse,node-domexception,1.0.0,library,pkg:npm/node-domexception@1.0.0,cpe:2.3:a:node-domexception:node-domexception:1.0.0:*:*:*:*:*:*:*,javascript,npm,/pnpm-lock.yaml
FACEBOOK-React,is-binary-path,2.1.0,library,pkg:npm/is-binary-path@2.1.0,cpe:2.3:a:is-binary-path:is-binary-path:2.1.0:*:*:*:*:*:*:*,javascript,npm,/yarn.lock
Rust-Rust,winnow,0.5.40,library,pkg:cargo/winnow@0.5.40,cpe:2.3:a:winnow:winnow:0.5.40:*:*:*:*:*:*:*,rust,rust-crate,/Cargo.lock
Neo4j-Neo4j,/Users/dmk6603/Documents/cloned_repos_oss_swdb/Neo4j-Neo4j/community/neo4j-community/pom.xml,,file,,,,,
GHOST-Ghost,make-fetch-happen,13.0.0,library,pkg:npm/make-fetch-happen@13.0.0,cpe:2.3:a:make-fetch-happen:make-fetch-happen:13.0.0:*:*:*:*:*:*:*,javascript,npm,/yarn.lock
Sun_Microsystems-GlassFish,jakarta.el-api,6.0.1,library,pkg:maven/jakarta.el/jakarta.el-api@6.0.1,cpe:2.3:a:jakarta.el-api:jakarta.el-api:6.0.1:*:*:*:*:*:*:*,java,java-archive,/appserver/admingui/common/pom.xml
Liferay-Liferay,has-tostringtag,1.0.2,library,pkg:npm/has-tostringtag@1.0.2,cpe:2.3:a:has-tostringtag:has-tostringtag:1.0.2:*:*:*:*:*:*:*,javascript,npm,/workspaces/liferay-ups-workspace/yarn.lock
Ionic-Ionic_Framework,eslint-plugin-flowtype,8.0.3,library,pkg:npm/eslint-plugin-flowtype@8.0.3,cpe:2.3:a:eslint-plugin-flowtype:eslint-plugin-flowtype:8.0.3:*:*:*:*:*:*:*,javascript,npm,/packages/react/test/apps/react17/package-lock.json
The_Apache_Software_Foundation-Apache_Oozie,/Users/dmk6603/Documents/cloned_repos_oss_swdb/The_Apache_Software_Foundation-Apache_Oozie/fluent-job/fluent-job-api/pom.xml,,file,,,,,
WooCommerce-WooCommerce,cache-base,1.0.1,library,pkg:npm/cache-base@1.0.1,cpe:2.3:a:cache-base_project:cache-base:1.0.1:*:*:*:*:node.js:*:*,javascript,npm,/pnpm-lock.yaml
The_Apache_Software_Foundation-Apache_Flink,flink-connector-cassandra_2.12,3.0.0-1.16,library,pkg:maven/org.apache.flink/flink-connector-cassandra_2.12@3.0.0-1.16,cpe:2.3:a:apache:flink-connector-cassandra-2.12:3.0.0-1.16:*:*:*:*:*:*:*,java,java-archive,/flink-python/pom.xml
Plotly_Inc-Plotly,through2,0.6.5,library,pkg:npm/through2@0.6.5,cpe:2.3:a:through2:through2:0.6.5:*:*:*:*:*:*:*,javascript,npm,/stackgl_modules/package-lock.json
WooCommerce-WooCommerce,@csstools/postcss-hwb-function,4.0.9,library,pkg:npm/%40csstools/postcss-hwb-function@4.0.9,cpe:2.3:a:\@csstools\/postcss-hwb-function:\@csstools\/postcss-hwb-function:4.0.9:*:*:*:*:*:*:*,javascript,npm,/docs/_docu-tools/pnpm-lock.yaml
Liferay-Liferay,micromark-factory-label,2.0.0,library,pkg:npm/micromark-factory-label@2.0.0,cpe:2.3:a:micromark-factory-label:micromark-factory-label:2.0.0:*:*:*:*:*:*:*,javascript,npm,/modules/apps/frontend-js/frontend-js-clay-web/clay/www/yarn.lock
The_Apache_Software_Foundation-Apache_Hadoop,emoji-regex,8.0.0,library,pkg:npm/emoji-regex@8.0.0,cpe:2.3:a:emoji-regex:emoji-regex:8.0.0:*:*:*:*:*:*:*,javascript,npm,/hadoop-yarn-project/hadoop-yarn/hadoop-yarn-ui/src/main/webapp/yarn.lock
Rust-Rust,miri,0.1.0,library,pkg:cargo/miri@0.1.0,cpe:2.3:a:miri:miri:0.1.0:*:*:*:*:*:*:*,rust,rust-crate,/Cargo.lock
Google-Angular_Material,exegesis-express,4.0.0,library,pkg:npm/exegesis-express@4.0.0,cpe:2.3:a:exegesis-express:exegesis-express:4.0.0:*:*:*:*:*:*:*,javascript,npm,/pnpm-lock.yaml
PowerDNS-DNS_Server,invoke,2.2.1,library,pkg:pypi/invoke@2.2.1,cpe:2.3:a:python-invoke:python-invoke:2.2.1:*:*:*:*:*:*:*,python,python,/meson/requirements.txt
Dart-Dart,/Users/dmk6603/Documents/cloned_repos_oss_swdb/Dart-Dart/pkg/expect/pubspec.yaml,,file,,,,,
Angular-AngularJS,merge-descriptors,1.0.3,library,pkg:npm/merge-descriptors@1.0.3,cpe:2.3:a:merge-descriptors:merge-descriptors:1.0.3:*:*:*:*:*:*:*,javascript,npm,/integration/cli-hello-world/pnpm-lock.yaml
ThoughtWorks_Inc_-GoCD,path-is-absolute,1.0.1,library,pkg:npm/path-is-absolute@1.0.1,cpe:2.3:a:path-is-absolute:path-is-absolute:1.0.1:*:*:*:*:*:*:*,javascript,npm,/server/src/main/webapp/WEB-INF/rails/yarn.lock
Angular-AngularJS,babel-plugin-polyfill-corejs2,0.4.17,library,pkg:npm/babel-plugin-polyfill-corejs2@0.4.17,cpe:2.3:a:babel-plugin-polyfill-corejs2:babel-plugin-polyfill-corejs2:0.4.17:*:*:*:*:*:*:*,javascript,npm,/integration/trusted-types/pnpm-lock.yaml
Magento-Magento_Commerce,magento/language-pt_br,100.3.1,library,pkg:composer/magento/language-pt_br@100.3.1,cpe:2.3:a:magento\/language-pt-br:magento\/language-pt-br:100.3.1:*:*:*:*:*:*:*,php,php-composer,/dev/tests/integration/testsuite/Magento/Framework/Composer/_files/testSkeleton/composer.lock
LocomotiveCMS-LocomotiveCMS,public_suffix,6.0.2,library,pkg:gem/public_suffix@6.0.2,cpe:2.3:a:public-suffix:public-suffix:6.0.2:*:*:*:*:*:*:*,ruby,gem,/Gemfile.lock
Thelia-Thelia,fsevents,2.3.2,library,pkg:npm/fsevents@2.3.2,cpe:2.3:a:fsevents:fsevents:2.3.2:*:*:*:*:*:*:*,javascript,npm,/templates/frontOffice/modern/yarn.lock
Angular-AngularJS,fill-range,7.1.1,library,pkg:npm/fill-range@7.1.1,cpe:2.3:a:fill-range:fill-range:7.1.1:*:*:*:*:*:*:*,javascript,npm,/integration/standalone-bootstrap/pnpm-lock.yaml
GHOST-Ghost,@webassemblyjs/helper-fsm,1.9.0,library,pkg:npm/%40webassemblyjs/helper-fsm@1.9.0,cpe:2.3:a:\@webassemblyjs\/helper-fsm:\@webassemblyjs\/helper-fsm:1.9.0:*:*:*:*:*:*:*,javascript,npm,/yarn.lock
Angular-AngularJS,os-tmpdir,1.0.2,library,pkg:npm/os-tmpdir@1.0.2,cpe:2.3:a:os-tmpdir:os-tmpdir:1.0.2:*:*:*:*:*:*:*,javascript,npm,/integration/trusted-types/pnpm-lock.yaml
PrestaShop-Commerce_Software,./.github/workflows/workflow-matrix-generator.yml,UNKNOWN,library,,cpe:2.3:a:.\/.github\/workflows\/workflow-matrix-generator.yml:.\/.github\/workflows\/workflow-matrix-generator.yml:*:*:*:*:*:*:*:*,,github-action-workflow,/.github/workflows/api-module.yml
The_Apache_Software_Foundation-Apache_Flink,actions/checkout,v4,library,pkg:github/actions/checkout@v4,cpe:2.3:a:actions\/checkout:actions\/checkout:v4:*:*:*:*:*:*:*,,github-action,/.github/workflows/community-review.yml
Selenium_HQ-Selenium_IDE,slash,3.0.0,library,pkg:npm/slash@3.0.0,cpe:2.3:a:slash:slash:3.0.0:*:*:*:*:*:*:*,javascript,npm,/pnpm-lock.yaml
Ionic-Ionic_Framework,@types/range-parser,1.2.4,library,pkg:npm/%40types/range-parser@1.2.4,cpe:2.3:a:\@types\/range-parser:\@types\/range-parser:1.2.4:*:*:*:*:*:*:*,javascript,npm,/packages/react/test/apps/react17/package-lock.json
Tilde-Emberjs,map-obj,1.0.1,library,pkg:npm/map-obj@1.0.1,cpe:2.3:a:map-obj:map-obj:1.0.1:*:*:*:*:*:*:*,javascript,npm,/pnpm-lock.yaml
Magento-Magento_Commerce,wikimedia/less.php,v5.5.1,library,pkg:composer/wikimedia/less.php@v5.5.1,cpe:2.3:a:wikimedia\/less.php:wikimedia\/less.php:v5.5.1:*:*:*:*:*:*:*,php,php-composer,/composer.lock
Angular-AngularJS,cross-spawn,7.0.6,library,pkg:npm/cross-spawn@7.0.6,cpe:2.3:a:cross-spawn:cross-spawn:7.0.6:*:*:*:*:*:*:*,javascript,npm,/integration/platform-server-hydration/pnpm-lock.yaml
Sentry-Ravenjs,@sentry/cli-win32-arm64,2.58.5,library,pkg:npm/%40sentry/cli-win32-arm64@2.58.5,cpe:2.3:a:\@sentry\/cli-win32-arm64:\@sentry\/cli-win32-arm64:2.58.5:*:*:*:*:*:*:*,javascript,npm,/yarn.lock
FACEBOOK-React,send,0.15.4,library,pkg:npm/send@0.15.4,cpe:2.3:a:send_project:send:0.15.4:*:*:*:*:node.js:*:*,javascript,npm,/fixtures/attribute-behavior/yarn.lock
The_Apache_Software_Foundation-Apache_Ambari,uid-number,0.0.6,library,pkg:npm/uid-number@0.0.6,cpe:2.3:a:uid-number:uid-number:0.0.6:*:*:*:*:*:*:*,javascript,npm,/contrib/views/wfmanager/src/main/resources/ui/yarn.lock
Countly-Countly,graceful-fs,4.2.11,library,pkg:npm/graceful-fs@4.2.11,cpe:2.3:a:graceful-fs:graceful-fs:4.2.11:*:*:*:*:*:*:*,javascript,npm,/plugins/hooks/package-lock.json
phpMyAdmin-phpMyAdmin,@babel/plugin-syntax-typescript,7.28.6,library,pkg:npm/%40babel/plugin-syntax-typescript@7.28.6,cpe:2.3:a:\@babel\/plugin-syntax-typescript:\@babel\/plugin-syntax-typescript:7.28.6:*:*:*:*:*:*:*,javascript,npm,/yarn.lock
Sentry-Ravenjs,@azure/storage-common,12.3.0,library,pkg:npm/%40azure/storage-common@12.3.0,cpe:2.3:a:\@azure\/storage-common:\@azure\/storage-common:12.3.0:*:*:*:*:*:*:*,javascript,npm,/yarn.lock
Jetpack-JetPack,automattic/jetpack-connection,dev-trunk,library,pkg:composer/automattic/jetpack-connection@dev-trunk,cpe:2.3:a:automattic\/jetpack-connection:automattic\/jetpack-connection:dev-trunk:*:*:*:*:*:*:*,php,php-composer,/projects/plugins/social/composer.lock
The_Apache_Software_Foundation-Apache_Ambari,events-to-array,1.1.2,library,pkg:npm/events-to-array@1.1.2,cpe:2.3:a:events-to-array:events-to-array:1.1.2:*:*:*:*:*:*:*,javascript,npm,/contrib/views/files/src/main/resources/ui/yarn.lock
GridGain-GridGain,google-api-client,1.35.2,library,pkg:maven/com.google.api-client/google-api-client@1.35.2,cpe:2.3:a:com.google.api-client:google-api-client:1.35.2:*:*:*:*:*:*:*,java,java-archive,/modules/gce/pom.xml
Liferay-Liferay,@jridgewell/trace-mapping,0.3.25,library,pkg:npm/%40jridgewell/trace-mapping@0.3.25,cpe:2.3:a:\@jridgewell\/trace-mapping:\@jridgewell\/trace-mapping:0.3.25:*:*:*:*:*:*:*,javascript,npm,/workspaces/liferay-stripe-workspace/yarn.lock
Sentry-Ravenjs,invariant,2.2.4,library,pkg:npm/invariant@2.2.4,cpe:2.3:a:invariant:invariant:2.2.4:*:*:*:*:*:*:*,javascript,npm,/yarn.lock
The_Apache_Software_Foundation-Apache_Mesos,docopt,0.6.2,library,pkg:pypi/docopt@0.6.2,cpe:2.3:a:python-docopt:python-docopt:0.6.2:*:*:*:*:*:*:*,python,python,/src/python/cli_new/pip-requirements.txt
Liferay-Liferay,map-obj,4.1.0,library,pkg:npm/map-obj@4.1.0,cpe:2.3:a:map-obj:map-obj:4.1.0:*:*:*:*:*:*:*,javascript,npm,/modules/yarn.lock
Angular-AngularJS,is-promise,4.0.0,library,pkg:npm/is-promise@4.0.0,cpe:2.3:a:is-promise:is-promise:4.0.0:*:*:*:*:*:*:*,javascript,npm,/integration/standalone-bootstrap/pnpm-lock.yaml
Ionic-Ionic_Framework,p-locate,5.0.0,library,pkg:npm/p-locate@5.0.0,cpe:2.3:a:p-locate:p-locate:5.0.0:*:*:*:*:*:*:*,javascript,npm,/packages/angular/test/apps/ng20/package-lock.json
The_Apache_Software_Foundation-Apache_Kylin,spring-integration-jdbc,UNKNOWN,library,pkg:maven/org.springframework.integration/spring-integration-jdbc,cpe:2.3:a:org.springframework.integration:spring-integration-jdbc:*:*:*:*:*:*:*:*,java,java-archive,/src/distributed-lock-ext/pom.xml
Citrix_Systems_Inc-CloudStack,codecov/codecov-action,v4,library,pkg:github/codecov/codecov-action@v4,cpe:2.3:a:codecov\/codecov-action:codecov\/codecov-action:v4:*:*:*:*:*:*:*,,github-action,/.github/workflows/ui.yml
WooCommerce-WooCommerce,possible-typed-array-names,1.1.0,library,pkg:npm/possible-typed-array-names@1.1.0,cpe:2.3:a:possible-typed-array-names:possible-typed-array-names:1.1.0:*:*:*:*:*:*:*,javascript,npm,/pnpm-lock.yaml
Apollo_GraphQL-Apollo_Client,@sinonjs/fake-timers,8.1.0,library,pkg:npm/%40sinonjs/fake-timers@8.1.0,cpe:2.3:a:\@sinonjs\/fake-timers:\@sinonjs\/fake-timers:8.1.0:*:*:*:*:*:*:*,javascript,npm,/integration-tests/pnpm-lock.yaml
Shopware_Inc-Shopware,minimist,1.2.8,library,pkg:npm/minimist@1.2.8,cpe:2.3:a:minimist:minimist:1.2.8:*:*:*:*:*:*:*,javascript,npm,/src/Administration/Resources/app/administration/package-lock.json
Grafana_Labs-Grafana,github.com/klauspost/compress,v1.18.4,library,pkg:golang/github.com/klauspost/compress@v1.18.4,cpe:2.3:a:klauspost:compress:v1.18.4:*:*:*:*:*:*:*,go,go-module,/apps/alerting/historian/go.mod
Jahia-Jahia,ansi-cyan,0.1.1,library,pkg:npm/ansi-cyan@0.1.1,cpe:2.3:a:ansi-cyan:ansi-cyan:0.1.1:*:*:*:*:*:*:*,javascript,npm,/war/yarn.lock
GHOST-Ghost,@radix-ui/react-toggle-group,1.0.4,library,pkg:npm/%40radix-ui/react-toggle-group@1.0.4,cpe:2.3:a:\@radix-ui\/react-toggle-group:\@radix-ui\/react-toggle-group:1.0.4:*:*:*:*:*:*:*,javascript,npm,/yarn.lock
Hbase-Hbase,longest-streak,3.1.0,library,pkg:npm/longest-streak@3.1.0,cpe:2.3:a:longest-streak:longest-streak:3.1.0:*:*:*:*:*:*:*,javascript,npm,/hbase-website/package-lock.json
Mesosphere_Inc_-Marathon,retrying,1.3.3,library,pkg:pypi/retrying@1.3.3,cpe:2.3:a:python-retrying:python-retrying:1.3.3:*:*:*:*:*:*:*,python,python,/tests/system/Pipfile.lock
Ionic-Ionic_Framework,string.prototype.trimend,1.0.5,library,pkg:npm/string.prototype.trimend@1.0.5,cpe:2.3:a:string.prototype.trimend:string.prototype.trimend:1.0.5:*:*:*:*:*:*:*,javascript,npm,/packages/react/test/apps/react17/package-lock.json
PowerDNS-DNS_Server,pyyaml,6.0.3,library,pkg:pypi/pyyaml@6.0.3,cpe:2.3:a:python-pyyaml:python-pyyaml:6.0.3:*:*:*:*:*:*:*,python,python,/pdns/dnsdistdist/docs/requirements.txt
Liferay-Liferay,array-includes,3.1.8,library,pkg:npm/array-includes@3.1.8,cpe:2.3:a:array-includes:array-includes:3.1.8:*:*:*:*:*:*:*,javascript,npm,/workspaces/clarity-solution-workspace/yarn.lock
Grafana_Labs-Grafana,go.opentelemetry.io/otel/sdk/metric,v1.40.0,library,pkg:golang/go.opentelemetry.io/otel/sdk/metric@v1.40.0,cpe:2.3:a:otel:sdk\/metric:v1.40.0:*:*:*:*:*:*:*,go,go-module,/pkg/build/go.mod
Angular-AngularJS,ms,2.1.3,library,pkg:npm/ms@2.1.3,cpe:2.3:a:vercel:ms:2.1.3:*:*:*:*:node.js:*:*,javascript,npm,/integration/animations/pnpm-lock.yaml
Magento-Magento_Commerce,magento/module-google-optimizer,100.3.1,library,pkg:composer/magento/module-google-optimizer@100.3.1,cpe:2.3:a:magento\/module-google-optimizer:magento\/module-google-optimizer:100.3.1:*:*:*:*:*:*:*,php,php-composer,/dev/tests/integration/testsuite/Magento/Framework/Composer/_files/testFromCreateProject/composer.lock
Rust-Rust,syn,2.0.87,library,pkg:cargo/syn@2.0.87,cpe:2.3:a:syn:syn:2.0.87:*:*:*:*:*:*:*,rust,rust-crate,/src/bootstrap/Cargo.lock
Angular-AngularJS,@tybys/wasm-util,0.10.1,library,pkg:npm/%40tybys/wasm-util@0.10.1,cpe:2.3:a:\@tybys\/wasm-util:\@tybys\/wasm-util:0.10.1:*:*:*:*:*:*:*,javascript,npm,/integration/ng-add-localize/pnpm-lock.yaml
Sentry-Ravenjs,no-case,3.0.4,library,pkg:npm/no-case@3.0.4,cpe:2.3:a:no-case_project:no-case:3.0.4:*:*:*:*:node.js:*:*,javascript,npm,/yarn.lock
scikit-learn-scikit-learn,pypa/cibuildwheel,v3.3.1,library,pkg:github/pypa/cibuildwheel@v3.3.1,cpe:2.3:a:pypa\/cibuildwheel:pypa\/cibuildwheel:v3.3.1:*:*:*:*:*:*:*,,github-action,/.github/workflows/emscripten.yml
Liferay-Liferay,@next/swc-linux-arm64-musl,15.5.7,library,pkg:npm/%40next/swc-linux-arm64-musl@15.5.7,cpe:2.3:a:\@next\/swc-linux-arm64-musl:\@next\/swc-linux-arm64-musl:15.5.7:*:*:*:*:*:*:*,javascript,npm,/modules/yarn.lock
Angular-AngularJS,minipass-flush,1.0.5,library,pkg:npm/minipass-flush@1.0.5,cpe:2.3:a:minipass-flush:minipass-flush:1.0.5:*:*:*:*:*:*:*,javascript,npm,/integration/cli-hello-world/pnpm-lock.yaml
EasyMock-EasyMock,jekyll-github-metadata,2.16.1,library,pkg:gem/jekyll-github-metadata@2.16.1,cpe:2.3:a:jekyll-github-metadata:jekyll-github-metadata:2.16.1:*:*:*:*:*:*:*,ruby,gem,/website/Gemfile.lock
Liferay-Liferay,@typescript-eslint/visitor-keys,5.62.0,library,pkg:npm/%40typescript-eslint/visitor-keys@5.62.0,cpe:2.3:a:\@typescript-eslint\/visitor-keys:\@typescript-eslint\/visitor-keys:5.62.0:*:*:*:*:*:*:*,javascript,npm,/workspaces/liferay-dotcom-workspace/yarn.lock
The_Apache_Software_Foundation-Apache_Ambari,babel-plugin-filter-imports,0.2.1,library,pkg:npm/babel-plugin-filter-imports@0.2.1,cpe:2.3:a:babel-plugin-filter-imports:babel-plugin-filter-imports:0.2.1:*:*:*:*:*:*:*,javascript,npm,/contrib/views/files/src/main/resources/ui/yarn.lock
Rundeck-Rundeck,sortablejs,1.14.0,library,pkg:npm/sortablejs@1.14.0,cpe:2.3:a:sortablejs:sortablejs:1.14.0:*:*:*:*:*:*:*,javascript,npm,/rundeckapp/grails-spa/packages/ui-trellis/package-lock.json
Node_js-Node_js,micromark-util-combine-extensions,2.0.1,library,pkg:npm/micromark-util-combine-extensions@2.0.1,cpe:2.3:a:micromark-util-combine-extensions:micromark-util-combine-extensions:2.0.1:*:*:*:*:*:*:*,javascript,npm,/tools/eslint/package-lock.json
GHOST-Ghost,@types/find-cache-dir,3.2.1,library,pkg:npm/%40types/find-cache-dir@3.2.1,cpe:2.3:a:\@types\/find-cache-dir:\@types\/find-cache-dir:3.2.1:*:*:*:*:*:*:*,javascript,npm,/yarn.lock
Grafana_Labs-Grafana,github.com/beorn7/perks,v1.0.1,library,pkg:golang/github.com/beorn7/perks@v1.0.1,cpe:2.3:a:beorn7:perks:v1.0.1:*:*:*:*:*:*:*,go,go-module,/apps/example/go.mod
Tilde-Emberjs,@babel/compat-data,7.29.0,library,pkg:npm/%40babel/compat-data@7.29.0,cpe:2.3:a:\@babel\/compat-data:\@babel\/compat-data:7.29.0:*:*:*:*:*:*:*,javascript,npm,/pnpm-lock.yaml
Angular-AngularJS,strip-ansi,3.0.1,library,pkg:npm/strip-ansi@3.0.1,cpe:2.3:a:strip-ansi:strip-ansi:3.0.1:*:*:*:*:*:*:*,javascript,npm,/integration/ng_elements/pnpm-lock.yaml
EllisLab-EllisLab_ExpressionEngine,actions/checkout,v4,library,pkg:github/actions/checkout@v4,cpe:2.3:a:actions\/checkout:actions\/checkout:v4:*:*:*:*:*:*:*,,github-action,/.github/workflows/phpcs.yml
dotCMS-dotCMS,cliui,9.0.1,library,pkg:npm/cliui@9.0.1,cpe:2.3:a:cliui:cliui:9.0.1:*:*:*:*:*:*:*,javascript,npm,/core-web/yarn.lock
Zabbix-Zabbix,split-string,3.1.0,library,pkg:npm/split-string@3.1.0,cpe:2.3:a:split-string:split-string:3.1.0:*:*:*:*:*:*:*,javascript,npm,/sass/icons/package-lock.json
Jahia-Jahia,is-fullwidth-code-point,1.0.0,library,pkg:npm/is-fullwidth-code-point@1.0.0,cpe:2.3:a:is-fullwidth-code-point:is-fullwidth-code-point:1.0.0:*:*:*:*:*:*:*,javascript,npm,/war/yarn.lock
Google-Angular_Material,entities,1.1.2,library,pkg:npm/entities@1.1.2,cpe:2.3:a:entities:entities:1.1.2:*:*:*:*:*:*:*,javascript,npm,/pnpm-lock.yaml
Angular-AngularJS,constant-case,3.0.4,library,pkg:npm/constant-case@3.0.4,cpe:2.3:a:constant-case:constant-case:3.0.4:*:*:*:*:*:*:*,javascript,npm,/pnpm-lock.yaml
The_Apache_Software_Foundation-Apache_NiFi,/Users/dmk6603/Documents/cloned_repos_oss_swdb/The_Apache_Software_Foundation-Apache_NiFi/nifi-commons/nifi-custom-ui-utils/pom.xml,,file,,,,,
Angular-AngularJS,mime-db,1.52.0,library,pkg:npm/mime-db@1.52.0,cpe:2.3:a:mime-db:mime-db:1.52.0:*:*:*:*:*:*:*,javascript,npm,/integration/cli-hello-world-lazy/pnpm-lock.yaml
Apollo_GraphQL-Apollo_Client,ejs,3.1.10,library,pkg:npm/ejs@3.1.10,cpe:2.3:a:ejs:ejs:3.1.10:*:*:*:*:node.js:*:*,javascript,npm,/integration-tests/pnpm-lock.yaml
Magento-Magento_Commerce,laminas/laminas-code,3.3.1,library,pkg:composer/laminas/laminas-code@3.3.1,cpe:2.3:a:laminas\/laminas-code:laminas\/laminas-code:3.3.1:*:*:*:*:*:*:*,php,php-composer,/dev/tests/integration/testsuite/Magento/Framework/Composer/_files/testSkeleton/composer.lock
Liferay-Liferay,@babel/plugin-transform-typeof-symbol,7.27.1,library,pkg:npm/%40babel/plugin-transform-typeof-symbol@7.27.1,cpe:2.3:a:\@babel\/plugin-transform-typeof-symbol:\@babel\/plugin-transform-typeof-symbol:7.27.1:*:*:*:*:*:*:*,javascript,npm,/modules/yarn.lock
Angular-AngularJS,cacache,20.0.4,library,pkg:npm/cacache@20.0.4,cpe:2.3:a:cacache:cacache:20.0.4:*:*:*:*:*:*:*,javascript,npm,/integration/cli-signal-inputs/pnpm-lock.yaml
dotCMS-dotCMS,@types/d3-path,3.1.1,library,pkg:npm/%40types/d3-path@3.1.1,cpe:2.3:a:\@types\/d3-path:\@types\/d3-path:3.1.1:*:*:*:*:*:*:*,javascript,npm,/core-web/yarn.lock
dotCMS-dotCMS,typescript,5.7.3,library,pkg:npm/typescript@5.7.3,cpe:2.3:a:typescript:typescript:5.7.3:*:*:*:*:*:*:*,javascript,npm,/e2e/dotcms-e2e-node/frontend/yarn.lock
dotCMS-dotCMS,jwa,1.4.1,library,pkg:npm/jwa@1.4.1,cpe:2.3:a:jwa:jwa:1.4.1:*:*:*:*:*:*:*,javascript,npm,/.github/actions/issues/issue-fetcher/package-lock.json
CKSource_sp__z_o_o__sp_k_-CKEditor,@esbuild/android-x64,0.25.10,library,pkg:npm/%40esbuild/android-x64@0.25.10,cpe:2.3:a:\@esbuild\/android-x64:\@esbuild\/android-x64:0.25.10:*:*:*:*:*:*:*,javascript,npm,/pnpm-lock.yaml
WooCommerce-WooCommerce,postcss-minify-params,5.1.4,library,pkg:npm/postcss-minify-params@5.1.4,cpe:2.3:a:postcss-minify-params:postcss-minify-params:5.1.4:*:*:*:*:*:*:*,javascript,npm,/pnpm-lock.yaml
The_Apache_Software_Foundation-Apache_Mesos,rb-fsevent,0.10.3,library,pkg:gem/rb-fsevent@0.10.3,cpe:2.3:a:rb-fsevent:rb-fsevent:0.10.3:*:*:*:*:*:*:*,ruby,gem,/site/Gemfile.lock
Concrete5-Concrete5,caniuse-lite,1.0.30001616,library,pkg:npm/caniuse-lite@1.0.30001616,cpe:2.3:a:caniuse-lite:caniuse-lite:1.0.30001616:*:*:*:*:*:*:*,javascript,npm,/build/package-lock.json
dotCMS-dotCMS,docker/login-action,v3.0.0,library,pkg:github/docker/login-action@v3.0.0,cpe:2.3:a:docker\/login-action:docker\/login-action:v3.0.0:*:*:*:*:*:*:*,,github-action,/.github/workflows/legacy-release_comp_maven-build-docker-image.yml
Rundeck-Rundeck,vue,3.5.25,library,pkg:npm/vue@3.5.25,cpe:2.3:a:vue:vue:3.5.25:*:*:*:*:*:*:*,javascript,npm,/rundeckapp/grails-spa/packages/ui-trellis/package-lock.json
Ionic-Ionic_Framework,pretty-format,29.5.0,library,pkg:npm/pretty-format@29.5.0,cpe:2.3:a:pretty-format:pretty-format:29.5.0:*:*:*:*:*:*:*,javascript,npm,/packages/react-router/test/apps/reactrouter5/package-lock.json
Selenium_HQ-Selenium_IDE,path-scurry,1.10.1,library,pkg:npm/path-scurry@1.10.1,cpe:2.3:a:path-scurry:path-scurry:1.10.1:*:*:*:*:*:*:*,javascript,npm,/pnpm-lock.yaml
Grafana_Labs-Grafana,github.com/go-openapi/swag/stringutils,v0.25.4,library,pkg:golang/github.com/go-openapi/swag/stringutils@v0.25.4,cpe:2.3:a:go-openapi:swag\/stringutils:v0.25.4:*:*:*:*:*:*:*,go,go-module,/apps/example/go.mod
Angular-AngularJS,@types/estree,1.0.8,library,pkg:npm/%40types/estree@1.0.8,cpe:2.3:a:\@types\/estree:\@types\/estree:1.0.8:*:*:*:*:*:*:*,javascript,npm,/integration/standalone-bootstrap/pnpm-lock.yaml
FACEBOOK-HHVM,colorchoice,1.0.0,library,pkg:cargo/colorchoice@1.0.0,cpe:2.3:a:colorchoice:colorchoice:1.0.0:*:*:*:*:*:*:*,rust,rust-crate,/hphp/hack/src/Cargo.lock
MongoDB-MongoDB,automat,24.8.1,library,pkg:pypi/automat@24.8.1,cpe:2.3:a:python-automat:python-automat:24.8.1:*:*:*:*:*:*:*,python,python,/poetry.lock
FACEBOOK-React,jiti,1.21.7,library,pkg:npm/jiti@1.21.7,cpe:2.3:a:jiti:jiti:1.21.7:*:*:*:*:*:*:*,javascript,npm,/fixtures/owner-stacks/yarn.lock
Liferay-Liferay,data-view-byte-offset,1.0.0,library,pkg:npm/data-view-byte-offset@1.0.0,cpe:2.3:a:data-view-byte-offset:data-view-byte-offset:1.0.0:*:*:*:*:*:*:*,javascript,npm,/workspaces/liferay-commerceminium4-workspace/yarn.lock
Liferay-Liferay,sample.rest.builder,1.0.0,library,pkg:maven/sample.rest.builder/sample.rest.builder@1.0.0,cpe:2.3:a:sample.rest.builder:sample.rest.builder:1.0.0:*:*:*:*:*:*:*,java,java-archive,/modules/util/portal-tools-rest-builder/samples/pom.xml
MovableType-MovableType,symfony/deprecation-contracts,v3.6.0,library,pkg:composer/symfony/deprecation-contracts@v3.6.0,cpe:2.3:a:symfony\/deprecation-contracts:symfony\/deprecation-contracts:v3.6.0:*:*:*:*:*:*:*,php,php-composer,/plugins/CommonMark/php/composer.lock
dotCMS-dotCMS,estree-walker,2.0.2,library,pkg:npm/estree-walker@2.0.2,cpe:2.3:a:estree-walker:estree-walker:2.0.2:*:*:*:*:*:*:*,javascript,npm,/examples/vuejs/package-lock.json
Angular-AngularJS,@jsonjoy.com/buffers,1.2.1,library,pkg:npm/%40jsonjoy.com/buffers@1.2.1,cpe:2.3:a:\@jsonjoy.com\/buffers:\@jsonjoy.com\/buffers:1.2.1:*:*:*:*:*:*:*,javascript,npm,/integration/animations/pnpm-lock.yaml
FACEBOOK-React,slide,1.1.6,library,pkg:npm/slide@1.1.6,cpe:2.3:a:slide:slide:1.1.6:*:*:*:*:*:*:*,javascript,npm,/fixtures/attribute-behavior/yarn.lock
Jetpack-JetPack,@asamuzakjp/nwsapi,2.3.9,library,pkg:npm/%40asamuzakjp/nwsapi@2.3.9,cpe:2.3:a:\@asamuzakjp\/nwsapi:\@asamuzakjp\/nwsapi:2.3.9:*:*:*:*:*:*:*,javascript,npm,/pnpm-lock.yaml
Liferay-Liferay,ci-info,3.9.0,library,pkg:npm/ci-info@3.9.0,cpe:2.3:a:ci-info:ci-info:3.9.0:*:*:*:*:*:*:*,javascript,npm,/modules/yarn.lock
GHOST-Ghost,delegates,1.0.0,library,pkg:npm/delegates@1.0.0,cpe:2.3:a:delegates:delegates:1.0.0:*:*:*:*:*:*:*,javascript,npm,/yarn.lock
dotCMS-dotCMS,import-cwd,3.0.0,library,pkg:npm/import-cwd@3.0.0,cpe:2.3:a:import-cwd:import-cwd:3.0.0:*:*:*:*:*:*:*,javascript,npm,/core-web/yarn.lock
FACEBOOK-React,postcss-convert-values,2.6.1,library,pkg:npm/postcss-convert-values@2.6.1,cpe:2.3:a:postcss-convert-values:postcss-convert-values:2.6.1:*:*:*:*:*:*:*,javascript,npm,/fixtures/concurrent/time-slicing/yarn.lock
Concrete5-Concrete5,@babel/helper-function-name,7.23.0,library,pkg:npm/%40babel/helper-function-name@7.23.0,cpe:2.3:a:\@babel\/helper-function-name:\@babel\/helper-function-name:7.23.0:*:*:*:*:*:*:*,javascript,npm,/build/package-lock.json
Angular-AngularJS,p-limit,3.1.0,library,pkg:npm/p-limit@3.1.0,cpe:2.3:a:p-limit:p-limit:3.1.0:*:*:*:*:*:*:*,javascript,npm,/integration/cli-hello-world/pnpm-lock.yaml
EasyMock-EasyMock,/Users/dmk6603/Documents/cloned_repos_oss_swdb/EasyMock-EasyMock/test-java8/pom.xml,,file,,,,,
Angular-AngularJS,sockjs,0.3.24,library,pkg:npm/sockjs@0.3.24,cpe:2.3:a:sockjs_project:sockjs:0.3.24:*:*:*:*:node.js:*:*,javascript,npm,/integration/trusted-types/pnpm-lock.yaml
Grafana_Labs-Grafana,k8s.io/apimachinery,v0.35.3,library,pkg:golang/k8s.io/apimachinery@v0.35.3,,go,go-module,/apps/preferences/go.mod
Jenkins-Jenkins,json-buffer,3.0.1,library,pkg:npm/json-buffer@3.0.1,cpe:2.3:a:json-buffer:json-buffer:3.0.1:*:*:*:*:*:*:*,javascript,npm,/yarn.lock
Mesosphere_Inc_-Marathon,coffee-script,2.4.1,library,pkg:gem/coffee-script@2.4.1,cpe:2.3:a:coffee-script:coffee-script:2.4.1:*:*:*:*:*:*:*,ruby,gem,/docs/Gemfile.lock
Liferay-Liferay,acorn,8.10.0,library,pkg:npm/acorn@8.10.0,cpe:2.3:a:acorn:acorn:8.10.0:*:*:*:*:*:*:*,javascript,npm,/workspaces/liferay-sample-workspace/client-extensions/liferay-sample-custom-element-3/yarn.lock
Zend-Zend_Framework,psr/container,1.1.2,library,pkg:composer/psr/container@1.1.2,cpe:2.3:a:psr\/container:psr\/container:1.1.2:*:*:*:*:*:*:*,php,php-composer,/composer.lock
GridGain-GridGain,ignite-ssh,8.9.127-SNAPSHOT,library,pkg:maven/org.gridgain/ignite-ssh@8.9.127-SNAPSHOT,cpe:2.3:a:org.gridgain:ignite-ssh:8.9.127-SNAPSHOT:*:*:*:*:*:*:*,java,java-archive,/modules/ssh/pom.xml
Open_Source-Drupal,fs-constants,1.0.0,library,pkg:npm/fs-constants@1.0.0,cpe:2.3:a:fs-constants:fs-constants:1.0.0:*:*:*:*:*:*:*,javascript,npm,/core/yarn.lock
ec-cube_net-EC-CUBE,source-map,0.6.1,library,pkg:npm/source-map@0.6.1,cpe:2.3:a:source-map:source-map:0.6.1:*:*:*:*:*:*:*,javascript,npm,/package-lock.json
NET_FOUNDATION-Orchard_CMS,dotnet/arcade/.github/workflows/backport-base.yml,30f8bf581e0e0d7e1de30898de8fa9c4008d2f5e,library,pkg:github/dotnet/arcade@30f8bf581e0e0d7e1de30898de8fa9c4008d2f5e#.github/workflows/backport-base.yml,cpe:2.3:a:dotnet\/arcade\/.github\/workflows\/backport-base.yml:dotnet\/arcade\/.github\/workflows\/backport-base.yml:30f8bf581e0e0d7e1de30898de8fa9c4008d2f5e:*:*:*:*:*:*:*,,github-action-workflow,/.github/workflows/backport.yml
Red_Hat-JBoss_Enterprise_Application_Server__EAS_,wildfly-testsuite-shared,UNKNOWN,library,pkg:maven/wildfly-testsuite-shared/wildfly-testsuite-shared,cpe:2.3:a:wildfly-testsuite-shared:wildfly-testsuite-shared:*:*:*:*:*:*:*:*,java,java-archive,/dist/pom.xml
Liferay-Liferay,eslint-utils,3.0.0,library,pkg:npm/eslint-utils@3.0.0,cpe:2.3:a:eslint-utils_project:eslint-utils:3.0.0:*:*:*:*:node.js:*:*,javascript,npm,/workspaces/liferay-learn-workspace/yarn.lock
Grafana_Labs-Grafana,github.com/mwitkow/go-conntrack,v0.0.0-20190716064945-2f068394615f,library,pkg:golang/github.com/mwitkow/go-conntrack@v0.0.0-20190716064945-2f068394615f,cpe:2.3:a:mwitkow:go-conntrack:v0.0.0-20190716064945-2f068394615f:*:*:*:*:*:*:*,go,go-module,/apps/dashvalidator/go.mod
GHOST-Ghost,@tryghost/kg-default-transforms,1.2.40,library,pkg:npm/%40tryghost/kg-default-transforms@1.2.40,cpe:2.3:a:\@tryghost\/kg-default-transforms:\@tryghost\/kg-default-transforms:1.2.40:*:*:*:*:*:*:*,javascript,npm,/yarn.lock
phpMyAdmin-phpMyAdmin,source-map,0.6.1,library,pkg:npm/source-map@0.6.1,cpe:2.3:a:source-map:source-map:0.6.1:*:*:*:*:*:*:*,javascript,npm,/yarn.lock
Dart-Dart,/Users/dmk6603/Documents/cloned_repos_oss_swdb/Dart-Dart/pkg/analyzer_cli/pubspec.yaml,,file,,,,,
ECLIPSE-Jetty,jetty-ee9-jndi,12.1.8-SNAPSHOT,library,pkg:maven/org.eclipse.jetty.ee9/jetty-ee9-jndi@12.1.8-SNAPSHOT,cpe:2.3:a:org.eclipse.jetty.ee9:jetty-ee9-jndi:12.1.8-SNAPSHOT:*:*:*:*:*:*:*,java,java-archive,/jetty-ee9/jetty-ee9-jndi/pom.xml
ec-cube_net-EC-CUBE,symfony/routing,v6.4.18,library,pkg:composer/symfony/routing@v6.4.18,cpe:2.3:a:symfony\/routing:symfony\/routing:v6.4.18:*:*:*:*:*:*:*,php,php-composer,/composer.lock
Liferay-Liferay,MockMock,UNKNOWN,library,pkg:maven/com.simontuffs.onejar.Boot/MockMock,cpe:2.3:a:com.simontuffs.onejar.Boot:MockMock:*:*:*:*:*:*:*:*,java,java-archive,/workspaces/liferay-customer-workspace/quickstart/mockmock/MockMock.jar
Meteor_Development_Group_Inc_-Meteor,regenerator-transform,0.15.2,library,pkg:npm/regenerator-transform@0.15.2,cpe:2.3:a:regenerator-transform:regenerator-transform:0.15.2:*:*:*:*:*:*:*,javascript,npm,/npm-packages/babel-preset-meteor/package-lock.json
The_Apache_Software_Foundation-Apache_Ambari,source-map,0.5.6,library,pkg:npm/source-map@0.5.6,cpe:2.3:a:source-map:source-map:0.5.6:*:*:*:*:*:*:*,javascript,npm,/ambari-web/yarn.lock
WooCommerce-WooCommerce,jsonparse,1.3.1,library,pkg:npm/jsonparse@1.3.1,cpe:2.3:a:jsonparse:jsonparse:1.3.1:*:*:*:*:*:*:*,javascript,npm,/pnpm-lock.yaml
Data_Driven_Documents-D3js,d3-hierarchy,3.1.2,library,pkg:npm/d3-hierarchy@3.1.2,cpe:2.3:a:d3-hierarchy:d3-hierarchy:3.1.2:*:*:*:*:*:*:*,javascript,npm,/yarn.lock
Ionic-Ionic_Framework,picocolors,1.1.1,library,pkg:npm/picocolors@1.1.1,cpe:2.3:a:picocolors:picocolors:1.1.1:*:*:*:*:*:*:*,javascript,npm,/packages/vue-router/package-lock.json
dotCMS-dotCMS,@rollup/rollup-win32-x64-msvc,4.34.9,library,pkg:npm/%40rollup/rollup-win32-x64-msvc@4.34.9,cpe:2.3:a:\@rollup\/rollup-win32-x64-msvc:\@rollup\/rollup-win32-x64-msvc:4.34.9:*:*:*:*:*:*:*,javascript,npm,/core-web/yarn.lock
Neos-Neos,is-extendable,1.0.1,library,pkg:npm/is-extendable@1.0.1,cpe:2.3:a:is-extendable:is-extendable:1.0.1:*:*:*:*:*:*:*,javascript,npm,/Neos.Media.Browser/yarn.lock
Alluxio_Inc_-Alluxio,github.com/go-logr/logr,v0.4.0,library,pkg:golang/github.com/go-logr/logr@v0.4.0,cpe:2.3:a:go-logr:logr:v0.4.0:*:*:*:*:*:*:*,go,go-module,/integration/docker/csi/go.mod
Kubernetes-k8s,k8s.io/klog/v2,v2.140.0,library,pkg:golang/k8s.io/klog/v2@v2.140.0,cpe:2.3:a:klog:v2:v2.140.0:*:*:*:*:*:*:*,go,go-module,/staging/src/k8s.io/controller-manager/go.mod
Sentry-Ravenjs,@adobe/css-tools,4.4.3,library,pkg:npm/%40adobe/css-tools@4.4.3,cpe:2.3:a:adobe:css-tools:4.4.3:*:*:*:*:node.js:*:*,javascript,npm,/yarn.lock
The_Apache_Software_Foundation-Prometheus,github.com/fxamacker/cbor/v2,v2.9.0,library,pkg:golang/github.com/fxamacker/cbor/v2@v2.9.0,cpe:2.3:a:fxamacker:cbor\/v2:v2.9.0:*:*:*:*:*:*:*,go,go-module,/go.mod
FACEBOOK-React,zod,4.2.0,library,pkg:npm/zod@4.2.0,cpe:2.3:a:zod:zod:4.2.0:*:*:*:*:*:*:*,javascript,npm,/fixtures/eslint-v9/yarn.lock
Selenium-Selenium,@bazel/runfiles,6.5.0,library,pkg:npm/%40bazel/runfiles@6.5.0,cpe:2.3:a:\@bazel\/runfiles:\@bazel\/runfiles:6.5.0:*:*:*:*:*:*:*,javascript,npm,/pnpm-lock.yaml
FACEBOOK-React,@webassemblyjs/wasm-parser,1.9.0,library,pkg:npm/%40webassemblyjs/wasm-parser@1.9.0,cpe:2.3:a:\@webassemblyjs\/wasm-parser:\@webassemblyjs\/wasm-parser:1.9.0:*:*:*:*:*:*:*,javascript,npm,/fixtures/ssr2/yarn.lock
The_Apache_Software_Foundation-Apache_NiFi,path-scurry,1.11.1,library,pkg:npm/path-scurry@1.11.1,cpe:2.3:a:path-scurry:path-scurry:1.11.1:*:*:*:*:*:*:*,javascript,npm,/nifi-frontend/src/main/frontend/package-lock.json
PowerDNS-DNS_Server,syn,2.0.114,library,pkg:cargo/syn@2.0.114,cpe:2.3:a:syn:syn:2.0.114:*:*:*:*:*:*:*,rust,rust-crate,/pdns/recursordist/rec-rust-lib/rust/Cargo.lock
Live_Helper-Live_Helper_Chat,lodash.includes,4.3.0,library,pkg:npm/lodash.includes@4.3.0,cpe:2.3:a:lodash.includes:lodash.includes:4.3.0:*:*:*:*:*:*:*,javascript,npm,/lhc_web/design/defaulttheme/widget/wrapper/package-lock.json
Oracle-MySQL,protocolbuffers/protobuf-ci/cross-compile-protoc,v2,library,pkg:github/protocolbuffers/protobuf-ci@v2#cross-compile-protoc,cpe:2.3:a:protocolbuffers\/protobuf-ci\/cross-compile-protoc:protocolbuffers\/protobuf-ci\/cross-compile-protoc:v2:*:*:*:*:*:*:*,,github-action,/extra/protobuf/protobuf-24.4/.github/workflows/test_php.yml
Angular-AngularJS,@angular-devkit/architect,0.2200.0-next.3,library,pkg:npm/%40angular-devkit/architect@0.2200.0-next.3,cpe:2.3:a:\@angular-devkit\/architect:\@angular-devkit\/architect:0.2200.0-next.3:*:*:*:*:*:*:*,javascript,npm,/integration/platform-server/pnpm-lock.yaml
Rust-Rust,rustc_codegen_llvm,0.0.0,library,pkg:cargo/rustc_codegen_llvm@0.0.0,cpe:2.3:a:rustc-codegen-llvm:rustc-codegen-llvm:0.0.0:*:*:*:*:*:*:*,rust,rust-crate,/Cargo.lock
Rust-Rust,windows_i686_gnullvm,0.52.6,library,pkg:cargo/windows_i686_gnullvm@0.52.6,cpe:2.3:a:windows-i686-gnullvm:windows-i686-gnullvm:0.52.6:*:*:*:*:*:*:*,rust,rust-crate,/Cargo.lock
Liferay-Liferay,@img/sharp-linuxmusl-x64,0.34.5,library,pkg:npm/%40img/sharp-linuxmusl-x64@0.34.5,cpe:2.3:a:\@img\/sharp-linuxmusl-x64:\@img\/sharp-linuxmusl-x64:0.34.5:*:*:*:*:*:*:*,javascript,npm,/modules/apps/frontend-js/frontend-js-clay-web/clay/www/yarn.lock
dotCMS-dotCMS,webidl-conversions,7.0.0,library,pkg:npm/webidl-conversions@7.0.0,cpe:2.3:a:webidl-conversions:webidl-conversions:7.0.0:*:*:*:*:*:*:*,javascript,npm,/e2e/dotcms-e2e-node/frontend/package-lock.json
FACEBOOK-React,@types/eslint-scope,3.7.4,library,pkg:npm/%40types/eslint-scope@3.7.4,cpe:2.3:a:\@types\/eslint-scope:\@types\/eslint-scope:3.7.4:*:*:*:*:*:*:*,javascript,npm,/yarn.lock
FACEBOOK-React,@svgr/babel-preset,5.5.0,library,pkg:npm/%40svgr/babel-preset@5.5.0,cpe:2.3:a:\@svgr\/babel-preset:\@svgr\/babel-preset:5.5.0:*:*:*:*:*:*:*,javascript,npm,/fixtures/flight/yarn.lock
Bolt-Bolt,punycode,2.3.1,library,pkg:npm/punycode@2.3.1,cpe:2.3:a:punycode:punycode:2.3.1:*:*:*:*:*:*:*,javascript,npm,/package-lock.json
Open_Source-Drupal,@types/unist,3.0.3,library,pkg:npm/%40types/unist@3.0.3,cpe:2.3:a:\@types\/unist:\@types\/unist:3.0.3:*:*:*:*:*:*:*,javascript,npm,/core/yarn.lock
AbanteCart-AbanteCart,symfony/postmark-mailer,v7.2.4,library,pkg:composer/symfony/postmark-mailer@v7.2.4,cpe:2.3:a:symfony\/postmark-mailer:symfony\/postmark-mailer:v7.2.4:*:*:*:*:*:*:*,php,php-composer,/public_html/composer.lock
sensuapp-Sensu,github.com/hashicorp/hcl,v1.0.0,library,pkg:golang/github.com/hashicorp/hcl@v1.0.0,cpe:2.3:a:hashicorp:hcl:v1.0.0:*:*:*:*:*:*:*,go,go-module,/go.mod
FACEBOOK-React,tunnel-agent,0.6.0,library,pkg:npm/tunnel-agent@0.6.0,cpe:2.3:a:tunnel-agent:tunnel-agent:0.6.0:*:*:*:*:*:*:*,javascript,npm,/fixtures/packaging/brunch/prod/yarn.lock
Ionic-Ionic_Framework,asynckit,0.4.0,library,pkg:npm/asynckit@0.4.0,cpe:2.3:a:asynckit:asynckit:0.4.0:*:*:*:*:*:*:*,javascript,npm,/packages/angular/test/apps/ng16/package-lock.json
Orient_Technologies-OrientDB,browserslist,1.4.0,library,pkg:npm/browserslist@1.4.0,cpe:2.3:a:browserslist_project:browserslist:1.4.0:*:*:*:*:node.js:*:*,javascript,npm,/studio/yarn.lock
Jahia-Jahia,external-editor,3.1.0,library,pkg:npm/external-editor@3.1.0,cpe:2.3:a:external-editor:external-editor:3.1.0:*:*:*:*:*:*:*,javascript,npm,/war/yarn.lock
GHOST-Ghost,@tryghost/http-cache-utils,0.1.20,library,pkg:npm/%40tryghost/http-cache-utils@0.1.20,cpe:2.3:a:\@tryghost\/http-cache-utils:\@tryghost\/http-cache-utils:0.1.20:*:*:*:*:*:*:*,javascript,npm,/yarn.lock
Liferay-Liferay,math-intrinsics,1.0.0,library,pkg:npm/math-intrinsics@1.0.0,cpe:2.3:a:math-intrinsics:math-intrinsics:1.0.0:*:*:*:*:*:*:*,javascript,npm,/workspaces/liferay-dlfoldertemplate-workspace/yarn.lock
Less-Less,semver,5.7.2,library,pkg:npm/semver@5.7.2,cpe:2.3:a:npmjs:semver:5.7.2:*:*:*:*:node.js:*:*,javascript,npm,/pnpm-lock.yaml
scikit-learn-scikit-learn,actions/checkout,v6,library,pkg:github/actions/checkout@v6,cpe:2.3:a:actions\/checkout:actions\/checkout:v6:*:*:*:*:*:*:*,,github-action,/.github/workflows/bot-lint-comment.yml
Grafana_Labs-Grafana,github.com/mschoch/smat,v0.2.0,library,pkg:golang/github.com/mschoch/smat@v0.2.0,cpe:2.3:a:mschoch:smat:v0.2.0:*:*:*:*:*:*:*,go,go-module,/go.mod
Sentry-Ravenjs,editions,2.3.1,library,pkg:npm/editions@2.3.1,cpe:2.3:a:editions:editions:2.3.1:*:*:*:*:*:*:*,javascript,npm,/yarn.lock
Potix_Corporation-ZK,unicode-property-aliases-ecmascript,2.1.0,library,pkg:npm/unicode-property-aliases-ecmascript@2.1.0,cpe:2.3:a:unicode-property-aliases-ecmascript:unicode-property-aliases-ecmascript:2.1.0:*:*:*:*:*:*:*,javascript,npm,/package-lock.json
Countly-Countly,ansi-regex,5.0.1,library,pkg:npm/ansi-regex@5.0.1,cpe:2.3:a:ansi-regex_project:ansi-regex:5.0.1:*:*:*:*:node.js:*:*,javascript,npm,/plugins/hooks/package-lock.json
Meteor_Development_Group_Inc_-Meteor,express,4.21.2,library,pkg:npm/express@4.21.2,cpe:2.3:a:openjsf:express:4.21.2:*:*:*:*:node.js:*:*,javascript,npm,/npm-packages/meteor-rspack/package-lock.json
PrestaShop-Commerce_Software,bjeavons/zxcvbn-php,1.4.1,library,pkg:composer/bjeavons/zxcvbn-php@1.4.1,cpe:2.3:a:bjeavons\/zxcvbn-php:bjeavons\/zxcvbn-php:1.4.1:*:*:*:*:*:*:*,php,php-composer,/composer.lock
XWiki-XWiki,caniuse-lite,1.0.30001764,library,pkg:npm/caniuse-lite@1.0.30001764,cpe:2.3:a:caniuse-lite:caniuse-lite:1.0.30001764:*:*:*:*:*:*:*,javascript,npm,/pnpm-lock.yaml
The_Apache_Software_Foundation-Apache_Mahout,lodash,4.17.23,library,pkg:npm/lodash@4.17.23,cpe:2.3:a:lodash:lodash:4.17.23:*:*:*:*:node.js:*:*,javascript,npm,/website/package-lock.json
The_Apache_Software_Foundation-Apache_NiFi,nifi-registry-provider-api,2.9.0-SNAPSHOT,library,pkg:maven/org.apache.nifi.registry/nifi-registry-provider-api@2.9.0-SNAPSHOT,cpe:2.3:a:apache:nifi-registry-provider-api:2.9.0-SNAPSHOT:*:*:*:*:*:*:*,java,java-archive,/nifi-registry/nifi-registry-core/nifi-registry-provider-api/pom.xml
GHOST-Ghost,@esbuild/linux-arm,0.21.5,library,pkg:npm/%40esbuild/linux-arm@0.21.5,cpe:2.3:a:\@esbuild\/linux-arm:\@esbuild\/linux-arm:0.21.5:*:*:*:*:*:*:*,javascript,npm,/yarn.lock
Shopware_Inc-Shopware,/Users/dmk6603/Documents/cloned_repos_oss_swdb/Shopware_Inc-Shopware/.github/workflows/saas-preview-environment.yaml,,file,,,,,
Grafana_Labs-Grafana,@grafana/faro-web-tracing,2.2.4,library,pkg:npm/%40grafana/faro-web-tracing@2.2.4,cpe:2.3:a:\@grafana\/faro-web-tracing:\@grafana\/faro-web-tracing:2.2.4:*:*:*:*:*:*:*,javascript,npm,/yarn.lock
Shopsys_Framework-Shopsys_Framework,signal-exit,3.0.7,library,pkg:npm/signal-exit@3.0.7,cpe:2.3:a:signal-exit:signal-exit:3.0.7:*:*:*:*:*:*:*,javascript,npm,/project-base/storefront/pnpm-lock.yaml
Grafana_Labs-Grafana,github.com/json-iterator/go,v1.1.12,library,pkg:golang/github.com/json-iterator/go@v1.1.12,cpe:2.3:a:json-iterator:go:v1.1.12:*:*:*:*:*:*:*,go,go-module,/apps/alerting/alertenrichment/go.mod
druidio-Druid,/Users/dmk6603/Documents/cloned_repos_oss_swdb/druidio-Druid/extensions-core/orc-extensions/pom.xml,,file,,,,,
The_Apache_Software_Foundation-Apache_Mahout,wasm-bindgen-macro-support,0.2.108,library,pkg:cargo/wasm-bindgen-macro-support@0.2.108,cpe:2.3:a:wasm-bindgen-macro-support:wasm-bindgen-macro-support:0.2.108:*:*:*:*:*:*:*,rust,rust-crate,/qdp/Cargo.lock
Angular-AngularJS,@inquirer/type,4.0.4,library,pkg:npm/%40inquirer/type@4.0.4,cpe:2.3:a:\@inquirer\/type:\@inquirer\/type:4.0.4:*:*:*:*:*:*:*,javascript,npm,/pnpm-lock.yaml
Tilde-Emberjs,isbinaryfile,5.0.7,library,pkg:npm/isbinaryfile@5.0.7,cpe:2.3:a:isbinaryfile:isbinaryfile:5.0.7:*:*:*:*:*:*:*,javascript,npm,/pnpm-lock.yaml
Google-Angular_Material,string-width,7.2.0,library,pkg:npm/string-width@7.2.0,cpe:2.3:a:string-width:string-width:7.2.0:*:*:*:*:*:*:*,javascript,npm,/integration/ng-add/pnpm-lock.yaml
Ionic-Ionic_Framework,json-buffer,3.0.1,library,pkg:npm/json-buffer@3.0.1,cpe:2.3:a:json-buffer:json-buffer:3.0.1:*:*:*:*:*:*:*,javascript,npm,/packages/angular/test/apps/ng17/package-lock.json
Divio_AG-django_CMS,@babel/runtime,7.28.4,library,pkg:npm/%40babel/runtime@7.28.4,cpe:2.3:a:\@babel\/runtime:\@babel\/runtime:7.28.4:*:*:*:*:*:*:*,javascript,npm,/package-lock.json
ec-cube_net-EC-CUBE,react/event-loop,v1.5.0,library,pkg:composer/react/event-loop@v1.5.0,cpe:2.3:a:react\/event-loop:react\/event-loop:v1.5.0:*:*:*:*:*:*:*,php,php-composer,/composer.lock
FACEBOOK-React,postcss-normalize-url,5.1.0,library,pkg:npm/postcss-normalize-url@5.1.0,cpe:2.3:a:postcss-normalize-url:postcss-normalize-url:5.1.0:*:*:*:*:*:*:*,javascript,npm,/fixtures/view-transition/yarn.lock
The_Apache_Software_Foundation-Apache_Tez,broccoli-kitchen-sink-helpers,0.2.9,library,pkg:npm/broccoli-kitchen-sink-helpers@0.2.9,cpe:2.3:a:broccoli-kitchen-sink-helpers:broccoli-kitchen-sink-helpers:0.2.9:*:*:*:*:*:*:*,javascript,npm,/tez-ui/src/main/webapp/yarn.lock
Citrix_Systems_Inc-CloudStack,cloud-plugin-snmp-alerts,4.23.0.0-SNAPSHOT,library,pkg:maven/org.apache.cloudstack/cloud-plugin-snmp-alerts@4.23.0.0-SNAPSHOT,cpe:2.3:a:apache:cloud-plugin-snmp-alerts:4.23.0.0-SNAPSHOT:*:*:*:*:*:*:*,java,java-archive,/plugins/alert-handlers/snmp-alerts/pom.xml
Liferay-Liferay,@esbuild/freebsd-arm64,0.25.12,library,pkg:npm/%40esbuild/freebsd-arm64@0.25.12,cpe:2.3:a:\@esbuild\/freebsd-arm64:\@esbuild\/freebsd-arm64:0.25.12:*:*:*:*:*:*:*,javascript,npm,/modules/yarn.lock
GridGain-GridGain,/Users/dmk6603/Documents/cloned_repos_oss_swdb/GridGain-GridGain/examples-ml/pom.xml,,file,,,,,
Alluxio_Inc_-Alluxio,golang.org/x/mod,v0.4.2,library,pkg:golang/golang.org/x/mod@v0.4.2,cpe:2.3:a:golang:x\/mod:v0.4.2:*:*:*:*:*:*:*,go,go-module,/integration/kubernetes/operator/presto/bin/controller-gen
ECLIPSE-Jetty,jetty-io,12.1.8-SNAPSHOT,library,pkg:maven/org.eclipse.jetty/jetty-io@12.1.8-SNAPSHOT,cpe:2.3:a:org.eclipse.jetty:jetty-io:12.1.8-SNAPSHOT:*:*:*:*:*:*:*,java,java-archive,/jetty-core/jetty-io/pom.xml
Angular-AngularJS,picomatch,2.3.1,library,pkg:npm/picomatch@2.3.1,cpe:2.3:a:jonschlinkert:picomatch:2.3.1:*:*:*:*:node.js:*:*,javascript,npm,/integration/platform-server-hydration/pnpm-lock.yaml
Liferay-Liferay,possible-typed-array-names,1.0.0,library,pkg:npm/possible-typed-array-names@1.0.0,cpe:2.3:a:possible-typed-array-names:possible-typed-array-names:1.0.0:*:*:*:*:*:*:*,javascript,npm,/workspaces/liferay-dev-workspace/yarn.lock
Grafana_Labs-Grafana,@swagger-api/apidom-parser-adapter-yaml-1-2,1.5.0,library,pkg:npm/%40swagger-api/apidom-parser-adapter-yaml-1-2@1.5.0,cpe:2.3:a:\@swagger-api\/apidom-parser-adapter-yaml-1-2:\@swagger-api\/apidom-parser-adapter-yaml-1-2:1.5.0:*:*:*:*:*:*:*,javascript,npm,/yarn.lock
Google-Angular_Material,@pkgjs/parseargs,0.11.0,library,pkg:npm/%40pkgjs/parseargs@0.11.0,cpe:2.3:a:\@pkgjs\/parseargs:\@pkgjs\/parseargs:0.11.0:*:*:*:*:*:*:*,javascript,npm,/integration/yarn-pnp-compat/yarn.lock
Civilized_Discourse_Construction_Kit_Inc_-Discourse,semver,5.7.2,library,pkg:npm/semver@5.7.2,cpe:2.3:a:npmjs:semver:5.7.2:*:*:*:*:node.js:*:*,javascript,npm,/pnpm-lock.yaml
Liferay-Liferay,@babel/compat-data,7.28.4,library,pkg:npm/%40babel/compat-data@7.28.4,cpe:2.3:a:\@babel\/compat-data:\@babel\/compat-data:7.28.4:*:*:*:*:*:*:*,javascript,npm,/modules/yarn.lock
Google-Angular_Material,hono,4.12.8,library,pkg:npm/hono@4.12.8,cpe:2.3:a:hono:hono:4.12.8:*:*:*:*:node.js:*:*,javascript,npm,/pnpm-lock.yaml
Google-Angular_Material,schema-utils,4.3.2,library,pkg:npm/schema-utils@4.3.2,cpe:2.3:a:schema-utils:schema-utils:4.3.2:*:*:*:*:*:*:*,javascript,npm,/integration/yarn-pnp-compat/yarn.lock
Kubernetes-k8s,github.com/mitchellh/go-homedir,v1.1.0,library,pkg:golang/github.com/mitchellh/go-homedir@v1.1.0,cpe:2.3:a:mitchellh:go-homedir:v1.1.0:*:*:*:*:*:*:*,go,go-module,/hack/tools/golangci-lint/go.mod
Opscode-Opscode_Chef,addressable,2.8.8,library,pkg:gem/addressable@2.8.8,cpe:2.3:a:addressable:addressable:2.8.8:*:*:*:*:*:*:*,ruby,gem,/Gemfile.lock
Tilde-Emberjs,@webassemblyjs/wasm-opt,1.14.1,library,pkg:npm/%40webassemblyjs/wasm-opt@1.14.1,cpe:2.3:a:\@webassemblyjs\/wasm-opt:\@webassemblyjs\/wasm-opt:1.14.1:*:*:*:*:*:*:*,javascript,npm,/pnpm-lock.yaml
Cask_Data-Cask_Data_Application_Platform,azure-storage,2.2.0,library,pkg:maven/com.microsoft.azure/azure-storage@2.2.0,cpe:2.3:a:com.microsoft.azure:azure-storage:2.2.0:*:*:*:*:*:*:*,java,java-archive,/cdap-standalone/pom.xml
Meteor_Development_Group_Inc_-Meteor,fast-uri,3.0.6,library,pkg:npm/fast-uri@3.0.6,cpe:2.3:a:fast-uri:fast-uri:3.0.6:*:*:*:*:*:*:*,javascript,npm,/npm-packages/meteor-rspack/package-lock.json
The_Apache_Software_Foundation-Apache_Ambari,levn,0.2.5,library,pkg:npm/levn@0.2.5,cpe:2.3:a:levn:levn:0.2.5:*:*:*:*:*:*:*,javascript,npm,/ambari-web/yarn.lock
Google-Angular_Material,socks,2.8.4,library,pkg:npm/socks@2.8.4,cpe:2.3:a:socks:socks:2.8.4:*:*:*:*:*:*:*,javascript,npm,/integration/ng-add-standalone/pnpm-lock.yaml
Liferay-Liferay,eslint-plugin-react,7.23.1,library,pkg:npm/eslint-plugin-react@7.23.1,cpe:2.3:a:eslint-plugin-react:eslint-plugin-react:7.23.1:*:*:*:*:*:*:*,javascript,npm,/workspaces/liferay-aicontentwizard-workspace/yarn.lock
The_Apache_Software_Foundation-Apache_Ambari,isexe,2.0.0,library,pkg:npm/isexe@2.0.0,cpe:2.3:a:isexe:isexe:2.0.0:*:*:*:*:*:*:*,javascript,npm,/contrib/views/files/src/main/resources/ui/yarn.lock
Dart-Dart,/Users/dmk6603/Documents/cloned_repos_oss_swdb/Dart-Dart/tests/ffi/pubspec.yaml,,file,,,,,
Grafana_Labs-Grafana,grafana/writers-toolkit/publish-technical-documentation,publish-technical-documentation/v1,library,pkg:github/grafana/writers-toolkit@publish-technical-documentation%2Fv1#publish-technical-documentation,cpe:2.3:a:grafana\/writers-toolkit\/publish-technical-documentation:grafana\/writers-toolkit\/publish-technical-documentation:publish-technical-documentation\/v1:*:*:*:*:*:*:*,,github-action,/.github/workflows/publish-technical-documentation-next.yml
The_Apache_Software_Foundation-Apache_Ambari,/Users/dmk6603/Documents/cloned_repos_oss_swdb/The_Apache_Software_Foundation-Apache_Ambari/ambari-agent/pom.xml,,file,,,,,
Grafana_Labs-Grafana,github.com/hashicorp/go-multierror,v1.1.1,library,pkg:golang/github.com/hashicorp/go-multierror@v1.1.1,cpe:2.3:a:hashicorp:go-multierror:v1.1.1:*:*:*:*:*:*:*,go,go-module,/apps/dashboard/go.mod
FACEBOOK-HHVM,wasip2,1.0.1+wasi-0.2.4,library,pkg:cargo/wasip2@1.0.1%2Bwasi-0.2.4,cpe:2.3:a:wasip2:wasip2:1.0.1\+wasi-0.2.4:*:*:*:*:*:*:*,rust,rust-crate,/hphp/hack/src/Cargo.lock
Less-Less,source-map,0.5.7,library,pkg:npm/source-map@0.5.7,cpe:2.3:a:source-map:source-map:0.5.7:*:*:*:*:*:*:*,javascript,npm,/pnpm-lock.yaml
FACEBOOK-React,css-select,1.2.0,library,pkg:npm/css-select@1.2.0,cpe:2.3:a:css-select:css-select:1.2.0:*:*:*:*:*:*:*,javascript,npm,/fixtures/fiber-debugger/yarn.lock
Concrete5-Concrete5,rimraf,3.0.2,library,pkg:npm/rimraf@3.0.2,cpe:2.3:a:isaacs:rimraf:3.0.2:*:*:*:*:node.js:*:*,javascript,npm,/build/package-lock.json
Liferay-Liferay,babel-helper-remove-or-void,0.4.3,library,pkg:npm/babel-helper-remove-or-void@0.4.3,cpe:2.3:a:babel-helper-remove-or-void:babel-helper-remove-or-void:0.4.3:*:*:*:*:*:*:*,javascript,npm,/modules/dxp/apps/osb/osb-faro/osb-faro-theme/package-lock.json
Grafana_Labs-Grafana,golang.org/x/text,v0.34.0,library,pkg:golang/golang.org/x/text@v0.34.0,cpe:2.3:a:golang:text:v0.34.0:*:*:*:*:*:*:*,go,go-module,/apps/iam/go.mod
dotCMS-dotCMS,uuid,11.1.0,library,pkg:npm/uuid@11.1.0,cpe:2.3:a:uuid:uuid:11.1.0:*:*:*:*:*:*:*,javascript,npm,/core-web/yarn.lock
Grafana_Labs-Grafana,go.opentelemetry.io/proto/otlp,v1.9.0,library,pkg:golang/go.opentelemetry.io/proto/otlp@v1.9.0,cpe:2.3:a:proto:otlp:v1.9.0:*:*:*:*:*:*:*,go,go-module,/apps/playlist/go.mod
Angular-AngularJS,@angular-devkit/schematics,22.0.0-next.3,library,pkg:npm/%40angular-devkit/schematics@22.0.0-next.3,cpe:2.3:a:\@angular-devkit\/schematics:\@angular-devkit\/schematics:22.0.0-next.3:*:*:*:*:*:*:*,javascript,npm,/integration/legacy-animations-async/pnpm-lock.yaml
Citrix_Systems_Inc-CloudStack,uuid,3.4.0,library,pkg:npm/uuid@3.4.0,cpe:2.3:a:uuid:uuid:3.4.0:*:*:*:*:*:*:*,javascript,npm,/ui/package-lock.json
Angular-AngularJS,yargs,15.4.1,library,pkg:npm/yargs@15.4.1,cpe:2.3:a:yargs:yargs:15.4.1:*:*:*:*:*:*:*,javascript,npm,/integration/platform-server-hydration/pnpm-lock.yaml
Apollo_GraphQL-Apollo_Client,serve,14.2.4,library,pkg:npm/serve@14.2.4,cpe:2.3:a:serve:serve:14.2.4:*:*:*:*:*:*:*,javascript,npm,/integration-tests/pnpm-lock.yaml
FACEBOOK-React_Native,benchmark,0.4.0,library,pkg:gem/benchmark@0.4.0,cpe:2.3:a:benchmark:benchmark:0.4.0:*:*:*:*:*:*:*,ruby,gem,/private/helloworld/Gemfile.lock
Ruby_on_Rails-Ruby_on_Rails,rubocop-ast,1.46.0,library,pkg:gem/rubocop-ast@1.46.0,cpe:2.3:a:rubocop-ast:rubocop-ast:1.46.0:*:*:*:*:*:*:*,ruby,gem,/Gemfile.lock
EllisLab-EllisLab_ExpressionEngine,yallist,4.0.0,library,pkg:npm/yallist@4.0.0,cpe:2.3:a:yallist:yallist:4.0.0:*:*:*:*:*:*:*,javascript,npm,/frontedit/package-lock.json
Civilized_Discourse_Construction_Kit_Inc_-Discourse,cmd-shim,6.0.3,library,pkg:npm/cmd-shim@6.0.3,cpe:2.3:a:cmd-shim:cmd-shim:6.0.3:*:*:*:*:*:*:*,javascript,npm,/pnpm-lock.yaml
Angular-AngularJS,uri-js,4.4.1,library,pkg:npm/uri-js@4.4.1,cpe:2.3:a:garycourt:uri-js:4.4.1:*:*:*:*:node.js:*:*,javascript,npm,/integration/ng_elements/pnpm-lock.yaml
Thelia-Thelia,babel-plugin-transform-react-remove-prop-types,0.4.24,library,pkg:npm/babel-plugin-transform-react-remove-prop-types@0.4.24,cpe:2.3:a:babel-plugin-transform-react-remove-prop-types:babel-plugin-transform-react-remove-prop-types:0.4.24:*:*:*:*:*:*:*,javascript,npm,/templates/frontOffice/modern/yarn.lock
CFEngine-CFEngine,/Users/dmk6603/Documents/cloned_repos_oss_swdb/CFEngine-CFEngine/.github/workflows/valgrind.yml,,file,,,,,
Meteor_Development_Group_Inc_-Meteor,fs-constants,1.0.0,library,pkg:npm/fs-constants@1.0.0,cpe:2.3:a:fs-constants:fs-constants:1.0.0:*:*:*:*:*:*:*,javascript,npm,/tools/tests/apps/ecmascript-regression/package-lock.json
Liferay-Liferay,liferay-frontend-common-css,1.0.4,library,pkg:npm/liferay-frontend-common-css@1.0.4,cpe:2.3:a:liferay-frontend-common-css:liferay-frontend-common-css:1.0.4:*:*:*:*:*:*:*,javascript,npm,/modules/yarn.lock
PowerDNS-DNS_Server,flagset,0.4.7,library,pkg:cargo/flagset@0.4.7,cpe:2.3:a:flagset:flagset:0.4.7:*:*:*:*:*:*:*,rust,rust-crate,/pdns/recursordist/rec-rust-lib/rust/Cargo.lock
dotCMS-dotCMS,is-stream,4.0.1,library,pkg:npm/is-stream@4.0.1,cpe:2.3:a:is-stream:is-stream:4.0.1:*:*:*:*:*:*:*,javascript,npm,/core-web/yarn.lock
The_Apache_Software_Foundation-Apache_Ambari,tweetnacl,0.14.5,library,pkg:npm/tweetnacl@0.14.5,cpe:2.3:a:tweetnacl:tweetnacl:0.14.5:*:*:*:*:*:*:*,javascript,npm,/contrib/views/wfmanager/src/main/resources/ui/yarn.lock
Selenium-Selenium,jruby-core,9.4.12.0,library,pkg:maven/org.jruby/jruby-core@9.4.12.0,cpe:2.3:a:jruby-core:jruby-core:9.4.12.0:*:*:*:*:*:*:*,java,java-archive,/third_party/jruby/jruby-complete.jar
Liferay-Liferay,@types/is-function,1.0.3,library,pkg:npm/%40types/is-function@1.0.3,cpe:2.3:a:\@types\/is-function:\@types\/is-function:1.0.3:*:*:*:*:*:*:*,javascript,npm,/modules/yarn.lock
Kubernetes-k8s,github.com/spf13/pflag,v1.0.9,library,pkg:golang/github.com/spf13/pflag@v1.0.9,cpe:2.3:a:spf13:pflag:v1.0.9:*:*:*:*:*:*:*,go,go-module,/staging/src/k8s.io/kube-proxy/go.mod
Sun_Microsystems-GlassFish,osgi.core,6.0.0,library,pkg:maven/org.osgi/osgi.core@6.0.0,cpe:2.3:a:osgi.core:osgi.core:6.0.0:*:*:*:*:*:*:*,java,java-archive,/appserver/tests/appserv-tests/devtests/web/osgiServlet/osgi-servlet/pom.xml
Meteor_Development_Group_Inc_-Meteor,babel-helper-evaluate-path,0.5.0,library,pkg:npm/babel-helper-evaluate-path@0.5.0,cpe:2.3:a:babel-helper-evaluate-path:babel-helper-evaluate-path:0.5.0:*:*:*:*:*:*:*,javascript,npm,/npm-packages/meteor-babel/package-lock.json
FACEBOOK-HHVM,buffer,6.0.3,library,pkg:npm/buffer@6.0.3,cpe:2.3:a:buffer:buffer:6.0.3:*:*:*:*:*:*:*,javascript,npm,/hphp/hack/website/yarn.lock
Orient_Technologies-OrientDB,check-error,1.0.3,library,pkg:npm/check-error@1.0.3,cpe:2.3:a:check-error:check-error:1.0.3:*:*:*:*:*:*:*,javascript,npm,/studio/yarn.lock
The_Apache_Software_Foundation-Apache_Hadoop,source-map,0.1.43,library,pkg:npm/source-map@0.1.43,cpe:2.3:a:source-map:source-map:0.1.43:*:*:*:*:*:*:*,javascript,npm,/hadoop-yarn-project/hadoop-yarn/hadoop-yarn-ui/src/main/webapp/yarn.lock
Shopware_Inc-Shopware,path-key,3.1.1,library,pkg:npm/path-key@3.1.1,cpe:2.3:a:path-key:path-key:3.1.1:*:*:*:*:*:*:*,javascript,npm,/src/Storefront/Resources/app/storefront/package-lock.json
FACEBOOK-Presto,@humanwhocodes/module-importer,1.0.1,library,pkg:npm/%40humanwhocodes/module-importer@1.0.1,cpe:2.3:a:\@humanwhocodes\/module-importer:\@humanwhocodes\/module-importer:1.0.1:*:*:*:*:*:*:*,javascript,npm,/presto-ui/src/yarn.lock
Angular-AngularJS,@esbuild/openbsd-x64,0.27.3,library,pkg:npm/%40esbuild/openbsd-x64@0.27.3,cpe:2.3:a:\@esbuild\/openbsd-x64:\@esbuild\/openbsd-x64:0.27.3:*:*:*:*:*:*:*,javascript,npm,/integration/platform-server-hydration/pnpm-lock.yaml
druidio-Druid,defer-to-connect,2.0.1,library,pkg:npm/defer-to-connect@2.0.1,cpe:2.3:a:defer-to-connect:defer-to-connect:2.0.1:*:*:*:*:*:*:*,javascript,npm,/website/package-lock.json
ECLIPSE-Jetty,jetty-servlet5-demo-async-rest-jar,12.1.8-SNAPSHOT,library,pkg:maven/org.eclipse.jetty.demos/jetty-servlet5-demo-async-rest-jar@12.1.8-SNAPSHOT,cpe:2.3:a:jetty-servlet5-demo-async-rest-jar:jetty-servlet5-demo-async-rest-jar:12.1.8-SNAPSHOT:*:*:*:*:*:*:*,java,java-archive,/jetty-demos/jetty-servlet5-demos/jetty-servlet5-demo-async-rest/jetty-servlet5-demo-async-rest-jar/pom.xml
FACEBOOK-HHVM,@svgr/babel-preset,6.5.1,library,pkg:npm/%40svgr/babel-preset@6.5.1,cpe:2.3:a:\@svgr\/babel-preset:\@svgr\/babel-preset:6.5.1:*:*:*:*:*:*:*,javascript,npm,/third-party/watchman/src/website/yarn.lock
FACEBOOK-HHVM,unist-util-visit,2.0.3,library,pkg:npm/unist-util-visit@2.0.3,cpe:2.3:a:unist-util-visit:unist-util-visit:2.0.3:*:*:*:*:*:*:*,javascript,npm,/third-party/watchman/src/website/yarn.lock
The_Apache_Software_Foundation-Apache_Tez,graceful-fs,4.1.11,library,pkg:npm/graceful-fs@4.1.11,cpe:2.3:a:graceful-fs:graceful-fs:4.1.11:*:*:*:*:*:*:*,javascript,npm,/tez-ui/src/main/webapp/yarn.lock
Liferay-Liferay,esquery,1.6.0,library,pkg:npm/esquery@1.6.0,cpe:2.3:a:esquery:esquery:1.6.0:*:*:*:*:*:*:*,javascript,npm,/workspaces/liferay-tryitnow-workspace/yarn.lock
Liferay-Liferay,@esbuild/linux-s390x,0.17.19,library,pkg:npm/%40esbuild/linux-s390x@0.17.19,cpe:2.3:a:\@esbuild\/linux-s390x:\@esbuild\/linux-s390x:0.17.19:*:*:*:*:*:*:*,javascript,npm,/workspaces/liferay-testray-workspace/client-extensions/liferay-testray-etc-jira/yarn.lock
Data_Driven_Documents-D3js,d3-time,3.1.0,library,pkg:npm/d3-time@3.1.0,cpe:2.3:a:d3-time:d3-time:3.1.0:*:*:*:*:*:*:*,javascript,npm,/yarn.lock
Sentry-Ravenjs,node-addon-api,3.2.1,library,pkg:npm/node-addon-api@3.2.1,cpe:2.3:a:node-addon-api:node-addon-api:3.2.1:*:*:*:*:*:*:*,javascript,npm,/yarn.lock
dotCMS-dotCMS,@types/istanbul-reports,3.0.4,library,pkg:npm/%40types/istanbul-reports@3.0.4,cpe:2.3:a:\@types\/istanbul-reports:\@types\/istanbul-reports:3.0.4:*:*:*:*:*:*:*,javascript,npm,/core-web/yarn.lock
Angular-AngularJS,@esbuild/linux-arm64,0.27.3,library,pkg:npm/%40esbuild/linux-arm64@0.27.3,cpe:2.3:a:\@esbuild\/linux-arm64:\@esbuild\/linux-arm64:0.27.3:*:*:*:*:*:*:*,javascript,npm,/integration/platform-server-zoneless/pnpm-lock.yaml
Sentry-Ravenjs,broccoli-middleware,2.1.1,library,pkg:npm/broccoli-middleware@2.1.1,cpe:2.3:a:broccoli-middleware:broccoli-middleware:2.1.1:*:*:*:*:*:*:*,javascript,npm,/yarn.lock
Kubernetes-k8s,github.com/munnerz/goautoneg,v0.0.0-20191010083416-a7dc8b61c822,library,pkg:golang/github.com/munnerz/goautoneg@v0.0.0-20191010083416-a7dc8b61c822,cpe:2.3:a:munnerz:goautoneg:v0.0.0-20191010083416-a7dc8b61c822:*:*:*:*:*:*:*,go,go-module,/staging/src/k8s.io/sample-controller/go.mod
Sentry-Ravenjs,@hapi/cryptiles,6.0.1,library,pkg:npm/%40hapi/cryptiles@6.0.1,cpe:2.3:a:\@hapi\/cryptiles:\@hapi\/cryptiles:6.0.1:*:*:*:*:*:*:*,javascript,npm,/yarn.lock
Grafana_Labs-Grafana,google.golang.org/protobuf,v1.36.11,library,pkg:golang/google.golang.org/protobuf@v1.36.11,cpe:2.3:a:google:protobuf:v1.36.11:*:*:*:*:*:*:*,go,go-module,/apps/preferences/go.mod
Angular-AngularJS,yargs,17.7.2,library,pkg:npm/yargs@17.7.2,cpe:2.3:a:yargs:yargs:17.7.2:*:*:*:*:*:*:*,javascript,npm,/integration/trusted-types/pnpm-lock.yaml
Civilized_Discourse_Construction_Kit_Inc_-Discourse,stackprof,0.2.28,library,pkg:gem/stackprof@0.2.28,cpe:2.3:a:ruby-lang:stackprof:0.2.28:*:*:*:*:*:*:*,ruby,gem,/Gemfile.lock
Angular-AngularJS,wrap-ansi,9.0.2,library,pkg:npm/wrap-ansi@9.0.2,cpe:2.3:a:wrap-ansi:wrap-ansi:9.0.2:*:*:*:*:*:*:*,javascript,npm,/integration/cli-hello-world-ivy-i18n/pnpm-lock.yaml
GHOST-Ghost,heimdalljs-logger,0.1.10,library,pkg:npm/heimdalljs-logger@0.1.10,cpe:2.3:a:heimdalljs-logger:heimdalljs-logger:0.1.10:*:*:*:*:*:*:*,javascript,npm,/yarn.lock
Ericsson-Erlang,/Users/dmk6603/Documents/cloned_repos_oss_swdb/Ericsson-Erlang/lib/sasl/test/systools_SUITE_data/d_normal/lib/db-1.1/ebin/db.app,,file,,,,,
Node_js-Node_js,@types/mdast,3.0.15,library,pkg:npm/%40types/mdast@3.0.15,cpe:2.3:a:\@types\/mdast:\@types\/mdast:3.0.15:*:*:*:*:*:*:*,javascript,npm,/tools/doc/package-lock.json
Ionic-Ionic_Framework,duplexer,0.1.2,library,pkg:npm/duplexer@0.1.2,cpe:2.3:a:duplexer:duplexer:0.1.2:*:*:*:*:*:*:*,javascript,npm,/packages/react/test/apps/react17/package-lock.json
Angular-AngularJS,@parcel/watcher-linux-x64-musl,2.5.6,library,pkg:npm/%40parcel/watcher-linux-x64-musl@2.5.6,cpe:2.3:a:\@parcel\/watcher-linux-x64-musl:\@parcel\/watcher-linux-x64-musl:2.5.6:*:*:*:*:*:*:*,javascript,npm,/integration/animations/pnpm-lock.yaml
Angular-AngularJS,is-plain-object,5.0.0,library,pkg:npm/is-plain-object@5.0.0,cpe:2.3:a:is-plain-object:is-plain-object:5.0.0:*:*:*:*:*:*:*,javascript,npm,/integration/ng-add-localize/pnpm-lock.yaml
Liferay-Liferay,data-view-byte-offset,1.0.1,library,pkg:npm/data-view-byte-offset@1.0.1,cpe:2.3:a:data-view-byte-offset:data-view-byte-offset:1.0.1:*:*:*:*:*:*:*,javascript,npm,/modules/yarn.lock
Liferay-Liferay,clone,1.0.4,library,pkg:npm/clone@1.0.4,cpe:2.3:a:clone:clone:1.0.4:*:*:*:*:*:*:*,javascript,npm,/workspaces/liferay-testray-workspace/client-extensions/liferay-testray-custom-element/yarn.lock
SaltStack-SaltStack,./.github/actions/setup-salt-version,UNKNOWN,library,,cpe:2.3:a:.\/.github\/actions\/setup-salt-version:.\/.github\/actions\/setup-salt-version:*:*:*:*:*:*:*:*,,github-action,/.github/workflows/nightly.yml
EllisLab-EllisLab_ExpressionEngine,get-stream,5.2.0,library,pkg:npm/get-stream@5.2.0,cpe:2.3:a:get-stream:get-stream:5.2.0:*:*:*:*:*:*:*,javascript,npm,/tests/cypress/package-lock.json
FACEBOOK-Presto,/Users/dmk6603/Documents/cloned_repos_oss_swdb/FACEBOOK-Presto/presto-iceberg/pom.xml,,file,,,,,
Tilde-Emberjs,detect-indent,7.0.2,library,pkg:npm/detect-indent@7.0.2,cpe:2.3:a:detect-indent:detect-indent:7.0.2:*:*:*:*:*:*:*,javascript,npm,/pnpm-lock.yaml
The_Apache_Software_Foundation-Apache_Tez,is-typedarray,1.0.0,library,pkg:npm/is-typedarray@1.0.0,cpe:2.3:a:is-typedarray:is-typedarray:1.0.0:*:*:*:*:*:*:*,javascript,npm,/tez-ui/src/main/webapp/yarn.lock
The_Apache_Software_Foundation-Apache_NiFi,rw,1.3.3,library,pkg:npm/rw@1.3.3,cpe:2.3:a:rw:rw:1.3.3:*:*:*:*:*:*:*,javascript,npm,/nifi-frontend/src/main/frontend/package-lock.json
Liferay-Liferay,lead,1.0.0,library,pkg:npm/lead@1.0.0,cpe:2.3:a:lead:lead:1.0.0:*:*:*:*:*:*:*,javascript,npm,/modules/dxp/apps/osb/osb-faro/osb-faro-theme/package-lock.json
dotCMS-dotCMS,tr46,6.0.0,library,pkg:npm/tr46@6.0.0,cpe:2.3:a:tr46:tr46:6.0.0:*:*:*:*:*:*:*,javascript,npm,/core-web/yarn.lock
Grafana_Labs-Grafana,github.com/munnerz/goautoneg,v0.0.0-20191010083416-a7dc8b61c822,library,pkg:golang/github.com/munnerz/goautoneg@v0.0.0-20191010083416-a7dc8b61c822,cpe:2.3:a:munnerz:goautoneg:v0.0.0-20191010083416-a7dc8b61c822:*:*:*:*:*:*:*,go,go-module,/devenv/docker/blocks/prometheus_utf8/go.mod
Ionic-Ionic_Framework,typescript,4.7.3,library,pkg:npm/typescript@4.7.3,cpe:2.3:a:typescript:typescript:4.7.3:*:*:*:*:*:*:*,javascript,npm,/packages/vue-router/package-lock.json
Ionic-Ionic_Framework,core-js,3.23.1,library,pkg:npm/core-js@3.23.1,cpe:2.3:a:core-js:core-js:3.23.1:*:*:*:*:*:*:*,javascript,npm,/packages/react-router/test/apps/reactrouter5/package-lock.json
Thelia-Thelia,unicode-match-property-ecmascript,2.0.0,library,pkg:npm/unicode-match-property-ecmascript@2.0.0,cpe:2.3:a:unicode-match-property-ecmascript:unicode-match-property-ecmascript:2.0.0:*:*:*:*:*:*:*,javascript,npm,/templates/frontOffice/modern/yarn.lock
Selenium-Selenium,winsafe,0.0.19,library,pkg:cargo/winsafe@0.0.19,cpe:2.3:a:winsafe:winsafe:0.0.19:*:*:*:*:*:*:*,rust,rust-crate,/rust/Cargo.lock
Piwik-Piwik,json-cycle,1.5.0,library,pkg:npm/json-cycle@1.5.0,cpe:2.3:a:json-cycle:json-cycle:1.5.0:*:*:*:*:*:*:*,javascript,npm,/tests/lib/screenshot-testing/package-lock.json
Liferay-Liferay,regenerator-runtime,0.14.0,library,pkg:npm/regenerator-runtime@0.14.0,cpe:2.3:a:regenerator-runtime:regenerator-runtime:0.14.0:*:*:*:*:*:*:*,javascript,npm,/workspaces/liferay-sample-workspace/client-extensions/liferay-sample-custom-element-3/yarn.lock
PrestaShop-Commerce_Software,lodash,4.17.21,library,pkg:npm/lodash@4.17.21,cpe:2.3:a:lodash:lodash:4.17.21:*:*:*:*:node.js:*:*,javascript,npm,/admin-dev/themes/new-theme/package-lock.json
Shopsys_Framework-Shopsys_Framework,glob,10.5.0,library,pkg:npm/glob@10.5.0,cpe:2.3:a:isaacs:glob:10.5.0:*:*:*:*:node.js:*:*,javascript,npm,/project-base/storefront/pnpm-lock.yaml
University_of_Waikato-Weka,thresholdSelector,1.0.4-SNAPSHOT,library,pkg:maven/nz.ac.waikato.cms.weka/thresholdSelector@1.0.4-SNAPSHOT,cpe:2.3:a:thresholdSelector:thresholdSelector:1.0.4-SNAPSHOT:*:*:*:*:*:*:*,java,java-archive,/packages/internal/thresholdSelector/pom.xml
The_Apache_Software_Foundation-Prometheus,@standard-schema/utils,0.3.0,library,pkg:npm/%40standard-schema/utils@0.3.0,cpe:2.3:a:\@standard-schema\/utils:\@standard-schema\/utils:0.3.0:*:*:*:*:*:*:*,javascript,npm,/web/ui/package-lock.json
Grafana_Labs-Grafana,gopkg.in/telebot.v3,v3.3.8,library,pkg:golang/gopkg.in/telebot.v3@v3.3.8,,go,go-module,/go.mod
Google-Angular_Material,minimist,1.2.8,library,pkg:npm/minimist@1.2.8,cpe:2.3:a:minimist:minimist:1.2.8:*:*:*:*:*:*:*,javascript,npm,/integration/ng-add-standalone/pnpm-lock.yaml
FACEBOOK-React,builtin-status-codes,3.0.0,library,pkg:npm/builtin-status-codes@3.0.0,cpe:2.3:a:builtin-status-codes:builtin-status-codes:3.0.0:*:*:*:*:*:*:*,javascript,npm,/fixtures/attribute-behavior/yarn.lock
Sentry-Ravenjs,rxjs,6.6.7,library,pkg:npm/rxjs@6.6.7,cpe:2.3:a:rxjs:rxjs:6.6.7:*:*:*:*:*:*:*,javascript,npm,/yarn.lock
Grafana_Labs-Grafana,@babel/plugin-transform-modules-systemjs,7.27.1,library,pkg:npm/%40babel/plugin-transform-modules-systemjs@7.27.1,cpe:2.3:a:\@babel\/plugin-transform-modules-systemjs:\@babel\/plugin-transform-modules-systemjs:7.27.1:*:*:*:*:*:*:*,javascript,npm,/yarn.lock
The_Apache_Software_Foundation-Apache_Ambari,stringmap,0.2.2,library,pkg:npm/stringmap@0.2.2,cpe:2.3:a:stringmap:stringmap:0.2.2:*:*:*:*:*:*:*,javascript,npm,/contrib/views/files/src/main/resources/ui/yarn.lock
Angular-AngularJS,unicode-property-aliases-ecmascript,2.2.0,library,pkg:npm/unicode-property-aliases-ecmascript@2.2.0,cpe:2.3:a:unicode-property-aliases-ecmascript:unicode-property-aliases-ecmascript:2.2.0:*:*:*:*:*:*:*,javascript,npm,/integration/legacy-animations-async/pnpm-lock.yaml
Jetpack-JetPack,gridicons,3.4.2,library,pkg:npm/gridicons@3.4.2,cpe:2.3:a:gridicons:gridicons:3.4.2:*:*:*:*:*:*:*,javascript,npm,/pnpm-lock.yaml
Sentry-Ravenjs,strict-uri-encode,1.1.0,library,pkg:npm/strict-uri-encode@1.1.0,cpe:2.3:a:strict-uri-encode:strict-uri-encode:1.1.0:*:*:*:*:*:*:*,javascript,npm,/yarn.lock
Angular-AngularJS,void-elements,2.0.1,library,pkg:npm/void-elements@2.0.1,cpe:2.3:a:void-elements:void-elements:2.0.1:*:*:*:*:*:*:*,javascript,npm,/integration/trusted-types/pnpm-lock.yaml
The_Apache_Software_Foundation-Apache_Tez,xmlhttprequest-ssl,1.5.1,library,pkg:npm/xmlhttprequest-ssl@1.5.1,cpe:2.3:a:xmlhttprequest-ssl:xmlhttprequest-ssl:1.5.1:*:*:*:*:*:*:*,javascript,npm,/tez-ui/src/main/webapp/yarn.lock
Rust-Rust,hashbrown,0.14.5,library,pkg:cargo/hashbrown@0.14.5,cpe:2.3:a:hashbrown:hashbrown:0.14.5:*:*:*:*:*:*:*,rust,rust-crate,/src/tools/rust-analyzer/Cargo.lock
Bolt-Bolt,clone-regexp,2.2.0,library,pkg:npm/clone-regexp@2.2.0,cpe:2.3:a:clone-regexp:clone-regexp:2.2.0:*:*:*:*:*:*:*,javascript,npm,/package-lock.json
Piwik-Piwik,@smithy/eventstream-serde-config-resolver,2.0.4,library,pkg:npm/%40smithy/eventstream-serde-config-resolver@2.0.4,cpe:2.3:a:\@smithy\/eventstream-serde-config-resolver:\@smithy\/eventstream-serde-config-resolver:2.0.4:*:*:*:*:*:*:*,javascript,npm,/tests/lib/screenshot-testing/package-lock.json
WooCommerce-WooCommerce,interpret,1.4.0,library,pkg:npm/interpret@1.4.0,cpe:2.3:a:interpret:interpret:1.4.0:*:*:*:*:*:*:*,javascript,npm,/docs/_docu-tools/pnpm-lock.yaml
phpBB-phpBB,/Users/dmk6603/Documents/cloned_repos_oss_swdb/phpBB-phpBB/.github/workflows/tests.yml,,file,,,,,
Sun_Microsystems-GlassFish,glassfish-microprofile-jwt,8.0.2-SNAPSHOT,library,pkg:maven/org.glassfish.main.microprofile/glassfish-microprofile-jwt@8.0.2-SNAPSHOT,cpe:2.3:a:org.glassfish.main.microprofile:glassfish-microprofile-jwt:8.0.2-SNAPSHOT:*:*:*:*:*:*:*,java,java-archive,/appserver/microprofile/jwt/pom.xml
Angular-AngularJS,pinkie-promise,2.0.1,library,pkg:npm/pinkie-promise@2.0.1,cpe:2.3:a:pinkie-promise:pinkie-promise:2.0.1:*:*:*:*:*:*:*,javascript,npm,/integration/ng_elements/pnpm-lock.yaml
dotCMS-dotCMS,@jest/environment-jsdom-abstract,30.2.0,library,pkg:npm/%40jest/environment-jsdom-abstract@30.2.0,cpe:2.3:a:\@jest\/environment-jsdom-abstract:\@jest\/environment-jsdom-abstract:30.2.0:*:*:*:*:*:*:*,javascript,npm,/core-web/yarn.lock
The_Apache_Software_Foundation-Apache_Drill,/Users/dmk6603/Documents/cloned_repos_oss_swdb/The_Apache_Software_Foundation-Apache_Drill/exec/java-exec/src/test/resources/drill-udf/pom.xml,,file,,,,,
Liferay-Liferay,micromark-extension-mdx-expression,3.0.0,library,pkg:npm/micromark-extension-mdx-expression@3.0.0,cpe:2.3:a:micromark-extension-mdx-expression:micromark-extension-mdx-expression:3.0.0:*:*:*:*:*:*:*,javascript,npm,/modules/apps/frontend-js/frontend-js-clay-web/clay/www/yarn.lock
Angular-AngularJS,side-channel-map,1.0.1,library,pkg:npm/side-channel-map@1.0.1,cpe:2.3:a:side-channel-map:side-channel-map:1.0.1:*:*:*:*:*:*:*,javascript,npm,/integration/ng-add-localize/pnpm-lock.yaml
Angular-AngularJS,npm-pick-manifest,11.0.3,library,pkg:npm/npm-pick-manifest@11.0.3,cpe:2.3:a:npm-pick-manifest:npm-pick-manifest:11.0.3:*:*:*:*:*:*:*,javascript,npm,/integration/cli-hello-world-ivy-i18n/pnpm-lock.yaml
Neos-Neos,table,5.2.3,library,pkg:npm/table@5.2.3,cpe:2.3:a:table:table:5.2.3:*:*:*:*:*:*:*,javascript,npm,/Neos.Media.Browser/yarn.lock
Spree_Commerce-SpreeCommerc,is-fullwidth-code-point,3.0.0,library,pkg:npm/is-fullwidth-code-point@3.0.0,cpe:2.3:a:is-fullwidth-code-point:is-fullwidth-code-point:3.0.0:*:*:*:*:*:*:*,javascript,npm,/pnpm-lock.yaml
sensuapp-Sensu,github.com/mholt/archiver/v3,v3.3.1-0.20191129193105-44285f7ed244,library,pkg:golang/github.com/mholt/archiver/v3@v3.3.1-0.20191129193105-44285f7ed244,cpe:2.3:a:mholt:archiver\/v3:v3.3.1-0.20191129193105-44285f7ed244:*:*:*:*:*:*:*,go,go-module,/go.mod
Grafana_Labs-Grafana,github.com/inconshreveable/mousetrap,v1.1.0,library,pkg:golang/github.com/inconshreveable/mousetrap@v1.1.0,cpe:2.3:a:inconshreveable:mousetrap:v1.1.0:*:*:*:*:*:*:*,go,go-module,/pkg/aggregator/go.mod
Angular-AngularJS,@rollup/rollup-android-arm64,4.60.0,library,pkg:npm/%40rollup/rollup-android-arm64@4.60.0,cpe:2.3:a:\@rollup\/rollup-android-arm64:\@rollup\/rollup-android-arm64:4.60.0:*:*:*:*:*:*:*,javascript,npm,/integration/animations/pnpm-lock.yaml
Thelia-Thelia,axe-core,4.4.3,library,pkg:npm/axe-core@4.4.3,cpe:2.3:a:axe-core:axe-core:4.4.3:*:*:*:*:*:*:*,javascript,npm,/templates/frontOffice/modern/yarn.lock
Liferay-Liferay,source-map,0.5.7,library,pkg:npm/source-map@0.5.7,cpe:2.3:a:source-map:source-map:0.5.7:*:*:*:*:*:*:*,javascript,npm,/modules/yarn.lock
GHOST-Ghost,@img/sharp-libvips-linux-s390x,1.2.4,library,pkg:npm/%40img/sharp-libvips-linux-s390x@1.2.4,cpe:2.3:a:\@img\/sharp-libvips-linux-s390x:\@img\/sharp-libvips-linux-s390x:1.2.4:*:*:*:*:*:*:*,javascript,npm,/yarn.lock
The_Apache_Software_Foundation-Apache_Mahout,@babel/plugin-transform-literals,7.27.1,library,pkg:npm/%40babel/plugin-transform-literals@7.27.1,cpe:2.3:a:\@babel\/plugin-transform-literals:\@babel\/plugin-transform-literals:7.27.1:*:*:*:*:*:*:*,javascript,npm,/website/package-lock.json
Ruby_on_Rails-Ruby_on_Rails,qs,6.5.3,library,pkg:npm/qs@6.5.3,cpe:2.3:a:qs_project:qs:6.5.3:*:*:*:*:node.js:*:*,javascript,npm,/yarn.lock
FACEBOOK-React,global-modules,0.2.3,library,pkg:npm/global-modules@0.2.3,cpe:2.3:a:global-modules:global-modules:0.2.3:*:*:*:*:*:*:*,javascript,npm,/fixtures/packaging/brunch/dev/yarn.lock
Civilized_Discourse_Construction_Kit_Inc_-Discourse,redis,5.4.0,library,pkg:gem/redis@5.4.0,,ruby,gem,/Gemfile.lock
Apollo_GraphQL-Apollo_Client,@apollo/client-react-streaming,0.12.0-alpha.1,library,pkg:npm/%40apollo/client-react-streaming@0.12.0-alpha.1,cpe:2.3:a:\@apollo\/client-react-streaming:\@apollo\/client-react-streaming:0.12.0-alpha.1:*:*:*:*:*:*:*,javascript,npm,/integration-tests/pnpm-lock.yaml
Kubernetes-k8s,k8s.io/kube-aggregator,UNKNOWN,library,pkg:golang/k8s.io/kube-aggregator,,go,go-module,/go.mod
Shopsys_Framework-Shopsys_Framework,actions/checkout,v4,library,pkg:github/actions/checkout@v4,cpe:2.3:a:actions\/checkout:actions\/checkout:v4:*:*:*:*:*:*:*,,github-action,/packages/frontend-api/.github/workflows/run-checks-tests.yaml
Liferay-Liferay,@humanwhocodes/config-array,0.5.0,library,pkg:npm/%40humanwhocodes/config-array@0.5.0,cpe:2.3:a:\@humanwhocodes\/config-array:\@humanwhocodes\/config-array:0.5.0:*:*:*:*:*:*:*,javascript,npm,/workspaces/liferay-x-workspace/yarn.lock
Rust-Rust,hashbrown,0.15.5,library,pkg:cargo/hashbrown@0.15.5,cpe:2.3:a:hashbrown:hashbrown:0.15.5:*:*:*:*:*:*:*,rust,rust-crate,/src/tools/rustfmt/Cargo.lock
GitHub-ReDoc,webidl-conversions,3.0.1,library,pkg:npm/webidl-conversions@3.0.1,cpe:2.3:a:webidl-conversions:webidl-conversions:3.0.1:*:*:*:*:*:*:*,javascript,npm,/package-lock.json
EllisLab-EllisLab_ExpressionEngine,inherits,2.0.4,library,pkg:npm/inherits@2.0.4,cpe:2.3:a:inherits:inherits:2.0.4:*:*:*:*:*:*:*,javascript,npm,/tests/cypress/package-lock.json
Orient_Technologies-OrientDB,jcl-over-slf4j,1.7.36,library,pkg:maven/org.slf4j/jcl-over-slf4j@1.7.36,cpe:2.3:a:jcl-over-slf4j:jcl-over-slf4j:1.7.36:*:*:*:*:*:*:*,java,java-archive,/gremlin/server/pom.xml
Live_Helper-Live_Helper_Chat,semver,7.7.3,library,pkg:npm/semver@7.7.3,cpe:2.3:a:npmjs:semver:7.7.3:*:*:*:*:node.js:*:*,javascript,npm,/lhc_web/design/defaulttheme/widget/wrapper/package-lock.json
OpenCart-Commerce_Software,terser-webpack-plugin,5.3.9,library,pkg:npm/terser-webpack-plugin@5.3.9,cpe:2.3:a:terser-webpack-plugin:terser-webpack-plugin:5.3.9:*:*:*:*:*:*:*,javascript,npm,/tools/daux.io/yarn.lock
Angular-AngularJS,exponential-backoff,3.1.3,library,pkg:npm/exponential-backoff@3.1.3,cpe:2.3:a:exponential-backoff:exponential-backoff:3.1.3:*:*:*:*:*:*:*,javascript,npm,/integration/platform-server/pnpm-lock.yaml
Countly-Countly,lodash.isplainobject,4.0.6,library,pkg:npm/lodash.isplainobject@4.0.6,cpe:2.3:a:lodash.isplainobject:lodash.isplainobject:4.0.6:*:*:*:*:*:*:*,javascript,npm,/package-lock.json
Magento-Magento_Commerce,magento/module-product-alert,100.3.1,library,pkg:composer/magento/module-product-alert@100.3.1,cpe:2.3:a:magento\/module-product-alert:magento\/module-product-alert:100.3.1:*:*:*:*:*:*:*,php,php-composer,/dev/tests/integration/testsuite/Magento/Framework/Composer/_files/testSkeleton/composer.lock
Tilde-Emberjs,css-tree,3.2.1,library,pkg:npm/css-tree@3.2.1,cpe:2.3:a:css-tree:css-tree:3.2.1:*:*:*:*:*:*:*,javascript,npm,/pnpm-lock.yaml
Angular-AngularJS,terser,5.46.1,library,pkg:npm/terser@5.46.1,cpe:2.3:a:terser:terser:5.46.1:*:*:*:*:node.js:*:*,javascript,npm,/integration/cli-signal-inputs/pnpm-lock.yaml
Liferay-Liferay,lodash.merge,4.6.2,library,pkg:npm/lodash.merge@4.6.2,cpe:2.3:a:lodash.merge:lodash.merge:4.6.2:*:*:*:*:*:*:*,javascript,npm,/workspaces/liferay-dlfoldertemplate-workspace/yarn.lock
Countly-Countly,cosmiconfig,9.0.1,library,pkg:npm/cosmiconfig@9.0.1,cpe:2.3:a:cosmiconfig:cosmiconfig:9.0.1:*:*:*:*:*:*:*,javascript,npm,/package-lock.json
Angular-AngularJS,@istanbuljs/schema,0.1.3,library,pkg:npm/%40istanbuljs/schema@0.1.3,cpe:2.3:a:\@istanbuljs\/schema:\@istanbuljs\/schema:0.1.3:*:*:*:*:*:*:*,javascript,npm,/integration/platform-server-hydration/pnpm-lock.yaml
The_Apache_Software_Foundation-Apache_Mesos,coffee-script,2.4.1,library,pkg:gem/coffee-script@2.4.1,cpe:2.3:a:coffee-script:coffee-script:2.4.1:*:*:*:*:*:*:*,ruby,gem,/site/Gemfile.lock
PyroCMS-PyroCMS,symfony/event-dispatcher,v6.0.9,library,pkg:composer/symfony/event-dispatcher@v6.0.9,cpe:2.3:a:symfony\/event-dispatcher:symfony\/event-dispatcher:v6.0.9:*:*:*:*:*:*:*,php,php-composer,/composer.lock
Jahia-Jahia,log4j-api,2.23.1,library,pkg:maven/org.apache.logging.log4j/log4j-api@2.23.1,cpe:2.3:a:apache:log4j-api:2.23.1:*:*:*:*:*:*:*,java,java-archive,/bundles/bridging-log4j-appender/pom.xml
Sun_Microsystems-GlassFish,getRequestURI,8.0.2-SNAPSHOT,library,pkg:maven/org.glassfish.tests.embedded.maven-plugin/getRequestURI@8.0.2-SNAPSHOT,cpe:2.3:a:org.glassfish.tests.embedded.maven-plugin:getRequestURI:8.0.2-SNAPSHOT:*:*:*:*:*:*:*,java,java-archive,/appserver/tests/embedded/maven-plugin/getRequestURI/pom.xml
Ionic-Ionic_Framework,@typescript-eslint/typescript-estree,6.21.0,library,pkg:npm/%40typescript-eslint/typescript-estree@6.21.0,cpe:2.3:a:\@typescript-eslint\/typescript-estree:\@typescript-eslint\/typescript-estree:6.21.0:*:*:*:*:*:*:*,javascript,npm,/packages/angular/test/apps/ng19/package-lock.json
Grafana_Labs-Grafana,github.com/Azure/azure-sdk-for-go/sdk/azidentity,v1.13.1,library,pkg:golang/github.com/Azure/azure-sdk-for-go/sdk/azidentity@v1.13.1,cpe:2.3:a:Azure:azure-sdk-for-go\/sdk\/azidentity:v1.13.1:*:*:*:*:*:*:*,go,go-module,/apps/quotas/go.mod
Civilized_Discourse_Construction_Kit_Inc_-Discourse,tinybench,2.9.0,library,pkg:npm/tinybench@2.9.0,cpe:2.3:a:tinybench:tinybench:2.9.0:*:*:*:*:*:*:*,javascript,npm,/pnpm-lock.yaml
Tilde-Emberjs,@esbuild/freebsd-arm64,0.21.5,library,pkg:npm/%40esbuild/freebsd-arm64@0.21.5,cpe:2.3:a:\@esbuild\/freebsd-arm64:\@esbuild\/freebsd-arm64:0.21.5:*:*:*:*:*:*:*,javascript,npm,/pnpm-lock.yaml
Sun_Microsystems-Java,org-netbeans-api-progress-nb,RELEASE270,library,pkg:maven/org.netbeans.api/org-netbeans-api-progress-nb@RELEASE270,cpe:2.3:a:org-netbeans-api-progress-nb:org-netbeans-api-progress-nb:RELEASE270:*:*:*:*:*:*:*,java,java-archive,/src/utils/IdealGraphVisualizer/Coordinator/pom.xml
druidio-Druid,is-set,2.0.3,library,pkg:npm/is-set@2.0.3,cpe:2.3:a:is-set:is-set:2.0.3:*:*:*:*:*:*:*,javascript,npm,/website/package-lock.json
Google-Angular_Material,@esbuild/win32-ia32,0.25.9,library,pkg:npm/%40esbuild/win32-ia32@0.25.9,cpe:2.3:a:\@esbuild\/win32-ia32:\@esbuild\/win32-ia32:0.25.9:*:*:*:*:*:*:*,javascript,npm,/integration/ng-add/pnpm-lock.yaml
Tilde-Emberjs,socket.io-adapter,2.5.6,library,pkg:npm/socket.io-adapter@2.5.6,cpe:2.3:a:socket.io-adapter:socket.io-adapter:2.5.6:*:*:*:*:*:*:*,javascript,npm,/pnpm-lock.yaml
Influxdata_Inc-InfluxData,axum-core,0.5.6,library,pkg:cargo/axum-core@0.5.6,cpe:2.3:a:axum-core_project:axum-core:0.5.6:*:*:*:*:rust:*:*,rust,rust-crate,/Cargo.lock
Angular-AngularJS,@types/ws,8.18.1,library,pkg:npm/%40types/ws@8.18.1,cpe:2.3:a:\@types\/ws:\@types\/ws:8.18.1:*:*:*:*:*:*:*,javascript,npm,/integration/cli-hello-world-ivy-i18n/pnpm-lock.yaml
Civilized_Discourse_Construction_Kit_Inc_-Discourse,is-network-error,1.1.0,library,pkg:npm/is-network-error@1.1.0,cpe:2.3:a:is-network-error:is-network-error:1.1.0:*:*:*:*:*:*:*,javascript,npm,/pnpm-lock.yaml
Angular-AngularJS,walk-up-path,4.0.0,library,pkg:npm/walk-up-path@4.0.0,cpe:2.3:a:walk-up-path:walk-up-path:4.0.0:*:*:*:*:*:*:*,javascript,npm,/pnpm-lock.yaml
Kubernetes-k8s,go.etcd.io/etcd/pkg/v3,v3.6.8,library,pkg:golang/go.etcd.io/etcd/pkg/v3@v3.6.8,cpe:2.3:a:etcd:pkg\/v3:v3.6.8:*:*:*:*:*:*:*,go,go-module,/staging/src/k8s.io/apiserver/go.mod
Live_Helper-Live_Helper_Chat,safe-buffer,5.2.1,library,pkg:npm/safe-buffer@5.2.1,cpe:2.3:a:safe-buffer:safe-buffer:5.2.1:*:*:*:*:*:*:*,javascript,npm,/lhc_web/design/defaulttheme/widget/react-app/package-lock.json
The_Apache_Software_Foundation-Apache_Ambari,npmlog,1.2.1,library,pkg:npm/npmlog@1.2.1,cpe:2.3:a:npmlog:npmlog:1.2.1:*:*:*:*:*:*:*,javascript,npm,/contrib/views/files/src/main/resources/ui/yarn.lock
The_Apache_Software_Foundation-Apache_Ambari,include-path-searcher,0.1.0,library,pkg:npm/include-path-searcher@0.1.0,cpe:2.3:a:include-path-searcher:include-path-searcher:0.1.0:*:*:*:*:*:*:*,javascript,npm,/contrib/views/files/src/main/resources/ui/yarn.lock
LocomotiveCMS-LocomotiveCMS,js-tokens,4.0.0,library,pkg:npm/js-tokens@4.0.0,cpe:2.3:a:js-tokens:js-tokens:4.0.0:*:*:*:*:*:*:*,javascript,npm,/yarn.lock
PrestaShop-Commerce_Software,jquery-ui-dist,1.13.3,library,pkg:npm/jquery-ui-dist@1.13.3,cpe:2.3:a:jquery-ui-dist:jquery-ui-dist:1.13.3:*:*:*:*:*:*:*,javascript,npm,/admin-dev/themes/new-theme/package-lock.json
GridGain-GridGain,jaxb-core,2.1.14,library,pkg:maven/com.sun.xml.bind/jaxb-core@2.1.14,cpe:2.3:a:com.sun.xml.bind:jaxb-core:2.1.14:*:*:*:*:*:*:*,java,java-archive,/modules/hibernate-5.1/pom.xml
GHOST-Ghost,@radix-ui/react-portal,1.0.3,library,pkg:npm/%40radix-ui/react-portal@1.0.3,cpe:2.3:a:\@radix-ui\/react-portal:\@radix-ui\/react-portal:1.0.3:*:*:*:*:*:*:*,javascript,npm,/yarn.lock
Percona-Percona_XtraDB_Cluster,/Users/dmk6603/Documents/cloned_repos_oss_swdb/Percona-Percona_XtraDB_Cluster/extra/protobuf/protobuf-24.4/.github/workflows/test_php_ext.yml,,file,,,,,
The_Apache_Software_Foundation-Apache_Hadoop,acorn,5.7.4,library,pkg:npm/acorn@5.7.4,cpe:2.3:a:acorn:acorn:5.7.4:*:*:*:*:*:*:*,javascript,npm,/hadoop-yarn-project/hadoop-yarn/hadoop-yarn-ui/src/main/webapp/yarn.lock
Angular-AngularJS,@webassemblyjs/wasm-gen,1.14.1,library,pkg:npm/%40webassemblyjs/wasm-gen@1.14.1,cpe:2.3:a:\@webassemblyjs\/wasm-gen:\@webassemblyjs\/wasm-gen:1.14.1:*:*:*:*:*:*:*,javascript,npm,/pnpm-lock.yaml
Liferay-Liferay,@clayui/drop-down,3.136.0,library,pkg:npm/%40clayui/drop-down@3.136.0,cpe:2.3:a:\@clayui\/drop-down:\@clayui\/drop-down:3.136.0:*:*:*:*:*:*:*,javascript,npm,/workspaces/liferay-customer-workspace/client-extensions/liferay-customer-custom-element/yarn.lock
Angular-AngularJS,safe-buffer,5.1.2,library,pkg:npm/safe-buffer@5.1.2,cpe:2.3:a:safe-buffer:safe-buffer:5.1.2:*:*:*:*:*:*:*,javascript,npm,/integration/defer/pnpm-lock.yaml
Google-Angular_Material,upper-case-first,1.1.2,library,pkg:npm/upper-case-first@1.1.2,cpe:2.3:a:upper-case-first:upper-case-first:1.1.2:*:*:*:*:*:*:*,javascript,npm,/pnpm-lock.yaml
Apollo_GraphQL-Apollo_Client,workbox-background-sync,6.6.0,library,pkg:npm/workbox-background-sync@6.6.0,cpe:2.3:a:workbox-background-sync:workbox-background-sync:6.6.0:*:*:*:*:*:*:*,javascript,npm,/integration-tests/pnpm-lock.yaml
Magento-Magento_Commerce,magento/module-offline-shipping,0.74.0-beta2,library,pkg:composer/magento/module-offline-shipping@0.74.0-beta2,cpe:2.3:a:magento\/module-offline-shipping:magento\/module-offline-shipping:0.74.0-beta2:*:*:*:*:*:*:*,php,php-composer,/dev/tests/integration/testsuite/Magento/Setup/Model/_files/testSkeleton/composer.lock
Angular-AngularJS,@webassemblyjs/helper-wasm-section,1.14.1,library,pkg:npm/%40webassemblyjs/helper-wasm-section@1.14.1,cpe:2.3:a:\@webassemblyjs\/helper-wasm-section:\@webassemblyjs\/helper-wasm-section:1.14.1:*:*:*:*:*:*:*,javascript,npm,/integration/ng-add-localize/pnpm-lock.yaml
FACEBOOK-React,sort-keys,2.0.0,library,pkg:npm/sort-keys@2.0.0,cpe:2.3:a:sort-keys:sort-keys:2.0.0:*:*:*:*:*:*:*,javascript,npm,/yarn.lock
Angular-AngularJS,statuses,2.0.2,library,pkg:npm/statuses@2.0.2,cpe:2.3:a:statuses:statuses:2.0.2:*:*:*:*:*:*:*,javascript,npm,/integration/legacy-animations-async/pnpm-lock.yaml
Vaadin-Vaadin,vaadin-test-spring-boot,8.14-SNAPSHOT,library,pkg:maven/com.vaadin/vaadin-test-spring-boot@8.14-SNAPSHOT,cpe:2.3:a:vaadin-test-spring-boot:vaadin-test-spring-boot:8.14-SNAPSHOT:*:*:*:*:*:*:*,java,java-archive,/test/spring-boot/pom.xml
