project,vuln_id,source,severity,cvssV3,description
APACHE-Hive.cdx,CVE-2025-33042,NVD,HIGH,7.3,"Improper Control of Generation of Code ('Code Injection') vulnerability in Apache Avro Java SDK when generating specific records from untrusted Avro schemas.

This issue affects Apache Avro Java SDK: "
APACHE-Hive.cdx,CVE-2026-24281,NVD,HIGH,7.4,"Hostname verification in Apache ZooKeeper ZKTrustManager falls back to reverse DNS (PTR) when IP SAN validation fails, allowing attackers who control or spoof PTR records to impersonate ZooKeeper serv"
APACHE-Hive.cdx,CVE-2026-24308,NVD,HIGH,7.5,Improper handling of configuration values in ZKConfig in Apache ZooKeeper 3.8.5 and 3.9.4 on all platforms allows an attacker to expose sensitive information stored in client configuration in the clie
Alluxio_Inc_-Alluxio.cdx,CVE-2025-47913,NVD,HIGH,7.5,SSH clients receiving SSH_AGENT_SUCCESS when expecting a typed response will panic and cause early termination of the client process.
Alluxio_Inc_-Alluxio.cdx,CVE-2025-22869,NVD,HIGH,7.5,"SSH servers which implement file transfer protocols are vulnerable to a denial of service attack from clients which complete the key exchange slowly, or not at all, causing pending content to be read "
Alluxio_Inc_-Alluxio.cdx,CVE-2023-3978,NVD,MEDIUM,6.1,"Text nodes not in the HTML namespace are incorrectly literally rendered, causing text which should be escaped to not be. This could lead to an XSS attack."
Alluxio_Inc_-Alluxio.cdx,CVE-2023-44487,NVD,HIGH,7.5,"The HTTP/2 protocol allows a denial of service (server resource consumption) because request cancellation can reset many streams quickly, as exploited in the wild in August through October 2023."
Alluxio_Inc_-Alluxio.cdx,CVE-2020-28852,NVD,HIGH,7.5,"In x/text in Go before v0.3.5, a ""slice bounds out of range"" panic occurs in language.ParseAcceptLanguage while processing a BCP 47 tag. (x/text/language is supposed to be able to parse an HTTP Accept"
Alluxio_Inc_-Alluxio.cdx,CVE-2020-14040,NVD,HIGH,7.5,"The x/text package before 0.3.3 for Go has a vulnerability in encoding/unicode that could lead to the UTF-16 decoder entering an infinite loop, causing the program to crash or run out of memory. An at"
Alluxio_Inc_-Alluxio.cdx,CVE-2021-38561,NVD,HIGH,7.5,"golang.org/x/text/language in golang.org/x/text before 0.3.7 can panic with an out-of-bounds read during BCP 47 language tag parsing. Index calculation is mishandled. If parsing untrusted user input, "
Alluxio_Inc_-Alluxio.cdx,CVE-2022-32149,NVD,HIGH,7.5,An attacker may cause a denial of service by crafting an Accept-Language header which ParseAcceptLanguage will take significant time to parse.
Alluxio_Inc_-Alluxio.cdx,CVE-2022-32149,NVD,HIGH,7.5,An attacker may cause a denial of service by crafting an Accept-Language header which ParseAcceptLanguage will take significant time to parse.
Alluxio_Inc_-Alluxio.cdx,CVE-2021-22570,NVD,MEDIUM,5.5,"Nullptr dereference when a null char is present in a proto symbol. The symbol is parsed incorrectly, leading to an unchecked call into the proto file's name during generation of the resulting error me"
Alluxio_Inc_-Alluxio.cdx,CVE-2015-5237,NVD,HIGH,8.8,protobuf allows remote authenticated attackers to cause a heap-based buffer overflow.
Alluxio_Inc_-Alluxio.cdx,CVE-2024-7254,NVD,HIGH,7.5,Any project that parses untrusted Protocol Buffers data containing an arbitrary number of nested groups / series of SGROUP tags can corrupted by exceeding the stack limit i.e. StackOverflow. Parsing n
Alluxio_Inc_-Alluxio.cdx,CVE-2024-3566,NVD,CRITICAL,9.8,A command inject vulnerability allows an attacker to perform command injection on Windows applications that indirectly depend on the CreateProcess function when the specific conditions are satisfied.
Alluxio_Inc_-Alluxio.cdx,CVE-2023-44981,NVD,CRITICAL,9.1,"Authorization Bypass Through User-Controlled Key vulnerability in Apache ZooKeeper. If SASL Quorum Peer authentication is enabled in ZooKeeper (quorum.auth.enableSasl=true), the authorization is done "
Angular-AngularJS.cdx,CVE-2025-66412,NVD,HIGH,5.4,"Angular is a development platform for building mobile and desktop web applications using TypeScript/JavaScript and other languages. Prior to 21.0.2, 20.3.15, and 19.2.17, A Stored Cross-Site Scripting"
Angular-AngularJS.cdx,CVE-2026-27970,NVD,HIGH,6.1,"Angular is a development platform for building mobile and desktop web applications using TypeScript/JavaScript and other languages. Versions prior to 21.2.0, 21.1.16, 20.3.17, and 19.2.19 have a cross"
Angular-AngularJS.cdx,CVE-2026-22610,NVD,HIGH,6.1,"Angular is a development platform for building mobile and desktop web applications using TypeScript/JavaScript and other languages. Prior to versions 19.2.18, 20.3.16, 21.0.7, and 21.1.0-rc.0, a cross"
Angular-AngularJS.cdx,CVE-2023-32732,NVD,MEDIUM,5.3,gRPC contains a vulnerability whereby a client can cause a termination of connection between a HTTP2 proxy and a gRPC server: a base64 encoding error for `-bin` suffixed headers will result in a disco
Angular-AngularJS.cdx,CVE-2023-32732,NVD,MEDIUM,5.3,gRPC contains a vulnerability whereby a client can cause a termination of connection between a HTTP2 proxy and a gRPC server: a base64 encoding error for `-bin` suffixed headers will result in a disco
Angular-AngularJS.cdx,CVE-2025-27152,NVD,HIGH,5.3,"axios is a promise based HTTP client for the browser and node.js. The issue occurs when passing absolute URLs rather than protocol-relative URLs to axios. Even if ⁠baseURL is set, axios sends the requ"
Angular-AngularJS.cdx,CVE-2026-25639,NVD,HIGH,7.5,"Axios is a promise based HTTP client for the browser and Node.js. Prior to versions 0.30.3 and 1.13.5, the mergeConfig function in axios crashes with a TypeError when processing configuration objects "
Angular-AngularJS.cdx,CVE-2025-58754,NVD,HIGH,7.5,Axios is a promise based HTTP client for the browser and Node.js. When Axios starting in version 0.28.0 and prior to versions 0.30.2 and 1.12.0 runs on Node.js and is given a URL with the `data:` sche
Angular-AngularJS.cdx,CVE-2024-57965,NVD,CRITICAL,9.8,"In axios before 1.7.8, lib/helpers/isURLSameOrigin.js does not use a URL object when determining an origin, and has a potentially unwanted setAttribute('href',href) call. NOTE: some parties feel that "
Angular-AngularJS.cdx,CVE-2023-29827,NVD,CRITICAL,9.8,"ejs v3.1.9 is vulnerable to server-side template injection. If the ejs file is controllable, template injection can be implemented through the configuration settings of the closeDelimiter parameter. N"
Angular-AngularJS.cdx,CVE-2025-15284,NVD,MEDIUM,3.7,"Improper Input Validation vulnerability in qs (parse modules) allows HTTP DoS.This issue affects qs: < 6.14.1.


Summary

The arrayLimit option in qs did not enforce limits for bracket notation (a[]=1"
Angular-AngularJS.cdx,CVE-2024-43799,NVD,MEDIUM,4.7,Send is a library for streaming files from the file system as a http response. Send passes untrusted user input to SendStream.redirect() which executes untrusted code. This issue is patched in send 0.
Angular-AngularJS.cdx,CVE-2023-26136,NVD,CRITICAL,9.8,Versions of the package tough-cookie before 4.1.3 are vulnerable to Prototype Pollution due to improper handling of Cookies when using CookieJar in rejectPublicSuffixes=false mode. This issue arises f
Apollo_GraphQL-Apollo_Client.cdx,CVE-2023-29827,NVD,CRITICAL,9.8,"ejs v3.1.9 is vulnerable to server-side template injection. If the ejs file is controllable, template injection can be implemented through the configuration settings of the closeDelimiter parameter. N"
Apollo_GraphQL-Apollo_Client.cdx,CVE-2022-37620,NVD,HIGH,7.5,A Regular Expression Denial of Service (ReDoS) flaw was found in kangax html-minifier 4.0.0 because of the reCustomIgnore regular expression.
Apollo_GraphQL-Apollo_Client.cdx,CVE-2025-13465,NVD,MEDIUM,5.3,Lodash versions 4.0.0 through 4.17.22 are vulnerable to prototype pollution in the _.unset and _.omit functions. An attacker can pass crafted paths which cause Lodash to delete methods from global pro
Apollo_GraphQL-Apollo_Client.cdx,CVE-2026-26996,NVD,HIGH,7.5,minimatch is a minimal matching utility for converting glob expressions into JavaScript RegExp objects. Versions 10.2.0 and below are vulnerable to Regular Expression Denial of Service (ReDoS) when a 
Apollo_GraphQL-Apollo_Client.cdx,CVE-2026-27904,NVD,HIGH,7.5,"minimatch is a minimal matching utility for converting glob expressions into JavaScript RegExp objects. Prior to version 10.2.3, 9.0.7, 8.0.6, 7.4.8, 6.2.2, 5.1.8, 4.2.5, and 3.1.4, nested `*()` extgl"
Apollo_GraphQL-Apollo_Client.cdx,CVE-2026-27903,NVD,HIGH,7.5,"minimatch is a minimal matching utility for converting glob expressions into JavaScript RegExp objects. Prior to version 10.2.3, 9.0.7, 8.0.6, 7.4.8, 6.2.2, 5.1.8, 4.2.5, and 3.1.3, `matchOne()` perfo"
Apollo_GraphQL-Apollo_Client.cdx,CVE-2026-26996,NVD,HIGH,7.5,minimatch is a minimal matching utility for converting glob expressions into JavaScript RegExp objects. Versions 10.2.0 and below are vulnerable to Regular Expression Denial of Service (ReDoS) when a 
Apollo_GraphQL-Apollo_Client.cdx,CVE-2026-27904,NVD,HIGH,7.5,"minimatch is a minimal matching utility for converting glob expressions into JavaScript RegExp objects. Prior to version 10.2.3, 9.0.7, 8.0.6, 7.4.8, 6.2.2, 5.1.8, 4.2.5, and 3.1.4, nested `*()` extgl"
Apollo_GraphQL-Apollo_Client.cdx,CVE-2026-27903,NVD,HIGH,7.5,"minimatch is a minimal matching utility for converting glob expressions into JavaScript RegExp objects. Prior to version 10.2.3, 9.0.7, 8.0.6, 7.4.8, 6.2.2, 5.1.8, 4.2.5, and 3.1.3, `matchOne()` perfo"
Apollo_GraphQL-Apollo_Client.cdx,CVE-2026-26996,NVD,HIGH,7.5,minimatch is a minimal matching utility for converting glob expressions into JavaScript RegExp objects. Versions 10.2.0 and below are vulnerable to Regular Expression Denial of Service (ReDoS) when a 
Apollo_GraphQL-Apollo_Client.cdx,CVE-2026-27904,NVD,HIGH,7.5,"minimatch is a minimal matching utility for converting glob expressions into JavaScript RegExp objects. Prior to version 10.2.3, 9.0.7, 8.0.6, 7.4.8, 6.2.2, 5.1.8, 4.2.5, and 3.1.4, nested `*()` extgl"
Apollo_GraphQL-Apollo_Client.cdx,CVE-2026-27903,NVD,HIGH,7.5,"minimatch is a minimal matching utility for converting glob expressions into JavaScript RegExp objects. Prior to version 10.2.3, 9.0.7, 8.0.6, 7.4.8, 6.2.2, 5.1.8, 4.2.5, and 3.1.3, `matchOne()` perfo"
Apollo_GraphQL-Apollo_Client.cdx,CVE-2025-66030,NVD,MEDIUM,5.3,"Forge (also called `node-forge`) is a native implementation of Transport Layer Security in JavaScript. An Integer Overflow vulnerability in node-forge versions 1.3.1 and below enables remote, unauthen"
Apollo_GraphQL-Apollo_Client.cdx,CVE-2025-66031,NVD,HIGH,7.5,"Forge (also called `node-forge`) is a native implementation of Transport Layer Security in JavaScript. An Uncontrolled Recursion vulnerability in node-forge versions 1.3.1 and below enables remote, un"
Apollo_GraphQL-Apollo_Client.cdx,CVE-2025-12816,NVD,HIGH,8.6,"An interpretation-conflict (CWE-436) vulnerability in node-forge versions 1.3.1 and earlier enables unauthenticated attackers to craft ASN.1 structures to desynchronize schema validations, yielding a "
Apollo_GraphQL-Apollo_Client.cdx,CVE-2023-44270,NVD,MEDIUM,5.3,An issue was discovered in PostCSS before 8.4.31. The vulnerability affects linters using PostCSS to parse external untrusted CSS. An attacker can prepare CSS in such a way that it will contains parts
Apollo_GraphQL-Apollo_Client.cdx,CVE-2025-15284,NVD,MEDIUM,3.7,"Improper Input Validation vulnerability in qs (parse modules) allows HTTP DoS.This issue affects qs: < 6.14.1.


Summary

The arrayLimit option in qs did not enforce limits for bracket notation (a[]=1"
Apollo_GraphQL-Apollo_Client.cdx,CVE-2026-2391,NVD,MEDIUM,7.5,"### Summary
The `arrayLimit` option in qs does not enforce limits for comma-separated values when `comma: true` is enabled, allowing attackers to cause denial-of-service via memory exhaustion. This is"
Apollo_GraphQL-Apollo_Client.cdx,CVE-2026-29074,NVD,HIGH,7.5,"SVGO, short for SVG Optimizer, is a Node.js library and command-line application for optimizing SVG files. From version 2.1.0 to before version 2.8.1, from version 3.0.0 to before version 3.3.3, and b"
Apollo_GraphQL-Apollo_Client.cdx,CVE-2026-27601,NVD,HIGH,7.5,"Underscore.js is a utility-belt library for JavaScript. Prior to 1.13.8, the _.flatten and _.isEqual functions use recursion without a depth limit. Under very specific conditions, detailed below, an a"
Apollo_GraphQL-Apollo_Client.cdx,CVE-2025-58751,NVD,LOW,5.3,"Vite is a frontend tooling framework for JavaScript. Prior to versions 7.1.5, 7.0.7, 6.3.6, and 5.4.20, files starting with the same name with the public directory were served bypassing the `server.fs"
Apollo_GraphQL-Apollo_Client.cdx,CVE-2025-58752,NVD,LOW,5.3,"Vite is a frontend tooling framework for JavaScript. Prior to versions 7.1.5, 7.0.7, 6.3.6, and 5.4.20, any HTML files on the machine were served regardless of the `server.fs` settings. Only apps that"
Apollo_GraphQL-Apollo_Client.cdx,CVE-2025-46565,NVD,MEDIUM,5.3,"Vite is a frontend tooling framework for javascript. Prior to versions 6.3.4, 6.2.7, 6.1.6, 5.4.19, and 4.5.14, the contents of files in the project root that are denied by a file matching pattern can"
Apollo_GraphQL-Apollo_Client.cdx,CVE-2025-31125,NVD,HIGH,7.5,Vite is a frontend tooling framework for javascript. Vite exposes content of non-allowed files using ?inline&import or ?raw?import. Only apps explicitly exposing the Vite dev server to the network (us
Apollo_GraphQL-Apollo_Client.cdx,CVE-2025-30208,NVD,HIGH,7.5,"Vite, a provider of frontend development tooling, has a vulnerability in versions prior to 6.2.3, 6.1.2, 6.0.12, 5.4.15, and 4.5.10. `@fs` denies access to files outside of Vite serving allow list. Ad"
Apollo_GraphQL-Apollo_Client.cdx,CVE-2025-58751,NVD,LOW,5.3,"Vite is a frontend tooling framework for JavaScript. Prior to versions 7.1.5, 7.0.7, 6.3.6, and 5.4.20, files starting with the same name with the public directory were served bypassing the `server.fs"
Apollo_GraphQL-Apollo_Client.cdx,CVE-2025-58752,NVD,LOW,5.3,"Vite is a frontend tooling framework for JavaScript. Prior to versions 7.1.5, 7.0.7, 6.3.6, and 5.4.20, any HTML files on the machine were served regardless of the `server.fs` settings. Only apps that"
Apollo_GraphQL-Apollo_Client.cdx,CVE-2025-46565,NVD,MEDIUM,5.3,"Vite is a frontend tooling framework for javascript. Prior to versions 6.3.4, 6.2.7, 6.1.6, 5.4.19, and 4.5.14, the contents of files in the project root that are denied by a file matching pattern can"
Apollo_GraphQL-Apollo_Client.cdx,CVE-2025-31125,NVD,HIGH,7.5,Vite is a frontend tooling framework for javascript. Vite exposes content of non-allowed files using ?inline&import or ?raw?import. Only apps explicitly exposing the Vite dev server to the network (us
Apollo_GraphQL-Apollo_Client.cdx,CVE-2025-30208,NVD,HIGH,7.5,"Vite, a provider of frontend development tooling, has a vulnerability in versions prior to 6.2.3, 6.1.2, 6.0.12, 5.4.15, and 4.5.10. `@fs` denies access to files outside of Vite serving allow list. Ad"
Apollo_GraphQL-Apollo_Client.cdx,CVE-2025-68157,NVD,LOW,3.7,"Webpack is a module bundler. From version 5.49.0 to before 5.104.0, when experiments.buildHttp is enabled, webpack’s HTTP(S) resolver (HttpUriPlugin) enforces allowedUris only for the initial URL, but"
Apollo_GraphQL-Apollo_Client.cdx,CVE-2025-68458,NVD,LOW,3.7,"Webpack is a module bundler. From version 5.49.0 to before 5.104.1, when experiments.buildHttp is enabled, webpack’s HTTP(S) resolver (HttpUriPlugin) can be bypassed to fetch resources from hosts outs"
Backbonejs-Backbonejs.cdx,CVE-2026-27601,NVD,HIGH,7.5,"Underscore.js is a utility-belt library for JavaScript. Prior to 1.13.8, the _.flatten and _.isEqual functions use recursion without a depth limit. Under very specific conditions, detailed below, an a"
Bolt-Bolt.cdx,CVE-2020-28469,NVD,HIGH,7.5,This affects the package glob-parent before 5.1.2. The enclosure regex used to check for strings ending in enclosure containing path separator.
Bolt-Bolt.cdx,CVE-2022-37620,NVD,HIGH,7.5,A Regular Expression Denial of Service (ReDoS) flaw was found in kangax html-minifier 4.0.0 because of the reCustomIgnore regular expression.
Bolt-Bolt.cdx,CVE-2022-37620,NVD,HIGH,7.5,A Regular Expression Denial of Service (ReDoS) flaw was found in kangax html-minifier 4.0.0 because of the reCustomIgnore regular expression.
Bolt-Bolt.cdx,CVE-2023-42282,NVD,CRITICAL,9.8,The ip package before 1.1.9 for Node.js might allow SSRF because some IP addresses (such as 0x7f.1) are improperly categorized as globally routable via isPublic.
Bolt-Bolt.cdx,CVE-2022-46175,NVD,HIGH,8.8,JSON5 is an extension to the popular JSON file format that aims to be easier to write and maintain by hand (e.g. for config files). The `parse` method of the JSON5 library before and including version
Bolt-Bolt.cdx,CVE-2026-29091,NVD,HIGH,8.1,"Locutus brings stdlibs of other programming languages to JavaScript for educational purposes. Prior to version 3.0.0, a remote code execution (RCE) flaw was discovered in the locutus project, specific"
Bolt-Bolt.cdx,CVE-2026-32304,NVD,CRITICAL,9.8,"Locutus brings stdlibs of other programming languages to JavaScript for educational purposes. Prior to 3.0.14, the create_function(args, code) function passes both parameters directly to the Function "
Bolt-Bolt.cdx,CVE-2022-21680,NVD,HIGH,7.5,"Marked is a markdown parser and compiler. Prior to version 4.0.10, the regular expression `block.def` may cause catastrophic backtracking against some strings and lead to a regular expression denial o"
Bolt-Bolt.cdx,CVE-2022-21681,NVD,HIGH,7.5,"Marked is a markdown parser and compiler. Prior to version 4.0.10, the regular expression `inline.reflinkSearch` may cause catastrophic backtracking against some strings and lead to a denial of servic"
Bolt-Bolt.cdx,CVE-2022-24773,NVD,MEDIUM,5.3,"Forge (also called `node-forge`) is a native implementation of Transport Layer Security in JavaScript. Prior to version 1.3.0, RSA PKCS#1 v1.5 signature verification code does not properly check `Dige"
Bolt-Bolt.cdx,CVE-2022-24772,NVD,HIGH,7.5,"Forge (also called `node-forge`) is a native implementation of Transport Layer Security in JavaScript. Prior to version 1.3.0, RSA PKCS#1 v1.5 signature verification code does not check for tailing ga"
Bolt-Bolt.cdx,CVE-2022-24771,NVD,HIGH,7.5,"Forge (also called `node-forge`) is a native implementation of Transport Layer Security in JavaScript. Prior to version 1.3.0, RSA PKCS#1 v1.5 signature verification code is lenient in checking the di"
Bolt-Bolt.cdx,CVE-2022-0122,NVD,MEDIUM,6.1,forge is vulnerable to URL Redirection to Untrusted Site
Bolt-Bolt.cdx,CVE-2025-66030,NVD,MEDIUM,5.3,"Forge (also called `node-forge`) is a native implementation of Transport Layer Security in JavaScript. An Integer Overflow vulnerability in node-forge versions 1.3.1 and below enables remote, unauthen"
Bolt-Bolt.cdx,CVE-2025-66031,NVD,HIGH,7.5,"Forge (also called `node-forge`) is a native implementation of Transport Layer Security in JavaScript. An Uncontrolled Recursion vulnerability in node-forge versions 1.3.1 and below enables remote, un"
Bolt-Bolt.cdx,CVE-2025-12816,NVD,HIGH,8.6,"An interpretation-conflict (CWE-436) vulnerability in node-forge versions 1.3.1 and earlier enables unauthenticated attackers to craft ASN.1 structures to desynchronize schema validations, yielding a "
Bolt-Bolt.cdx,CVE-2023-44270,NVD,MEDIUM,5.3,An issue was discovered in PostCSS before 8.4.31. The vulnerability affects linters using PostCSS to parse external untrusted CSS. An attacker can prepare CSS in such a way that it will contains parts
Bolt-Bolt.cdx,CVE-2025-15284,NVD,MEDIUM,3.7,"Improper Input Validation vulnerability in qs (parse modules) allows HTTP DoS.This issue affects qs: < 6.14.1.


Summary

The arrayLimit option in qs did not enforce limits for bracket notation (a[]=1"
Bolt-Bolt.cdx,CVE-2026-2391,NVD,MEDIUM,7.5,"### Summary
The `arrayLimit` option in qs does not enforce limits for comma-separated values when `comma: true` is enabled, allowing attackers to cause denial-of-service via memory exhaustion. This is"
Bolt-Bolt.cdx,CVE-2025-15284,NVD,MEDIUM,3.7,"Improper Input Validation vulnerability in qs (parse modules) allows HTTP DoS.This issue affects qs: < 6.14.1.


Summary

The arrayLimit option in qs did not enforce limits for bracket notation (a[]=1"
Bolt-Bolt.cdx,CVE-2026-2391,NVD,MEDIUM,7.5,"### Summary
The `arrayLimit` option in qs does not enforce limits for comma-separated values when `comma: true` is enabled, allowing attackers to cause denial-of-service via memory exhaustion. This is"
Bolt-Bolt.cdx,CVE-2025-15284,NVD,MEDIUM,3.7,"Improper Input Validation vulnerability in qs (parse modules) allows HTTP DoS.This issue affects qs: < 6.14.1.


Summary

The arrayLimit option in qs did not enforce limits for bracket notation (a[]=1"
Bolt-Bolt.cdx,CVE-2023-26136,NVD,CRITICAL,9.8,Versions of the package tough-cookie before 4.1.3 are vulnerable to Prototype Pollution due to improper handling of Cookies when using CookieJar in rejectPublicSuffixes=false mode. This issue arises f
Bolt-Bolt.cdx,CVE-2024-43788,NVD,MEDIUM,6.1,"Webpack is a module bundler. Its main purpose is to bundle JavaScript files for usage in a browser, yet it is also capable of transforming, bundling, or packaging just about any resource or asset. The"
Canonical-Juju.cdx,CVE-2021-22570,NVD,MEDIUM,5.5,"Nullptr dereference when a null char is present in a proto symbol. The symbol is parsed incorrectly, leading to an unchecked call into the proto file's name during generation of the resulting error me"
Canonical-Juju.cdx,CVE-2015-5237,NVD,HIGH,8.8,protobuf allows remote authenticated attackers to cause a heap-based buffer overflow.
Canonical-Juju.cdx,CVE-2024-7254,NVD,HIGH,7.5,Any project that parses untrusted Protocol Buffers data containing an arbitrary number of nested groups / series of SGROUP tags can corrupted by exceeding the stack limit i.e. StackOverflow. Parsing n
Cask_Data-Cask_Data_Application_Platform.cdx,CVE-2025-33042,NVD,HIGH,7.3,"Improper Control of Generation of Code ('Code Injection') vulnerability in Apache Avro Java SDK when generating specific records from untrusted Avro schemas.

This issue affects Apache Avro Java SDK: "
Cask_Data-Cask_Data_Application_Platform.cdx,CVE-2024-47561,NVD,CRITICAL,7.3,"Schema parsing in the Java SDK of Apache Avro 1.11.3 and previous versions allows bad actors to execute arbitrary code.
Users are recommended to upgrade to version 1.11.4  or 1.12.0, which fix this is"
Cask_Data-Cask_Data_Application_Platform.cdx,CVE-2025-33042,NVD,HIGH,7.3,"Improper Control of Generation of Code ('Code Injection') vulnerability in Apache Avro Java SDK when generating specific records from untrusted Avro schemas.

This issue affects Apache Avro Java SDK: "
Cask_Data-Cask_Data_Application_Platform.cdx,CVE-2023-39410,NVD,HIGH,7.5,"When deserializing untrusted or corrupted data, it is possible for a reader to consume memory beyond the allowed constraints and thus lead to out of memory on the system.

This issue affects Java appl"
Cask_Data-Cask_Data_Application_Platform.cdx,CVE-2020-13956,NVD,MEDIUM,5.3,Apache HttpClient versions prior to version 4.5.13 and 5.0.3 can misinterpret malformed authority component in request URIs passed to the library as java.net.URI object and pick the wrong target host 
Cask_Data-Cask_Data_Application_Platform.cdx,CVE-2023-50572,NVD,MEDIUM,5.5,An issue in the component GroovyEngine.execute of jline-groovy v3.24.1 allows attackers to cause an OOM (OutofMemory) error.
Citrix_Systems_Inc-CloudStack.cdx,CVE-2025-27152,NVD,HIGH,5.3,"axios is a promise based HTTP client for the browser and node.js. The issue occurs when passing absolute URLs rather than protocol-relative URLs to axios. Even if ⁠baseURL is set, axios sends the requ"
Citrix_Systems_Inc-CloudStack.cdx,CVE-2026-25639,NVD,HIGH,7.5,"Axios is a promise based HTTP client for the browser and Node.js. Prior to versions 0.30.3 and 1.13.5, the mergeConfig function in axios crashes with a TypeError when processing configuration objects "
Citrix_Systems_Inc-CloudStack.cdx,CVE-2025-58754,NVD,HIGH,7.5,Axios is a promise based HTTP client for the browser and Node.js. When Axios starting in version 0.28.0 and prior to versions 0.30.2 and 1.12.0 runs on Node.js and is given a URL with the `data:` sche
Citrix_Systems_Inc-CloudStack.cdx,CVE-2024-57965,NVD,CRITICAL,9.8,"In axios before 1.7.8, lib/helpers/isURLSameOrigin.js does not use a URL object when determining an origin, and has a potentially unwanted setAttribute('href',href) call. NOTE: some parties feel that "
Citrix_Systems_Inc-CloudStack.cdx,CVE-2023-46234,NVD,HIGH,7.5,"browserify-sign is a package to duplicate the functionality of node's crypto public key functions, much of this is based on Fedor Indutny's work on indutny/tls.js. An upper bound check issue in `dsaVe"
Citrix_Systems_Inc-CloudStack.cdx,CVE-2025-22828,NVD,MEDIUM,4.3,"CloudStack users can add and read comments (annotations) on resources they are authorised to access. 

Due to an access validation issue that affects Apache CloudStack versions from 4.16.0, users who "
Citrix_Systems_Inc-CloudStack.cdx,CVE-2025-22828,NVD,MEDIUM,4.3,"CloudStack users can add and read comments (annotations) on resources they are authorised to access. 

Due to an access validation issue that affects Apache CloudStack versions from 4.16.0, users who "
Citrix_Systems_Inc-CloudStack.cdx,CVE-2022-38778,NVD,MEDIUM,6.5,"A flaw (CVE-2022-38900) was discovered in one of Kibana’s third party dependencies, that could allow an authenticated user to perform a request that crashes the Kibana server process."
Citrix_Systems_Inc-CloudStack.cdx,CVE-2022-38900,NVD,HIGH,7.5,decode-uri-component 0.2.0 is vulnerable to Improper Input Validation resulting in DoS.
Citrix_Systems_Inc-CloudStack.cdx,CVE-2024-48949,NVD,CRITICAL,9.1,"The verify function in lib/elliptic/eddsa/index.js in the Elliptic package before 6.5.6 for Node.js omits ""sig.S().gte(sig.eddsa.curve.n) || sig.S().isNeg()"" validation."
Citrix_Systems_Inc-CloudStack.cdx,CVE-2023-26159,NVD,MEDIUM,6.1,"Versions of the package follow-redirects before 1.15.4 are vulnerable to Improper Input Validation due to the improper handling of URLs by the url.parse() function. When new URL() throws an error, it "
Citrix_Systems_Inc-CloudStack.cdx,CVE-2022-25881,NVD,HIGH,7.5,"This affects versions of the package http-cache-semantics before 4.1.1. The issue can be exploited via malicious request header values sent to a server, when that server reads the cache policy from th"
Citrix_Systems_Inc-CloudStack.cdx,CVE-2023-42282,NVD,CRITICAL,9.8,The ip package before 1.1.9 for Node.js might allow SSRF because some IP addresses (such as 0x7f.1) are improperly categorized as globally routable via isPublic.
Citrix_Systems_Inc-CloudStack.cdx,CVE-2022-46175,NVD,HIGH,8.8,JSON5 is an extension to the popular JSON file format that aims to be easier to write and maintain by hand (e.g. for config files). The `parse` method of the JSON5 library before and including version
Citrix_Systems_Inc-CloudStack.cdx,CVE-2025-13465,NVD,MEDIUM,5.3,Lodash versions 4.0.0 through 4.17.22 are vulnerable to prototype pollution in the _.unset and _.omit functions. An attacker can pass crafted paths which cause Lodash to delete methods from global pro
Citrix_Systems_Inc-CloudStack.cdx,CVE-2026-26996,NVD,HIGH,7.5,minimatch is a minimal matching utility for converting glob expressions into JavaScript RegExp objects. Versions 10.2.0 and below are vulnerable to Regular Expression Denial of Service (ReDoS) when a 
Citrix_Systems_Inc-CloudStack.cdx,CVE-2026-27904,NVD,HIGH,7.5,"minimatch is a minimal matching utility for converting glob expressions into JavaScript RegExp objects. Prior to version 10.2.3, 9.0.7, 8.0.6, 7.4.8, 6.2.2, 5.1.8, 4.2.5, and 3.1.4, nested `*()` extgl"
Citrix_Systems_Inc-CloudStack.cdx,CVE-2026-27903,NVD,HIGH,7.5,"minimatch is a minimal matching utility for converting glob expressions into JavaScript RegExp objects. Prior to version 10.2.3, 9.0.7, 8.0.6, 7.4.8, 6.2.2, 5.1.8, 4.2.5, and 3.1.3, `matchOne()` perfo"
Citrix_Systems_Inc-CloudStack.cdx,CVE-2021-21362,NVD,MEDIUM,6.5,MinIO is an open-source high performance object storage service and it is API compatible with Amazon S3 cloud storage service. In MinIO before version RELEASE.2021-03-04T00-53-13Z it is possible to by
Citrix_Systems_Inc-CloudStack.cdx,CVE-2021-21287,NVD,HIGH,7.7,MinIO is a High Performance Object Storage released under Apache License v2.0. In MinIO before version RELEASE.2021-01-30T00-20-58Z there is a server-side request forgery vulnerability. The target app
Citrix_Systems_Inc-CloudStack.cdx,CVE-2021-21390,NVD,MEDIUM,5.9,"MinIO is an open-source high performance object storage service and it is API compatible with Amazon S3 cloud storage service. In MinIO before version RELEASE.2021-03-17T02-33-02Z, there is a vulnerab"
Citrix_Systems_Inc-CloudStack.cdx,CVE-2018-1000538,NVD,HIGH,7.5,Minio Inc. Minio S3 server version prior to RELEASE.2018-05-16T23-35-33Z contains a Allocation of Memory Without Limits or Throttling (similar to CWE-774) vulnerability in write-to-RAM that can result
Citrix_Systems_Inc-CloudStack.cdx,CVE-2020-11012,NVD,HIGH,7.5,"MinIO versions before RELEASE.2020-04-23T00-58-49Z have an authentication bypass issue in the MinIO admin API. Given an admin access key, it is possible to perform admin API operations i.e. creating n"
Citrix_Systems_Inc-CloudStack.cdx,CVE-2021-43858,NVD,HIGH,8.8,"MinIO is a Kubernetes native application for cloud storage. Prior to version `RELEASE.2021-12-27T07-23-18Z`, a malicious client can hand-craft an HTTP API call that allows for updating policy for a us"
Citrix_Systems_Inc-CloudStack.cdx,CVE-2022-35919,NVD,LOW,2.7,MinIO is a High Performance Object Storage released under GNU Affero General Public License v3.0. In affected versions all 'admin' users authorized for `admin:ServerUpdate` can selectively trigger an 
Citrix_Systems_Inc-CloudStack.cdx,CVE-2023-28434,NVD,HIGH,8.8,"Minio is a Multi-Cloud Object Storage framework. Prior to RELEASE.2023-03-20T20-16-18Z, an attacker can use crafted requests to bypass metadata bucket name checking and put an object into any bucket w"
Citrix_Systems_Inc-CloudStack.cdx,CVE-2023-28433,NVD,HIGH,8.8,"Minio is a Multi-Cloud Object Storage framework. All users on Windows prior to version RELEASE.2023-03-20T20-16-18Z are impacted. MinIO fails to filter the `\` character, which allows for arbitrary ob"
Citrix_Systems_Inc-CloudStack.cdx,CVE-2022-31129,NVD,HIGH,7.5,"moment is a JavaScript date library for parsing, validating, manipulating, and formatting dates. Affected versions of moment were found to use an inefficient parsing algorithm. Specifically using stri"
Citrix_Systems_Inc-CloudStack.cdx,CVE-2023-44270,NVD,MEDIUM,5.3,An issue was discovered in PostCSS before 8.4.31. The vulnerability affects linters using PostCSS to parse external untrusted CSS. An attacker can prepare CSS in such a way that it will contains parts
Citrix_Systems_Inc-CloudStack.cdx,CVE-2025-15284,NVD,MEDIUM,3.7,"Improper Input Validation vulnerability in qs (parse modules) allows HTTP DoS.This issue affects qs: < 6.14.1.


Summary

The arrayLimit option in qs did not enforce limits for bracket notation (a[]=1"
Citrix_Systems_Inc-CloudStack.cdx,CVE-2022-25883,NVD,HIGH,7.5,"Versions of the package semver before 7.5.2 are vulnerable to Regular Expression Denial of Service (ReDoS) via the function new Range, when untrusted user data is provided as a range."
Citrix_Systems_Inc-CloudStack.cdx,CVE-2022-25858,NVD,HIGH,7.5,"The package terser before 4.8.1, from 5.0.0 and before 5.14.2 are vulnerable to Regular Expression Denial of Service (ReDoS) due to insecure usage of regular expressions."
Citrix_Systems_Inc-CloudStack.cdx,CVE-2023-26136,NVD,CRITICAL,9.8,Versions of the package tough-cookie before 4.1.3 are vulnerable to Prototype Pollution due to improper handling of Cookies when using CookieJar in rejectPublicSuffixes=false mode. This issue arises f
Citrix_Systems_Inc-CloudStack.cdx,CVE-2024-43788,NVD,MEDIUM,6.1,"Webpack is a module bundler. Its main purpose is to bundle JavaScript files for usage in a browser, yet it is also capable of transforming, bundling, or packaging just about any resource or asset. The"
Civilized_Discourse_Construction_Kit_Inc_-Discourse.cdx,CVE-2021-23424,NVD,HIGH,7.5,"This affects all versions of package ansi-html. If an attacker provides a malicious string, it will get stuck processing the input for an extremely long time."
Civilized_Discourse_Construction_Kit_Inc_-Discourse.cdx,CVE-2023-29827,NVD,CRITICAL,9.8,"ejs v3.1.9 is vulnerable to server-side template injection. If the ejs file is controllable, template injection can be implemented through the configuration settings of the closeDelimiter parameter. N"
Civilized_Discourse_Construction_Kit_Inc_-Discourse.cdx,CVE-2020-28469,NVD,HIGH,7.5,This affects the package glob-parent before 5.1.2. The enclosure regex used to check for strings ending in enclosure containing path separator.
Civilized_Discourse_Construction_Kit_Inc_-Discourse.cdx,CVE-2025-15284,NVD,MEDIUM,3.7,"Improper Input Validation vulnerability in qs (parse modules) allows HTTP DoS.This issue affects qs: < 6.14.1.


Summary

The arrayLimit option in qs did not enforce limits for bracket notation (a[]=1"
Civilized_Discourse_Construction_Kit_Inc_-Discourse.cdx,CVE-2026-2391,NVD,MEDIUM,7.5,"### Summary
The `arrayLimit` option in qs does not enforce limits for comma-separated values when `comma: true` is enabled, allowing attackers to cause denial-of-service via memory exhaustion. This is"
Civilized_Discourse_Construction_Kit_Inc_-Discourse.cdx,CVE-2025-68157,NVD,LOW,3.7,"Webpack is a module bundler. From version 5.49.0 to before 5.104.0, when experiments.buildHttp is enabled, webpack’s HTTP(S) resolver (HttpUriPlugin) enforces allowedUris only for the initial URL, but"
Civilized_Discourse_Construction_Kit_Inc_-Discourse.cdx,CVE-2025-68458,NVD,LOW,3.7,"Webpack is a module bundler. From version 5.49.0 to before 5.104.1, when experiments.buildHttp is enabled, webpack’s HTTP(S) resolver (HttpUriPlugin) can be bypassed to fetch resources from hosts outs"
Concrete5-Concrete5.cdx,CVE-2025-13465,NVD,MEDIUM,5.3,Lodash versions 4.0.0 through 4.17.22 are vulnerable to prototype pollution in the _.unset and _.omit functions. An attacker can pass crafted paths which cause Lodash to delete methods from global pro
Concrete5-Concrete5.cdx,CVE-2026-26996,NVD,HIGH,7.5,minimatch is a minimal matching utility for converting glob expressions into JavaScript RegExp objects. Versions 10.2.0 and below are vulnerable to Regular Expression Denial of Service (ReDoS) when a 
Concrete5-Concrete5.cdx,CVE-2026-27904,NVD,HIGH,7.5,"minimatch is a minimal matching utility for converting glob expressions into JavaScript RegExp objects. Prior to version 10.2.3, 9.0.7, 8.0.6, 7.4.8, 6.2.2, 5.1.8, 4.2.5, and 3.1.4, nested `*()` extgl"
Concrete5-Concrete5.cdx,CVE-2026-27903,NVD,HIGH,7.5,"minimatch is a minimal matching utility for converting glob expressions into JavaScript RegExp objects. Prior to version 10.2.3, 9.0.7, 8.0.6, 7.4.8, 6.2.2, 5.1.8, 4.2.5, and 3.1.3, `matchOne()` perfo"
Concrete5-Concrete5.cdx,CVE-2025-15284,NVD,MEDIUM,3.7,"Improper Input Validation vulnerability in qs (parse modules) allows HTTP DoS.This issue affects qs: < 6.14.1.


Summary

The arrayLimit option in qs did not enforce limits for bracket notation (a[]=1"
Concrete5-Concrete5.cdx,CVE-2023-26136,NVD,CRITICAL,9.8,Versions of the package tough-cookie before 4.1.3 are vulnerable to Prototype Pollution due to improper handling of Cookies when using CookieJar in rejectPublicSuffixes=false mode. This issue arises f
Concrete5-Concrete5.cdx,CVE-2023-26136,NVD,CRITICAL,9.8,Versions of the package tough-cookie before 4.1.3 are vulnerable to Prototype Pollution due to improper handling of Cookies when using CookieJar in rejectPublicSuffixes=false mode. This issue arises f
Countly-Countly.cdx,CVE-2023-32732,NVD,MEDIUM,5.3,gRPC contains a vulnerability whereby a client can cause a termination of connection between a HTTP2 proxy and a gRPC server: a base64 encoding error for `-bin` suffixed headers will result in a disco
Countly-Countly.cdx,CVE-2023-29827,NVD,CRITICAL,9.8,"ejs v3.1.9 is vulnerable to server-side template injection. If the ejs file is controllable, template injection can be implemented through the configuration settings of the closeDelimiter parameter. N"
Countly-Countly.cdx,CVE-2026-26996,NVD,HIGH,7.5,minimatch is a minimal matching utility for converting glob expressions into JavaScript RegExp objects. Versions 10.2.0 and below are vulnerable to Regular Expression Denial of Service (ReDoS) when a 
Countly-Countly.cdx,CVE-2026-27904,NVD,HIGH,7.5,"minimatch is a minimal matching utility for converting glob expressions into JavaScript RegExp objects. Prior to version 10.2.3, 9.0.7, 8.0.6, 7.4.8, 6.2.2, 5.1.8, 4.2.5, and 3.1.4, nested `*()` extgl"
Countly-Countly.cdx,CVE-2026-27903,NVD,HIGH,7.5,"minimatch is a minimal matching utility for converting glob expressions into JavaScript RegExp objects. Prior to version 10.2.3, 9.0.7, 8.0.6, 7.4.8, 6.2.2, 5.1.8, 4.2.5, and 3.1.3, `matchOne()` perfo"
Countly-Countly.cdx,CVE-2014-8180,NVD,MEDIUM,5.5,MongoDB on Red Hat Satellite 6 allows local users to bypass authentication by logging in with an empty password and delete information which can cause a Denial of Service.
Countly-Countly.cdx,CVE-2025-12657,NVD,MEDIUM,5.5,"The KMIP response parser built into mongo binaries is overly tolerant of certain malformed packets, and may parse them into invalid objects. Later reads of this object can result in read access violat"
Data_Driven_Documents-D3js.cdx,CVE-2026-26996,NVD,HIGH,7.5,minimatch is a minimal matching utility for converting glob expressions into JavaScript RegExp objects. Versions 10.2.0 and below are vulnerable to Regular Expression Denial of Service (ReDoS) when a 
Data_Driven_Documents-D3js.cdx,CVE-2026-27904,NVD,HIGH,7.5,"minimatch is a minimal matching utility for converting glob expressions into JavaScript RegExp objects. Prior to version 10.2.3, 9.0.7, 8.0.6, 7.4.8, 6.2.2, 5.1.8, 4.2.5, and 3.1.4, nested `*()` extgl"
Data_Driven_Documents-D3js.cdx,CVE-2026-27903,NVD,HIGH,7.5,"minimatch is a minimal matching utility for converting glob expressions into JavaScript RegExp objects. Prior to version 10.2.3, 9.0.7, 8.0.6, 7.4.8, 6.2.2, 5.1.8, 4.2.5, and 3.1.3, `matchOne()` perfo"
Data_Driven_Documents-D3js.cdx,CVE-2026-26996,NVD,HIGH,7.5,minimatch is a minimal matching utility for converting glob expressions into JavaScript RegExp objects. Versions 10.2.0 and below are vulnerable to Regular Expression Denial of Service (ReDoS) when a 
Data_Driven_Documents-D3js.cdx,CVE-2026-27904,NVD,HIGH,7.5,"minimatch is a minimal matching utility for converting glob expressions into JavaScript RegExp objects. Prior to version 10.2.3, 9.0.7, 8.0.6, 7.4.8, 6.2.2, 5.1.8, 4.2.5, and 3.1.4, nested `*()` extgl"
Data_Driven_Documents-D3js.cdx,CVE-2026-27903,NVD,HIGH,7.5,"minimatch is a minimal matching utility for converting glob expressions into JavaScript RegExp objects. Prior to version 10.2.3, 9.0.7, 8.0.6, 7.4.8, 6.2.2, 5.1.8, 4.2.5, and 3.1.3, `matchOne()` perfo"
Data_Driven_Documents-D3js.cdx,CVE-2026-26996,NVD,HIGH,7.5,minimatch is a minimal matching utility for converting glob expressions into JavaScript RegExp objects. Versions 10.2.0 and below are vulnerable to Regular Expression Denial of Service (ReDoS) when a 
Data_Driven_Documents-D3js.cdx,CVE-2026-27904,NVD,HIGH,7.5,"minimatch is a minimal matching utility for converting glob expressions into JavaScript RegExp objects. Prior to version 10.2.3, 9.0.7, 8.0.6, 7.4.8, 6.2.2, 5.1.8, 4.2.5, and 3.1.4, nested `*()` extgl"
Data_Driven_Documents-D3js.cdx,CVE-2026-27903,NVD,HIGH,7.5,"minimatch is a minimal matching utility for converting glob expressions into JavaScript RegExp objects. Prior to version 10.2.3, 9.0.7, 8.0.6, 7.4.8, 6.2.2, 5.1.8, 4.2.5, and 3.1.3, `matchOne()` perfo"
Data_Driven_Documents-D3js.cdx,CVE-2025-58751,NVD,LOW,5.3,"Vite is a frontend tooling framework for JavaScript. Prior to versions 7.1.5, 7.0.7, 6.3.6, and 5.4.20, files starting with the same name with the public directory were served bypassing the `server.fs"
Data_Driven_Documents-D3js.cdx,CVE-2025-58752,NVD,LOW,5.3,"Vite is a frontend tooling framework for JavaScript. Prior to versions 7.1.5, 7.0.7, 6.3.6, and 5.4.20, any HTML files on the machine were served regardless of the `server.fs` settings. Only apps that"
Data_Driven_Documents-D3js.cdx,CVE-2025-46565,NVD,MEDIUM,5.3,"Vite is a frontend tooling framework for javascript. Prior to versions 6.3.4, 6.2.7, 6.1.6, 5.4.19, and 4.5.14, the contents of files in the project root that are denied by a file matching pattern can"
Data_Driven_Documents-D3js.cdx,CVE-2025-24010,NVD,MEDIUM,6.5,Vite is a frontend tooling framework for javascript. Vite allowed any websites to send any requests to the development server and read the response due to default CORS settings and lack of validation 
Data_Driven_Documents-D3js.cdx,CVE-2025-31125,NVD,HIGH,7.5,Vite is a frontend tooling framework for javascript. Vite exposes content of non-allowed files using ?inline&import or ?raw?import. Only apps explicitly exposing the Vite dev server to the network (us
Data_Driven_Documents-D3js.cdx,CVE-2025-30208,NVD,HIGH,7.5,"Vite, a provider of frontend development tooling, has a vulnerability in versions prior to 6.2.3, 6.1.2, 6.0.12, 5.4.15, and 4.5.10. `@fs` denies access to files outside of Vite serving allow list. Ad"
Datical-Liquibase.cdx,CVE-2025-47913,NVD,HIGH,7.5,SSH clients receiving SSH_AGENT_SUCCESS when expecting a typed response will panic and cause early termination of the client process.
Datical-Liquibase.cdx,CVE-2025-22869,NVD,HIGH,7.5,"SSH servers which implement file transfer protocols are vulnerable to a denial of service attack from clients which complete the key exchange slowly, or not at all, causing pending content to be read "
Datical-Liquibase.cdx,CVE-2024-3566,NVD,CRITICAL,9.8,A command inject vulnerability allows an attacker to perform command injection on Windows applications that indirectly depend on the CreateProcess function when the specific conditions are satisfied.
Docker-Docker.cdx,CVE-2021-22570,NVD,MEDIUM,5.5,"Nullptr dereference when a null char is present in a proto symbol. The symbol is parsed incorrectly, leading to an unchecked call into the proto file's name during generation of the resulting error me"
Docker-Docker.cdx,CVE-2015-5237,NVD,HIGH,8.8,protobuf allows remote authenticated attackers to cause a heap-based buffer overflow.
Docker-Docker.cdx,CVE-2024-7254,NVD,HIGH,7.5,Any project that parses untrusted Protocol Buffers data containing an arbitrary number of nested groups / series of SGROUP tags can corrupted by exceeding the stack limit i.e. StackOverflow. Parsing n
Docker-Swarm.cdx,CVE-2025-47913,NVD,HIGH,7.5,SSH clients receiving SSH_AGENT_SUCCESS when expecting a typed response will panic and cause early termination of the client process.
Docker-Swarm.cdx,CVE-2025-47913,NVD,HIGH,7.5,SSH clients receiving SSH_AGENT_SUCCESS when expecting a typed response will panic and cause early termination of the client process.
Docker-Swarm.cdx,CVE-2021-22570,NVD,MEDIUM,5.5,"Nullptr dereference when a null char is present in a proto symbol. The symbol is parsed incorrectly, leading to an unchecked call into the proto file's name during generation of the resulting error me"
Docker-Swarm.cdx,CVE-2015-5237,NVD,HIGH,8.8,protobuf allows remote authenticated attackers to cause a heap-based buffer overflow.
Docker-Swarm.cdx,CVE-2024-7254,NVD,HIGH,7.5,Any project that parses untrusted Protocol Buffers data containing an arbitrary number of nested groups / series of SGROUP tags can corrupted by exceeding the stack limit i.e. StackOverflow. Parsing n
Docker-Swarm.cdx,CVE-2021-22570,NVD,MEDIUM,5.5,"Nullptr dereference when a null char is present in a proto symbol. The symbol is parsed incorrectly, leading to an unchecked call into the proto file's name during generation of the resulting error me"
Docker-Swarm.cdx,CVE-2015-5237,NVD,HIGH,8.8,protobuf allows remote authenticated attackers to cause a heap-based buffer overflow.
Docker-Swarm.cdx,CVE-2024-7254,NVD,HIGH,7.5,Any project that parses untrusted Protocol Buffers data containing an arbitrary number of nested groups / series of SGROUP tags can corrupted by exceeding the stack limit i.e. StackOverflow. Parsing n
EPFL-Scala.cdx,CVE-2021-28834,NVD,CRITICAL,9.8,"Kramdown before 2.3.1 does not restrict Rouge formatters to the Rouge::Formatters namespace, and thus arbitrary classes can be instantiated."
EPFL-Scala.cdx,CVE-2020-14001,NVD,CRITICAL,9.8,"The kramdown gem before 2.3.0 for Ruby processes the template option inside Kramdown documents by default, which allows unintended read access (such as template=""/etc/passwd"") or unintended embedded R"
EllisLab-EllisLab_ExpressionEngine.cdx,CVE-2026-25639,NVD,HIGH,7.5,"Axios is a promise based HTTP client for the browser and Node.js. Prior to versions 0.30.3 and 1.13.5, the mergeConfig function in axios crashes with a TypeError when processing configuration objects "
EllisLab-EllisLab_ExpressionEngine.cdx,CVE-2025-58754,NVD,HIGH,7.5,Axios is a promise based HTTP client for the browser and Node.js. When Axios starting in version 0.28.0 and prior to versions 0.30.2 and 1.12.0 runs on Node.js and is given a URL with the `data:` sche
EllisLab-EllisLab_ExpressionEngine.cdx,CVE-2025-13465,NVD,MEDIUM,5.3,Lodash versions 4.0.0 through 4.17.22 are vulnerable to prototype pollution in the _.unset and _.omit functions. An attacker can pass crafted paths which cause Lodash to delete methods from global pro
EllisLab-EllisLab_ExpressionEngine.cdx,CVE-2026-26996,NVD,HIGH,7.5,minimatch is a minimal matching utility for converting glob expressions into JavaScript RegExp objects. Versions 10.2.0 and below are vulnerable to Regular Expression Denial of Service (ReDoS) when a 
EllisLab-EllisLab_ExpressionEngine.cdx,CVE-2026-27904,NVD,HIGH,7.5,"minimatch is a minimal matching utility for converting glob expressions into JavaScript RegExp objects. Prior to version 10.2.3, 9.0.7, 8.0.6, 7.4.8, 6.2.2, 5.1.8, 4.2.5, and 3.1.4, nested `*()` extgl"
EllisLab-EllisLab_ExpressionEngine.cdx,CVE-2026-27903,NVD,HIGH,7.5,"minimatch is a minimal matching utility for converting glob expressions into JavaScript RegExp objects. Prior to version 10.2.3, 9.0.7, 8.0.6, 7.4.8, 6.2.2, 5.1.8, 4.2.5, and 3.1.3, `matchOne()` perfo"
EllisLab-EllisLab_ExpressionEngine.cdx,CVE-2024-21507,NVD,MEDIUM,5.3,"Versions of the package mysql2 before 3.9.3 are vulnerable to Improper Input Validation through the keyFromFields function, resulting in cache poisoning. An attacker can inject a colon (:) character w"
EllisLab-EllisLab_ExpressionEngine.cdx,CVE-2024-21509,NVD,MEDIUM,6.5,Versions of the package mysql2 before 3.9.4 are vulnerable to Prototype Poisoning due to insecure results object creation and improper user input sanitization passed through parserFn in text_parser.js
EllisLab-EllisLab_ExpressionEngine.cdx,CVE-2023-44270,NVD,MEDIUM,5.3,An issue was discovered in PostCSS before 8.4.31. The vulnerability affects linters using PostCSS to parse external untrusted CSS. An attacker can prepare CSS in such a way that it will contains parts
EllisLab-EllisLab_ExpressionEngine.cdx,CVE-2025-15284,NVD,MEDIUM,3.7,"Improper Input Validation vulnerability in qs (parse modules) allows HTTP DoS.This issue affects qs: < 6.14.1.


Summary

The arrayLimit option in qs did not enforce limits for bracket notation (a[]=1"
EllisLab-EllisLab_ExpressionEngine.cdx,CVE-2026-2391,NVD,MEDIUM,7.5,"### Summary
The `arrayLimit` option in qs does not enforce limits for comma-separated values when `comma: true` is enabled, allowing attackers to cause denial-of-service via memory exhaustion. This is"
EllisLab-EllisLab_ExpressionEngine.cdx,CVE-2022-25883,NVD,HIGH,7.5,"Versions of the package semver before 7.5.2 are vulnerable to Regular Expression Denial of Service (ReDoS) via the function new Range, when untrusted user data is provided as a range."
Ethereum_Foundation__Stiftung_Ethereum_-Ethereum.cdx,CVE-2021-22570,NVD,MEDIUM,5.5,"Nullptr dereference when a null char is present in a proto symbol. The symbol is parsed incorrectly, leading to an unchecked call into the proto file's name during generation of the resulting error me"
Ethereum_Foundation__Stiftung_Ethereum_-Ethereum.cdx,CVE-2015-5237,NVD,HIGH,8.8,protobuf allows remote authenticated attackers to cause a heap-based buffer overflow.
Ethereum_Foundation__Stiftung_Ethereum_-Ethereum.cdx,CVE-2024-7254,NVD,HIGH,7.5,Any project that parses untrusted Protocol Buffers data containing an arbitrary number of nested groups / series of SGROUP tags can corrupted by exceeding the stack limit i.e. StackOverflow. Parsing n
Eucalyptus_Systems-Eucalyptus_Systems.cdx,CVE-2023-50572,NVD,MEDIUM,5.5,An issue in the component GroovyEngine.execute of jline-groovy v3.24.1 allows attackers to cause an OOM (OutofMemory) error.
FACEBOOK-HHVM.cdx,CVE-2026-25639,NVD,HIGH,7.5,"Axios is a promise based HTTP client for the browser and Node.js. Prior to versions 0.30.3 and 1.13.5, the mergeConfig function in axios crashes with a TypeError when processing configuration objects "
FACEBOOK-HHVM.cdx,CVE-2024-57965,NVD,CRITICAL,9.8,"In axios before 1.7.8, lib/helpers/isURLSameOrigin.js does not use a URL object when determining an origin, and has a potentially unwanted setAttribute('href',href) call. NOTE: some parties feel that "
FACEBOOK-HHVM.cdx,CVE-2024-45590,NVD,HIGH,7.5,body-parser is Node.js body parsing middleware. body-parser <1.20.3 is vulnerable to denial of service when url encoding is enabled. A malicious actor using a specially crafted payload could flood the
FACEBOOK-HHVM.cdx,CVE-2022-23639,NVD,HIGH,8.1,"crossbeam-utils provides atomics, synchronization primitives, scoped threads, and other utilities for concurrent programming in Rust. crossbeam-utils prior to version 0.8.7 incorrectly assumed that th"
FACEBOOK-HHVM.cdx,CVE-2024-21541,NVD,MEDIUM,9.8,Versions of the package dom-iterator before 1.0.1 are vulnerable to Arbitrary Code Execution due to use of the Function constructor without complete input sanitization. Function generates a new functi
FACEBOOK-HHVM.cdx,CVE-2024-43796,NVD,MEDIUM,4.7,"Express.js minimalist web framework for node. In express < 4.20.0, passing untrusted user input - even after sanitizing it - to response.redirect() may execute untrusted code. This issue is patched in"
FACEBOOK-HHVM.cdx,CVE-2024-29041,NVD,MEDIUM,6.1,Express.js minimalist web framework for node. Versions of Express.js prior to 4.19.0 and all pre-release alpha and beta versions of 5.0 are affected by an open redirect vulnerability using malformed U
FACEBOOK-HHVM.cdx,CVE-2022-37620,NVD,HIGH,7.5,A Regular Expression Denial of Service (ReDoS) flaw was found in kangax html-minifier 4.0.0 because of the reCustomIgnore regular expression.
FACEBOOK-HHVM.cdx,CVE-2022-37620,NVD,HIGH,7.5,A Regular Expression Denial of Service (ReDoS) flaw was found in kangax html-minifier 4.0.0 because of the reCustomIgnore regular expression.
FACEBOOK-HHVM.cdx,CVE-2025-13465,NVD,MEDIUM,5.3,Lodash versions 4.0.0 through 4.17.22 are vulnerable to prototype pollution in the _.unset and _.omit functions. An attacker can pass crafted paths which cause Lodash to delete methods from global pro
FACEBOOK-HHVM.cdx,CVE-2026-26996,NVD,HIGH,7.5,minimatch is a minimal matching utility for converting glob expressions into JavaScript RegExp objects. Versions 10.2.0 and below are vulnerable to Regular Expression Denial of Service (ReDoS) when a 
FACEBOOK-HHVM.cdx,CVE-2026-27904,NVD,HIGH,7.5,"minimatch is a minimal matching utility for converting glob expressions into JavaScript RegExp objects. Prior to version 10.2.3, 9.0.7, 8.0.6, 7.4.8, 6.2.2, 5.1.8, 4.2.5, and 3.1.4, nested `*()` extgl"
FACEBOOK-HHVM.cdx,CVE-2026-27903,NVD,HIGH,7.5,"minimatch is a minimal matching utility for converting glob expressions into JavaScript RegExp objects. Prior to version 10.2.3, 9.0.7, 8.0.6, 7.4.8, 6.2.2, 5.1.8, 4.2.5, and 3.1.3, `matchOne()` perfo"
FACEBOOK-HHVM.cdx,CVE-2026-2391,NVD,MEDIUM,7.5,"### Summary
The `arrayLimit` option in qs does not enforce limits for comma-separated values when `comma: true` is enabled, allowing attackers to cause denial-of-service via memory exhaustion. This is"
FACEBOOK-HHVM.cdx,CVE-2025-15284,NVD,MEDIUM,3.7,"Improper Input Validation vulnerability in qs (parse modules) allows HTTP DoS.This issue affects qs: < 6.14.1.


Summary

The arrayLimit option in qs did not enforce limits for bracket notation (a[]=1"
FACEBOOK-HHVM.cdx,CVE-2026-2391,NVD,MEDIUM,7.5,"### Summary
The `arrayLimit` option in qs does not enforce limits for comma-separated values when `comma: true` is enabled, allowing attackers to cause denial-of-service via memory exhaustion. This is"
FACEBOOK-HHVM.cdx,CVE-2024-43799,NVD,MEDIUM,4.7,Send is a library for streaming files from the file system as a http response. Send passes untrusted user input to SendStream.redirect() which executes untrusted code. This issue is patched in send 0.
FACEBOOK-HHVM.cdx,CVE-2025-46233,NVD,MEDIUM,5.4,Improper Neutralization of Input During Web Page Generation ('Cross-site Scripting') vulnerability in Sirv CDN and Image Hosting Sirv allows Stored XSS. This issue affects Sirv: from n/a through 7.5.3
FACEBOOK-HHVM.cdx,CVE-2024-8964,NVD,MEDIUM,5.4,"The Image Optimizer, Resizer and CDN – Sirv plugin for WordPress is vulnerable to Stored Cross-Site Scripting via SVG File uploads in all versions up to, and including, 7.2.9 due to insufficient input"
FACEBOOK-HHVM.cdx,CVE-2024-6392,NVD,MEDIUM,5.4,"The Image Optimizer, Resizer and CDN – Sirv plugin for WordPress is vulnerable to unauthorized plugin settings modification due to missing capability checks on the plugin functions in all versions up "
FACEBOOK-HHVM.cdx,CVE-2024-27949,NVD,MEDIUM,5.4,"Server-Side Request Forgery (SSRF) vulnerability in sirv.Com Image Optimizer, Resizer and CDN – Sirv.This issue affects Image Optimizer, Resizer and CDN – Sirv: from n/a through 7.2.0.

"
FACEBOOK-HHVM.cdx,CVE-2024-10855,NVD,HIGH,8.1,"The Image Optimizer, Resizer and CDN – Sirv plugin for WordPress is vulnerable to unauthorized modification of data that can lead to a denial of service due to insufficient validation on the filename "
FACEBOOK-HHVM.cdx,CVE-2024-32959,NVD,HIGH,8.8,Improper Privilege Management vulnerability in Sirv allows Privilege Escalation.This issue affects Sirv: from n/a through 7.2.2.
FACEBOOK-HHVM.cdx,CVE-2024-5853,NVD,HIGH,8.8,"The Image Optimizer, Resizer and CDN – Sirv plugin for WordPress is vulnerable to arbitrary file uploads due to missing file type validation in the sirv_upload_file_by_chanks AJAX action in all versio"
FACEBOOK-HHVM.cdx,CVE-2024-27950,NVD,HIGH,8.8,"Missing Authorization vulnerability in sirv.Com Image Optimizer, Resizer and CDN – Sirv.This issue affects Image Optimizer, Resizer and CDN – Sirv: from n/a through 7.2.0.

"
FACEBOOK-HHVM.cdx,CVE-2023-50898,NVD,HIGH,8.8,"Missing Authorization vulnerability in sirv.Com Sirv.This issue affects Sirv: from n/a through 7.1.2.

"
FACEBOOK-HHVM.cdx,CVE-2024-8480,NVD,HIGH,8.8,"The Image Optimizer, Resizer and CDN – Sirv plugin for WordPress is vulnerable to unauthorized modification of data due to a missing capability check on the 'sirv_save_prevented_sizes' function in all"
FACEBOOK-HHVM.cdx,CVE-2026-29074,NVD,HIGH,7.5,"SVGO, short for SVG Optimizer, is a Node.js library and command-line application for optimizing SVG files. From version 2.1.0 to before version 2.8.1, from version 3.0.0 to before version 3.3.3, and b"
FACEBOOK-HHVM.cdx,CVE-2024-27308,NVD,CRITICAL,9.1,"Mio is a Metal I/O library for Rust. When using named pipes on Windows, mio will under some circumstances return invalid tokens that correspond to named pipes that have already been deregistered from "
FACEBOOK-HHVM.cdx,CVE-2026-1527,NVD,MEDIUM,4.6,"ImpactWhen an application passes user-controlled input to the upgrade option of client.request(), an attacker can inject CRLF sequences (\r\n) to:

  *  Inject arbitrary HTTP headers
  *  Terminate th"
FACEBOOK-HHVM.cdx,CVE-2026-2581,NVD,MEDIUM,5.9,"This is an uncontrolled resource consumption vulnerability (CWE-400) that can lead to Denial of Service (DoS).

In vulnerable Undici versions, when interceptors.deduplicate() is enabled, response data"
FACEBOOK-HHVM.cdx,CVE-2026-1528,NVD,HIGH,7.5,"ImpactA server can reply with a WebSocket frame using the 64-bit length form and an extremely large length. undici's ByteParser overflows internal math, ends up in an invalid state, and throws a fatal"
FACEBOOK-HHVM.cdx,CVE-2026-2229,NVD,HIGH,7.5,ImpactThe undici WebSocket client is vulnerable to a denial-of-service attack due to improper validation of the server_max_window_bits parameter in the permessage-deflate extension. When a WebSocket c
FACEBOOK-HHVM.cdx,CVE-2026-1526,NVD,HIGH,7.5,The undici WebSocket client is vulnerable to a denial-of-service attack via unbounded memory consumption during permessage-deflate decompression. When a WebSocket connection negotiates the permessage-
FACEBOOK-HHVM.cdx,CVE-2026-22036,NVD,HIGH,7.5,"Undici is an HTTP/1.1 client for Node.js. Prior to 7.18.0 and 6.23.0, the number of links in the decompression chain is unbounded and the default maxHeaderSize allows a malicious server to insert thou"
FACEBOOK-HHVM.cdx,CVE-2026-1525,NVD,CRITICAL,9.8,"Undici allows duplicate HTTP Content-Length headers when they are provided in an array with case-variant names (e.g., Content-Length and content-length). This produces malformed HTTP/1.1 requests with"
FACEBOOK-Presto.cdx,CVE-2022-37620,NVD,HIGH,7.5,A Regular Expression Denial of Service (ReDoS) flaw was found in kangax html-minifier 4.0.0 because of the reCustomIgnore regular expression.
FACEBOOK-Presto.cdx,CVE-2023-50572,NVD,MEDIUM,5.5,An issue in the component GroovyEngine.execute of jline-groovy v3.24.1 allows attackers to cause an OOM (OutofMemory) error.
FACEBOOK-Presto.cdx,CVE-2026-26996,NVD,HIGH,7.5,minimatch is a minimal matching utility for converting glob expressions into JavaScript RegExp objects. Versions 10.2.0 and below are vulnerable to Regular Expression Denial of Service (ReDoS) when a 
FACEBOOK-Presto.cdx,CVE-2026-27904,NVD,HIGH,7.5,"minimatch is a minimal matching utility for converting glob expressions into JavaScript RegExp objects. Prior to version 10.2.3, 9.0.7, 8.0.6, 7.4.8, 6.2.2, 5.1.8, 4.2.5, and 3.1.4, nested `*()` extgl"
FACEBOOK-Presto.cdx,CVE-2026-27903,NVD,HIGH,7.5,"minimatch is a minimal matching utility for converting glob expressions into JavaScript RegExp objects. Prior to version 10.2.3, 9.0.7, 8.0.6, 7.4.8, 6.2.2, 5.1.8, 4.2.5, and 3.1.3, `matchOne()` perfo"
FACEBOOK-Presto.cdx,CVE-2026-26996,NVD,HIGH,7.5,minimatch is a minimal matching utility for converting glob expressions into JavaScript RegExp objects. Versions 10.2.0 and below are vulnerable to Regular Expression Denial of Service (ReDoS) when a 
FACEBOOK-Presto.cdx,CVE-2026-27904,NVD,HIGH,7.5,"minimatch is a minimal matching utility for converting glob expressions into JavaScript RegExp objects. Prior to version 10.2.3, 9.0.7, 8.0.6, 7.4.8, 6.2.2, 5.1.8, 4.2.5, and 3.1.4, nested `*()` extgl"
FACEBOOK-Presto.cdx,CVE-2026-27903,NVD,HIGH,7.5,"minimatch is a minimal matching utility for converting glob expressions into JavaScript RegExp objects. Prior to version 10.2.3, 9.0.7, 8.0.6, 7.4.8, 6.2.2, 5.1.8, 4.2.5, and 3.1.3, `matchOne()` perfo"
FACEBOOK-Presto.cdx,CVE-2025-66030,NVD,MEDIUM,5.3,"Forge (also called `node-forge`) is a native implementation of Transport Layer Security in JavaScript. An Integer Overflow vulnerability in node-forge versions 1.3.1 and below enables remote, unauthen"
FACEBOOK-Presto.cdx,CVE-2025-66031,NVD,HIGH,7.5,"Forge (also called `node-forge`) is a native implementation of Transport Layer Security in JavaScript. An Uncontrolled Recursion vulnerability in node-forge versions 1.3.1 and below enables remote, un"
FACEBOOK-Presto.cdx,CVE-2025-12816,NVD,HIGH,8.6,"An interpretation-conflict (CWE-436) vulnerability in node-forge versions 1.3.1 and earlier enables unauthenticated attackers to craft ASN.1 structures to desynchronize schema validations, yielding a "
FACEBOOK-Presto.cdx,CVE-2025-15284,NVD,MEDIUM,3.7,"Improper Input Validation vulnerability in qs (parse modules) allows HTTP DoS.This issue affects qs: < 6.14.1.


Summary

The arrayLimit option in qs did not enforce limits for bracket notation (a[]=1"
FACEBOOK-Presto.cdx,CVE-2026-2391,NVD,MEDIUM,7.5,"### Summary
The `arrayLimit` option in qs does not enforce limits for comma-separated values when `comma: true` is enabled, allowing attackers to cause denial-of-service via memory exhaustion. This is"
FACEBOOK-Presto.cdx,CVE-2025-68157,NVD,LOW,3.7,"Webpack is a module bundler. From version 5.49.0 to before 5.104.0, when experiments.buildHttp is enabled, webpack’s HTTP(S) resolver (HttpUriPlugin) enforces allowedUris only for the initial URL, but"
FACEBOOK-Presto.cdx,CVE-2025-68458,NVD,LOW,3.7,"Webpack is a module bundler. From version 5.49.0 to before 5.104.1, when experiments.buildHttp is enabled, webpack’s HTTP(S) resolver (HttpUriPlugin) can be bypassed to fetch resources from hosts outs"
FACEBOOK-React.cdx,CVE-2021-23424,NVD,HIGH,7.5,"This affects all versions of package ansi-html. If an attacker provides a malicious string, it will get stuck processing the input for an extremely long time."
FACEBOOK-React.cdx,CVE-2021-23424,NVD,HIGH,7.5,"This affects all versions of package ansi-html. If an attacker provides a malicious string, it will get stuck processing the input for an extremely long time."
FACEBOOK-React.cdx,CVE-2021-3807,NVD,HIGH,7.5,ansi-regex is vulnerable to Inefficient Regular Expression Complexity
FACEBOOK-React.cdx,CVE-2021-3807,NVD,HIGH,7.5,ansi-regex is vulnerable to Inefficient Regular Expression Complexity
FACEBOOK-React.cdx,CVE-2021-3807,NVD,HIGH,7.5,ansi-regex is vulnerable to Inefficient Regular Expression Complexity
FACEBOOK-React.cdx,CVE-2025-27152,NVD,HIGH,5.3,"axios is a promise based HTTP client for the browser and node.js. The issue occurs when passing absolute URLs rather than protocol-relative URLs to axios. Even if ⁠baseURL is set, axios sends the requ"
FACEBOOK-React.cdx,CVE-2026-25639,NVD,HIGH,7.5,"Axios is a promise based HTTP client for the browser and Node.js. Prior to versions 0.30.3 and 1.13.5, the mergeConfig function in axios crashes with a TypeError when processing configuration objects "
FACEBOOK-React.cdx,CVE-2025-58754,NVD,HIGH,7.5,Axios is a promise based HTTP client for the browser and Node.js. When Axios starting in version 0.28.0 and prior to versions 0.30.2 and 1.12.0 runs on Node.js and is given a URL with the `data:` sche
FACEBOOK-React.cdx,CVE-2024-57965,NVD,CRITICAL,9.8,"In axios before 1.7.8, lib/helpers/isURLSameOrigin.js does not use a URL object when determining an origin, and has a potentially unwanted setAttribute('href',href) call. NOTE: some parties feel that "
FACEBOOK-React.cdx,CVE-2025-27152,NVD,HIGH,5.3,"axios is a promise based HTTP client for the browser and node.js. The issue occurs when passing absolute URLs rather than protocol-relative URLs to axios. Even if ⁠baseURL is set, axios sends the requ"
FACEBOOK-React.cdx,CVE-2026-25639,NVD,HIGH,7.5,"Axios is a promise based HTTP client for the browser and Node.js. Prior to versions 0.30.3 and 1.13.5, the mergeConfig function in axios crashes with a TypeError when processing configuration objects "
FACEBOOK-React.cdx,CVE-2025-58754,NVD,HIGH,7.5,Axios is a promise based HTTP client for the browser and Node.js. When Axios starting in version 0.28.0 and prior to versions 0.30.2 and 1.12.0 runs on Node.js and is given a URL with the `data:` sche
FACEBOOK-React.cdx,CVE-2024-57965,NVD,CRITICAL,9.8,"In axios before 1.7.8, lib/helpers/isURLSameOrigin.js does not use a URL object when determining an origin, and has a potentially unwanted setAttribute('href',href) call. NOTE: some parties feel that "
FACEBOOK-React.cdx,CVE-2024-45590,NVD,HIGH,7.5,body-parser is Node.js body parsing middleware. body-parser <1.20.3 is vulnerable to denial of service when url encoding is enabled. A malicious actor using a specially crafted payload could flood the
FACEBOOK-React.cdx,CVE-2024-45590,NVD,HIGH,7.5,body-parser is Node.js body parsing middleware. body-parser <1.20.3 is vulnerable to denial of service when url encoding is enabled. A malicious actor using a specially crafted payload could flood the
FACEBOOK-React.cdx,CVE-2024-45590,NVD,HIGH,7.5,body-parser is Node.js body parsing middleware. body-parser <1.20.3 is vulnerable to denial of service when url encoding is enabled. A malicious actor using a specially crafted payload could flood the
FACEBOOK-React.cdx,CVE-2024-45590,NVD,HIGH,7.5,body-parser is Node.js body parsing middleware. body-parser <1.20.3 is vulnerable to denial of service when url encoding is enabled. A malicious actor using a specially crafted payload could flood the
FACEBOOK-React.cdx,CVE-2024-45590,NVD,HIGH,7.5,body-parser is Node.js body parsing middleware. body-parser <1.20.3 is vulnerable to denial of service when url encoding is enabled. A malicious actor using a specially crafted payload could flood the
FACEBOOK-React.cdx,CVE-2018-1109,NVD,MEDIUM,5.3,"A vulnerability was found in Braces versions 2.2.0 and above, prior to 2.3.1. Affected versions of this package are vulnerable to Regular Expression Denial of Service (ReDoS) attacks."
FACEBOOK-React.cdx,CVE-2021-23364,NVD,MEDIUM,5.3,The package browserslist from 4.0.0 and before 4.16.5 are vulnerable to Regular Expression Denial of Service (ReDoS) during parsing of queries.
FACEBOOK-React.cdx,CVE-2021-23364,NVD,MEDIUM,5.3,The package browserslist from 4.0.0 and before 4.16.5 are vulnerable to Regular Expression Denial of Service (ReDoS) during parsing of queries.
FACEBOOK-React.cdx,CVE-2021-23364,NVD,MEDIUM,5.3,The package browserslist from 4.0.0 and before 4.16.5 are vulnerable to Regular Expression Denial of Service (ReDoS) during parsing of queries.
FACEBOOK-React.cdx,CVE-2021-23364,NVD,MEDIUM,5.3,The package browserslist from 4.0.0 and before 4.16.5 are vulnerable to Regular Expression Denial of Service (ReDoS) during parsing of queries.
FACEBOOK-React.cdx,CVE-2018-16472,NVD,HIGH,7.5,A prototype pollution attack in cached-path-relative versions <=1.0.1 allows an attacker to inject properties on Object.prototype which are then inherited by all the JS objects through the prototype c
FACEBOOK-React.cdx,CVE-2021-23518,NVD,CRITICAL,9.8,"The package cached-path-relative before 1.1.0 are vulnerable to Prototype Pollution via the cache variable that is set as {} instead of Object.create(null) in the cachedPathRelative function, which al"
FACEBOOK-React.cdx,CVE-2020-7645,NVD,CRITICAL,9.8,"All versions of chrome-launcher allow execution of arbitrary commands, by controlling the $HOME environment variable in Linux operating systems."
FACEBOOK-React.cdx,CVE-2021-29060,NVD,MEDIUM,5.3,A Regular Expression Denial of Service (ReDOS) vulnerability was discovered in Color-String version 1.5.5 and below which occurs when the application is provided and checks a crafted invalid HWB strin
FACEBOOK-React.cdx,CVE-2017-20165,NVD,HIGH,7.5,A vulnerability classified as problematic has been found in debug-js debug up to 3.0.x. This affects the function useColors of the file src/node.js. The manipulation of the argument str leads to ineff
FACEBOOK-React.cdx,CVE-2017-16137,NVD,MEDIUM,5.3,The debug module is vulnerable to regular expression denial of service when untrusted user input is passed into the o formatter. It takes around 50k characters to block for 2 seconds making this a low
FACEBOOK-React.cdx,CVE-2017-20165,NVD,HIGH,7.5,A vulnerability classified as problematic has been found in debug-js debug up to 3.0.x. This affects the function useColors of the file src/node.js. The manipulation of the argument str leads to ineff
FACEBOOK-React.cdx,CVE-2017-16137,NVD,MEDIUM,5.3,The debug module is vulnerable to regular expression denial of service when untrusted user input is passed into the o formatter. It takes around 50k characters to block for 2 seconds making this a low
FACEBOOK-React.cdx,CVE-2017-20165,NVD,HIGH,7.5,A vulnerability classified as problematic has been found in debug-js debug up to 3.0.x. This affects the function useColors of the file src/node.js. The manipulation of the argument str leads to ineff
FACEBOOK-React.cdx,CVE-2017-16137,NVD,MEDIUM,5.3,The debug module is vulnerable to regular expression denial of service when untrusted user input is passed into the o formatter. It takes around 50k characters to block for 2 seconds making this a low
FACEBOOK-React.cdx,CVE-2017-20165,NVD,HIGH,7.5,A vulnerability classified as problematic has been found in debug-js debug up to 3.0.x. This affects the function useColors of the file src/node.js. The manipulation of the argument str leads to ineff
FACEBOOK-React.cdx,CVE-2017-16137,NVD,MEDIUM,5.3,The debug module is vulnerable to regular expression denial of service when untrusted user input is passed into the o formatter. It takes around 50k characters to block for 2 seconds making this a low
FACEBOOK-React.cdx,CVE-2017-20165,NVD,HIGH,7.5,A vulnerability classified as problematic has been found in debug-js debug up to 3.0.x. This affects the function useColors of the file src/node.js. The manipulation of the argument str leads to ineff
FACEBOOK-React.cdx,CVE-2017-16137,NVD,MEDIUM,5.3,The debug module is vulnerable to regular expression denial of service when untrusted user input is passed into the o formatter. It takes around 50k characters to block for 2 seconds making this a low
FACEBOOK-React.cdx,CVE-2022-38778,NVD,MEDIUM,6.5,"A flaw (CVE-2022-38900) was discovered in one of Kibana’s third party dependencies, that could allow an authenticated user to perform a request that crashes the Kibana server process."
FACEBOOK-React.cdx,CVE-2022-38900,NVD,HIGH,7.5,decode-uri-component 0.2.0 is vulnerable to Improper Input Validation resulting in DoS.
FACEBOOK-React.cdx,CVE-2018-3750,NVD,CRITICAL,9.8,The utilities function in all versions <= 0.5.0 of the deep-extend node module can be tricked into modifying the prototype of Object when the attacker can control part of the structure passed to this 
FACEBOOK-React.cdx,CVE-2018-3750,NVD,CRITICAL,9.8,The utilities function in all versions <= 0.5.0 of the deep-extend node module can be tricked into modifying the prototype of Object when the attacker can control part of the structure passed to this 
FACEBOOK-React.cdx,CVE-2018-3750,NVD,CRITICAL,9.8,The utilities function in all versions <= 0.5.0 of the deep-extend node module can be tricked into modifying the prototype of Object when the attacker can control part of the structure passed to this 
FACEBOOK-React.cdx,CVE-2021-23386,NVD,MEDIUM,6.5,This affects the package dns-packet before 5.2.2. It creates buffers with allocUnsafe and does not always fill them before forming network packets. This can expose internal application memory over une
FACEBOOK-React.cdx,CVE-2021-23386,NVD,MEDIUM,6.5,This affects the package dns-packet before 5.2.2. It creates buffers with allocUnsafe and does not always fill them before forming network packets. This can expose internal application memory over une
FACEBOOK-React.cdx,CVE-2020-8116,NVD,HIGH,7.3,Prototype pollution vulnerability in dot-prop npm package versions before 4.2.1 and versions 5.x before 5.1.1 allows an attacker to add arbitrary properties to JavaScript language constructs such as o
FACEBOOK-React.cdx,CVE-2020-8116,NVD,HIGH,7.3,Prototype pollution vulnerability in dot-prop npm package versions before 4.2.1 and versions 5.x before 5.1.1 allows an attacker to add arbitrary properties to JavaScript language constructs such as o
FACEBOOK-React.cdx,CVE-2019-10775,NVD,HIGH,7.5,ecstatic have a denial of service vulnerability. Successful exploitation could lead to crash of an application.
FACEBOOK-React.cdx,CVE-2023-29827,NVD,CRITICAL,9.8,"ejs v3.1.9 is vulnerable to server-side template injection. If the ejs file is controllable, template injection can be implemented through the configuration settings of the closeDelimiter parameter. N"
FACEBOOK-React.cdx,CVE-2023-39956,NVD,MEDIUM,6.6,"Electron is a framework which lets you write cross-platform desktop applications using JavaScript, HTML and CSS. Electron apps that are launched as command line executables are impacted.   Specificall"
FACEBOOK-React.cdx,CVE-2023-44402,NVD,HIGH,7.0,"Electron is an open source framework for writing cross-platform desktop applications using JavaScript, HTML and CSS. This only impacts apps that have the `embeddedAsarIntegrityValidation` and `onlyLoa"
FACEBOOK-React.cdx,CVE-2023-29198,NVD,HIGH,8.5,"Electron is a framework which lets you write cross-platform desktop applications using JavaScript, HTML and CSS. Electron apps using `contextIsolation` and `contextBridge` are affected. This is a cont"
FACEBOOK-React.cdx,CVE-2024-48949,NVD,CRITICAL,9.1,"The verify function in lib/elliptic/eddsa/index.js in the Elliptic package before 6.5.6 for Node.js omits ""sig.S().gte(sig.eddsa.curve.n) || sig.S().isNeg()"" validation."
FACEBOOK-React.cdx,CVE-2020-28498,NVD,MEDIUM,6.8,The package elliptic before 6.5.4 are vulnerable to Cryptographic Issues via the secp256k1 implementation in elliptic/ec/key.js. There is no check to confirm that the public key point passed into the 
FACEBOOK-React.cdx,CVE-2024-48949,NVD,CRITICAL,9.1,"The verify function in lib/elliptic/eddsa/index.js in the Elliptic package before 6.5.6 for Node.js omits ""sig.S().gte(sig.eddsa.curve.n) || sig.S().isNeg()"" validation."
FACEBOOK-React.cdx,CVE-2024-27088,NVD,MEDIUM,5.5,es5-ext contains ECMAScript 5 extensions. Passing functions with very long names or complex default argument names into `function#copy` or `function#toStringTokens` may cause the script to stall. The 
FACEBOOK-React.cdx,CVE-2024-27088,NVD,MEDIUM,5.5,es5-ext contains ECMAScript 5 extensions. Passing functions with very long names or complex default argument names into `function#copy` or `function#toStringTokens` may cause the script to stall. The 
FACEBOOK-React.cdx,CVE-2024-27088,NVD,MEDIUM,5.5,es5-ext contains ECMAScript 5 extensions. Passing functions with very long names or complex default argument names into `function#copy` or `function#toStringTokens` may cause the script to stall. The 
FACEBOOK-React.cdx,CVE-2024-27088,NVD,MEDIUM,5.5,es5-ext contains ECMAScript 5 extensions. Passing functions with very long names or complex default argument names into `function#copy` or `function#toStringTokens` may cause the script to stall. The 
FACEBOOK-React.cdx,CVE-2022-1650,NVD,CRITICAL,9.3,Improper Removal of Sensitive Information Before Storage or Transfer in GitHub repository eventsource/eventsource prior to v2.0.2.
FACEBOOK-React.cdx,CVE-2022-1650,NVD,CRITICAL,9.3,Improper Removal of Sensitive Information Before Storage or Transfer in GitHub repository eventsource/eventsource prior to v2.0.2.
FACEBOOK-React.cdx,CVE-2024-43796,NVD,MEDIUM,4.7,"Express.js minimalist web framework for node. In express < 4.20.0, passing untrusted user input - even after sanitizing it - to response.redirect() may execute untrusted code. This issue is patched in"
FACEBOOK-React.cdx,CVE-2024-29041,NVD,MEDIUM,6.1,Express.js minimalist web framework for node. Versions of Express.js prior to 4.19.0 and all pre-release alpha and beta versions of 5.0 are affected by an open redirect vulnerability using malformed U
FACEBOOK-React.cdx,CVE-2022-24999,NVD,HIGH,7.5,"qs before 6.10.3, as used in Express before 4.17.3 and other products, allows attackers to cause a Node process hang for an Express application because an __ proto__ key can be used. In many typical E"
FACEBOOK-React.cdx,CVE-2024-43796,NVD,MEDIUM,4.7,"Express.js minimalist web framework for node. In express < 4.20.0, passing untrusted user input - even after sanitizing it - to response.redirect() may execute untrusted code. This issue is patched in"
FACEBOOK-React.cdx,CVE-2024-29041,NVD,MEDIUM,6.1,Express.js minimalist web framework for node. Versions of Express.js prior to 4.19.0 and all pre-release alpha and beta versions of 5.0 are affected by an open redirect vulnerability using malformed U
FACEBOOK-React.cdx,CVE-2022-24999,NVD,HIGH,7.5,"qs before 6.10.3, as used in Express before 4.17.3 and other products, allows attackers to cause a Node process hang for an Express application because an __ proto__ key can be used. In many typical E"
FACEBOOK-React.cdx,CVE-2024-43796,NVD,MEDIUM,4.7,"Express.js minimalist web framework for node. In express < 4.20.0, passing untrusted user input - even after sanitizing it - to response.redirect() may execute untrusted code. This issue is patched in"
FACEBOOK-React.cdx,CVE-2024-29041,NVD,MEDIUM,6.1,Express.js minimalist web framework for node. Versions of Express.js prior to 4.19.0 and all pre-release alpha and beta versions of 5.0 are affected by an open redirect vulnerability using malformed U
FACEBOOK-React.cdx,CVE-2022-24999,NVD,HIGH,7.5,"qs before 6.10.3, as used in Express before 4.17.3 and other products, allows attackers to cause a Node process hang for an Express application because an __ proto__ key can be used. In many typical E"
FACEBOOK-React.cdx,CVE-2024-43796,NVD,MEDIUM,4.7,"Express.js minimalist web framework for node. In express < 4.20.0, passing untrusted user input - even after sanitizing it - to response.redirect() may execute untrusted code. This issue is patched in"
FACEBOOK-React.cdx,CVE-2024-29041,NVD,MEDIUM,6.1,Express.js minimalist web framework for node. Versions of Express.js prior to 4.19.0 and all pre-release alpha and beta versions of 5.0 are affected by an open redirect vulnerability using malformed U
FACEBOOK-React.cdx,CVE-2022-24999,NVD,HIGH,7.5,"qs before 6.10.3, as used in Express before 4.17.3 and other products, allows attackers to cause a Node process hang for an Express application because an __ proto__ key can be used. In many typical E"
FACEBOOK-React.cdx,CVE-2024-43796,NVD,MEDIUM,4.7,"Express.js minimalist web framework for node. In express < 4.20.0, passing untrusted user input - even after sanitizing it - to response.redirect() may execute untrusted code. This issue is patched in"
FACEBOOK-React.cdx,CVE-2024-29041,NVD,MEDIUM,6.1,Express.js minimalist web framework for node. Versions of Express.js prior to 4.19.0 and all pre-release alpha and beta versions of 5.0 are affected by an open redirect vulnerability using malformed U
FACEBOOK-React.cdx,CVE-2018-16492,NVD,CRITICAL,9.8,"A prototype pollution vulnerability was found in module extend <2.0.2, ~<3.0.2 that allows an attacker to inject arbitrary properties onto Object.prototype."
FACEBOOK-React.cdx,CVE-2018-16492,NVD,CRITICAL,9.8,"A prototype pollution vulnerability was found in module extend <2.0.2, ~<3.0.2 that allows an attacker to inject arbitrary properties onto Object.prototype."
FACEBOOK-React.cdx,CVE-2017-16118,NVD,HIGH,7.5,The forwarded module is used by the Express.js framework to handle the X-Forwarded-For header. It is vulnerable to a regular expression denial of service when it's passed specially crafted input to pa
FACEBOOK-React.cdx,CVE-2017-16119,NVD,HIGH,7.5,Fresh is a module used by the Express.js framework for HTTP response freshness testing. It is vulnerable to a regular expression denial of service when it is passed specially crafted input to parse. T
FACEBOOK-React.cdx,CVE-2017-16119,NVD,HIGH,7.5,Fresh is a module used by the Express.js framework for HTTP response freshness testing. It is vulnerable to a regular expression denial of service when it is passed specially crafted input to parse. T
FACEBOOK-React.cdx,CVE-2020-28469,NVD,HIGH,7.5,This affects the package glob-parent before 5.1.2. The enclosure regex used to check for strings ending in enclosure containing path separator.
FACEBOOK-React.cdx,CVE-2020-28469,NVD,HIGH,7.5,This affects the package glob-parent before 5.1.2. The enclosure regex used to check for strings ending in enclosure containing path separator.
FACEBOOK-React.cdx,CVE-2020-28469,NVD,HIGH,7.5,This affects the package glob-parent before 5.1.2. The enclosure regex used to check for strings ending in enclosure containing path separator.
FACEBOOK-React.cdx,CVE-2017-16042,NVD,CRITICAL,9.8,"Growl adds growl notification support to nodejs. Growl before 1.10.2 does not properly sanitize input before passing it to exec, allowing for arbitrary command execution."
FACEBOOK-React.cdx,CVE-2022-37620,NVD,HIGH,7.5,A Regular Expression Denial of Service (ReDoS) flaw was found in kangax html-minifier 4.0.0 because of the reCustomIgnore regular expression.
FACEBOOK-React.cdx,CVE-2022-37620,NVD,HIGH,7.5,A Regular Expression Denial of Service (ReDoS) flaw was found in kangax html-minifier 4.0.0 because of the reCustomIgnore regular expression.
FACEBOOK-React.cdx,CVE-2022-37620,NVD,HIGH,7.5,A Regular Expression Denial of Service (ReDoS) flaw was found in kangax html-minifier 4.0.0 because of the reCustomIgnore regular expression.
FACEBOOK-React.cdx,CVE-2022-37620,NVD,HIGH,7.5,A Regular Expression Denial of Service (ReDoS) flaw was found in kangax html-minifier 4.0.0 because of the reCustomIgnore regular expression.
FACEBOOK-React.cdx,CVE-2022-37620,NVD,HIGH,7.5,A Regular Expression Denial of Service (ReDoS) flaw was found in kangax html-minifier 4.0.0 because of the reCustomIgnore regular expression.
FACEBOOK-React.cdx,CVE-2022-25881,NVD,HIGH,7.5,"This affects versions of the package http-cache-semantics before 4.1.1. The issue can be exploited via malicious request header values sent to a server, when that server reads the cache policy from th"
FACEBOOK-React.cdx,CVE-2022-25881,NVD,HIGH,7.5,"This affects versions of the package http-cache-semantics before 4.1.1. The issue can be exploited via malicious request header values sent to a server, when that server reads the cache policy from th"
FACEBOOK-React.cdx,CVE-2022-25881,NVD,HIGH,7.5,"This affects versions of the package http-cache-semantics before 4.1.1. The issue can be exploited via malicious request header values sent to a server, when that server reads the cache policy from th"
FACEBOOK-React.cdx,CVE-2020-7788,NVD,CRITICAL,9.8,"This affects the package ini before 1.3.6. If an attacker submits a malicious INI file to an application that parses it with ini.parse, they will pollute the prototype on the application. This can be "
FACEBOOK-React.cdx,CVE-2020-7788,NVD,CRITICAL,9.8,"This affects the package ini before 1.3.6. If an attacker submits a malicious INI file to an application that parses it with ini.parse, they will pollute the prototype on the application. This can be "
FACEBOOK-React.cdx,CVE-2023-42282,NVD,CRITICAL,9.8,The ip package before 1.1.9 for Node.js might allow SSRF because some IP addresses (such as 0x7f.1) are improperly categorized as globally routable via isPublic.
FACEBOOK-React.cdx,CVE-2018-1107,NVD,MEDIUM,5.3,It was discovered that the is-my-json-valid JavaScript library used an inefficient regular expression to validate JSON fields defined to have email format. A specially crafted JSON file could cause it
FACEBOOK-React.cdx,CVE-2020-8175,NVD,MEDIUM,5.5,Uncontrolled resource consumption in `jpeg-js` before 0.4.0 may allow attacker to launch denial of service attacks using specially a crafted JPEG image.
FACEBOOK-React.cdx,CVE-2022-25851,NVD,HIGH,7.5,The package jpeg-js before 0.4.4 are vulnerable to Denial of Service (DoS) where a particular piece of input will cause to enter an infinite loop and never return.
FACEBOOK-React.cdx,CVE-2022-46175,NVD,HIGH,8.8,JSON5 is an extension to the popular JSON file format that aims to be easier to write and maintain by hand (e.g. for config files). The `parse` method of the JSON5 library before and including version
FACEBOOK-React.cdx,CVE-2022-46175,NVD,HIGH,8.8,JSON5 is an extension to the popular JSON file format that aims to be easier to write and maintain by hand (e.g. for config files). The `parse` method of the JSON5 library before and including version
FACEBOOK-React.cdx,CVE-2022-46175,NVD,HIGH,8.8,JSON5 is an extension to the popular JSON file format that aims to be easier to write and maintain by hand (e.g. for config files). The `parse` method of the JSON5 library before and including version
FACEBOOK-React.cdx,CVE-2022-46175,NVD,HIGH,8.8,JSON5 is an extension to the popular JSON file format that aims to be easier to write and maintain by hand (e.g. for config files). The `parse` method of the JSON5 library before and including version
FACEBOOK-React.cdx,CVE-2022-46175,NVD,HIGH,8.8,JSON5 is an extension to the popular JSON file format that aims to be easier to write and maintain by hand (e.g. for config files). The `parse` method of the JSON5 library before and including version
FACEBOOK-React.cdx,CVE-2022-46175,NVD,HIGH,8.8,JSON5 is an extension to the popular JSON file format that aims to be easier to write and maintain by hand (e.g. for config files). The `parse` method of the JSON5 library before and including version
FACEBOOK-React.cdx,CVE-2021-23807,NVD,CRITICAL,9.8,This affects the package jsonpointer before 5.0.0. A type confusion vulnerability can lead to a bypass of a previous Prototype Pollution fix when the pointer components are arrays.
FACEBOOK-React.cdx,CVE-2021-23807,NVD,CRITICAL,9.8,This affects the package jsonpointer before 5.0.0. A type confusion vulnerability can lead to a bypass of a previous Prototype Pollution fix when the pointer components are arrays.
FACEBOOK-React.cdx,CVE-2025-13465,NVD,MEDIUM,5.3,Lodash versions 4.0.0 through 4.17.22 are vulnerable to prototype pollution in the _.unset and _.omit functions. An attacker can pass crafted paths which cause Lodash to delete methods from global pro
FACEBOOK-React.cdx,CVE-2019-1010266,NVD,MEDIUM,6.5,lodash prior to 4.17.11 is affected by: CWE-400: Uncontrolled Resource Consumption. The impact is: Denial of service. The component is: Date handler. The attack vector is: Attacker provides very long 
FACEBOOK-React.cdx,CVE-2018-3721,NVD,MEDIUM,6.5,"lodash node module before 4.17.5 suffers from a Modification of Assumed-Immutable Data (MAID) vulnerability via defaultsDeep, merge, and mergeWith functions, which allows a malicious user to modify th"
FACEBOOK-React.cdx,CVE-2020-28500,NVD,MEDIUM,5.3,"Lodash versions prior to 4.17.21 are vulnerable to Regular Expression Denial of Service (ReDoS) via the toNumber, trim and trimEnd functions."
FACEBOOK-React.cdx,CVE-2020-8203,NVD,HIGH,7.4,Prototype pollution attack when using _.zipObjectDeep in lodash before 4.17.20.
FACEBOOK-React.cdx,CVE-2019-10744,NVD,CRITICAL,9.1,Versions of lodash lower than 4.17.12 are vulnerable to Prototype Pollution. The function defaultsDeep could be tricked into adding or modifying properties of Object.prototype using a constructor payl
FACEBOOK-React.cdx,CVE-2021-23337,NVD,HIGH,7.2,Lodash versions prior to 4.17.21 are vulnerable to Command Injection via the template function.
FACEBOOK-React.cdx,CVE-2018-16487,NVD,MEDIUM,5.6,"A prototype pollution vulnerability was found in lodash <4.17.11 where the functions merge, mergeWith, and defaultsDeep can be tricked into adding or modifying properties of Object.prototype."
FACEBOOK-React.cdx,CVE-2019-1010266,NVD,MEDIUM,6.5,lodash prior to 4.17.11 is affected by: CWE-400: Uncontrolled Resource Consumption. The impact is: Denial of service. The component is: Date handler. The attack vector is: Attacker provides very long 
FACEBOOK-React.cdx,CVE-2018-3721,NVD,MEDIUM,6.5,"lodash node module before 4.17.5 suffers from a Modification of Assumed-Immutable Data (MAID) vulnerability via defaultsDeep, merge, and mergeWith functions, which allows a malicious user to modify th"
FACEBOOK-React.cdx,CVE-2020-28500,NVD,MEDIUM,5.3,"Lodash versions prior to 4.17.21 are vulnerable to Regular Expression Denial of Service (ReDoS) via the toNumber, trim and trimEnd functions."
FACEBOOK-React.cdx,CVE-2020-8203,NVD,HIGH,7.4,Prototype pollution attack when using _.zipObjectDeep in lodash before 4.17.20.
FACEBOOK-React.cdx,CVE-2019-10744,NVD,CRITICAL,9.1,Versions of lodash lower than 4.17.12 are vulnerable to Prototype Pollution. The function defaultsDeep could be tricked into adding or modifying properties of Object.prototype using a constructor payl
FACEBOOK-React.cdx,CVE-2021-23337,NVD,HIGH,7.2,Lodash versions prior to 4.17.21 are vulnerable to Command Injection via the template function.
FACEBOOK-React.cdx,CVE-2018-16487,NVD,MEDIUM,5.6,"A prototype pollution vulnerability was found in lodash <4.17.11 where the functions merge, mergeWith, and defaultsDeep can be tricked into adding or modifying properties of Object.prototype."
FACEBOOK-React.cdx,CVE-2025-13465,NVD,MEDIUM,5.3,Lodash versions 4.0.0 through 4.17.22 are vulnerable to prototype pollution in the _.unset and _.omit functions. An attacker can pass crafted paths which cause Lodash to delete methods from global pro
FACEBOOK-React.cdx,CVE-2020-28500,NVD,MEDIUM,5.3,"Lodash versions prior to 4.17.21 are vulnerable to Regular Expression Denial of Service (ReDoS) via the toNumber, trim and trimEnd functions."
FACEBOOK-React.cdx,CVE-2020-8203,NVD,HIGH,7.4,Prototype pollution attack when using _.zipObjectDeep in lodash before 4.17.20.
FACEBOOK-React.cdx,CVE-2019-10744,NVD,CRITICAL,9.1,Versions of lodash lower than 4.17.12 are vulnerable to Prototype Pollution. The function defaultsDeep could be tricked into adding or modifying properties of Object.prototype using a constructor payl
FACEBOOK-React.cdx,CVE-2021-23337,NVD,HIGH,7.2,Lodash versions prior to 4.17.21 are vulnerable to Command Injection via the template function.
FACEBOOK-React.cdx,CVE-2025-13465,NVD,MEDIUM,5.3,Lodash versions 4.0.0 through 4.17.22 are vulnerable to prototype pollution in the _.unset and _.omit functions. An attacker can pass crafted paths which cause Lodash to delete methods from global pro
FACEBOOK-React.cdx,CVE-2020-28500,NVD,MEDIUM,5.3,"Lodash versions prior to 4.17.21 are vulnerable to Regular Expression Denial of Service (ReDoS) via the toNumber, trim and trimEnd functions."
FACEBOOK-React.cdx,CVE-2020-8203,NVD,HIGH,7.4,Prototype pollution attack when using _.zipObjectDeep in lodash before 4.17.20.
FACEBOOK-React.cdx,CVE-2021-23337,NVD,HIGH,7.2,Lodash versions prior to 4.17.21 are vulnerable to Command Injection via the template function.
FACEBOOK-React.cdx,CVE-2025-13465,NVD,MEDIUM,5.3,Lodash versions 4.0.0 through 4.17.22 are vulnerable to prototype pollution in the _.unset and _.omit functions. An attacker can pass crafted paths which cause Lodash to delete methods from global pro
FACEBOOK-React.cdx,CVE-2020-28500,NVD,MEDIUM,5.3,"Lodash versions prior to 4.17.21 are vulnerable to Regular Expression Denial of Service (ReDoS) via the toNumber, trim and trimEnd functions."
FACEBOOK-React.cdx,CVE-2021-23337,NVD,HIGH,7.2,Lodash versions prior to 4.17.21 are vulnerable to Command Injection via the template function.
FACEBOOK-React.cdx,CVE-2025-13465,NVD,MEDIUM,5.3,Lodash versions 4.0.0 through 4.17.22 are vulnerable to prototype pollution in the _.unset and _.omit functions. An attacker can pass crafted paths which cause Lodash to delete methods from global pro
FACEBOOK-React.cdx,CVE-2017-1000427,NVD,MEDIUM,6.1,marked version 0.3.6 and earlier is vulnerable to an XSS attack in the data: URI parser.
FACEBOOK-React.cdx,CVE-2017-16114,NVD,HIGH,7.5,"The marked module is vulnerable to a regular expression denial of service. Based on the information published in the public issue, 1k characters can block for around 6 seconds."
FACEBOOK-React.cdx,CVE-2022-21680,NVD,HIGH,7.5,"Marked is a markdown parser and compiler. Prior to version 4.0.10, the regular expression `block.def` may cause catastrophic backtracking against some strings and lead to a regular expression denial o"
FACEBOOK-React.cdx,CVE-2022-21681,NVD,HIGH,7.5,"Marked is a markdown parser and compiler. Prior to version 4.0.10, the regular expression `inline.reflinkSearch` may cause catastrophic backtracking against some strings and lead to a denial of servic"
FACEBOOK-React.cdx,CVE-2018-25110,NVD,MEDIUM,7.5,Marked prior to version 0.3.17 is vulnerable to a Regular Expression Denial of Service (ReDoS) attack due to catastrophic backtracking in several regular expressions used for parsing HTML tags and mar
FACEBOOK-React.cdx,CVE-2022-21680,NVD,HIGH,7.5,"Marked is a markdown parser and compiler. Prior to version 4.0.10, the regular expression `block.def` may cause catastrophic backtracking against some strings and lead to a regular expression denial o"
FACEBOOK-React.cdx,CVE-2022-21681,NVD,HIGH,7.5,"Marked is a markdown parser and compiler. Prior to version 4.0.10, the regular expression `inline.reflinkSearch` may cause catastrophic backtracking against some strings and lead to a denial of servic"
FACEBOOK-React.cdx,CVE-2021-23397,NVD,CRITICAL,9.8,All versions of package @ianwalter/merge are vulnerable to Prototype Pollution via the main (merge) function. Maintainer suggests using @generates/merger instead.
FACEBOOK-React.cdx,CVE-2020-28499,NVD,CRITICAL,9.8,All versions of package merge are vulnerable to Prototype Pollution via _recursiveMerge .
FACEBOOK-React.cdx,CVE-2021-23397,NVD,CRITICAL,9.8,All versions of package @ianwalter/merge are vulnerable to Prototype Pollution via the main (merge) function. Maintainer suggests using @generates/merger instead.
FACEBOOK-React.cdx,CVE-2018-16469,NVD,HIGH,7.5,The merge.recursive function in the merge package <1.2.1 can be tricked into adding or modifying properties of the Object prototype. These properties will be present on all objects allowing for a deni
FACEBOOK-React.cdx,CVE-2020-28499,NVD,CRITICAL,9.8,All versions of package merge are vulnerable to Prototype Pollution via _recursiveMerge .
FACEBOOK-React.cdx,CVE-2021-23397,NVD,CRITICAL,9.8,All versions of package @ianwalter/merge are vulnerable to Prototype Pollution via the main (merge) function. Maintainer suggests using @generates/merger instead.
FACEBOOK-React.cdx,CVE-2017-16138,NVD,HIGH,7.5,"The mime module < 1.4.1, 2.0.1, 2.0.2 is vulnerable to regular expression denial of service when a mime lookup is performed on untrusted user input."
FACEBOOK-React.cdx,CVE-2017-16138,NVD,HIGH,7.5,"The mime module < 1.4.1, 2.0.1, 2.0.2 is vulnerable to regular expression denial of service when a mime lookup is performed on untrusted user input."
FACEBOOK-React.cdx,CVE-2017-16138,NVD,HIGH,7.5,"The mime module < 1.4.1, 2.0.1, 2.0.2 is vulnerable to regular expression denial of service when a mime lookup is performed on untrusted user input."
FACEBOOK-React.cdx,CVE-2026-26996,NVD,HIGH,7.5,minimatch is a minimal matching utility for converting glob expressions into JavaScript RegExp objects. Versions 10.2.0 and below are vulnerable to Regular Expression Denial of Service (ReDoS) when a 
FACEBOOK-React.cdx,CVE-2026-27904,NVD,HIGH,7.5,"minimatch is a minimal matching utility for converting glob expressions into JavaScript RegExp objects. Prior to version 10.2.3, 9.0.7, 8.0.6, 7.4.8, 6.2.2, 5.1.8, 4.2.5, and 3.1.4, nested `*()` extgl"
FACEBOOK-React.cdx,CVE-2026-27903,NVD,HIGH,7.5,"minimatch is a minimal matching utility for converting glob expressions into JavaScript RegExp objects. Prior to version 10.2.3, 9.0.7, 8.0.6, 7.4.8, 6.2.2, 5.1.8, 4.2.5, and 3.1.3, `matchOne()` perfo"
FACEBOOK-React.cdx,CVE-2026-26996,NVD,HIGH,7.5,minimatch is a minimal matching utility for converting glob expressions into JavaScript RegExp objects. Versions 10.2.0 and below are vulnerable to Regular Expression Denial of Service (ReDoS) when a 
FACEBOOK-React.cdx,CVE-2026-27904,NVD,HIGH,7.5,"minimatch is a minimal matching utility for converting glob expressions into JavaScript RegExp objects. Prior to version 10.2.3, 9.0.7, 8.0.6, 7.4.8, 6.2.2, 5.1.8, 4.2.5, and 3.1.4, nested `*()` extgl"
FACEBOOK-React.cdx,CVE-2026-27903,NVD,HIGH,7.5,"minimatch is a minimal matching utility for converting glob expressions into JavaScript RegExp objects. Prior to version 10.2.3, 9.0.7, 8.0.6, 7.4.8, 6.2.2, 5.1.8, 4.2.5, and 3.1.3, `matchOne()` perfo"
FACEBOOK-React.cdx,CVE-2026-26996,NVD,HIGH,7.5,minimatch is a minimal matching utility for converting glob expressions into JavaScript RegExp objects. Versions 10.2.0 and below are vulnerable to Regular Expression Denial of Service (ReDoS) when a 
FACEBOOK-React.cdx,CVE-2026-27904,NVD,HIGH,7.5,"minimatch is a minimal matching utility for converting glob expressions into JavaScript RegExp objects. Prior to version 10.2.3, 9.0.7, 8.0.6, 7.4.8, 6.2.2, 5.1.8, 4.2.5, and 3.1.4, nested `*()` extgl"
FACEBOOK-React.cdx,CVE-2022-3517,NVD,HIGH,7.5,"A vulnerability was found in the minimatch package. This flaw allows a Regular Expression Denial of Service (ReDoS) when calling the braceExpand function with specific arguments, resulting in a Denial"
FACEBOOK-React.cdx,CVE-2026-27903,NVD,HIGH,7.5,"minimatch is a minimal matching utility for converting glob expressions into JavaScript RegExp objects. Prior to version 10.2.3, 9.0.7, 8.0.6, 7.4.8, 6.2.2, 5.1.8, 4.2.5, and 3.1.3, `matchOne()` perfo"
FACEBOOK-React.cdx,CVE-2026-26996,NVD,HIGH,7.5,minimatch is a minimal matching utility for converting glob expressions into JavaScript RegExp objects. Versions 10.2.0 and below are vulnerable to Regular Expression Denial of Service (ReDoS) when a 
FACEBOOK-React.cdx,CVE-2026-27904,NVD,HIGH,7.5,"minimatch is a minimal matching utility for converting glob expressions into JavaScript RegExp objects. Prior to version 10.2.3, 9.0.7, 8.0.6, 7.4.8, 6.2.2, 5.1.8, 4.2.5, and 3.1.4, nested `*()` extgl"
FACEBOOK-React.cdx,CVE-2026-27903,NVD,HIGH,7.5,"minimatch is a minimal matching utility for converting glob expressions into JavaScript RegExp objects. Prior to version 10.2.3, 9.0.7, 8.0.6, 7.4.8, 6.2.2, 5.1.8, 4.2.5, and 3.1.3, `matchOne()` perfo"
FACEBOOK-React.cdx,CVE-2026-26996,NVD,HIGH,7.5,minimatch is a minimal matching utility for converting glob expressions into JavaScript RegExp objects. Versions 10.2.0 and below are vulnerable to Regular Expression Denial of Service (ReDoS) when a 
FACEBOOK-React.cdx,CVE-2026-27904,NVD,HIGH,7.5,"minimatch is a minimal matching utility for converting glob expressions into JavaScript RegExp objects. Prior to version 10.2.3, 9.0.7, 8.0.6, 7.4.8, 6.2.2, 5.1.8, 4.2.5, and 3.1.4, nested `*()` extgl"
FACEBOOK-React.cdx,CVE-2026-27903,NVD,HIGH,7.5,"minimatch is a minimal matching utility for converting glob expressions into JavaScript RegExp objects. Prior to version 10.2.3, 9.0.7, 8.0.6, 7.4.8, 6.2.2, 5.1.8, 4.2.5, and 3.1.3, `matchOne()` perfo"
FACEBOOK-React.cdx,CVE-2026-26996,NVD,HIGH,7.5,minimatch is a minimal matching utility for converting glob expressions into JavaScript RegExp objects. Versions 10.2.0 and below are vulnerable to Regular Expression Denial of Service (ReDoS) when a 
FACEBOOK-React.cdx,CVE-2026-27904,NVD,HIGH,7.5,"minimatch is a minimal matching utility for converting glob expressions into JavaScript RegExp objects. Prior to version 10.2.3, 9.0.7, 8.0.6, 7.4.8, 6.2.2, 5.1.8, 4.2.5, and 3.1.4, nested `*()` extgl"
FACEBOOK-React.cdx,CVE-2026-27903,NVD,HIGH,7.5,"minimatch is a minimal matching utility for converting glob expressions into JavaScript RegExp objects. Prior to version 10.2.3, 9.0.7, 8.0.6, 7.4.8, 6.2.2, 5.1.8, 4.2.5, and 3.1.3, `matchOne()` perfo"
FACEBOOK-React.cdx,CVE-2026-26996,NVD,HIGH,7.5,minimatch is a minimal matching utility for converting glob expressions into JavaScript RegExp objects. Versions 10.2.0 and below are vulnerable to Regular Expression Denial of Service (ReDoS) when a 
FACEBOOK-React.cdx,CVE-2026-27904,NVD,HIGH,7.5,"minimatch is a minimal matching utility for converting glob expressions into JavaScript RegExp objects. Prior to version 10.2.3, 9.0.7, 8.0.6, 7.4.8, 6.2.2, 5.1.8, 4.2.5, and 3.1.4, nested `*()` extgl"
FACEBOOK-React.cdx,CVE-2026-27903,NVD,HIGH,7.5,"minimatch is a minimal matching utility for converting glob expressions into JavaScript RegExp objects. Prior to version 10.2.3, 9.0.7, 8.0.6, 7.4.8, 6.2.2, 5.1.8, 4.2.5, and 3.1.3, `matchOne()` perfo"
FACEBOOK-React.cdx,CVE-2026-26996,NVD,HIGH,7.5,minimatch is a minimal matching utility for converting glob expressions into JavaScript RegExp objects. Versions 10.2.0 and below are vulnerable to Regular Expression Denial of Service (ReDoS) when a 
FACEBOOK-React.cdx,CVE-2026-27904,NVD,HIGH,7.5,"minimatch is a minimal matching utility for converting glob expressions into JavaScript RegExp objects. Prior to version 10.2.3, 9.0.7, 8.0.6, 7.4.8, 6.2.2, 5.1.8, 4.2.5, and 3.1.4, nested `*()` extgl"
FACEBOOK-React.cdx,CVE-2022-3517,NVD,HIGH,7.5,"A vulnerability was found in the minimatch package. This flaw allows a Regular Expression Denial of Service (ReDoS) when calling the braceExpand function with specific arguments, resulting in a Denial"
FACEBOOK-React.cdx,CVE-2026-27903,NVD,HIGH,7.5,"minimatch is a minimal matching utility for converting glob expressions into JavaScript RegExp objects. Prior to version 10.2.3, 9.0.7, 8.0.6, 7.4.8, 6.2.2, 5.1.8, 4.2.5, and 3.1.3, `matchOne()` perfo"
FACEBOOK-React.cdx,CVE-2022-21213,NVD,HIGH,7.5,"This affects all versions of package mout. The deepFillIn function can be used to 'fill missing properties recursively', while the deepMixIn mixes objects into the target object, recursively mixing ex"
FACEBOOK-React.cdx,CVE-2020-7792,NVD,HIGH,7.5,"This affects all versions of package mout. The deepFillIn function can be used to 'fill missing properties recursively', while the deepMixIn 'mixes objects into the target object, recursively mixing e"
FACEBOOK-React.cdx,CVE-2022-21213,NVD,HIGH,7.5,"This affects all versions of package mout. The deepFillIn function can be used to 'fill missing properties recursively', while the deepMixIn mixes objects into the target object, recursively mixing ex"
FACEBOOK-React.cdx,CVE-2020-7792,NVD,HIGH,7.5,"This affects all versions of package mout. The deepFillIn function can be used to 'fill missing properties recursively', while the deepMixIn 'mixes objects into the target object, recursively mixing e"
FACEBOOK-React.cdx,CVE-2017-20162,NVD,MEDIUM,5.3,"A vulnerability, which was classified as problematic, has been found in vercel ms up to 1.x. This issue affects the function parse of the file index.js. The manipulation of the argument str leads to i"
FACEBOOK-React.cdx,CVE-2017-20162,NVD,MEDIUM,5.3,"A vulnerability, which was classified as problematic, has been found in vercel ms up to 1.x. This issue affects the function parse of the file index.js. The manipulation of the argument str leads to i"
FACEBOOK-React.cdx,CVE-2017-16099,NVD,HIGH,7.5,The no-case module is vulnerable to regular expression denial of service. When malicious untrusted user input is passed into no-case it can block the event loop causing a denial of service condition.
FACEBOOK-React.cdx,CVE-2020-15168,NVD,MEDIUM,5.3,"node-fetch before versions 2.6.1 and 3.0.0-beta.9 did not honor the size option after following a redirect, which means that when a content size was over the limit, a FetchError would never get thrown"
FACEBOOK-React.cdx,CVE-2022-0235,NVD,MEDIUM,6.1,node-fetch is vulnerable to Exposure of Sensitive Information to an Unauthorized Actor
FACEBOOK-React.cdx,CVE-2020-15168,NVD,MEDIUM,5.3,"node-fetch before versions 2.6.1 and 3.0.0-beta.9 did not honor the size option after following a redirect, which means that when a content size was over the limit, a FetchError would never get thrown"
FACEBOOK-React.cdx,CVE-2022-0235,NVD,MEDIUM,6.1,node-fetch is vulnerable to Exposure of Sensitive Information to an Unauthorized Actor
FACEBOOK-React.cdx,CVE-2020-15168,NVD,MEDIUM,5.3,"node-fetch before versions 2.6.1 and 3.0.0-beta.9 did not honor the size option after following a redirect, which means that when a content size was over the limit, a FetchError would never get thrown"
FACEBOOK-React.cdx,CVE-2022-0235,NVD,MEDIUM,6.1,node-fetch is vulnerable to Exposure of Sensitive Information to an Unauthorized Actor
FACEBOOK-React.cdx,CVE-2025-66030,NVD,MEDIUM,5.3,"Forge (also called `node-forge`) is a native implementation of Transport Layer Security in JavaScript. An Integer Overflow vulnerability in node-forge versions 1.3.1 and below enables remote, unauthen"
FACEBOOK-React.cdx,CVE-2025-66031,NVD,HIGH,7.5,"Forge (also called `node-forge`) is a native implementation of Transport Layer Security in JavaScript. An Uncontrolled Recursion vulnerability in node-forge versions 1.3.1 and below enables remote, un"
FACEBOOK-React.cdx,CVE-2025-12816,NVD,HIGH,8.6,"An interpretation-conflict (CWE-436) vulnerability in node-forge versions 1.3.1 and earlier enables unauthenticated attackers to craft ASN.1 structures to desynchronize schema validations, yielding a "
FACEBOOK-React.cdx,CVE-2022-24773,NVD,MEDIUM,5.3,"Forge (also called `node-forge`) is a native implementation of Transport Layer Security in JavaScript. Prior to version 1.3.0, RSA PKCS#1 v1.5 signature verification code does not properly check `Dige"
FACEBOOK-React.cdx,CVE-2022-24772,NVD,HIGH,7.5,"Forge (also called `node-forge`) is a native implementation of Transport Layer Security in JavaScript. Prior to version 1.3.0, RSA PKCS#1 v1.5 signature verification code does not check for tailing ga"
FACEBOOK-React.cdx,CVE-2022-24771,NVD,HIGH,7.5,"Forge (also called `node-forge`) is a native implementation of Transport Layer Security in JavaScript. Prior to version 1.3.0, RSA PKCS#1 v1.5 signature verification code is lenient in checking the di"
FACEBOOK-React.cdx,CVE-2022-0122,NVD,MEDIUM,6.1,forge is vulnerable to URL Redirection to Untrusted Site
FACEBOOK-React.cdx,CVE-2020-7720,NVD,HIGH,7.3,The package node-forge before 0.10.0 is vulnerable to Prototype Pollution via the util.setPath function. Note: Version 0.10.0 is a breaking change removing the vulnerable functions.
FACEBOOK-React.cdx,CVE-2025-66030,NVD,MEDIUM,5.3,"Forge (also called `node-forge`) is a native implementation of Transport Layer Security in JavaScript. An Integer Overflow vulnerability in node-forge versions 1.3.1 and below enables remote, unauthen"
FACEBOOK-React.cdx,CVE-2025-66031,NVD,HIGH,7.5,"Forge (also called `node-forge`) is a native implementation of Transport Layer Security in JavaScript. An Uncontrolled Recursion vulnerability in node-forge versions 1.3.1 and below enables remote, un"
FACEBOOK-React.cdx,CVE-2025-12816,NVD,HIGH,8.6,"An interpretation-conflict (CWE-436) vulnerability in node-forge versions 1.3.1 and earlier enables unauthenticated attackers to craft ASN.1 structures to desynchronize schema validations, yielding a "
FACEBOOK-React.cdx,CVE-2022-24773,NVD,MEDIUM,5.3,"Forge (also called `node-forge`) is a native implementation of Transport Layer Security in JavaScript. Prior to version 1.3.0, RSA PKCS#1 v1.5 signature verification code does not properly check `Dige"
FACEBOOK-React.cdx,CVE-2022-24772,NVD,HIGH,7.5,"Forge (also called `node-forge`) is a native implementation of Transport Layer Security in JavaScript. Prior to version 1.3.0, RSA PKCS#1 v1.5 signature verification code does not check for tailing ga"
FACEBOOK-React.cdx,CVE-2022-24771,NVD,HIGH,7.5,"Forge (also called `node-forge`) is a native implementation of Transport Layer Security in JavaScript. Prior to version 1.3.0, RSA PKCS#1 v1.5 signature verification code is lenient in checking the di"
FACEBOOK-React.cdx,CVE-2022-0122,NVD,MEDIUM,6.1,forge is vulnerable to URL Redirection to Untrusted Site
FACEBOOK-React.cdx,CVE-2025-66030,NVD,MEDIUM,5.3,"Forge (also called `node-forge`) is a native implementation of Transport Layer Security in JavaScript. An Integer Overflow vulnerability in node-forge versions 1.3.1 and below enables remote, unauthen"
FACEBOOK-React.cdx,CVE-2025-66031,NVD,HIGH,7.5,"Forge (also called `node-forge`) is a native implementation of Transport Layer Security in JavaScript. An Uncontrolled Recursion vulnerability in node-forge versions 1.3.1 and below enables remote, un"
FACEBOOK-React.cdx,CVE-2025-12816,NVD,HIGH,8.6,"An interpretation-conflict (CWE-436) vulnerability in node-forge versions 1.3.1 and earlier enables unauthenticated attackers to craft ASN.1 structures to desynchronize schema validations, yielding a "
FACEBOOK-React.cdx,CVE-2020-7789,NVD,MEDIUM,5.6,This affects the package node-notifier before 9.0.0. It allows an attacker to run arbitrary commands on Linux machines due to the options params not being sanitised when being passed an array.
FACEBOOK-React.cdx,CVE-2020-7789,NVD,MEDIUM,5.6,This affects the package node-notifier before 9.0.0. It allows an attacker to run arbitrary commands on Linux machines due to the options params not being sanitised when being passed an array.
FACEBOOK-React.cdx,CVE-2020-7789,NVD,MEDIUM,5.6,This affects the package node-notifier before 9.0.0. It allows an attacker to run arbitrary commands on Linux machines due to the options params not being sanitised when being passed an array.
FACEBOOK-React.cdx,CVE-2021-33502,NVD,HIGH,7.5,"The normalize-url package before 4.5.1, 5.x before 5.3.1, and 6.x before 6.0.1 for Node.js has a ReDoS (regular expression denial of service) issue because it has exponential performance for data: URL"
FACEBOOK-React.cdx,CVE-2021-33502,NVD,HIGH,7.5,"The normalize-url package before 4.5.1, 5.x before 5.3.1, and 6.x before 6.0.1 for Node.js has a ReDoS (regular expression denial of service) issue because it has exponential performance for data: URL"
FACEBOOK-React.cdx,CVE-2021-23343,NVD,HIGH,7.5,"All versions of package path-parse are vulnerable to Regular Expression Denial of Service (ReDoS) via splitDeviceRe, splitTailRe, and splitPathRe regular expressions. ReDoS exhibits polynomial worst-c"
FACEBOOK-React.cdx,CVE-2021-23343,NVD,HIGH,7.5,"All versions of package path-parse are vulnerable to Regular Expression Denial of Service (ReDoS) via splitDeviceRe, splitTailRe, and splitPathRe regular expressions. ReDoS exhibits polynomial worst-c"
FACEBOOK-React.cdx,CVE-2021-23382,NVD,HIGH,7.5,The package postcss before 8.2.13 are vulnerable to Regular Expression Denial of Service (ReDoS) via getAnnotationURL() and loadAnnotation() in lib/previous-map.js. The vulnerable regexes are caused m
FACEBOOK-React.cdx,CVE-2023-44270,NVD,MEDIUM,5.3,An issue was discovered in PostCSS before 8.4.31. The vulnerability affects linters using PostCSS to parse external untrusted CSS. An attacker can prepare CSS in such a way that it will contains parts
FACEBOOK-React.cdx,CVE-2021-23382,NVD,HIGH,7.5,The package postcss before 8.2.13 are vulnerable to Regular Expression Denial of Service (ReDoS) via getAnnotationURL() and loadAnnotation() in lib/previous-map.js. The vulnerable regexes are caused m
FACEBOOK-React.cdx,CVE-2023-44270,NVD,MEDIUM,5.3,An issue was discovered in PostCSS before 8.4.31. The vulnerability affects linters using PostCSS to parse external untrusted CSS. An attacker can prepare CSS in such a way that it will contains parts
FACEBOOK-React.cdx,CVE-2021-23382,NVD,HIGH,7.5,The package postcss before 8.2.13 are vulnerable to Regular Expression Denial of Service (ReDoS) via getAnnotationURL() and loadAnnotation() in lib/previous-map.js. The vulnerable regexes are caused m
FACEBOOK-React.cdx,CVE-2023-44270,NVD,MEDIUM,5.3,An issue was discovered in PostCSS before 8.4.31. The vulnerability affects linters using PostCSS to parse external untrusted CSS. An attacker can prepare CSS in such a way that it will contains parts
FACEBOOK-React.cdx,CVE-2021-23382,NVD,HIGH,7.5,The package postcss before 8.2.13 are vulnerable to Regular Expression Denial of Service (ReDoS) via getAnnotationURL() and loadAnnotation() in lib/previous-map.js. The vulnerable regexes are caused m
FACEBOOK-React.cdx,CVE-2023-44270,NVD,MEDIUM,5.3,An issue was discovered in PostCSS before 8.4.31. The vulnerability affects linters using PostCSS to parse external untrusted CSS. An attacker can prepare CSS in such a way that it will contains parts
FACEBOOK-React.cdx,CVE-2021-23382,NVD,HIGH,7.5,The package postcss before 8.2.13 are vulnerable to Regular Expression Denial of Service (ReDoS) via getAnnotationURL() and loadAnnotation() in lib/previous-map.js. The vulnerable regexes are caused m
FACEBOOK-React.cdx,CVE-2023-44270,NVD,MEDIUM,5.3,An issue was discovered in PostCSS before 8.4.31. The vulnerability affects linters using PostCSS to parse external untrusted CSS. An attacker can prepare CSS in such a way that it will contains parts
FACEBOOK-React.cdx,CVE-2021-23382,NVD,HIGH,7.5,The package postcss before 8.2.13 are vulnerable to Regular Expression Denial of Service (ReDoS) via getAnnotationURL() and loadAnnotation() in lib/previous-map.js. The vulnerable regexes are caused m
FACEBOOK-React.cdx,CVE-2023-44270,NVD,MEDIUM,5.3,An issue was discovered in PostCSS before 8.4.31. The vulnerability affects linters using PostCSS to parse external untrusted CSS. An attacker can prepare CSS in such a way that it will contains parts
FACEBOOK-React.cdx,CVE-2023-44270,NVD,MEDIUM,5.3,An issue was discovered in PostCSS before 8.4.31. The vulnerability affects linters using PostCSS to parse external untrusted CSS. An attacker can prepare CSS in such a way that it will contains parts
FACEBOOK-React.cdx,CVE-2023-44270,NVD,MEDIUM,5.3,An issue was discovered in PostCSS before 8.4.31. The vulnerability affects linters using PostCSS to parse external untrusted CSS. An attacker can prepare CSS in such a way that it will contains parts
FACEBOOK-React.cdx,CVE-2021-23368,NVD,MEDIUM,5.3,The package postcss from 7.0.0 and before 8.2.10 are vulnerable to Regular Expression Denial of Service (ReDoS) during source map parsing.
FACEBOOK-React.cdx,CVE-2021-23382,NVD,HIGH,7.5,The package postcss before 8.2.13 are vulnerable to Regular Expression Denial of Service (ReDoS) via getAnnotationURL() and loadAnnotation() in lib/previous-map.js. The vulnerable regexes are caused m
FACEBOOK-React.cdx,CVE-2023-44270,NVD,MEDIUM,5.3,An issue was discovered in PostCSS before 8.4.31. The vulnerability affects linters using PostCSS to parse external untrusted CSS. An attacker can prepare CSS in such a way that it will contains parts
FACEBOOK-React.cdx,CVE-2025-15284,NVD,MEDIUM,3.7,"Improper Input Validation vulnerability in qs (parse modules) allows HTTP DoS.This issue affects qs: < 6.14.1.


Summary

The arrayLimit option in qs did not enforce limits for bracket notation (a[]=1"
FACEBOOK-React.cdx,CVE-2026-2391,NVD,MEDIUM,7.5,"### Summary
The `arrayLimit` option in qs does not enforce limits for comma-separated values when `comma: true` is enabled, allowing attackers to cause denial-of-service via memory exhaustion. This is"
FACEBOOK-React.cdx,CVE-2025-15284,NVD,MEDIUM,3.7,"Improper Input Validation vulnerability in qs (parse modules) allows HTTP DoS.This issue affects qs: < 6.14.1.


Summary

The arrayLimit option in qs did not enforce limits for bracket notation (a[]=1"
FACEBOOK-React.cdx,CVE-2026-2391,NVD,MEDIUM,7.5,"### Summary
The `arrayLimit` option in qs does not enforce limits for comma-separated values when `comma: true` is enabled, allowing attackers to cause denial-of-service via memory exhaustion. This is"
FACEBOOK-React.cdx,CVE-2025-15284,NVD,MEDIUM,3.7,"Improper Input Validation vulnerability in qs (parse modules) allows HTTP DoS.This issue affects qs: < 6.14.1.


Summary

The arrayLimit option in qs did not enforce limits for bracket notation (a[]=1"
FACEBOOK-React.cdx,CVE-2026-2391,NVD,MEDIUM,7.5,"### Summary
The `arrayLimit` option in qs does not enforce limits for comma-separated values when `comma: true` is enabled, allowing attackers to cause denial-of-service via memory exhaustion. This is"
FACEBOOK-React.cdx,CVE-2022-24999,NVD,HIGH,7.5,"qs before 6.10.3, as used in Express before 4.17.3 and other products, allows attackers to cause a Node process hang for an Express application because an __ proto__ key can be used. In many typical E"
FACEBOOK-React.cdx,CVE-2025-15284,NVD,MEDIUM,3.7,"Improper Input Validation vulnerability in qs (parse modules) allows HTTP DoS.This issue affects qs: < 6.14.1.


Summary

The arrayLimit option in qs did not enforce limits for bracket notation (a[]=1"
FACEBOOK-React.cdx,CVE-2025-15284,NVD,MEDIUM,3.7,"Improper Input Validation vulnerability in qs (parse modules) allows HTTP DoS.This issue affects qs: < 6.14.1.


Summary

The arrayLimit option in qs did not enforce limits for bracket notation (a[]=1"
FACEBOOK-React.cdx,CVE-2022-24999,NVD,HIGH,7.5,"qs before 6.10.3, as used in Express before 4.17.3 and other products, allows attackers to cause a Node process hang for an Express application because an __ proto__ key can be used. In many typical E"
FACEBOOK-React.cdx,CVE-2025-15284,NVD,MEDIUM,3.7,"Improper Input Validation vulnerability in qs (parse modules) allows HTTP DoS.This issue affects qs: < 6.14.1.


Summary

The arrayLimit option in qs did not enforce limits for bracket notation (a[]=1"
FACEBOOK-React.cdx,CVE-2022-24999,NVD,HIGH,7.5,"qs before 6.10.3, as used in Express before 4.17.3 and other products, allows attackers to cause a Node process hang for an Express application because an __ proto__ key can be used. In many typical E"
FACEBOOK-React.cdx,CVE-2025-15284,NVD,MEDIUM,3.7,"Improper Input Validation vulnerability in qs (parse modules) allows HTTP DoS.This issue affects qs: < 6.14.1.


Summary

The arrayLimit option in qs did not enforce limits for bracket notation (a[]=1"
FACEBOOK-React.cdx,CVE-2022-24999,NVD,HIGH,7.5,"qs before 6.10.3, as used in Express before 4.17.3 and other products, allows attackers to cause a Node process hang for an Express application because an __ proto__ key can be used. In many typical E"
FACEBOOK-React.cdx,CVE-2025-15284,NVD,MEDIUM,3.7,"Improper Input Validation vulnerability in qs (parse modules) allows HTTP DoS.This issue affects qs: < 6.14.1.


Summary

The arrayLimit option in qs did not enforce limits for bracket notation (a[]=1"
FACEBOOK-React.cdx,CVE-2025-15284,NVD,MEDIUM,3.7,"Improper Input Validation vulnerability in qs (parse modules) allows HTTP DoS.This issue affects qs: < 6.14.1.


Summary

The arrayLimit option in qs did not enforce limits for bracket notation (a[]=1"
FACEBOOK-React.cdx,CVE-2022-24999,NVD,HIGH,7.5,"qs before 6.10.3, as used in Express before 4.17.3 and other products, allows attackers to cause a Node process hang for an Express application because an __ proto__ key can be used. In many typical E"
FACEBOOK-React.cdx,CVE-2017-1000048,NVD,HIGH,7.5,"the web framework using ljharb's qs module older than v6.3.2, v6.2.3, v6.1.2, and v6.0.4 is vulnerable to a DoS. A malicious user can send a evil request to cause the web framework crash."
FACEBOOK-React.cdx,CVE-2025-15284,NVD,MEDIUM,3.7,"Improper Input Validation vulnerability in qs (parse modules) allows HTTP DoS.This issue affects qs: < 6.14.1.


Summary

The arrayLimit option in qs did not enforce limits for bracket notation (a[]=1"
FACEBOOK-React.cdx,CVE-2022-24999,NVD,HIGH,7.5,"qs before 6.10.3, as used in Express before 4.17.3 and other products, allows attackers to cause a Node process hang for an Express application because an __ proto__ key can be used. In many typical E"
FACEBOOK-React.cdx,CVE-2017-1000048,NVD,HIGH,7.5,"the web framework using ljharb's qs module older than v6.3.2, v6.2.3, v6.1.2, and v6.0.4 is vulnerable to a DoS. A malicious user can send a evil request to cause the web framework crash."
FACEBOOK-React.cdx,CVE-2025-15284,NVD,MEDIUM,3.7,"Improper Input Validation vulnerability in qs (parse modules) allows HTTP DoS.This issue affects qs: < 6.14.1.


Summary

The arrayLimit option in qs did not enforce limits for bracket notation (a[]=1"
FACEBOOK-React.cdx,CVE-2022-24999,NVD,HIGH,7.5,"qs before 6.10.3, as used in Express before 4.17.3 and other products, allows attackers to cause a Node process hang for an Express application because an __ proto__ key can be used. In many typical E"
FACEBOOK-React.cdx,CVE-2025-15284,NVD,MEDIUM,3.7,"Improper Input Validation vulnerability in qs (parse modules) allows HTTP DoS.This issue affects qs: < 6.14.1.


Summary

The arrayLimit option in qs did not enforce limits for bracket notation (a[]=1"
FACEBOOK-React.cdx,CVE-2026-2391,NVD,MEDIUM,7.5,"### Summary
The `arrayLimit` option in qs does not enforce limits for comma-separated values when `comma: true` is enabled, allowing attackers to cause denial-of-service via memory exhaustion. This is"
FACEBOOK-React.cdx,CVE-2025-15284,NVD,MEDIUM,3.7,"Improper Input Validation vulnerability in qs (parse modules) allows HTTP DoS.This issue affects qs: < 6.14.1.


Summary

The arrayLimit option in qs did not enforce limits for bracket notation (a[]=1"
FACEBOOK-React.cdx,CVE-2026-2391,NVD,MEDIUM,7.5,"### Summary
The `arrayLimit` option in qs does not enforce limits for comma-separated values when `comma: true` is enabled, allowing attackers to cause denial-of-service via memory exhaustion. This is"
FACEBOOK-React.cdx,CVE-2025-15284,NVD,MEDIUM,3.7,"Improper Input Validation vulnerability in qs (parse modules) allows HTTP DoS.This issue affects qs: < 6.14.1.


Summary

The arrayLimit option in qs did not enforce limits for bracket notation (a[]=1"
FACEBOOK-React.cdx,CVE-2026-2391,NVD,MEDIUM,7.5,"### Summary
The `arrayLimit` option in qs does not enforce limits for comma-separated values when `comma: true` is enabled, allowing attackers to cause denial-of-service via memory exhaustion. This is"
FACEBOOK-React.cdx,CVE-2017-1000048,NVD,HIGH,7.5,"the web framework using ljharb's qs module older than v6.3.2, v6.2.3, v6.1.2, and v6.0.4 is vulnerable to a DoS. A malicious user can send a evil request to cause the web framework crash."
FACEBOOK-React.cdx,CVE-2025-15284,NVD,MEDIUM,3.7,"Improper Input Validation vulnerability in qs (parse modules) allows HTTP DoS.This issue affects qs: < 6.14.1.


Summary

The arrayLimit option in qs did not enforce limits for bracket notation (a[]=1"
FACEBOOK-React.cdx,CVE-2022-24999,NVD,HIGH,7.5,"qs before 6.10.3, as used in Express before 4.17.3 and other products, allows attackers to cause a Node process hang for an Express application because an __ proto__ key can be used. In many typical E"
FACEBOOK-React.cdx,CVE-2017-16028,NVD,MEDIUM,5.3,react-native-meteor-oauth is a library for Oauth2 login to a Meteor server in React Native. The oauth Random Token is generated using a non-cryptographically strong RNG (Math.random()).
FACEBOOK-React.cdx,CVE-2017-16028,NVD,MEDIUM,5.3,react-native-meteor-oauth is a library for Oauth2 login to a Meteor server in React Native. The oauth Random Token is generated using a non-cryptographically strong RNG (Math.random()).
FACEBOOK-React.cdx,CVE-2023-28155,NVD,MEDIUM,6.1,"The Request package through 2.88.1 for Node.js allows a bypass of SSRF mitigations via an attacker-controller server that does a cross-protocol redirect (HTTP to HTTPS, or HTTPS to HTTP). NOTE: This v"
FACEBOOK-React.cdx,CVE-2023-28155,NVD,MEDIUM,6.1,"The Request package through 2.88.1 for Node.js allows a bypass of SSRF mitigations via an attacker-controller server that does a cross-protocol redirect (HTTP to HTTPS, or HTTPS to HTTP). NOTE: This v"
FACEBOOK-React.cdx,CVE-2023-28155,NVD,MEDIUM,6.1,"The Request package through 2.88.1 for Node.js allows a bypass of SSRF mitigations via an attacker-controller server that does a cross-protocol redirect (HTTP to HTTPS, or HTTPS to HTTP). NOTE: This v"
FACEBOOK-React.cdx,CVE-2022-25883,NVD,HIGH,7.5,"Versions of the package semver before 7.5.2 are vulnerable to Regular Expression Denial of Service (ReDoS) via the function new Range, when untrusted user data is provided as a range."
FACEBOOK-React.cdx,CVE-2022-25883,NVD,HIGH,7.5,"Versions of the package semver before 7.5.2 are vulnerable to Regular Expression Denial of Service (ReDoS) via the function new Range, when untrusted user data is provided as a range."
FACEBOOK-React.cdx,CVE-2022-25883,NVD,HIGH,7.5,"Versions of the package semver before 7.5.2 are vulnerable to Regular Expression Denial of Service (ReDoS) via the function new Range, when untrusted user data is provided as a range."
FACEBOOK-React.cdx,CVE-2022-25883,NVD,HIGH,7.5,"Versions of the package semver before 7.5.2 are vulnerable to Regular Expression Denial of Service (ReDoS) via the function new Range, when untrusted user data is provided as a range."
FACEBOOK-React.cdx,CVE-2022-25883,NVD,HIGH,7.5,"Versions of the package semver before 7.5.2 are vulnerable to Regular Expression Denial of Service (ReDoS) via the function new Range, when untrusted user data is provided as a range."
FACEBOOK-React.cdx,CVE-2022-25883,NVD,HIGH,7.5,"Versions of the package semver before 7.5.2 are vulnerable to Regular Expression Denial of Service (ReDoS) via the function new Range, when untrusted user data is provided as a range."
FACEBOOK-React.cdx,CVE-2022-25883,NVD,HIGH,7.5,"Versions of the package semver before 7.5.2 are vulnerable to Regular Expression Denial of Service (ReDoS) via the function new Range, when untrusted user data is provided as a range."
FACEBOOK-React.cdx,CVE-2022-25883,NVD,HIGH,7.5,"Versions of the package semver before 7.5.2 are vulnerable to Regular Expression Denial of Service (ReDoS) via the function new Range, when untrusted user data is provided as a range."
FACEBOOK-React.cdx,CVE-2022-25883,NVD,HIGH,7.5,"Versions of the package semver before 7.5.2 are vulnerable to Regular Expression Denial of Service (ReDoS) via the function new Range, when untrusted user data is provided as a range."
FACEBOOK-React.cdx,CVE-2022-25883,NVD,HIGH,7.5,"Versions of the package semver before 7.5.2 are vulnerable to Regular Expression Denial of Service (ReDoS) via the function new Range, when untrusted user data is provided as a range."
FACEBOOK-React.cdx,CVE-2022-25883,NVD,HIGH,7.5,"Versions of the package semver before 7.5.2 are vulnerable to Regular Expression Denial of Service (ReDoS) via the function new Range, when untrusted user data is provided as a range."
FACEBOOK-React.cdx,CVE-2022-25883,NVD,HIGH,7.5,"Versions of the package semver before 7.5.2 are vulnerable to Regular Expression Denial of Service (ReDoS) via the function new Range, when untrusted user data is provided as a range."
FACEBOOK-React.cdx,CVE-2022-25883,NVD,HIGH,7.5,"Versions of the package semver before 7.5.2 are vulnerable to Regular Expression Denial of Service (ReDoS) via the function new Range, when untrusted user data is provided as a range."
FACEBOOK-React.cdx,CVE-2021-43307,NVD,HIGH,7.5,"An exponential ReDoS (Regular Expression Denial of Service) can be triggered in the semver-regex npm package, when an attacker is able to supply arbitrary input to the test() method"
FACEBOOK-React.cdx,CVE-2021-3795,NVD,HIGH,7.5,semver-regex is vulnerable to Inefficient Regular Expression Complexity
FACEBOOK-React.cdx,CVE-2024-43799,NVD,MEDIUM,4.7,Send is a library for streaming files from the file system as a http response. Send passes untrusted user input to SendStream.redirect() which executes untrusted code. This issue is patched in send 0.
FACEBOOK-React.cdx,CVE-2024-43799,NVD,MEDIUM,4.7,Send is a library for streaming files from the file system as a http response. Send passes untrusted user input to SendStream.redirect() which executes untrusted code. This issue is patched in send 0.
FACEBOOK-React.cdx,CVE-2024-43799,NVD,MEDIUM,4.7,Send is a library for streaming files from the file system as a http response. Send passes untrusted user input to SendStream.redirect() which executes untrusted code. This issue is patched in send 0.
FACEBOOK-React.cdx,CVE-2024-43799,NVD,MEDIUM,4.7,Send is a library for streaming files from the file system as a http response. Send passes untrusted user input to SendStream.redirect() which executes untrusted code. This issue is patched in send 0.
FACEBOOK-React.cdx,CVE-2024-43799,NVD,MEDIUM,4.7,Send is a library for streaming files from the file system as a http response. Send passes untrusted user input to SendStream.redirect() which executes untrusted code. This issue is patched in send 0.
FACEBOOK-React.cdx,CVE-2024-43799,NVD,MEDIUM,4.7,Send is a library for streaming files from the file system as a http response. Send passes untrusted user input to SendStream.redirect() which executes untrusted code. This issue is patched in send 0.
FACEBOOK-React.cdx,CVE-2024-43799,NVD,MEDIUM,4.7,Send is a library for streaming files from the file system as a http response. Send passes untrusted user input to SendStream.redirect() which executes untrusted code. This issue is patched in send 0.
FACEBOOK-React.cdx,CVE-2021-42740,NVD,CRITICAL,9.8,The shell-quote package before 1.7.3 for Node.js allows command injection. An attacker can inject unescaped shell metacharacters through a regex designed to support Windows drive letters. If the outpu
FACEBOOK-React.cdx,CVE-2021-42740,NVD,CRITICAL,9.8,The shell-quote package before 1.7.3 for Node.js allows command injection. An attacker can inject unescaped shell metacharacters through a regex designed to support Windows drive letters. If the outpu
FACEBOOK-React.cdx,CVE-2026-28292,NVD,CRITICAL,9.8,"`simple-git`, an interface for running git commands in any node.js application, has an issue in versions 3.15.0 through 3.32.2 that allows an attacker to bypass two prior CVE fixes (CVE-2022-25860 and"
FACEBOOK-React.cdx,CVE-2020-7693,NVD,MEDIUM,5.3,Incorrect handling of Upgrade header with the value websocket leads in crashing of containers hosting sockjs apps. This affects the package sockjs before 0.3.20.
FACEBOOK-React.cdx,CVE-2020-7693,NVD,MEDIUM,5.3,Incorrect handling of Upgrade header with the value websocket leads in crashing of containers hosting sockjs apps. This affects the package sockjs before 0.3.20.
FACEBOOK-React.cdx,CVE-2018-3737,NVD,HIGH,7.5,sshpk is vulnerable to ReDoS when parsing crafted invalid public keys.
FACEBOOK-React.cdx,CVE-2018-3737,NVD,HIGH,7.5,sshpk is vulnerable to ReDoS when parsing crafted invalid public keys.
FACEBOOK-React.cdx,CVE-2018-3737,NVD,HIGH,7.5,sshpk is vulnerable to ReDoS when parsing crafted invalid public keys.
FACEBOOK-React.cdx,CVE-2026-29074,NVD,HIGH,7.5,"SVGO, short for SVG Optimizer, is a Node.js library and command-line application for optimizing SVG files. From version 2.1.0 to before version 2.8.1, from version 3.0.0 to before version 3.3.3, and b"
FACEBOOK-React.cdx,CVE-2021-32804,NVD,HIGH,8.1,"The npm package ""tar"" (aka node-tar) before versions 6.1.1, 5.0.6, 4.4.14, and 3.3.2 has a arbitrary File Creation/Overwrite vulnerability due to insufficient absolute path sanitization. node-tar aims"
FACEBOOK-React.cdx,CVE-2021-32803,NVD,HIGH,8.1,"The npm package ""tar"" (aka node-tar) before versions 6.1.2, 5.0.7, 4.4.15, and 3.2.3 has an arbitrary File Creation/Overwrite vulnerability via insufficient symlink protection. `node-tar` aims to guar"
FACEBOOK-React.cdx,CVE-2021-32804,NVD,HIGH,8.1,"The npm package ""tar"" (aka node-tar) before versions 6.1.1, 5.0.6, 4.4.14, and 3.3.2 has a arbitrary File Creation/Overwrite vulnerability due to insufficient absolute path sanitization. node-tar aims"
FACEBOOK-React.cdx,CVE-2021-32803,NVD,HIGH,8.1,"The npm package ""tar"" (aka node-tar) before versions 6.1.2, 5.0.7, 4.4.15, and 3.2.3 has an arbitrary File Creation/Overwrite vulnerability via insufficient symlink protection. `node-tar` aims to guar"
FACEBOOK-React.cdx,CVE-2022-25858,NVD,HIGH,7.5,"The package terser before 4.8.1, from 5.0.0 and before 5.14.2 are vulnerable to Regular Expression Denial of Service (ReDoS) due to insecure usage of regular expressions."
FACEBOOK-React.cdx,CVE-2021-3777,NVD,HIGH,7.5,nodejs-tmpl is vulnerable to Inefficient Regular Expression Complexity
FACEBOOK-React.cdx,CVE-2023-26136,NVD,CRITICAL,9.8,Versions of the package tough-cookie before 4.1.3 are vulnerable to Prototype Pollution due to improper handling of Cookies when using CookieJar in rejectPublicSuffixes=false mode. This issue arises f
FACEBOOK-React.cdx,CVE-2023-26136,NVD,CRITICAL,9.8,Versions of the package tough-cookie before 4.1.3 are vulnerable to Prototype Pollution due to improper handling of Cookies when using CookieJar in rejectPublicSuffixes=false mode. This issue arises f
FACEBOOK-React.cdx,CVE-2017-15010,NVD,HIGH,7.5,A ReDoS (regular expression denial of service) flaw was found in the tough-cookie module before 2.3.3 for Node.js. An attacker that is able to make an HTTP request using a specially crafted cookie may
FACEBOOK-React.cdx,CVE-2023-26136,NVD,CRITICAL,9.8,Versions of the package tough-cookie before 4.1.3 are vulnerable to Prototype Pollution due to improper handling of Cookies when using CookieJar in rejectPublicSuffixes=false mode. This issue arises f
FACEBOOK-React.cdx,CVE-2023-26136,NVD,CRITICAL,9.8,Versions of the package tough-cookie before 4.1.3 are vulnerable to Prototype Pollution due to improper handling of Cookies when using CookieJar in rejectPublicSuffixes=false mode. This issue arises f
FACEBOOK-React.cdx,CVE-2021-33623,NVD,HIGH,7.5,The trim-newlines package before 3.0.1 and 4.x before 4.0.1 for Node.js has an issue related to regular expression denial-of-service (ReDoS) for the .end() method.
FACEBOOK-React.cdx,CVE-2020-7793,NVD,HIGH,7.5,The package ua-parser-js before 0.7.23 are vulnerable to Regular Expression Denial of Service (ReDoS) in multiple regexes (see linked commit for more info).
FACEBOOK-React.cdx,CVE-2020-7733,NVD,HIGH,7.5,The package ua-parser-js before 0.7.22 are vulnerable to Regular Expression Denial of Service (ReDoS) via the regex for Redmi Phones and Mi Pad Tablets UA.
FACEBOOK-React.cdx,CVE-2020-7793,NVD,HIGH,7.5,The package ua-parser-js before 0.7.23 are vulnerable to Regular Expression Denial of Service (ReDoS) in multiple regexes (see linked commit for more info).
FACEBOOK-React.cdx,CVE-2021-27292,NVD,HIGH,7.5,"ua-parser-js >= 0.7.14, fixed in 0.7.24, uses a regular expression which is vulnerable to denial of service. If an attacker sends a malicious User-Agent header, ua-parser-js will get stuck processing "
FACEBOOK-React.cdx,CVE-2020-7733,NVD,HIGH,7.5,The package ua-parser-js before 0.7.22 are vulnerable to Regular Expression Denial of Service (ReDoS) via the regex for Redmi Phones and Mi Pad Tablets UA.
FACEBOOK-React.cdx,CVE-2020-7793,NVD,HIGH,7.5,The package ua-parser-js before 0.7.23 are vulnerable to Regular Expression Denial of Service (ReDoS) in multiple regexes (see linked commit for more info).
FACEBOOK-React.cdx,CVE-2021-27292,NVD,HIGH,7.5,"ua-parser-js >= 0.7.14, fixed in 0.7.24, uses a regular expression which is vulnerable to denial of service. If an attacker sends a malicious User-Agent header, ua-parser-js will get stuck processing "
FACEBOOK-React.cdx,CVE-2020-7793,NVD,HIGH,7.5,The package ua-parser-js before 0.7.23 are vulnerable to Regular Expression Denial of Service (ReDoS) in multiple regexes (see linked commit for more info).
FACEBOOK-React.cdx,CVE-2021-27292,NVD,HIGH,7.5,"ua-parser-js >= 0.7.14, fixed in 0.7.24, uses a regular expression which is vulnerable to denial of service. If an attacker sends a malicious User-Agent header, ua-parser-js will get stuck processing "
FACEBOOK-React.cdx,CVE-2020-7733,NVD,HIGH,7.5,The package ua-parser-js before 0.7.22 are vulnerable to Regular Expression Denial of Service (ReDoS) via the regex for Redmi Phones and Mi Pad Tablets UA.
FACEBOOK-React.cdx,CVE-2020-7793,NVD,HIGH,7.5,The package ua-parser-js before 0.7.23 are vulnerable to Regular Expression Denial of Service (ReDoS) in multiple regexes (see linked commit for more info).
FACEBOOK-React.cdx,CVE-2021-27292,NVD,HIGH,7.5,"ua-parser-js >= 0.7.14, fixed in 0.7.24, uses a regular expression which is vulnerable to denial of service. If an attacker sends a malicious User-Agent header, ua-parser-js will get stuck processing "
FACEBOOK-React.cdx,CVE-2020-7733,NVD,HIGH,7.5,The package ua-parser-js before 0.7.22 are vulnerable to Regular Expression Denial of Service (ReDoS) via the regex for Redmi Phones and Mi Pad Tablets UA.
FACEBOOK-React.cdx,CVE-2026-27601,NVD,HIGH,7.5,"Underscore.js is a utility-belt library for JavaScript. Prior to 1.13.8, the _.flatten and _.isEqual functions use recursion without a depth limit. Under very specific conditions, detailed below, an a"
FACEBOOK-React.cdx,CVE-2026-1527,NVD,MEDIUM,4.6,"ImpactWhen an application passes user-controlled input to the upgrade option of client.request(), an attacker can inject CRLF sequences (\r\n) to:

  *  Inject arbitrary HTTP headers
  *  Terminate th"
FACEBOOK-React.cdx,CVE-2026-1528,NVD,HIGH,7.5,"ImpactA server can reply with a WebSocket frame using the 64-bit length form and an extremely large length. undici's ByteParser overflows internal math, ends up in an invalid state, and throws a fatal"
FACEBOOK-React.cdx,CVE-2026-2229,NVD,HIGH,7.5,ImpactThe undici WebSocket client is vulnerable to a denial-of-service attack due to improper validation of the server_max_window_bits parameter in the permessage-deflate extension. When a WebSocket c
FACEBOOK-React.cdx,CVE-2026-1526,NVD,HIGH,7.5,The undici WebSocket client is vulnerable to a denial-of-service attack via unbounded memory consumption during permessage-deflate decompression. When a WebSocket connection negotiates the permessage-
FACEBOOK-React.cdx,CVE-2026-1525,NVD,CRITICAL,9.8,"Undici allows duplicate HTTP Content-Length headers when they are provided in an array with case-variant names (e.g., Content-Length and content-length). This produces malformed HTTP/1.1 requests with"
FACEBOOK-React.cdx,CVE-2023-45143,NVD,LOW,3.5,"Undici is an HTTP/1.1 client written from scratch for Node.js. Prior to version 5.26.2, Undici already cleared Authorization headers on cross-origin redirects, but did not clear `Cookie` headers. By d"
FACEBOOK-React.cdx,CVE-2024-30261,NVD,LOW,3.5,"Undici is an HTTP/1.1 client, written from scratch for Node.js. An attacker can alter the `integrity` option passed to `fetch()`, allowing `fetch()` to accept requests as valid even if they have been "
FACEBOOK-React.cdx,CVE-2024-30260,NVD,MEDIUM,4.3,"Undici is an HTTP/1.1 client, written from scratch for Node.js. Undici cleared Authorization and Proxy-Authorization headers for `fetch()`, but did not clear them for `undici.request()`. This vulnerab"
FACEBOOK-React.cdx,CVE-2024-24758,NVD,MEDIUM,4.5,"Undici is an HTTP/1.1 client, written from scratch for Node.js. Undici already cleared Authorization headers on cross-origin redirects, but did not clear `Proxy-Authentication` headers. This issue has"
FACEBOOK-React.cdx,CVE-2026-1527,NVD,MEDIUM,4.6,"ImpactWhen an application passes user-controlled input to the upgrade option of client.request(), an attacker can inject CRLF sequences (\r\n) to:

  *  Inject arbitrary HTTP headers
  *  Terminate th"
FACEBOOK-React.cdx,CVE-2026-1528,NVD,HIGH,7.5,"ImpactA server can reply with a WebSocket frame using the 64-bit length form and an extremely large length. undici's ByteParser overflows internal math, ends up in an invalid state, and throws a fatal"
FACEBOOK-React.cdx,CVE-2026-2229,NVD,HIGH,7.5,ImpactThe undici WebSocket client is vulnerable to a denial-of-service attack due to improper validation of the server_max_window_bits parameter in the permessage-deflate extension. When a WebSocket c
FACEBOOK-React.cdx,CVE-2026-1526,NVD,HIGH,7.5,The undici WebSocket client is vulnerable to a denial-of-service attack via unbounded memory consumption during permessage-deflate decompression. When a WebSocket connection negotiates the permessage-
FACEBOOK-React.cdx,CVE-2026-22036,NVD,HIGH,7.5,"Undici is an HTTP/1.1 client for Node.js. Prior to 7.18.0 and 6.23.0, the number of links in the decompression chain is unbounded and the default maxHeaderSize allows a malicious server to insert thou"
FACEBOOK-React.cdx,CVE-2026-1525,NVD,CRITICAL,9.8,"Undici allows duplicate HTTP Content-Length headers when they are provided in an array with case-variant names (e.g., Content-Length and content-length). This produces malformed HTTP/1.1 requests with"
FACEBOOK-React.cdx,CVE-2026-1527,NVD,MEDIUM,4.6,"ImpactWhen an application passes user-controlled input to the upgrade option of client.request(), an attacker can inject CRLF sequences (\r\n) to:

  *  Inject arbitrary HTTP headers
  *  Terminate th"
FACEBOOK-React.cdx,CVE-2026-1528,NVD,HIGH,7.5,"ImpactA server can reply with a WebSocket frame using the 64-bit length form and an extremely large length. undici's ByteParser overflows internal math, ends up in an invalid state, and throws a fatal"
FACEBOOK-React.cdx,CVE-2026-2229,NVD,HIGH,7.5,ImpactThe undici WebSocket client is vulnerable to a denial-of-service attack due to improper validation of the server_max_window_bits parameter in the permessage-deflate extension. When a WebSocket c
FACEBOOK-React.cdx,CVE-2026-1526,NVD,HIGH,7.5,The undici WebSocket client is vulnerable to a denial-of-service attack via unbounded memory consumption during permessage-deflate decompression. When a WebSocket connection negotiates the permessage-
FACEBOOK-React.cdx,CVE-2026-22036,NVD,HIGH,7.5,"Undici is an HTTP/1.1 client for Node.js. Prior to 7.18.0 and 6.23.0, the number of links in the decompression chain is unbounded and the default maxHeaderSize allows a malicious server to insert thou"
FACEBOOK-React.cdx,CVE-2026-1525,NVD,CRITICAL,9.8,"Undici allows duplicate HTTP Content-Length headers when they are provided in an array with case-variant names (e.g., Content-Length and content-length). This produces malformed HTTP/1.1 requests with"
FACEBOOK-React.cdx,CVE-2021-27515,NVD,MEDIUM,5.3,url-parse before 1.5.0 mishandles certain uses of backslash such as http:\/ and interprets the URI as a relative path.
FACEBOOK-React.cdx,CVE-2020-8124,NVD,MEDIUM,5.3,Insufficient validation and sanitization of user input exists in url-parse npm package version 1.4.4 and earlier may allow attacker to bypass security checks.
FACEBOOK-React.cdx,CVE-2021-3664,NVD,MEDIUM,5.3,url-parse is vulnerable to URL Redirection to Untrusted Site
FACEBOOK-React.cdx,CVE-2022-0512,NVD,MEDIUM,5.3,Authorization Bypass Through User-Controlled Key in NPM url-parse prior to 1.5.6.
FACEBOOK-React.cdx,CVE-2022-0639,NVD,MEDIUM,5.3,Authorization Bypass Through User-Controlled Key in NPM url-parse prior to 1.5.7.
FACEBOOK-React.cdx,CVE-2022-0686,NVD,CRITICAL,9.1,Authorization Bypass Through User-Controlled Key in NPM url-parse prior to 1.5.8.
FACEBOOK-React.cdx,CVE-2022-0691,NVD,CRITICAL,9.8,Authorization Bypass Through User-Controlled Key in NPM url-parse prior to 1.5.9.
FACEBOOK-React.cdx,CVE-2021-3664,NVD,MEDIUM,5.3,url-parse is vulnerable to URL Redirection to Untrusted Site
FACEBOOK-React.cdx,CVE-2022-0512,NVD,MEDIUM,5.3,Authorization Bypass Through User-Controlled Key in NPM url-parse prior to 1.5.6.
FACEBOOK-React.cdx,CVE-2022-0639,NVD,MEDIUM,5.3,Authorization Bypass Through User-Controlled Key in NPM url-parse prior to 1.5.7.
FACEBOOK-React.cdx,CVE-2022-0686,NVD,CRITICAL,9.1,Authorization Bypass Through User-Controlled Key in NPM url-parse prior to 1.5.8.
FACEBOOK-React.cdx,CVE-2022-0691,NVD,CRITICAL,9.8,Authorization Bypass Through User-Controlled Key in NPM url-parse prior to 1.5.9.
FACEBOOK-React.cdx,CVE-2021-27515,NVD,MEDIUM,5.3,url-parse before 1.5.0 mishandles certain uses of backslash such as http:\/ and interprets the URI as a relative path.
FACEBOOK-React.cdx,CVE-2020-8124,NVD,MEDIUM,5.3,Insufficient validation and sanitization of user input exists in url-parse npm package version 1.4.4 and earlier may allow attacker to bypass security checks.
FACEBOOK-React.cdx,CVE-2021-3664,NVD,MEDIUM,5.3,url-parse is vulnerable to URL Redirection to Untrusted Site
FACEBOOK-React.cdx,CVE-2022-0512,NVD,MEDIUM,5.3,Authorization Bypass Through User-Controlled Key in NPM url-parse prior to 1.5.6.
FACEBOOK-React.cdx,CVE-2022-0639,NVD,MEDIUM,5.3,Authorization Bypass Through User-Controlled Key in NPM url-parse prior to 1.5.7.
FACEBOOK-React.cdx,CVE-2022-0686,NVD,CRITICAL,9.1,Authorization Bypass Through User-Controlled Key in NPM url-parse prior to 1.5.8.
FACEBOOK-React.cdx,CVE-2022-0691,NVD,CRITICAL,9.8,Authorization Bypass Through User-Controlled Key in NPM url-parse prior to 1.5.9.
FACEBOOK-React.cdx,CVE-2021-27515,NVD,MEDIUM,5.3,url-parse before 1.5.0 mishandles certain uses of backslash such as http:\/ and interprets the URI as a relative path.
FACEBOOK-React.cdx,CVE-2020-8124,NVD,MEDIUM,5.3,Insufficient validation and sanitization of user input exists in url-parse npm package version 1.4.4 and earlier may allow attacker to bypass security checks.
FACEBOOK-React.cdx,CVE-2021-3664,NVD,MEDIUM,5.3,url-parse is vulnerable to URL Redirection to Untrusted Site
FACEBOOK-React.cdx,CVE-2022-0512,NVD,MEDIUM,5.3,Authorization Bypass Through User-Controlled Key in NPM url-parse prior to 1.5.6.
FACEBOOK-React.cdx,CVE-2022-0639,NVD,MEDIUM,5.3,Authorization Bypass Through User-Controlled Key in NPM url-parse prior to 1.5.7.
FACEBOOK-React.cdx,CVE-2022-0686,NVD,CRITICAL,9.1,Authorization Bypass Through User-Controlled Key in NPM url-parse prior to 1.5.8.
FACEBOOK-React.cdx,CVE-2022-0691,NVD,CRITICAL,9.8,Authorization Bypass Through User-Controlled Key in NPM url-parse prior to 1.5.9.
FACEBOOK-React.cdx,CVE-2021-27515,NVD,MEDIUM,5.3,url-parse before 1.5.0 mishandles certain uses of backslash such as http:\/ and interprets the URI as a relative path.
FACEBOOK-React.cdx,CVE-2020-8124,NVD,MEDIUM,5.3,Insufficient validation and sanitization of user input exists in url-parse npm package version 1.4.4 and earlier may allow attacker to bypass security checks.
FACEBOOK-React.cdx,CVE-2021-3664,NVD,MEDIUM,5.3,url-parse is vulnerable to URL Redirection to Untrusted Site
FACEBOOK-React.cdx,CVE-2022-0512,NVD,MEDIUM,5.3,Authorization Bypass Through User-Controlled Key in NPM url-parse prior to 1.5.6.
FACEBOOK-React.cdx,CVE-2022-0639,NVD,MEDIUM,5.3,Authorization Bypass Through User-Controlled Key in NPM url-parse prior to 1.5.7.
FACEBOOK-React.cdx,CVE-2022-0686,NVD,CRITICAL,9.1,Authorization Bypass Through User-Controlled Key in NPM url-parse prior to 1.5.8.
FACEBOOK-React.cdx,CVE-2022-0691,NVD,CRITICAL,9.8,Authorization Bypass Through User-Controlled Key in NPM url-parse prior to 1.5.9.
FACEBOOK-React.cdx,CVE-2025-68157,NVD,LOW,3.7,"Webpack is a module bundler. From version 5.49.0 to before 5.104.0, when experiments.buildHttp is enabled, webpack’s HTTP(S) resolver (HttpUriPlugin) enforces allowedUris only for the initial URL, but"
FACEBOOK-React.cdx,CVE-2025-68458,NVD,LOW,3.7,"Webpack is a module bundler. From version 5.49.0 to before 5.104.1, when experiments.buildHttp is enabled, webpack’s HTTP(S) resolver (HttpUriPlugin) can be bypassed to fetch resources from hosts outs"
FACEBOOK-React.cdx,CVE-2024-43788,NVD,MEDIUM,6.1,"Webpack is a module bundler. Its main purpose is to bundle JavaScript files for usage in a browser, yet it is also capable of transforming, bundling, or packaging just about any resource or asset. The"
FACEBOOK-React.cdx,CVE-2024-43788,NVD,MEDIUM,6.1,"Webpack is a module bundler. Its main purpose is to bundle JavaScript files for usage in a browser, yet it is also capable of transforming, bundling, or packaging just about any resource or asset. The"
FACEBOOK-React.cdx,CVE-2024-43788,NVD,MEDIUM,6.1,"Webpack is a module bundler. Its main purpose is to bundle JavaScript files for usage in a browser, yet it is also capable of transforming, bundling, or packaging just about any resource or asset. The"
FACEBOOK-React.cdx,CVE-2024-43788,NVD,MEDIUM,6.1,"Webpack is a module bundler. Its main purpose is to bundle JavaScript files for usage in a browser, yet it is also capable of transforming, bundling, or packaging just about any resource or asset. The"
FACEBOOK-React.cdx,CVE-2024-43788,NVD,MEDIUM,6.1,"Webpack is a module bundler. Its main purpose is to bundle JavaScript files for usage in a browser, yet it is also capable of transforming, bundling, or packaging just about any resource or asset. The"
FACEBOOK-React.cdx,CVE-2024-43788,NVD,MEDIUM,6.1,"Webpack is a module bundler. Its main purpose is to bundle JavaScript files for usage in a browser, yet it is also capable of transforming, bundling, or packaging just about any resource or asset. The"
FACEBOOK-React.cdx,CVE-2025-68157,NVD,LOW,3.7,"Webpack is a module bundler. From version 5.49.0 to before 5.104.0, when experiments.buildHttp is enabled, webpack’s HTTP(S) resolver (HttpUriPlugin) enforces allowedUris only for the initial URL, but"
FACEBOOK-React.cdx,CVE-2025-68458,NVD,LOW,3.7,"Webpack is a module bundler. From version 5.49.0 to before 5.104.1, when experiments.buildHttp is enabled, webpack’s HTTP(S) resolver (HttpUriPlugin) can be bypassed to fetch resources from hosts outs"
FACEBOOK-React.cdx,CVE-2025-68157,NVD,LOW,3.7,"Webpack is a module bundler. From version 5.49.0 to before 5.104.0, when experiments.buildHttp is enabled, webpack’s HTTP(S) resolver (HttpUriPlugin) enforces allowedUris only for the initial URL, but"
FACEBOOK-React.cdx,CVE-2025-68458,NVD,LOW,3.7,"Webpack is a module bundler. From version 5.49.0 to before 5.104.1, when experiments.buildHttp is enabled, webpack’s HTTP(S) resolver (HttpUriPlugin) can be bypassed to fetch resources from hosts outs"
FACEBOOK-React.cdx,CVE-2024-43788,NVD,MEDIUM,6.1,"Webpack is a module bundler. Its main purpose is to bundle JavaScript files for usage in a browser, yet it is also capable of transforming, bundling, or packaging just about any resource or asset. The"
FACEBOOK-React.cdx,CVE-2020-7662,NVD,HIGH,7.5,websocket-extensions npm module prior to 0.1.4 allows Denial of Service (DoS) via Regex Backtracking. The extension parser may take quadratic time when parsing a header containing an unclosed string p
FACEBOOK-React.cdx,CVE-2020-7662,NVD,HIGH,7.5,websocket-extensions npm module prior to 0.1.4 allows Denial of Service (DoS) via Regex Backtracking. The extension parser may take quadratic time when parsing a header containing an unclosed string p
FACEBOOK-React.cdx,CVE-2023-26115,NVD,HIGH,7.5,All versions of the package word-wrap are vulnerable to Regular Expression Denial of Service (ReDoS) due to the usage of an insecure regular expression within the result variable.
FACEBOOK-React.cdx,CVE-2020-7774,NVD,CRITICAL,9.8,"The package y18n before 3.2.2, 4.0.1 and 5.0.5, is vulnerable to Prototype Pollution."
FACEBOOK-React.cdx,CVE-2020-7774,NVD,CRITICAL,9.8,"The package y18n before 3.2.2, 4.0.1 and 5.0.5, is vulnerable to Prototype Pollution."
FACEBOOK-React.cdx,CVE-2020-7608,NVD,MEDIUM,5.3,"yargs-parser could be tricked into adding or modifying properties of Object.prototype using a ""__proto__"" payload."
FACEBOOK-React.cdx,CVE-2020-7608,NVD,MEDIUM,5.3,"yargs-parser could be tricked into adding or modifying properties of Object.prototype using a ""__proto__"" payload."
FACEBOOK-React.cdx,CVE-2020-7608,NVD,MEDIUM,5.3,"yargs-parser could be tricked into adding or modifying properties of Object.prototype using a ""__proto__"" payload."
FACEBOOK-React_Native.cdx,CVE-2025-13465,NVD,MEDIUM,5.3,Lodash versions 4.0.0 through 4.17.22 are vulnerable to prototype pollution in the _.unset and _.omit functions. An attacker can pass crafted paths which cause Lodash to delete methods from global pro
FACEBOOK-React_Native.cdx,CVE-2025-7969,NVD,MEDIUM,6.1,Improper Neutralization of Input During Web Page Generation (XSS or 'Cross-site Scripting') vulnerability in markdown-it allows Cross-Site Scripting (XSS). This vulnerability is associated with progra
FACEBOOK-React_Native.cdx,CVE-2026-2327,NVD,MEDIUM,7.5,Versions of the package markdown-it from 13.0.0 and before 14.1.1 are vulnerable to Regular Expression Denial of Service (ReDoS) due to the use of the regex /\*+$/ in the linkify function. An attacker
FACEBOOK-React_Native.cdx,CVE-2025-15284,NVD,MEDIUM,3.7,"Improper Input Validation vulnerability in qs (parse modules) allows HTTP DoS.This issue affects qs: < 6.14.1.


Summary

The arrayLimit option in qs did not enforce limits for bracket notation (a[]=1"
FACEBOOK-React_Native.cdx,CVE-2026-2391,NVD,MEDIUM,7.5,"### Summary
The `arrayLimit` option in qs does not enforce limits for comma-separated values when `comma: true` is enabled, allowing attackers to cause denial-of-service via memory exhaustion. This is"
FACEBOOK-React_Native.cdx,CVE-2024-39908,NVD,MEDIUM,4.3," REXML is an XML toolkit for Ruby. The REXML gem before 3.3.1 has some DoS vulnerabilities when it parses an XML that has many specific characters such as `<`, `0` and `%>`. If you need to parse untru"
FACEBOOK-React_Native.cdx,CVE-2024-35176,NVD,MEDIUM,5.3, REXML is an XML toolkit for Ruby. The REXML gem before 3.2.6 has a denial of service vulnerability when it parses an XML that has many `<`s in an attribute value. Those who need to parse untrusted XM
FACEBOOK-React_Native.cdx,CVE-2024-43398,NVD,MEDIUM,5.9,REXML is an XML toolkit for Ruby. The REXML gem before 3.3.6 has a DoS vulnerability when it parses an XML that has many deep elements that have same local name attributes. If you need to parse untrus
FACEBOOK-React_Native.cdx,CVE-2024-49761,NVD,MEDIUM,7.5,REXML is an XML toolkit for Ruby. The REXML gem before 3.3.9 has a ReDoS vulnerability when it parses an XML that has many digits between &# and x...; in a hex numeric character reference (&#x...;). T
FACEBOOK-React_Native.cdx,CVE-2024-41946,NVD,HIGH,7.5,REXML is an XML toolkit for Ruby. The REXML gem 3.3.2 has a DoS vulnerability when it parses an XML that has many entity expansions with SAX2 or pull parser API. The REXML gem 3.3.3 or later include t
FACEBOOK-React_Native.cdx,CVE-2024-41123,NVD,HIGH,7.5,"REXML is an XML toolkit for Ruby. The REXML gem before 3.3.2 has some DoS vulnerabilities when it parses an XML that has many specific characters such as whitespace character, `>]` and `]>`. The REXML"
FACEBOOK-React_Native.cdx,CVE-2025-58767,NVD,LOW,5.3,"REXML is an XML toolkit for Ruby. The REXML gems from 3.3.3 to 3.4.1 has a DoS vulnerability when parsing XML containing multiple XML declarations. If you need to parse untrusted XMLs, you may be impa"
FACEBOOK-React_Native.cdx,CVE-2026-1527,NVD,MEDIUM,4.6,"ImpactWhen an application passes user-controlled input to the upgrade option of client.request(), an attacker can inject CRLF sequences (\r\n) to:

  *  Inject arbitrary HTTP headers
  *  Terminate th"
FACEBOOK-React_Native.cdx,CVE-2026-1528,NVD,HIGH,7.5,"ImpactA server can reply with a WebSocket frame using the 64-bit length form and an extremely large length. undici's ByteParser overflows internal math, ends up in an invalid state, and throws a fatal"
FACEBOOK-React_Native.cdx,CVE-2026-2229,NVD,HIGH,7.5,ImpactThe undici WebSocket client is vulnerable to a denial-of-service attack due to improper validation of the server_max_window_bits parameter in the permessage-deflate extension. When a WebSocket c
FACEBOOK-React_Native.cdx,CVE-2026-1526,NVD,HIGH,7.5,The undici WebSocket client is vulnerable to a denial-of-service attack via unbounded memory consumption during permessage-deflate decompression. When a WebSocket connection negotiates the permessage-
FACEBOOK-React_Native.cdx,CVE-2026-1525,NVD,CRITICAL,9.8,"Undici allows duplicate HTTP Content-Length headers when they are provided in an array with case-variant names (e.g., Content-Length and content-length). This produces malformed HTTP/1.1 requests with"
FORMSPREE-Formspree.cdx,CVE-2021-23727,NVD,HIGH,7.5,"This affects the package celery before 5.2.2. It by default trusts the messages and metadata stored in backends (result stores). When reading task metadata from the backend, the data is deserialized. "
FORMSPREE-Formspree.cdx,CVE-2022-23491,NVD,HIGH,7.5,Certifi is a curated collection of Root Certificates for validating the trustworthiness of SSL certificates while verifying the identity of TLS hosts. Certifi 2022.12.07 removes root certificates from
FORMSPREE-Formspree.cdx,CVE-2023-37920,NVD,CRITICAL,9.8,"Certifi is a curated collection of Root Certificates for validating the trustworthiness of SSL certificates while verifying the identity of TLS hosts. Certifi prior to version 2023.07.22 recognizes ""e"
FORMSPREE-Formspree.cdx,CVE-2020-27783,NVD,MEDIUM,6.1,"A XSS vulnerability was discovered in python-lxml's clean module. The module's parser didn't properly imitate browsers, which caused different behaviors between the sanitizer and the user's page. A re"
FORMSPREE-Formspree.cdx,CVE-2021-28957,NVD,MEDIUM,6.1,"An XSS vulnerability was discovered in python-lxml's clean module versions before 4.6.3. When disabling the safe_attrs_only and forms arguments, the Cleaner class does not remove the formaction attrib"
FORMSPREE-Formspree.cdx,CVE-2022-2309,NVD,HIGH,7.5,NULL Pointer Dereference allows attackers to cause a denial of service (or application crash). This only applies when lxml is used together with libxml2 2.9.10 through 2.9.14. libxml2 2.9.9 and earlie
FORMSPREE-Formspree.cdx,CVE-2021-43818,NVD,HIGH,7.1,"lxml is a library for processing XML and HTML in the Python language. Prior to version 4.6.5, the HTML Cleaner in lxml.html lets certain crafted script content pass through, as well as script content "
FORMSPREE-Formspree.cdx,CVE-2018-18074,NVD,HIGH,7.5,"The Requests package before 2.20.0 for Python sends an HTTP Authorization header to an http URI upon receiving a same-hostname https-to-http redirect, which makes it easier for remote attackers to dis"
FORMSPREE-Formspree.cdx,CVE-2014-1829,NVD,MEDIUM,,Requests (aka python-requests) before 2.3.0 allows remote servers to obtain a netrc password by reading the Authorization header in a redirected request.
FORMSPREE-Formspree.cdx,CVE-2014-1830,NVD,MEDIUM,,Requests (aka python-requests) before 2.3.0 allows remote servers to obtain sensitive information by reading the Proxy-Authorization header in a redirected request.
FORMSPREE-Formspree.cdx,CVE-2015-2296,NVD,MEDIUM,,The resolve_redirects function in sessions.py in requests 2.1.0 through 2.5.3 allows remote attackers to conduct session fixation attacks via a cookie without a host value in a redirect.
FORMSPREE-Formspree.cdx,CVE-2019-11236,NVD,MEDIUM,6.1,"In the urllib3 library through 1.24.1 for Python, CRLF injection is possible if the attacker controls the request parameter."
FORMSPREE-Formspree.cdx,CVE-2019-11324,NVD,HIGH,7.5,"The urllib3 library before 1.24.2 for Python mishandles certain cases where the desired set of CA certificates is different from the OS store of CA certificates, which results in SSL connections succe"
FORMSPREE-Formspree.cdx,CVE-2020-26137,NVD,MEDIUM,6.5,"urllib3 before 1.25.9 allows CRLF injection if the attacker controls the HTTP request method, as demonstrated by inserting CR and LF control characters in the first argument of putrequest(). NOTE: thi"
FORMSPREE-Formspree.cdx,CVE-2023-45803,NVD,MEDIUM,4.2,"urllib3 is a user-friendly HTTP client library for Python. urllib3 previously wouldn't remove the HTTP request body when an HTTP redirect response using status 301, 302, or 303 after the request had i"
FORMSPREE-Formspree.cdx,CVE-2018-25091,NVD,MEDIUM,6.1,"urllib3 before 1.24.2 does not remove the authorization HTTP header when following a cross-origin redirect (i.e., a redirect that differs in host, port, or scheme). This can allow for credentials in t"
FORMSPREE-Formspree.cdx,CVE-2025-50181,NVD,MEDIUM,6.1,"urllib3 is a user-friendly HTTP client library for Python. Prior to 2.5.0, it is possible to disable redirects for all requests by instantiating a PoolManager and specifying retries in a way that disa"
FORMSPREE-Formspree.cdx,CVE-2024-37891,NVD,MEDIUM,6.5," urllib3 is a user-friendly HTTP client library for Python. When using urllib3's proxy support with `ProxyManager`, the `Proxy-Authorization` header is only sent to the configured proxy, as expected. "
FORMSPREE-Formspree.cdx,CVE-2025-66471,NVD,HIGH,7.5,"urllib3 is a user-friendly HTTP client library for Python. Starting in version 1.0 and prior to 2.6.0, the Streaming API improperly handles highly compressed data. urllib3's streaming API is designed "
FORMSPREE-Formspree.cdx,CVE-2026-21441,NVD,HIGH,7.5,"urllib3 is an HTTP client library for Python. urllib3's streaming API is designed for the efficient handling of large HTTP responses by reading the content in chunks, rather than loading the entire re"
FORMSPREE-Formspree.cdx,CVE-2023-43804,NVD,HIGH,8.1,"urllib3 is a user-friendly HTTP client library for Python. urllib3 doesn't treat the `Cookie` HTTP header special or provide any helpers for managing cookies over HTTP, that is the responsibility of t"
GHOST-Ghost.cdx,CVE-2023-32732,NVD,MEDIUM,5.3,gRPC contains a vulnerability whereby a client can cause a termination of connection between a HTTP2 proxy and a gRPC server: a base64 encoding error for `-bin` suffixed headers will result in a disco
GHOST-Ghost.cdx,CVE-2021-23424,NVD,HIGH,7.5,"This affects all versions of package ansi-html. If an attacker provides a malicious string, it will get stuck processing the input for an extremely long time."
GHOST-Ghost.cdx,CVE-2026-25639,NVD,HIGH,7.5,"Axios is a promise based HTTP client for the browser and Node.js. Prior to versions 0.30.3 and 1.13.5, the mergeConfig function in axios crashes with a TypeError when processing configuration objects "
GHOST-Ghost.cdx,CVE-2023-46234,NVD,HIGH,7.5,"browserify-sign is a package to duplicate the functionality of node's crypto public key functions, much of this is based on Fedor Indutny's work on indutny/tls.js. An upper bound check issue in `dsaVe"
GHOST-Ghost.cdx,CVE-2020-7760,NVD,HIGH,7.5,This affects the package codemirror before 5.58.2; the package org.apache.marmotta.webjars:codemirror before 5.58.2. The vulnerable regular expression is located in https://github.com/codemirror/CodeM
GHOST-Ghost.cdx,CVE-2017-20165,NVD,HIGH,7.5,A vulnerability classified as problematic has been found in debug-js debug up to 3.0.x. This affects the function useColors of the file src/node.js. The manipulation of the argument str leads to ineff
GHOST-Ghost.cdx,CVE-2017-16137,NVD,MEDIUM,5.3,The debug module is vulnerable to regular expression denial of service when untrusted user input is passed into the o formatter. It takes around 50k characters to block for 2 seconds making this a low
GHOST-Ghost.cdx,CVE-2022-38778,NVD,MEDIUM,6.5,"A flaw (CVE-2022-38900) was discovered in one of Kibana’s third party dependencies, that could allow an authenticated user to perform a request that crashes the Kibana server process."
GHOST-Ghost.cdx,CVE-2022-38900,NVD,HIGH,7.5,decode-uri-component 0.2.0 is vulnerable to Improper Input Validation resulting in DoS.
GHOST-Ghost.cdx,CVE-2020-28469,NVD,HIGH,7.5,This affects the package glob-parent before 5.1.2. The enclosure regex used to check for strings ending in enclosure containing path separator.
GHOST-Ghost.cdx,CVE-2017-16042,NVD,CRITICAL,9.8,"Growl adds growl notification support to nodejs. Growl before 1.10.2 does not properly sanitize input before passing it to exec, allowing for arbitrary command execution."
GHOST-Ghost.cdx,CVE-2022-37620,NVD,HIGH,7.5,A Regular Expression Denial of Service (ReDoS) flaw was found in kangax html-minifier 4.0.0 because of the reCustomIgnore regular expression.
GHOST-Ghost.cdx,CVE-2022-46175,NVD,HIGH,8.8,JSON5 is an extension to the popular JSON file format that aims to be easier to write and maintain by hand (e.g. for config files). The `parse` method of the JSON5 library before and including version
GHOST-Ghost.cdx,CVE-2022-23541,NVD,MEDIUM,6.3,jsonwebtoken is an implementation of JSON Web Tokens. Versions `<= 8.5.1` of `jsonwebtoken` library can be misconfigured so that passing a poorly implemented key retrieval function referring to the `s
GHOST-Ghost.cdx,CVE-2022-23540,NVD,HIGH,7.6,"In versions `<=8.5.1` of `jsonwebtoken` library, lack of algorithm definition in the `jwt.verify()` function can lead to signature validation bypass due to defaulting to the `none` algorithm for signa"
GHOST-Ghost.cdx,CVE-2022-23539,NVD,HIGH,8.1,"Versions `<=8.5.1` of `jsonwebtoken` library could be misconfigured so that legacy, insecure key types are used for signature verification. For example, DSA keys could be used with the RS256 algorithm"
GHOST-Ghost.cdx,CVE-2025-13465,NVD,MEDIUM,5.3,Lodash versions 4.0.0 through 4.17.22 are vulnerable to prototype pollution in the _.unset and _.omit functions. An attacker can pass crafted paths which cause Lodash to delete methods from global pro
GHOST-Ghost.cdx,CVE-2022-21670,NVD,MEDIUM,5.3,"markdown-it is a Markdown parser. Prior to version 1.3.2, special patterns with length greater than 50 thousand characterss could slow down the parser significantly. Users should upgrade to version 12"
GHOST-Ghost.cdx,CVE-2025-7969,NVD,MEDIUM,6.1,Improper Neutralization of Input During Web Page Generation (XSS or 'Cross-site Scripting') vulnerability in markdown-it allows Cross-Site Scripting (XSS). This vulnerability is associated with progra
GHOST-Ghost.cdx,CVE-2026-2327,NVD,MEDIUM,7.5,Versions of the package markdown-it from 13.0.0 and before 14.1.1 are vulnerable to Regular Expression Denial of Service (ReDoS) due to the use of the regex /\*+$/ in the linkify function. An attacker
GHOST-Ghost.cdx,CVE-2020-28499,NVD,CRITICAL,9.8,All versions of package merge are vulnerable to Prototype Pollution via _recursiveMerge .
GHOST-Ghost.cdx,CVE-2021-23397,NVD,CRITICAL,9.8,All versions of package @ianwalter/merge are vulnerable to Prototype Pollution via the main (merge) function. Maintainer suggests using @generates/merger instead.
GHOST-Ghost.cdx,CVE-2026-26996,NVD,HIGH,7.5,minimatch is a minimal matching utility for converting glob expressions into JavaScript RegExp objects. Versions 10.2.0 and below are vulnerable to Regular Expression Denial of Service (ReDoS) when a 
GHOST-Ghost.cdx,CVE-2026-27904,NVD,HIGH,7.5,"minimatch is a minimal matching utility for converting glob expressions into JavaScript RegExp objects. Prior to version 10.2.3, 9.0.7, 8.0.6, 7.4.8, 6.2.2, 5.1.8, 4.2.5, and 3.1.4, nested `*()` extgl"
GHOST-Ghost.cdx,CVE-2026-27903,NVD,HIGH,7.5,"minimatch is a minimal matching utility for converting glob expressions into JavaScript RegExp objects. Prior to version 10.2.3, 9.0.7, 8.0.6, 7.4.8, 6.2.2, 5.1.8, 4.2.5, and 3.1.3, `matchOne()` perfo"
GHOST-Ghost.cdx,CVE-2016-10540,NVD,HIGH,7.5,"Minimatch is a minimal matching utility that works by converting glob expressions into JavaScript `RegExp` objects. The primary function, `minimatch(path, pattern)` in Minimatch 3.0.1 and earlier is v"
GHOST-Ghost.cdx,CVE-2026-27904,NVD,HIGH,7.5,"minimatch is a minimal matching utility for converting glob expressions into JavaScript RegExp objects. Prior to version 10.2.3, 9.0.7, 8.0.6, 7.4.8, 6.2.2, 5.1.8, 4.2.5, and 3.1.4, nested `*()` extgl"
GHOST-Ghost.cdx,CVE-2022-3517,NVD,HIGH,7.5,"A vulnerability was found in the minimatch package. This flaw allows a Regular Expression Denial of Service (ReDoS) when calling the braceExpand function with specific arguments, resulting in a Denial"
GHOST-Ghost.cdx,CVE-2026-27903,NVD,HIGH,7.5,"minimatch is a minimal matching utility for converting glob expressions into JavaScript RegExp objects. Prior to version 10.2.3, 9.0.7, 8.0.6, 7.4.8, 6.2.2, 5.1.8, 4.2.5, and 3.1.3, `matchOne()` perfo"
GHOST-Ghost.cdx,CVE-2026-26996,NVD,HIGH,7.5,minimatch is a minimal matching utility for converting glob expressions into JavaScript RegExp objects. Versions 10.2.0 and below are vulnerable to Regular Expression Denial of Service (ReDoS) when a 
GHOST-Ghost.cdx,CVE-2026-27904,NVD,HIGH,7.5,"minimatch is a minimal matching utility for converting glob expressions into JavaScript RegExp objects. Prior to version 10.2.3, 9.0.7, 8.0.6, 7.4.8, 6.2.2, 5.1.8, 4.2.5, and 3.1.4, nested `*()` extgl"
GHOST-Ghost.cdx,CVE-2026-27903,NVD,HIGH,7.5,"minimatch is a minimal matching utility for converting glob expressions into JavaScript RegExp objects. Prior to version 10.2.3, 9.0.7, 8.0.6, 7.4.8, 6.2.2, 5.1.8, 4.2.5, and 3.1.3, `matchOne()` perfo"
GHOST-Ghost.cdx,CVE-2026-26996,NVD,HIGH,7.5,minimatch is a minimal matching utility for converting glob expressions into JavaScript RegExp objects. Versions 10.2.0 and below are vulnerable to Regular Expression Denial of Service (ReDoS) when a 
GHOST-Ghost.cdx,CVE-2026-27904,NVD,HIGH,7.5,"minimatch is a minimal matching utility for converting glob expressions into JavaScript RegExp objects. Prior to version 10.2.3, 9.0.7, 8.0.6, 7.4.8, 6.2.2, 5.1.8, 4.2.5, and 3.1.4, nested `*()` extgl"
GHOST-Ghost.cdx,CVE-2026-27903,NVD,HIGH,7.5,"minimatch is a minimal matching utility for converting glob expressions into JavaScript RegExp objects. Prior to version 10.2.3, 9.0.7, 8.0.6, 7.4.8, 6.2.2, 5.1.8, 4.2.5, and 3.1.3, `matchOne()` perfo"
GHOST-Ghost.cdx,CVE-2026-26996,NVD,HIGH,7.5,minimatch is a minimal matching utility for converting glob expressions into JavaScript RegExp objects. Versions 10.2.0 and below are vulnerable to Regular Expression Denial of Service (ReDoS) when a 
GHOST-Ghost.cdx,CVE-2026-27904,NVD,HIGH,7.5,"minimatch is a minimal matching utility for converting glob expressions into JavaScript RegExp objects. Prior to version 10.2.3, 9.0.7, 8.0.6, 7.4.8, 6.2.2, 5.1.8, 4.2.5, and 3.1.4, nested `*()` extgl"
GHOST-Ghost.cdx,CVE-2026-27903,NVD,HIGH,7.5,"minimatch is a minimal matching utility for converting glob expressions into JavaScript RegExp objects. Prior to version 10.2.3, 9.0.7, 8.0.6, 7.4.8, 6.2.2, 5.1.8, 4.2.5, and 3.1.3, `matchOne()` perfo"
GHOST-Ghost.cdx,CVE-2022-31129,NVD,HIGH,7.5,"moment is a JavaScript date library for parsing, validating, manipulating, and formatting dates. Affected versions of moment were found to use an inefficient parsing algorithm. Specifically using stri"
GHOST-Ghost.cdx,CVE-2022-24785,NVD,HIGH,7.5,"Moment.js is a JavaScript date library for parsing, validating, manipulating, and formatting dates. A path traversal vulnerability impacts npm (server) users of Moment.js between versions 1.0.1 and 2."
GHOST-Ghost.cdx,CVE-2022-21213,NVD,HIGH,7.5,"This affects all versions of package mout. The deepFillIn function can be used to 'fill missing properties recursively', while the deepMixIn mixes objects into the target object, recursively mixing ex"
GHOST-Ghost.cdx,CVE-2020-7792,NVD,HIGH,7.5,"This affects all versions of package mout. The deepFillIn function can be used to 'fill missing properties recursively', while the deepMixIn 'mixes objects into the target object, recursively mixing e"
GHOST-Ghost.cdx,CVE-2017-20162,NVD,MEDIUM,5.3,"A vulnerability, which was classified as problematic, has been found in vercel ms up to 1.x. This issue affects the function parse of the file index.js. The manipulation of the argument str leads to i"
GHOST-Ghost.cdx,CVE-2025-66030,NVD,MEDIUM,5.3,"Forge (also called `node-forge`) is a native implementation of Transport Layer Security in JavaScript. An Integer Overflow vulnerability in node-forge versions 1.3.1 and below enables remote, unauthen"
GHOST-Ghost.cdx,CVE-2025-66031,NVD,HIGH,7.5,"Forge (also called `node-forge`) is a native implementation of Transport Layer Security in JavaScript. An Uncontrolled Recursion vulnerability in node-forge versions 1.3.1 and below enables remote, un"
GHOST-Ghost.cdx,CVE-2025-12816,NVD,HIGH,8.6,"An interpretation-conflict (CWE-436) vulnerability in node-forge versions 1.3.1 and earlier enables unauthenticated attackers to craft ASN.1 structures to desynchronize schema validations, yielding a "
GHOST-Ghost.cdx,CVE-2025-14874,NVD,HIGH,7.5,A flaw was found in Nodemailer. This vulnerability allows a denial of service (DoS) via a crafted email address header that triggers infinite recursion in the address parser.
GHOST-Ghost.cdx,CVE-2023-44270,NVD,MEDIUM,5.3,An issue was discovered in PostCSS before 8.4.31. The vulnerability affects linters using PostCSS to parse external untrusted CSS. An attacker can prepare CSS in such a way that it will contains parts
GHOST-Ghost.cdx,CVE-2024-53382,NVD,MEDIUM,5.4,"Prism (aka PrismJS) through 1.29.0 allows DOM Clobbering (with resultant XSS for untrusted input that contains HTML but does not directly contain JavaScript), because document.currentScript lookup can"
GHOST-Ghost.cdx,CVE-2025-15284,NVD,MEDIUM,3.7,"Improper Input Validation vulnerability in qs (parse modules) allows HTTP DoS.This issue affects qs: < 6.14.1.


Summary

The arrayLimit option in qs did not enforce limits for bracket notation (a[]=1"
GHOST-Ghost.cdx,CVE-2026-2391,NVD,MEDIUM,7.5,"### Summary
The `arrayLimit` option in qs does not enforce limits for comma-separated values when `comma: true` is enabled, allowing attackers to cause denial-of-service via memory exhaustion. This is"
GHOST-Ghost.cdx,CVE-2025-15284,NVD,MEDIUM,3.7,"Improper Input Validation vulnerability in qs (parse modules) allows HTTP DoS.This issue affects qs: < 6.14.1.


Summary

The arrayLimit option in qs did not enforce limits for bracket notation (a[]=1"
GHOST-Ghost.cdx,CVE-2022-25883,NVD,HIGH,7.5,"Versions of the package semver before 7.5.2 are vulnerable to Regular Expression Denial of Service (ReDoS) via the function new Range, when untrusted user data is provided as a range."
GHOST-Ghost.cdx,CVE-2022-25883,NVD,HIGH,7.5,"Versions of the package semver before 7.5.2 are vulnerable to Regular Expression Denial of Service (ReDoS) via the function new Range, when untrusted user data is provided as a range."
GHOST-Ghost.cdx,CVE-2025-46233,NVD,MEDIUM,5.4,Improper Neutralization of Input During Web Page Generation ('Cross-site Scripting') vulnerability in Sirv CDN and Image Hosting Sirv allows Stored XSS. This issue affects Sirv: from n/a through 7.5.3
GHOST-Ghost.cdx,CVE-2024-8964,NVD,MEDIUM,5.4,"The Image Optimizer, Resizer and CDN – Sirv plugin for WordPress is vulnerable to Stored Cross-Site Scripting via SVG File uploads in all versions up to, and including, 7.2.9 due to insufficient input"
GHOST-Ghost.cdx,CVE-2024-6392,NVD,MEDIUM,5.4,"The Image Optimizer, Resizer and CDN – Sirv plugin for WordPress is vulnerable to unauthorized plugin settings modification due to missing capability checks on the plugin functions in all versions up "
GHOST-Ghost.cdx,CVE-2024-27949,NVD,MEDIUM,5.4,"Server-Side Request Forgery (SSRF) vulnerability in sirv.Com Image Optimizer, Resizer and CDN – Sirv.This issue affects Image Optimizer, Resizer and CDN – Sirv: from n/a through 7.2.0.

"
GHOST-Ghost.cdx,CVE-2024-10855,NVD,HIGH,8.1,"The Image Optimizer, Resizer and CDN – Sirv plugin for WordPress is vulnerable to unauthorized modification of data that can lead to a denial of service due to insufficient validation on the filename "
GHOST-Ghost.cdx,CVE-2024-32959,NVD,HIGH,8.8,Improper Privilege Management vulnerability in Sirv allows Privilege Escalation.This issue affects Sirv: from n/a through 7.2.2.
GHOST-Ghost.cdx,CVE-2024-5853,NVD,HIGH,8.8,"The Image Optimizer, Resizer and CDN – Sirv plugin for WordPress is vulnerable to arbitrary file uploads due to missing file type validation in the sirv_upload_file_by_chanks AJAX action in all versio"
GHOST-Ghost.cdx,CVE-2024-27950,NVD,HIGH,8.8,"Missing Authorization vulnerability in sirv.Com Image Optimizer, Resizer and CDN – Sirv.This issue affects Image Optimizer, Resizer and CDN – Sirv: from n/a through 7.2.0.

"
GHOST-Ghost.cdx,CVE-2023-50898,NVD,HIGH,8.8,"Missing Authorization vulnerability in sirv.Com Sirv.This issue affects Sirv: from n/a through 7.1.2.

"
GHOST-Ghost.cdx,CVE-2024-8480,NVD,HIGH,8.8,"The Image Optimizer, Resizer and CDN – Sirv plugin for WordPress is vulnerable to unauthorized modification of data due to a missing capability check on the 'sirv_save_prevented_sizes' function in all"
GHOST-Ghost.cdx,CVE-2026-27148,NVD,HIGH,9.6,"Storybook is a frontend workshop for building user interface components and pages in isolation. Prior to versions 7.6.23, 8.6.17, 9.1.19, and 10.2.10, the WebSocket functionality in Storybook's dev se"
GHOST-Ghost.cdx,CVE-2026-27148,NVD,HIGH,9.6,"Storybook is a frontend workshop for building user interface components and pages in isolation. Prior to versions 7.6.23, 8.6.17, 9.1.19, and 10.2.10, the WebSocket functionality in Storybook's dev se"
GHOST-Ghost.cdx,CVE-2026-29074,NVD,HIGH,7.5,"SVGO, short for SVG Optimizer, is a Node.js library and command-line application for optimizing SVG files. From version 2.1.0 to before version 2.8.1, from version 3.0.0 to before version 3.3.3, and b"
GHOST-Ghost.cdx,CVE-2026-29074,NVD,HIGH,7.5,"SVGO, short for SVG Optimizer, is a Node.js library and command-line application for optimizing SVG files. From version 2.1.0 to before version 2.8.1, from version 3.0.0 to before version 3.3.3, and b"
GHOST-Ghost.cdx,CVE-2023-26136,NVD,CRITICAL,9.8,Versions of the package tough-cookie before 4.1.3 are vulnerable to Prototype Pollution due to improper handling of Cookies when using CookieJar in rejectPublicSuffixes=false mode. This issue arises f
GHOST-Ghost.cdx,CVE-2026-27601,NVD,HIGH,7.5,"Underscore.js is a utility-belt library for JavaScript. Prior to 1.13.8, the _.flatten and _.isEqual functions use recursion without a depth limit. Under very specific conditions, detailed below, an a"
GHOST-Ghost.cdx,CVE-2021-23358,NVD,HIGH,7.2,"The package underscore from 1.13.0-0 and before 1.13.0-2, from 1.3.2 and before 1.12.1 are vulnerable to Arbitrary Code Injection via the template function, particularly when a variable property is pa"
GHOST-Ghost.cdx,CVE-2026-27601,NVD,HIGH,7.5,"Underscore.js is a utility-belt library for JavaScript. Prior to 1.13.8, the _.flatten and _.isEqual functions use recursion without a depth limit. Under very specific conditions, detailed below, an a"
GHOST-Ghost.cdx,CVE-2021-23358,NVD,HIGH,7.2,"The package underscore from 1.13.0-0 and before 1.13.0-2, from 1.3.2 and before 1.12.1 are vulnerable to Arbitrary Code Injection via the template function, particularly when a variable property is pa"
GHOST-Ghost.cdx,CVE-2026-27601,NVD,HIGH,7.5,"Underscore.js is a utility-belt library for JavaScript. Prior to 1.13.8, the _.flatten and _.isEqual functions use recursion without a depth limit. Under very specific conditions, detailed below, an a"
GHOST-Ghost.cdx,CVE-2023-45143,NVD,LOW,3.5,"Undici is an HTTP/1.1 client written from scratch for Node.js. Prior to version 5.26.2, Undici already cleared Authorization headers on cross-origin redirects, but did not clear `Cookie` headers. By d"
GHOST-Ghost.cdx,CVE-2024-30261,NVD,LOW,3.5,"Undici is an HTTP/1.1 client, written from scratch for Node.js. An attacker can alter the `integrity` option passed to `fetch()`, allowing `fetch()` to accept requests as valid even if they have been "
GHOST-Ghost.cdx,CVE-2024-30260,NVD,MEDIUM,4.3,"Undici is an HTTP/1.1 client, written from scratch for Node.js. Undici cleared Authorization and Proxy-Authorization headers for `fetch()`, but did not clear them for `undici.request()`. This vulnerab"
GHOST-Ghost.cdx,CVE-2024-24758,NVD,MEDIUM,4.5,"Undici is an HTTP/1.1 client, written from scratch for Node.js. Undici already cleared Authorization headers on cross-origin redirects, but did not clear `Proxy-Authentication` headers. This issue has"
GHOST-Ghost.cdx,CVE-2026-1527,NVD,MEDIUM,4.6,"ImpactWhen an application passes user-controlled input to the upgrade option of client.request(), an attacker can inject CRLF sequences (\r\n) to:

  *  Inject arbitrary HTTP headers
  *  Terminate th"
GHOST-Ghost.cdx,CVE-2026-1528,NVD,HIGH,7.5,"ImpactA server can reply with a WebSocket frame using the 64-bit length form and an extremely large length. undici's ByteParser overflows internal math, ends up in an invalid state, and throws a fatal"
GHOST-Ghost.cdx,CVE-2026-2229,NVD,HIGH,7.5,ImpactThe undici WebSocket client is vulnerable to a denial-of-service attack due to improper validation of the server_max_window_bits parameter in the permessage-deflate extension. When a WebSocket c
GHOST-Ghost.cdx,CVE-2026-1526,NVD,HIGH,7.5,The undici WebSocket client is vulnerable to a denial-of-service attack via unbounded memory consumption during permessage-deflate decompression. When a WebSocket connection negotiates the permessage-
GHOST-Ghost.cdx,CVE-2026-22036,NVD,HIGH,7.5,"Undici is an HTTP/1.1 client for Node.js. Prior to 7.18.0 and 6.23.0, the number of links in the decompression chain is unbounded and the default maxHeaderSize allows a malicious server to insert thou"
GHOST-Ghost.cdx,CVE-2026-1525,NVD,CRITICAL,9.8,"Undici allows duplicate HTTP Content-Length headers when they are provided in an array with case-variant names (e.g., Content-Length and content-length). This produces malformed HTTP/1.1 requests with"
GHOST-Ghost.cdx,CVE-2025-12758,NVD,HIGH,7.5,Versions of the package validator before 13.15.22 are vulnerable to Incomplete Filtering of One or More Instances of Special Elements in the isLength() function that does not take into account Unicode
GHOST-Ghost.cdx,CVE-2021-3765,NVD,HIGH,7.5,validator.js is vulnerable to Inefficient Regular Expression Complexity
GHOST-Ghost.cdx,CVE-2025-12758,NVD,HIGH,7.5,Versions of the package validator before 13.15.22 are vulnerable to Incomplete Filtering of One or More Instances of Special Elements in the isLength() function that does not take into account Unicode
GHOST-Ghost.cdx,CVE-2025-68157,NVD,LOW,3.7,"Webpack is a module bundler. From version 5.49.0 to before 5.104.0, when experiments.buildHttp is enabled, webpack’s HTTP(S) resolver (HttpUriPlugin) enforces allowedUris only for the initial URL, but"
GHOST-Ghost.cdx,CVE-2025-68458,NVD,LOW,3.7,"Webpack is a module bundler. From version 5.49.0 to before 5.104.1, when experiments.buildHttp is enabled, webpack’s HTTP(S) resolver (HttpUriPlugin) can be bypassed to fetch resources from hosts outs"
GHOST-Ghost.cdx,CVE-2024-43788,NVD,MEDIUM,6.1,"Webpack is a module bundler. Its main purpose is to bundle JavaScript files for usage in a browser, yet it is also capable of transforming, bundling, or packaging just about any resource or asset. The"
GitHub-ReDoc.cdx,CVE-2026-26996,NVD,HIGH,7.5,minimatch is a minimal matching utility for converting glob expressions into JavaScript RegExp objects. Versions 10.2.0 and below are vulnerable to Regular Expression Denial of Service (ReDoS) when a 
GitHub-ReDoc.cdx,CVE-2026-27904,NVD,HIGH,7.5,"minimatch is a minimal matching utility for converting glob expressions into JavaScript RegExp objects. Prior to version 10.2.3, 9.0.7, 8.0.6, 7.4.8, 6.2.2, 5.1.8, 4.2.5, and 3.1.4, nested `*()` extgl"
GitHub-ReDoc.cdx,CVE-2026-27903,NVD,HIGH,7.5,"minimatch is a minimal matching utility for converting glob expressions into JavaScript RegExp objects. Prior to version 10.2.3, 9.0.7, 8.0.6, 7.4.8, 6.2.2, 5.1.8, 4.2.5, and 3.1.3, `matchOne()` perfo"
Google-Angular_Material.cdx,CVE-2025-66412,NVD,HIGH,5.4,"Angular is a development platform for building mobile and desktop web applications using TypeScript/JavaScript and other languages. Prior to 21.0.2, 20.3.15, and 19.2.17, A Stored Cross-Site Scripting"
Google-Angular_Material.cdx,CVE-2026-27970,NVD,HIGH,6.1,"Angular is a development platform for building mobile and desktop web applications using TypeScript/JavaScript and other languages. Versions prior to 21.2.0, 21.1.16, 20.3.17, and 19.2.19 have a cross"
Google-Angular_Material.cdx,CVE-2026-22610,NVD,HIGH,6.1,"Angular is a development platform for building mobile and desktop web applications using TypeScript/JavaScript and other languages. Prior to versions 19.2.18, 20.3.16, 21.0.7, and 21.1.0-rc.0, a cross"
Google-Angular_Material.cdx,CVE-2026-27970,NVD,HIGH,6.1,"Angular is a development platform for building mobile and desktop web applications using TypeScript/JavaScript and other languages. Versions prior to 21.2.0, 21.1.16, 20.3.17, and 19.2.19 have a cross"
Google-Angular_Material.cdx,CVE-2026-22610,NVD,HIGH,6.1,"Angular is a development platform for building mobile and desktop web applications using TypeScript/JavaScript and other languages. Prior to versions 19.2.18, 20.3.16, 21.0.7, and 21.1.0-rc.0, a cross"
Google-Angular_Material.cdx,CVE-2026-27970,NVD,HIGH,6.1,"Angular is a development platform for building mobile and desktop web applications using TypeScript/JavaScript and other languages. Versions prior to 21.2.0, 21.1.16, 20.3.17, and 19.2.19 have a cross"
Google-Angular_Material.cdx,CVE-2023-32732,NVD,MEDIUM,5.3,gRPC contains a vulnerability whereby a client can cause a termination of connection between a HTTP2 proxy and a gRPC server: a base64 encoding error for `-bin` suffixed headers will result in a disco
Google-Angular_Material.cdx,CVE-2023-32732,NVD,MEDIUM,5.3,gRPC contains a vulnerability whereby a client can cause a termination of connection between a HTTP2 proxy and a gRPC server: a base64 encoding error for `-bin` suffixed headers will result in a disco
Google-Angular_Material.cdx,CVE-2023-29827,NVD,CRITICAL,9.8,"ejs v3.1.9 is vulnerable to server-side template injection. If the ejs file is controllable, template injection can be implemented through the configuration settings of the closeDelimiter parameter. N"
Google-Angular_Material.cdx,CVE-2025-13465,NVD,MEDIUM,5.3,Lodash versions 4.0.0 through 4.17.22 are vulnerable to prototype pollution in the _.unset and _.omit functions. An attacker can pass crafted paths which cause Lodash to delete methods from global pro
Google-Angular_Material.cdx,CVE-2022-21680,NVD,HIGH,7.5,"Marked is a markdown parser and compiler. Prior to version 4.0.10, the regular expression `block.def` may cause catastrophic backtracking against some strings and lead to a regular expression denial o"
Google-Angular_Material.cdx,CVE-2022-21681,NVD,HIGH,7.5,"Marked is a markdown parser and compiler. Prior to version 4.0.10, the regular expression `inline.reflinkSearch` may cause catastrophic backtracking against some strings and lead to a denial of servic"
Google-Angular_Material.cdx,CVE-2026-26996,NVD,HIGH,7.5,minimatch is a minimal matching utility for converting glob expressions into JavaScript RegExp objects. Versions 10.2.0 and below are vulnerable to Regular Expression Denial of Service (ReDoS) when a 
Google-Angular_Material.cdx,CVE-2026-27904,NVD,HIGH,7.5,"minimatch is a minimal matching utility for converting glob expressions into JavaScript RegExp objects. Prior to version 10.2.3, 9.0.7, 8.0.6, 7.4.8, 6.2.2, 5.1.8, 4.2.5, and 3.1.4, nested `*()` extgl"
Google-Angular_Material.cdx,CVE-2026-27903,NVD,HIGH,7.5,"minimatch is a minimal matching utility for converting glob expressions into JavaScript RegExp objects. Prior to version 10.2.3, 9.0.7, 8.0.6, 7.4.8, 6.2.2, 5.1.8, 4.2.5, and 3.1.3, `matchOne()` perfo"
Google-Angular_Material.cdx,CVE-2026-26996,NVD,HIGH,7.5,minimatch is a minimal matching utility for converting glob expressions into JavaScript RegExp objects. Versions 10.2.0 and below are vulnerable to Regular Expression Denial of Service (ReDoS) when a 
Google-Angular_Material.cdx,CVE-2026-27904,NVD,HIGH,7.5,"minimatch is a minimal matching utility for converting glob expressions into JavaScript RegExp objects. Prior to version 10.2.3, 9.0.7, 8.0.6, 7.4.8, 6.2.2, 5.1.8, 4.2.5, and 3.1.4, nested `*()` extgl"
Google-Angular_Material.cdx,CVE-2026-27903,NVD,HIGH,7.5,"minimatch is a minimal matching utility for converting glob expressions into JavaScript RegExp objects. Prior to version 10.2.3, 9.0.7, 8.0.6, 7.4.8, 6.2.2, 5.1.8, 4.2.5, and 3.1.3, `matchOne()` perfo"
Google-Angular_Material.cdx,CVE-2026-26996,NVD,HIGH,7.5,minimatch is a minimal matching utility for converting glob expressions into JavaScript RegExp objects. Versions 10.2.0 and below are vulnerable to Regular Expression Denial of Service (ReDoS) when a 
Google-Angular_Material.cdx,CVE-2026-27904,NVD,HIGH,7.5,"minimatch is a minimal matching utility for converting glob expressions into JavaScript RegExp objects. Prior to version 10.2.3, 9.0.7, 8.0.6, 7.4.8, 6.2.2, 5.1.8, 4.2.5, and 3.1.4, nested `*()` extgl"
Google-Angular_Material.cdx,CVE-2026-27903,NVD,HIGH,7.5,"minimatch is a minimal matching utility for converting glob expressions into JavaScript RegExp objects. Prior to version 10.2.3, 9.0.7, 8.0.6, 7.4.8, 6.2.2, 5.1.8, 4.2.5, and 3.1.3, `matchOne()` perfo"
Google-Angular_Material.cdx,CVE-2026-26996,NVD,HIGH,7.5,minimatch is a minimal matching utility for converting glob expressions into JavaScript RegExp objects. Versions 10.2.0 and below are vulnerable to Regular Expression Denial of Service (ReDoS) when a 
Google-Angular_Material.cdx,CVE-2026-27904,NVD,HIGH,7.5,"minimatch is a minimal matching utility for converting glob expressions into JavaScript RegExp objects. Prior to version 10.2.3, 9.0.7, 8.0.6, 7.4.8, 6.2.2, 5.1.8, 4.2.5, and 3.1.4, nested `*()` extgl"
Google-Angular_Material.cdx,CVE-2026-27903,NVD,HIGH,7.5,"minimatch is a minimal matching utility for converting glob expressions into JavaScript RegExp objects. Prior to version 10.2.3, 9.0.7, 8.0.6, 7.4.8, 6.2.2, 5.1.8, 4.2.5, and 3.1.3, `matchOne()` perfo"
Google-Angular_Material.cdx,CVE-2025-66030,NVD,MEDIUM,5.3,"Forge (also called `node-forge`) is a native implementation of Transport Layer Security in JavaScript. An Integer Overflow vulnerability in node-forge versions 1.3.1 and below enables remote, unauthen"
Google-Angular_Material.cdx,CVE-2025-66031,NVD,HIGH,7.5,"Forge (also called `node-forge`) is a native implementation of Transport Layer Security in JavaScript. An Uncontrolled Recursion vulnerability in node-forge versions 1.3.1 and below enables remote, un"
Google-Angular_Material.cdx,CVE-2025-12816,NVD,HIGH,8.6,"An interpretation-conflict (CWE-436) vulnerability in node-forge versions 1.3.1 and earlier enables unauthenticated attackers to craft ASN.1 structures to desynchronize schema validations, yielding a "
Google-Angular_Material.cdx,CVE-2025-15284,NVD,MEDIUM,3.7,"Improper Input Validation vulnerability in qs (parse modules) allows HTTP DoS.This issue affects qs: < 6.14.1.


Summary

The arrayLimit option in qs did not enforce limits for bracket notation (a[]=1"
Google-Angular_Material.cdx,CVE-2026-2391,NVD,MEDIUM,7.5,"### Summary
The `arrayLimit` option in qs does not enforce limits for comma-separated values when `comma: true` is enabled, allowing attackers to cause denial-of-service via memory exhaustion. This is"
Google-Angular_Material.cdx,CVE-2025-15284,NVD,MEDIUM,3.7,"Improper Input Validation vulnerability in qs (parse modules) allows HTTP DoS.This issue affects qs: < 6.14.1.


Summary

The arrayLimit option in qs did not enforce limits for bracket notation (a[]=1"
Google-Angular_Material.cdx,CVE-2026-2391,NVD,MEDIUM,7.5,"### Summary
The `arrayLimit` option in qs does not enforce limits for comma-separated values when `comma: true` is enabled, allowing attackers to cause denial-of-service via memory exhaustion. This is"
Google-Angular_Material.cdx,CVE-2025-15284,NVD,MEDIUM,3.7,"Improper Input Validation vulnerability in qs (parse modules) allows HTTP DoS.This issue affects qs: < 6.14.1.


Summary

The arrayLimit option in qs did not enforce limits for bracket notation (a[]=1"
Google-Angular_Material.cdx,CVE-2024-43799,NVD,MEDIUM,4.7,Send is a library for streaming files from the file system as a http response. Send passes untrusted user input to SendStream.redirect() which executes untrusted code. This issue is patched in send 0.
Google-Angular_Material.cdx,CVE-2023-26136,NVD,CRITICAL,9.8,Versions of the package tough-cookie before 4.1.3 are vulnerable to Prototype Pollution due to improper handling of Cookies when using CookieJar in rejectPublicSuffixes=false mode. This issue arises f
Google-Angular_Material.cdx,CVE-2026-1527,NVD,MEDIUM,4.6,"ImpactWhen an application passes user-controlled input to the upgrade option of client.request(), an attacker can inject CRLF sequences (\r\n) to:

  *  Inject arbitrary HTTP headers
  *  Terminate th"
Google-Angular_Material.cdx,CVE-2026-1528,NVD,HIGH,7.5,"ImpactA server can reply with a WebSocket frame using the 64-bit length form and an extremely large length. undici's ByteParser overflows internal math, ends up in an invalid state, and throws a fatal"
Google-Angular_Material.cdx,CVE-2026-2229,NVD,HIGH,7.5,ImpactThe undici WebSocket client is vulnerable to a denial-of-service attack due to improper validation of the server_max_window_bits parameter in the permessage-deflate extension. When a WebSocket c
Google-Angular_Material.cdx,CVE-2026-1526,NVD,HIGH,7.5,The undici WebSocket client is vulnerable to a denial-of-service attack via unbounded memory consumption during permessage-deflate decompression. When a WebSocket connection negotiates the permessage-
Google-Angular_Material.cdx,CVE-2026-22036,NVD,HIGH,7.5,"Undici is an HTTP/1.1 client for Node.js. Prior to 7.18.0 and 6.23.0, the number of links in the decompression chain is unbounded and the default maxHeaderSize allows a malicious server to insert thou"
Google-Angular_Material.cdx,CVE-2026-1525,NVD,CRITICAL,9.8,"Undici allows duplicate HTTP Content-Length headers when they are provided in an array with case-variant names (e.g., Content-Length and content-length). This produces malformed HTTP/1.1 requests with"
Google-Angular_Material.cdx,CVE-2025-58751,NVD,LOW,5.3,"Vite is a frontend tooling framework for JavaScript. Prior to versions 7.1.5, 7.0.7, 6.3.6, and 5.4.20, files starting with the same name with the public directory were served bypassing the `server.fs"
Google-Angular_Material.cdx,CVE-2025-58752,NVD,LOW,5.3,"Vite is a frontend tooling framework for JavaScript. Prior to versions 7.1.5, 7.0.7, 6.3.6, and 5.4.20, any HTML files on the machine were served regardless of the `server.fs` settings. Only apps that"
Google-Angular_Material.cdx,CVE-2025-58751,NVD,LOW,5.3,"Vite is a frontend tooling framework for JavaScript. Prior to versions 7.1.5, 7.0.7, 6.3.6, and 5.4.20, files starting with the same name with the public directory were served bypassing the `server.fs"
Google-Angular_Material.cdx,CVE-2025-58752,NVD,LOW,5.3,"Vite is a frontend tooling framework for JavaScript. Prior to versions 7.1.5, 7.0.7, 6.3.6, and 5.4.20, any HTML files on the machine were served regardless of the `server.fs` settings. Only apps that"
Google-Angular_Material.cdx,CVE-2025-68157,NVD,LOW,3.7,"Webpack is a module bundler. From version 5.49.0 to before 5.104.0, when experiments.buildHttp is enabled, webpack’s HTTP(S) resolver (HttpUriPlugin) enforces allowedUris only for the initial URL, but"
Google-Angular_Material.cdx,CVE-2025-68458,NVD,LOW,3.7,"Webpack is a module bundler. From version 5.49.0 to before 5.104.1, when experiments.buildHttp is enabled, webpack’s HTTP(S) resolver (HttpUriPlugin) can be bypassed to fetch resources from hosts outs"
Google-Angular_Material.cdx,CVE-2025-68157,NVD,LOW,3.7,"Webpack is a module bundler. From version 5.49.0 to before 5.104.0, when experiments.buildHttp is enabled, webpack’s HTTP(S) resolver (HttpUriPlugin) enforces allowedUris only for the initial URL, but"
Google-Angular_Material.cdx,CVE-2025-68458,NVD,LOW,3.7,"Webpack is a module bundler. From version 5.49.0 to before 5.104.1, when experiments.buildHttp is enabled, webpack’s HTTP(S) resolver (HttpUriPlugin) can be bypassed to fetch resources from hosts outs"
Grafana_Labs-Grafana.cdx,CVE-2023-29827,NVD,CRITICAL,9.8,"ejs v3.1.9 is vulnerable to server-side template injection. If the ejs file is controllable, template injection can be implemented through the configuration settings of the closeDelimiter parameter. N"
Grafana_Labs-Grafana.cdx,CVE-2019-3826,NVD,MEDIUM,6.1,"A stored, DOM based, cross-site scripting (XSS) flaw was found in Prometheus before version 2.7.1. An attacker could exploit this by convincing an authenticated user to visit a crafted URL on a Promet"
Grafana_Labs-Grafana.cdx,CVE-2021-22570,NVD,MEDIUM,5.5,"Nullptr dereference when a null char is present in a proto symbol. The symbol is parsed incorrectly, leading to an unchecked call into the proto file's name during generation of the resulting error me"
Grafana_Labs-Grafana.cdx,CVE-2015-5237,NVD,HIGH,8.8,protobuf allows remote authenticated attackers to cause a heap-based buffer overflow.
Grafana_Labs-Grafana.cdx,CVE-2024-7254,NVD,HIGH,7.5,Any project that parses untrusted Protocol Buffers data containing an arbitrary number of nested groups / series of SGROUP tags can corrupted by exceeding the stack limit i.e. StackOverflow. Parsing n
Grafana_Labs-Grafana.cdx,CVE-2021-22570,NVD,MEDIUM,5.5,"Nullptr dereference when a null char is present in a proto symbol. The symbol is parsed incorrectly, leading to an unchecked call into the proto file's name during generation of the resulting error me"
Grafana_Labs-Grafana.cdx,CVE-2015-5237,NVD,HIGH,8.8,protobuf allows remote authenticated attackers to cause a heap-based buffer overflow.
Grafana_Labs-Grafana.cdx,CVE-2024-7254,NVD,HIGH,7.5,Any project that parses untrusted Protocol Buffers data containing an arbitrary number of nested groups / series of SGROUP tags can corrupted by exceeding the stack limit i.e. StackOverflow. Parsing n
Grafana_Labs-Grafana.cdx,CVE-2021-22570,NVD,MEDIUM,5.5,"Nullptr dereference when a null char is present in a proto symbol. The symbol is parsed incorrectly, leading to an unchecked call into the proto file's name during generation of the resulting error me"
Grafana_Labs-Grafana.cdx,CVE-2015-5237,NVD,HIGH,8.8,protobuf allows remote authenticated attackers to cause a heap-based buffer overflow.
Grafana_Labs-Grafana.cdx,CVE-2024-7254,NVD,HIGH,7.5,Any project that parses untrusted Protocol Buffers data containing an arbitrary number of nested groups / series of SGROUP tags can corrupted by exceeding the stack limit i.e. StackOverflow. Parsing n
Grafana_Labs-Grafana.cdx,CVE-2021-22570,NVD,MEDIUM,5.5,"Nullptr dereference when a null char is present in a proto symbol. The symbol is parsed incorrectly, leading to an unchecked call into the proto file's name during generation of the resulting error me"
Grafana_Labs-Grafana.cdx,CVE-2015-5237,NVD,HIGH,8.8,protobuf allows remote authenticated attackers to cause a heap-based buffer overflow.
Grafana_Labs-Grafana.cdx,CVE-2024-7254,NVD,HIGH,7.5,Any project that parses untrusted Protocol Buffers data containing an arbitrary number of nested groups / series of SGROUP tags can corrupted by exceeding the stack limit i.e. StackOverflow. Parsing n
Grafana_Labs-Grafana.cdx,CVE-2020-12458,NVD,MEDIUM,5.5,An information-disclosure flaw was found in Grafana through 6.7.3. The database directory /var/lib/grafana and database file /var/lib/grafana/grafana.db are world readable. This can result in exposure
Grafana_Labs-Grafana.cdx,CVE-2020-11110,NVD,MEDIUM,5.4,"Grafana through 6.7.1 allows stored XSS due to insufficient input protection in the originalUrl field, which allows an attacker to inject JavaScript code that will be executed after clicking on Open O"
Grafana_Labs-Grafana.cdx,CVE-2021-43815,NVD,MEDIUM,4.3,Grafana is an open-source platform for monitoring and observability. Grafana prior to versions 8.3.2 and 7.5.12 has a directory traversal for arbitrary .csv files. It only affects instances that have 
Grafana_Labs-Grafana.cdx,CVE-2018-19039,NVD,MEDIUM,6.5,Grafana before 4.6.5 and 5.x before 5.3.3 allows remote authenticated users to read arbitrary files by leveraging Editor or Admin permissions.
Grafana_Labs-Grafana.cdx,CVE-2019-19499,NVD,MEDIUM,6.5,"Grafana <= 6.4.3 has an Arbitrary File Read vulnerability, which could be exploited by an authenticated attacker that has privileges to modify the data source configurations."
Grafana_Labs-Grafana.cdx,CVE-2019-13068,NVD,MEDIUM,5.4,public/app/features/panel/panel_ctrl.ts in Grafana before 6.2.5 allows HTML Injection in panel drilldown links (via the Title or url field).
Grafana_Labs-Grafana.cdx,CVE-2018-12099,NVD,MEDIUM,6.1,Grafana before 5.2.0-beta1 has XSS vulnerabilities in dashboard links.
Grafana_Labs-Grafana.cdx,CVE-2020-12245,NVD,MEDIUM,6.1,Grafana before 6.7.3 allows table-panel XSS via column.title or cellLinkTooltip.
Grafana_Labs-Grafana.cdx,CVE-2020-13430,NVD,MEDIUM,6.1,Grafana before 7.0.0 allows tag value XSS via the OpenTSDB datasource.
Grafana_Labs-Grafana.cdx,CVE-2020-24303,NVD,MEDIUM,6.1,Grafana before 7.1.0-beta 1 allows XSS via a query alias for the ElasticSearch datasource.
Grafana_Labs-Grafana.cdx,CVE-2020-12052,NVD,MEDIUM,6.1,Grafana version < 6.7.3 is vulnerable for annotation popup XSS.
Grafana_Labs-Grafana.cdx,CVE-2021-39226,NVD,HIGH,7.3,Grafana is an open source data visualization platform. In affected versions unauthenticated and authenticated users are able to view the snapshot with the lowest database key by accessing the literal 
Grafana_Labs-Grafana.cdx,CVE-2022-26148,NVD,CRITICAL,9.8,"An issue was discovered in Grafana through 7.3.4, when integrated with Zabbix. The Zabbix password can be found in the api_jsonrpc.php HTML source code. When the user logs in and allows the user to re"
Grafana_Labs-Grafana.cdx,CVE-2020-27846,NVD,CRITICAL,9.8,"A signature verification vulnerability exists in crewjam/saml. This flaw allows an attacker to bypass SAML Authentication. The highest threat from this vulnerability is to confidentiality, integrity, "
Grafana_Labs-Grafana.cdx,CVE-2022-39324,NVD,LOW,3.5,"Grafana is an open-source platform for monitoring and observability. Prior to versions 8.5.16 and 9.2.8, malicious user can create a snapshot and arbitrarily choose the `originalUrl` parameter by edit"
Grafana_Labs-Grafana.cdx,CVE-2022-36062,NVD,LOW,3.8,"Grafana is an open-source platform for monitoring and observability. In versions prior to 8.5.13, 9.0.9, and 9.1.6, Grafana is subject to Improper Preservation of Permissions resulting in privilege es"
Grafana_Labs-Grafana.cdx,CVE-2022-39229,NVD,MEDIUM,4.3,"Grafana is an open source data visualization platform for metrics, logs, and traces. Versions prior to 9.1.8 and 8.5.14 allow one user to block another user's login attempt by registering someone else"
Grafana_Labs-Grafana.cdx,CVE-2022-39307,NVD,MEDIUM,5.3,"Grafana is an open-source platform for monitoring and observability. When using the forget password on the login page, a POST request is made to the `/api/user/password/sent-reset-email` URL. When the"
Grafana_Labs-Grafana.cdx,CVE-2023-5122,NVD,MEDIUM,5.3,Grafana is an open-source platform for monitoring and observability. The CSV datasource plugin is a Grafana Labs maintained plugin for Grafana that allows for retrieving and processing CSV data from a
Grafana_Labs-Grafana.cdx,CVE-2023-6152,NVD,MEDIUM,5.4,"A user changing their email after signing up and verifying it can change it without verification in profile settings.

The configuration option ""verify_email_enabled"" will only validate email only on "
Grafana_Labs-Grafana.cdx,CVE-2025-4123,NVD,MEDIUM,6.1,A cross-site scripting (XSS) vulnerability exists in Grafana caused by combining a client path traversal and open redirect. This allows attackers to redirect users to a website that hosts a frontend p
Grafana_Labs-Grafana.cdx,CVE-2022-35957,NVD,MEDIUM,6.6,"Grafana is an open-source platform for monitoring and observability. Versions prior to 9.1.6 and 8.5.13 are vulnerable to an escalation from admin to server admin when auth proxy is used, allowing an "
Grafana_Labs-Grafana.cdx,CVE-2022-31130,NVD,HIGH,7.5,Grafana is an open source observability and data visualization platform. Versions of Grafana for endpoints prior to 9.1.8 and 8.5.14 could leak authentication tokens to some destination plugins under 
Grafana_Labs-Grafana.cdx,CVE-2022-37620,NVD,HIGH,7.5,A Regular Expression Denial of Service (ReDoS) flaw was found in kangax html-minifier 4.0.0 because of the reCustomIgnore regular expression.
Grafana_Labs-Grafana.cdx,CVE-2022-37620,NVD,HIGH,7.5,A Regular Expression Denial of Service (ReDoS) flaw was found in kangax html-minifier 4.0.0 because of the reCustomIgnore regular expression.
Grafana_Labs-Grafana.cdx,CVE-2026-27904,NVD,HIGH,7.5,"minimatch is a minimal matching utility for converting glob expressions into JavaScript RegExp objects. Prior to version 10.2.3, 9.0.7, 8.0.6, 7.4.8, 6.2.2, 5.1.8, 4.2.5, and 3.1.4, nested `*()` extgl"
Grafana_Labs-Grafana.cdx,CVE-2026-27903,NVD,HIGH,7.5,"minimatch is a minimal matching utility for converting glob expressions into JavaScript RegExp objects. Prior to version 10.2.3, 9.0.7, 8.0.6, 7.4.8, 6.2.2, 5.1.8, 4.2.5, and 3.1.3, `matchOne()` perfo"
Grafana_Labs-Grafana.cdx,CVE-2025-15284,NVD,MEDIUM,3.7,"Improper Input Validation vulnerability in qs (parse modules) allows HTTP DoS.This issue affects qs: < 6.14.1.


Summary

The arrayLimit option in qs did not enforce limits for bracket notation (a[]=1"
Grafana_Labs-Grafana.cdx,CVE-2026-2391,NVD,MEDIUM,7.5,"### Summary
The `arrayLimit` option in qs does not enforce limits for comma-separated values when `comma: true` is enabled, allowing attackers to cause denial-of-service via memory exhaustion. This is"
Grafana_Labs-Grafana.cdx,CVE-2025-15284,NVD,MEDIUM,3.7,"Improper Input Validation vulnerability in qs (parse modules) allows HTTP DoS.This issue affects qs: < 6.14.1.


Summary

The arrayLimit option in qs did not enforce limits for bracket notation (a[]=1"
Grafana_Labs-Grafana.cdx,CVE-2026-2391,NVD,MEDIUM,7.5,"### Summary
The `arrayLimit` option in qs does not enforce limits for comma-separated values when `comma: true` is enabled, allowing attackers to cause denial-of-service via memory exhaustion. This is"
Grafana_Labs-Grafana.cdx,CVE-2026-2391,NVD,MEDIUM,7.5,"### Summary
The `arrayLimit` option in qs does not enforce limits for comma-separated values when `comma: true` is enabled, allowing attackers to cause denial-of-service via memory exhaustion. This is"
Grafana_Labs-Grafana.cdx,CVE-2025-46233,NVD,MEDIUM,5.4,Improper Neutralization of Input During Web Page Generation ('Cross-site Scripting') vulnerability in Sirv CDN and Image Hosting Sirv allows Stored XSS. This issue affects Sirv: from n/a through 7.5.3
Grafana_Labs-Grafana.cdx,CVE-2024-8964,NVD,MEDIUM,5.4,"The Image Optimizer, Resizer and CDN – Sirv plugin for WordPress is vulnerable to Stored Cross-Site Scripting via SVG File uploads in all versions up to, and including, 7.2.9 due to insufficient input"
Grafana_Labs-Grafana.cdx,CVE-2024-6392,NVD,MEDIUM,5.4,"The Image Optimizer, Resizer and CDN – Sirv plugin for WordPress is vulnerable to unauthorized plugin settings modification due to missing capability checks on the plugin functions in all versions up "
Grafana_Labs-Grafana.cdx,CVE-2024-27949,NVD,MEDIUM,5.4,"Server-Side Request Forgery (SSRF) vulnerability in sirv.Com Image Optimizer, Resizer and CDN – Sirv.This issue affects Image Optimizer, Resizer and CDN – Sirv: from n/a through 7.2.0.

"
Grafana_Labs-Grafana.cdx,CVE-2024-10855,NVD,HIGH,8.1,"The Image Optimizer, Resizer and CDN – Sirv plugin for WordPress is vulnerable to unauthorized modification of data that can lead to a denial of service due to insufficient validation on the filename "
Grafana_Labs-Grafana.cdx,CVE-2024-32959,NVD,HIGH,8.8,Improper Privilege Management vulnerability in Sirv allows Privilege Escalation.This issue affects Sirv: from n/a through 7.2.2.
Grafana_Labs-Grafana.cdx,CVE-2024-5853,NVD,HIGH,8.8,"The Image Optimizer, Resizer and CDN – Sirv plugin for WordPress is vulnerable to arbitrary file uploads due to missing file type validation in the sirv_upload_file_by_chanks AJAX action in all versio"
Grafana_Labs-Grafana.cdx,CVE-2024-27950,NVD,HIGH,8.8,"Missing Authorization vulnerability in sirv.Com Image Optimizer, Resizer and CDN – Sirv.This issue affects Image Optimizer, Resizer and CDN – Sirv: from n/a through 7.2.0.

"
Grafana_Labs-Grafana.cdx,CVE-2023-50898,NVD,HIGH,8.8,"Missing Authorization vulnerability in sirv.Com Sirv.This issue affects Sirv: from n/a through 7.1.2.

"
Grafana_Labs-Grafana.cdx,CVE-2024-8480,NVD,HIGH,8.8,"The Image Optimizer, Resizer and CDN – Sirv plugin for WordPress is vulnerable to unauthorized modification of data due to a missing capability check on the 'sirv_save_prevented_sizes' function in all"
Grav-Grav.cdx,CVE-2025-67746,NVD,LOW,4.3,"Composer is a dependency manager for PHP. In versions on the 2.x branch prior to 2.2.26 and 2.9.3, attackers controlling remote sources that Composer downloads from might in some way inject ANSI contr"
GridGain-GridGain.cdx,CVE-2021-36373,NVD,MEDIUM,5.5,"When reading a specially crafted TAR archive an Apache Ant build can be made to allocate large amounts of memory that finally leads to an out of memory error, even for small inputs. This can be used t"
GridGain-GridGain.cdx,CVE-2021-36374,NVD,MEDIUM,5.5,"When reading a specially crafted ZIP archive, or a derived formats, an Apache Ant build can be made to allocate large amounts of memory that leads to an out of memory error, even for small inputs. Thi"
GridGain-GridGain.cdx,CVE-2023-50572,NVD,MEDIUM,5.5,An issue in the component GroovyEngine.execute of jline-groovy v3.24.1 allows attackers to cause an OOM (OutofMemory) error.
GridGain-GridGain.cdx,CVE-2022-23302,NVD,HIGH,8.8,JMSSink in all versions of Log4j 1.x is vulnerable to deserialization of untrusted data when the attacker has write access to the Log4j configuration or if the configuration references an LDAP service
GridGain-GridGain.cdx,CVE-2020-9493,NVD,CRITICAL,9.8,A deserialization flaw was found in Apache Chainsaw versions prior to 2.1.0 which could lead to malicious code execution.
GridGain-GridGain.cdx,CVE-2022-23305,NVD,CRITICAL,9.8,"By design, the JDBCAppender in Log4j 1.2.x accepts an SQL statement as a configuration parameter where the values to be inserted are converters from PatternLayout. The message converter, %m, is likely"
GridGain-GridGain.cdx,CVE-2019-17571,NVD,CRITICAL,9.8,Included in Log4j 1.2 is a SocketServer class that is vulnerable to deserialization of untrusted data which can be exploited to remotely execute arbitrary code when combined with a deserialization gad
GridGain-GridGain.cdx,CVE-2022-23307,NVD,HIGH,8.8,CVE-2020-9493 identified a deserialization issue that was present in Apache Chainsaw. Prior to Chainsaw V2.0 Chainsaw was a component of Apache Log4j 1.2.x where the same issue exists.
GridGain-GridGain.cdx,CVE-2023-26464,NVD,HIGH,7.5,"** UNSUPPORTED WHEN ASSIGNED **

When using the Chainsaw or SocketAppender components with Log4j 1.x on JRE less than 1.7, an attacker that manages to cause a logging entry involving a specially-craft"
GridGain-GridGain.cdx,CVE-2026-24281,NVD,HIGH,7.4,"Hostname verification in Apache ZooKeeper ZKTrustManager falls back to reverse DNS (PTR) when IP SAN validation fails, allowing attackers who control or spoof PTR records to impersonate ZooKeeper serv"
GridGain-GridGain.cdx,CVE-2026-24308,NVD,HIGH,7.5,Improper handling of configuration values in ZKConfig in Apache ZooKeeper 3.8.5 and 3.9.4 on all platforms allows an attacker to expose sensitive information stored in client configuration in the clie
H2O_ai-H20_ai.cdx,CVE-2023-32681,NVD,MEDIUM,6.1,"Requests is a HTTP library. Since Requests 2.3.0, Requests has been leaking Proxy-Authorization headers to destination servers when redirected to an HTTPS endpoint. This is a product of how we use `re"
H2O_ai-H20_ai.cdx,CVE-2023-45803,NVD,MEDIUM,4.2,"urllib3 is a user-friendly HTTP client library for Python. urllib3 previously wouldn't remove the HTTP request body when an HTTP redirect response using status 301, 302, or 303 after the request had i"
H2O_ai-H20_ai.cdx,CVE-2025-50181,NVD,MEDIUM,6.1,"urllib3 is a user-friendly HTTP client library for Python. Prior to 2.5.0, it is possible to disable redirects for all requests by instantiating a PoolManager and specifying retries in a way that disa"
H2O_ai-H20_ai.cdx,CVE-2024-37891,NVD,MEDIUM,6.5," urllib3 is a user-friendly HTTP client library for Python. When using urllib3's proxy support with `ProxyManager`, the `Proxy-Authorization` header is only sent to the configured proxy, as expected. "
H2O_ai-H20_ai.cdx,CVE-2025-66471,NVD,HIGH,7.5,"urllib3 is a user-friendly HTTP client library for Python. Starting in version 1.0 and prior to 2.6.0, the Streaming API improperly handles highly compressed data. urllib3's streaming API is designed "
H2O_ai-H20_ai.cdx,CVE-2026-21441,NVD,HIGH,7.5,"urllib3 is an HTTP client library for Python. urllib3's streaming API is designed for the efficient handling of large HTTP responses by reading the content in chunks, rather than loading the entire re"
H2O_ai-H20_ai.cdx,CVE-2025-66418,NVD,HIGH,7.5,"urllib3 is a user-friendly HTTP client library for Python. Starting in version 1.24 and prior to 2.6.0, the number of links in the decompression chain was unbounded allowing a malicious server to inse"
H2O_ai-H20_ai.cdx,CVE-2023-43804,NVD,HIGH,8.1,"urllib3 is a user-friendly HTTP client library for Python. urllib3 doesn't treat the `Cookie` HTTP header special or provide any helpers for managing cookies over HTTP, that is the responsibility of t"
Hbase-Hbase.cdx,CVE-2023-50572,NVD,MEDIUM,5.5,An issue in the component GroovyEngine.execute of jline-groovy v3.24.1 allows attackers to cause an OOM (OutofMemory) error.
Influxdata_Inc-InfluxData.cdx,CVE-2005-0036,NVD,MEDIUM,,"The DNS implementation in DeleGate 8.10.2 and earlier allows remote attackers to cause a denial of service via a compressed DNS packet with a label length byte with an incorrect offset, which could tr"
Influxdata_Inc-InfluxData.cdx,CVE-1999-1338,NVD,MEDIUM,,Delegate proxy 5.9.3 and earlier creates files and directories in the DGROOT with world-writable permissions.
Influxdata_Inc-InfluxData.cdx,CVE-2005-0861,NVD,HIGH,,"Multiple buffer overflows in DeleGate before 8.11.1 may allow attackers to cause a denial of service or execute arbitrary code, possibly due to ""overflows on arrays."""
Influxdata_Inc-InfluxData.cdx,CVE-2023-49092,NVD,MEDIUM,5.9,"RustCrypto/RSA is a portable RSA implementation in pure Rust. Due to a non-constant-time implementation, information about the private key is leaked through timing information which is observable over"
Influxdata_Inc-InfluxData.cdx,CVE-2024-27308,NVD,CRITICAL,9.1,"Mio is a Metal I/O library for Rust. When using named pipes on Windows, mio will under some circumstances return invalid tokens that correspond to named pipes that have already been deregistered from "
Ionic-Ionic_Framework.cdx,CVE-2023-26364,NVD,MEDIUM,5.3,@adobe/css-tools version 4.3.0 and earlier are affected by an Improper Input Validation vulnerability that could result in a minor denial of service while attempting to parse CSS. Exploitation of this
Ionic-Ionic_Framework.cdx,CVE-2023-48631,NVD,HIGH,7.5,@adobe/css-tools versions 4.3.1 and earlier are affected by an Improper Input Validation vulnerability that could result in a denial of service while attempting to parse CSS.
Ionic-Ionic_Framework.cdx,CVE-2025-66412,NVD,HIGH,5.4,"Angular is a development platform for building mobile and desktop web applications using TypeScript/JavaScript and other languages. Prior to 21.0.2, 20.3.15, and 19.2.17, A Stored Cross-Site Scripting"
Ionic-Ionic_Framework.cdx,CVE-2026-27970,NVD,HIGH,6.1,"Angular is a development platform for building mobile and desktop web applications using TypeScript/JavaScript and other languages. Versions prior to 21.2.0, 21.1.16, 20.3.17, and 19.2.19 have a cross"
Ionic-Ionic_Framework.cdx,CVE-2026-22610,NVD,HIGH,6.1,"Angular is a development platform for building mobile and desktop web applications using TypeScript/JavaScript and other languages. Prior to versions 19.2.18, 20.3.16, 21.0.7, and 21.1.0-rc.0, a cross"
Ionic-Ionic_Framework.cdx,CVE-2025-66412,NVD,HIGH,5.4,"Angular is a development platform for building mobile and desktop web applications using TypeScript/JavaScript and other languages. Prior to 21.0.2, 20.3.15, and 19.2.17, A Stored Cross-Site Scripting"
Ionic-Ionic_Framework.cdx,CVE-2026-27970,NVD,HIGH,6.1,"Angular is a development platform for building mobile and desktop web applications using TypeScript/JavaScript and other languages. Versions prior to 21.2.0, 21.1.16, 20.3.17, and 19.2.19 have a cross"
Ionic-Ionic_Framework.cdx,CVE-2026-22610,NVD,HIGH,6.1,"Angular is a development platform for building mobile and desktop web applications using TypeScript/JavaScript and other languages. Prior to versions 19.2.18, 20.3.16, 21.0.7, and 21.1.0-rc.0, a cross"
Ionic-Ionic_Framework.cdx,CVE-2025-66412,NVD,HIGH,5.4,"Angular is a development platform for building mobile and desktop web applications using TypeScript/JavaScript and other languages. Prior to 21.0.2, 20.3.15, and 19.2.17, A Stored Cross-Site Scripting"
Ionic-Ionic_Framework.cdx,CVE-2026-27970,NVD,HIGH,6.1,"Angular is a development platform for building mobile and desktop web applications using TypeScript/JavaScript and other languages. Versions prior to 21.2.0, 21.1.16, 20.3.17, and 19.2.19 have a cross"
Ionic-Ionic_Framework.cdx,CVE-2026-22610,NVD,HIGH,6.1,"Angular is a development platform for building mobile and desktop web applications using TypeScript/JavaScript and other languages. Prior to versions 19.2.18, 20.3.16, 21.0.7, and 21.1.0-rc.0, a cross"
Ionic-Ionic_Framework.cdx,CVE-2025-66412,NVD,HIGH,5.4,"Angular is a development platform for building mobile and desktop web applications using TypeScript/JavaScript and other languages. Prior to 21.0.2, 20.3.15, and 19.2.17, A Stored Cross-Site Scripting"
Ionic-Ionic_Framework.cdx,CVE-2026-27970,NVD,HIGH,6.1,"Angular is a development platform for building mobile and desktop web applications using TypeScript/JavaScript and other languages. Versions prior to 21.2.0, 21.1.16, 20.3.17, and 19.2.19 have a cross"
Ionic-Ionic_Framework.cdx,CVE-2026-22610,NVD,HIGH,6.1,"Angular is a development platform for building mobile and desktop web applications using TypeScript/JavaScript and other languages. Prior to versions 19.2.18, 20.3.16, 21.0.7, and 21.1.0-rc.0, a cross"
Ionic-Ionic_Framework.cdx,CVE-2025-66412,NVD,HIGH,5.4,"Angular is a development platform for building mobile and desktop web applications using TypeScript/JavaScript and other languages. Prior to 21.0.2, 20.3.15, and 19.2.17, A Stored Cross-Site Scripting"
Ionic-Ionic_Framework.cdx,CVE-2026-27970,NVD,HIGH,6.1,"Angular is a development platform for building mobile and desktop web applications using TypeScript/JavaScript and other languages. Versions prior to 21.2.0, 21.1.16, 20.3.17, and 19.2.19 have a cross"
Ionic-Ionic_Framework.cdx,CVE-2026-22610,NVD,HIGH,6.1,"Angular is a development platform for building mobile and desktop web applications using TypeScript/JavaScript and other languages. Prior to versions 19.2.18, 20.3.16, 21.0.7, and 21.1.0-rc.0, a cross"
Ionic-Ionic_Framework.cdx,CVE-2024-45590,NVD,HIGH,7.5,body-parser is Node.js body parsing middleware. body-parser <1.20.3 is vulnerable to denial of service when url encoding is enabled. A malicious actor using a specially crafted payload could flood the
Ionic-Ionic_Framework.cdx,CVE-2024-45590,NVD,HIGH,7.5,body-parser is Node.js body parsing middleware. body-parser <1.20.3 is vulnerable to denial of service when url encoding is enabled. A malicious actor using a specially crafted payload could flood the
Ionic-Ionic_Framework.cdx,CVE-2024-45590,NVD,HIGH,7.5,body-parser is Node.js body parsing middleware. body-parser <1.20.3 is vulnerable to denial of service when url encoding is enabled. A malicious actor using a specially crafted payload could flood the
Ionic-Ionic_Framework.cdx,CVE-2024-43796,NVD,MEDIUM,4.7,"Express.js minimalist web framework for node. In express < 4.20.0, passing untrusted user input - even after sanitizing it - to response.redirect() may execute untrusted code. This issue is patched in"
Ionic-Ionic_Framework.cdx,CVE-2024-43796,NVD,MEDIUM,4.7,"Express.js minimalist web framework for node. In express < 4.20.0, passing untrusted user input - even after sanitizing it - to response.redirect() may execute untrusted code. This issue is patched in"
Ionic-Ionic_Framework.cdx,CVE-2024-29041,NVD,MEDIUM,6.1,Express.js minimalist web framework for node. Versions of Express.js prior to 4.19.0 and all pre-release alpha and beta versions of 5.0 are affected by an open redirect vulnerability using malformed U
Ionic-Ionic_Framework.cdx,CVE-2024-43796,NVD,MEDIUM,4.7,"Express.js minimalist web framework for node. In express < 4.20.0, passing untrusted user input - even after sanitizing it - to response.redirect() may execute untrusted code. This issue is patched in"
Ionic-Ionic_Framework.cdx,CVE-2024-29041,NVD,MEDIUM,6.1,Express.js minimalist web framework for node. Versions of Express.js prior to 4.19.0 and all pre-release alpha and beta versions of 5.0 are affected by an open redirect vulnerability using malformed U
Ionic-Ionic_Framework.cdx,CVE-2023-26159,NVD,MEDIUM,6.1,"Versions of the package follow-redirects before 1.15.4 are vulnerable to Improper Input Validation due to the improper handling of URLs by the url.parse() function. When new URL() throws an error, it "
Ionic-Ionic_Framework.cdx,CVE-2022-37620,NVD,HIGH,7.5,A Regular Expression Denial of Service (ReDoS) flaw was found in kangax html-minifier 4.0.0 because of the reCustomIgnore regular expression.
Ionic-Ionic_Framework.cdx,CVE-2022-46175,NVD,HIGH,8.8,JSON5 is an extension to the popular JSON file format that aims to be easier to write and maintain by hand (e.g. for config files). The `parse` method of the JSON5 library before and including version
Ionic-Ionic_Framework.cdx,CVE-2022-46175,NVD,HIGH,8.8,JSON5 is an extension to the popular JSON file format that aims to be easier to write and maintain by hand (e.g. for config files). The `parse` method of the JSON5 library before and including version
Ionic-Ionic_Framework.cdx,CVE-2025-13465,NVD,MEDIUM,5.3,Lodash versions 4.0.0 through 4.17.22 are vulnerable to prototype pollution in the _.unset and _.omit functions. An attacker can pass crafted paths which cause Lodash to delete methods from global pro
Ionic-Ionic_Framework.cdx,CVE-2026-26996,NVD,HIGH,7.5,minimatch is a minimal matching utility for converting glob expressions into JavaScript RegExp objects. Versions 10.2.0 and below are vulnerable to Regular Expression Denial of Service (ReDoS) when a 
Ionic-Ionic_Framework.cdx,CVE-2026-27904,NVD,HIGH,7.5,"minimatch is a minimal matching utility for converting glob expressions into JavaScript RegExp objects. Prior to version 10.2.3, 9.0.7, 8.0.6, 7.4.8, 6.2.2, 5.1.8, 4.2.5, and 3.1.4, nested `*()` extgl"
Ionic-Ionic_Framework.cdx,CVE-2026-27903,NVD,HIGH,7.5,"minimatch is a minimal matching utility for converting glob expressions into JavaScript RegExp objects. Prior to version 10.2.3, 9.0.7, 8.0.6, 7.4.8, 6.2.2, 5.1.8, 4.2.5, and 3.1.3, `matchOne()` perfo"
Ionic-Ionic_Framework.cdx,CVE-2026-26996,NVD,HIGH,7.5,minimatch is a minimal matching utility for converting glob expressions into JavaScript RegExp objects. Versions 10.2.0 and below are vulnerable to Regular Expression Denial of Service (ReDoS) when a 
Ionic-Ionic_Framework.cdx,CVE-2026-27904,NVD,HIGH,7.5,"minimatch is a minimal matching utility for converting glob expressions into JavaScript RegExp objects. Prior to version 10.2.3, 9.0.7, 8.0.6, 7.4.8, 6.2.2, 5.1.8, 4.2.5, and 3.1.4, nested `*()` extgl"
Ionic-Ionic_Framework.cdx,CVE-2026-27903,NVD,HIGH,7.5,"minimatch is a minimal matching utility for converting glob expressions into JavaScript RegExp objects. Prior to version 10.2.3, 9.0.7, 8.0.6, 7.4.8, 6.2.2, 5.1.8, 4.2.5, and 3.1.3, `matchOne()` perfo"
Ionic-Ionic_Framework.cdx,CVE-2026-26996,NVD,HIGH,7.5,minimatch is a minimal matching utility for converting glob expressions into JavaScript RegExp objects. Versions 10.2.0 and below are vulnerable to Regular Expression Denial of Service (ReDoS) when a 
Ionic-Ionic_Framework.cdx,CVE-2026-27904,NVD,HIGH,7.5,"minimatch is a minimal matching utility for converting glob expressions into JavaScript RegExp objects. Prior to version 10.2.3, 9.0.7, 8.0.6, 7.4.8, 6.2.2, 5.1.8, 4.2.5, and 3.1.4, nested `*()` extgl"
Ionic-Ionic_Framework.cdx,CVE-2026-27903,NVD,HIGH,7.5,"minimatch is a minimal matching utility for converting glob expressions into JavaScript RegExp objects. Prior to version 10.2.3, 9.0.7, 8.0.6, 7.4.8, 6.2.2, 5.1.8, 4.2.5, and 3.1.3, `matchOne()` perfo"
Ionic-Ionic_Framework.cdx,CVE-2026-26996,NVD,HIGH,7.5,minimatch is a minimal matching utility for converting glob expressions into JavaScript RegExp objects. Versions 10.2.0 and below are vulnerable to Regular Expression Denial of Service (ReDoS) when a 
Ionic-Ionic_Framework.cdx,CVE-2026-27904,NVD,HIGH,7.5,"minimatch is a minimal matching utility for converting glob expressions into JavaScript RegExp objects. Prior to version 10.2.3, 9.0.7, 8.0.6, 7.4.8, 6.2.2, 5.1.8, 4.2.5, and 3.1.4, nested `*()` extgl"
Ionic-Ionic_Framework.cdx,CVE-2022-3517,NVD,HIGH,7.5,"A vulnerability was found in the minimatch package. This flaw allows a Regular Expression Denial of Service (ReDoS) when calling the braceExpand function with specific arguments, resulting in a Denial"
Ionic-Ionic_Framework.cdx,CVE-2026-27903,NVD,HIGH,7.5,"minimatch is a minimal matching utility for converting glob expressions into JavaScript RegExp objects. Prior to version 10.2.3, 9.0.7, 8.0.6, 7.4.8, 6.2.2, 5.1.8, 4.2.5, and 3.1.3, `matchOne()` perfo"
Ionic-Ionic_Framework.cdx,CVE-2026-26996,NVD,HIGH,7.5,minimatch is a minimal matching utility for converting glob expressions into JavaScript RegExp objects. Versions 10.2.0 and below are vulnerable to Regular Expression Denial of Service (ReDoS) when a 
Ionic-Ionic_Framework.cdx,CVE-2026-27904,NVD,HIGH,7.5,"minimatch is a minimal matching utility for converting glob expressions into JavaScript RegExp objects. Prior to version 10.2.3, 9.0.7, 8.0.6, 7.4.8, 6.2.2, 5.1.8, 4.2.5, and 3.1.4, nested `*()` extgl"
Ionic-Ionic_Framework.cdx,CVE-2026-27903,NVD,HIGH,7.5,"minimatch is a minimal matching utility for converting glob expressions into JavaScript RegExp objects. Prior to version 10.2.3, 9.0.7, 8.0.6, 7.4.8, 6.2.2, 5.1.8, 4.2.5, and 3.1.3, `matchOne()` perfo"
Ionic-Ionic_Framework.cdx,CVE-2025-66030,NVD,MEDIUM,5.3,"Forge (also called `node-forge`) is a native implementation of Transport Layer Security in JavaScript. An Integer Overflow vulnerability in node-forge versions 1.3.1 and below enables remote, unauthen"
Ionic-Ionic_Framework.cdx,CVE-2025-66031,NVD,HIGH,7.5,"Forge (also called `node-forge`) is a native implementation of Transport Layer Security in JavaScript. An Uncontrolled Recursion vulnerability in node-forge versions 1.3.1 and below enables remote, un"
Ionic-Ionic_Framework.cdx,CVE-2025-12816,NVD,HIGH,8.6,"An interpretation-conflict (CWE-436) vulnerability in node-forge versions 1.3.1 and earlier enables unauthenticated attackers to craft ASN.1 structures to desynchronize schema validations, yielding a "
Ionic-Ionic_Framework.cdx,CVE-2023-44270,NVD,MEDIUM,5.3,An issue was discovered in PostCSS before 8.4.31. The vulnerability affects linters using PostCSS to parse external untrusted CSS. An attacker can prepare CSS in such a way that it will contains parts
Ionic-Ionic_Framework.cdx,CVE-2023-44270,NVD,MEDIUM,5.3,An issue was discovered in PostCSS before 8.4.31. The vulnerability affects linters using PostCSS to parse external untrusted CSS. An attacker can prepare CSS in such a way that it will contains parts
Ionic-Ionic_Framework.cdx,CVE-2023-44270,NVD,MEDIUM,5.3,An issue was discovered in PostCSS before 8.4.31. The vulnerability affects linters using PostCSS to parse external untrusted CSS. An attacker can prepare CSS in such a way that it will contains parts
Ionic-Ionic_Framework.cdx,CVE-2025-15284,NVD,MEDIUM,3.7,"Improper Input Validation vulnerability in qs (parse modules) allows HTTP DoS.This issue affects qs: < 6.14.1.


Summary

The arrayLimit option in qs did not enforce limits for bracket notation (a[]=1"
Ionic-Ionic_Framework.cdx,CVE-2026-2391,NVD,MEDIUM,7.5,"### Summary
The `arrayLimit` option in qs does not enforce limits for comma-separated values when `comma: true` is enabled, allowing attackers to cause denial-of-service via memory exhaustion. This is"
Ionic-Ionic_Framework.cdx,CVE-2025-15284,NVD,MEDIUM,3.7,"Improper Input Validation vulnerability in qs (parse modules) allows HTTP DoS.This issue affects qs: < 6.14.1.


Summary

The arrayLimit option in qs did not enforce limits for bracket notation (a[]=1"
Ionic-Ionic_Framework.cdx,CVE-2026-2391,NVD,MEDIUM,7.5,"### Summary
The `arrayLimit` option in qs does not enforce limits for comma-separated values when `comma: true` is enabled, allowing attackers to cause denial-of-service via memory exhaustion. This is"
Ionic-Ionic_Framework.cdx,CVE-2025-15284,NVD,MEDIUM,3.7,"Improper Input Validation vulnerability in qs (parse modules) allows HTTP DoS.This issue affects qs: < 6.14.1.


Summary

The arrayLimit option in qs did not enforce limits for bracket notation (a[]=1"
Ionic-Ionic_Framework.cdx,CVE-2026-2391,NVD,MEDIUM,7.5,"### Summary
The `arrayLimit` option in qs does not enforce limits for comma-separated values when `comma: true` is enabled, allowing attackers to cause denial-of-service via memory exhaustion. This is"
Ionic-Ionic_Framework.cdx,CVE-2022-25883,NVD,HIGH,7.5,"Versions of the package semver before 7.5.2 are vulnerable to Regular Expression Denial of Service (ReDoS) via the function new Range, when untrusted user data is provided as a range."
Ionic-Ionic_Framework.cdx,CVE-2022-25883,NVD,HIGH,7.5,"Versions of the package semver before 7.5.2 are vulnerable to Regular Expression Denial of Service (ReDoS) via the function new Range, when untrusted user data is provided as a range."
Ionic-Ionic_Framework.cdx,CVE-2022-25883,NVD,HIGH,7.5,"Versions of the package semver before 7.5.2 are vulnerable to Regular Expression Denial of Service (ReDoS) via the function new Range, when untrusted user data is provided as a range."
Ionic-Ionic_Framework.cdx,CVE-2024-43799,NVD,MEDIUM,4.7,Send is a library for streaming files from the file system as a http response. Send passes untrusted user input to SendStream.redirect() which executes untrusted code. This issue is patched in send 0.
Ionic-Ionic_Framework.cdx,CVE-2026-29074,NVD,HIGH,7.5,"SVGO, short for SVG Optimizer, is a Node.js library and command-line application for optimizing SVG files. From version 2.1.0 to before version 2.8.1, from version 3.0.0 to before version 3.3.3, and b"
Ionic-Ionic_Framework.cdx,CVE-2022-25858,NVD,HIGH,7.5,"The package terser before 4.8.1, from 5.0.0 and before 5.14.2 are vulnerable to Regular Expression Denial of Service (ReDoS) due to insecure usage of regular expressions."
Ionic-Ionic_Framework.cdx,CVE-2022-25858,NVD,HIGH,7.5,"The package terser before 4.8.1, from 5.0.0 and before 5.14.2 are vulnerable to Regular Expression Denial of Service (ReDoS) due to insecure usage of regular expressions."
Ionic-Ionic_Framework.cdx,CVE-2025-68157,NVD,LOW,3.7,"Webpack is a module bundler. From version 5.49.0 to before 5.104.0, when experiments.buildHttp is enabled, webpack’s HTTP(S) resolver (HttpUriPlugin) enforces allowedUris only for the initial URL, but"
Ionic-Ionic_Framework.cdx,CVE-2025-68458,NVD,LOW,3.7,"Webpack is a module bundler. From version 5.49.0 to before 5.104.1, when experiments.buildHttp is enabled, webpack’s HTTP(S) resolver (HttpUriPlugin) can be bypassed to fetch resources from hosts outs"
Ionic-Ionic_Framework.cdx,CVE-2024-43788,NVD,MEDIUM,6.1,"Webpack is a module bundler. Its main purpose is to bundle JavaScript files for usage in a browser, yet it is also capable of transforming, bundling, or packaging just about any resource or asset. The"
Ionic-Ionic_Framework.cdx,CVE-2023-28154,NVD,CRITICAL,9.8,Webpack 5 before 5.76.0 does not avoid cross-realm object access. ImportParserPlugin.js mishandles the magic comment feature. An attacker who controls a property of an untrusted object can obtain acce
Ionic-Ionic_Framework.cdx,CVE-2023-26115,NVD,HIGH,7.5,All versions of the package word-wrap are vulnerable to Regular Expression Denial of Service (ReDoS) due to the usage of an insecure regular expression within the result variable.
Jahia-Jahia.cdx,CVE-2022-38778,NVD,MEDIUM,6.5,"A flaw (CVE-2022-38900) was discovered in one of Kibana’s third party dependencies, that could allow an authenticated user to perform a request that crashes the Kibana server process."
Jahia-Jahia.cdx,CVE-2022-38900,NVD,HIGH,7.5,decode-uri-component 0.2.0 is vulnerable to Improper Input Validation resulting in DoS.
Jahia-Jahia.cdx,CVE-2022-46337,NVD,CRITICAL,9.8,"A cleverly devised username might bypass LDAP authentication checks. In 
LDAP-authenticated Derby installations, this could let an attacker fill 
up the disk by creating junk Derby databases. In LDAP-"
Jahia-Jahia.cdx,CVE-2024-27088,NVD,MEDIUM,5.5,es5-ext contains ECMAScript 5 extensions. Passing functions with very long names or complex default argument names into `function#copy` or `function#toStringTokens` may cause the script to stall. The 
Jahia-Jahia.cdx,CVE-2025-13465,NVD,MEDIUM,5.3,Lodash versions 4.0.0 through 4.17.22 are vulnerable to prototype pollution in the _.unset and _.omit functions. An attacker can pass crafted paths which cause Lodash to delete methods from global pro
Jahia-Jahia.cdx,CVE-2026-26996,NVD,HIGH,7.5,minimatch is a minimal matching utility for converting glob expressions into JavaScript RegExp objects. Versions 10.2.0 and below are vulnerable to Regular Expression Denial of Service (ReDoS) when a 
Jahia-Jahia.cdx,CVE-2026-27904,NVD,HIGH,7.5,"minimatch is a minimal matching utility for converting glob expressions into JavaScript RegExp objects. Prior to version 10.2.3, 9.0.7, 8.0.6, 7.4.8, 6.2.2, 5.1.8, 4.2.5, and 3.1.4, nested `*()` extgl"
Jahia-Jahia.cdx,CVE-2026-27903,NVD,HIGH,7.5,"minimatch is a minimal matching utility for converting glob expressions into JavaScript RegExp objects. Prior to version 10.2.3, 9.0.7, 8.0.6, 7.4.8, 6.2.2, 5.1.8, 4.2.5, and 3.1.3, `matchOne()` perfo"
Jahia-Jahia.cdx,CVE-2022-25883,NVD,HIGH,7.5,"Versions of the package semver before 7.5.2 are vulnerable to Regular Expression Denial of Service (ReDoS) via the function new Range, when untrusted user data is provided as a range."
Jahia-Jahia.cdx,CVE-2026-27601,NVD,HIGH,7.5,"Underscore.js is a utility-belt library for JavaScript. Prior to 1.13.8, the _.flatten and _.isEqual functions use recursion without a depth limit. Under very specific conditions, detailed below, an a"
Jahia-Jahia.cdx,CVE-2025-12758,NVD,HIGH,7.5,Versions of the package validator before 13.15.22 are vulnerable to Incomplete Filtering of One or More Instances of Special Elements in the isLength() function that does not take into account Unicode
Jahia-Jahia.cdx,CVE-2023-26115,NVD,HIGH,7.5,All versions of the package word-wrap are vulnerable to Regular Expression Denial of Service (ReDoS) due to the usage of an insecure regular expression within the result variable.
Jenkins-Jenkins.cdx,CVE-2020-2239,NVD,MEDIUM,4.3,Jenkins Parameterized Remote Trigger Plugin 3.1.3 and earlier stores a secret unencrypted in its global configuration file on the Jenkins controller where it can be viewed by attackers with access to 
Jenkins-Jenkins.cdx,CVE-2019-10432,NVD,MEDIUM,5.4,"Jenkins HTML Publisher Plugin 1.20 and earlier did not escape the project and build display names in the HTML report frame, resulting in a cross-site scripting vulnerability exploitable by users able "
Jenkins-Jenkins.cdx,CVE-2018-1000175,NVD,MEDIUM,6.5,A path traversal vulnerability exists in Jenkins HTML Publisher Plugin 1.15 and older in HtmlPublisherTarget.java that allows attackers able to configure the HTML Publisher build step to override arbi
Jenkins-Jenkins.cdx,CVE-2024-28151,NVD,MEDIUM,4.3,"Jenkins HTML Publisher Plugin 1.32 and earlier archives invalid symbolic links in report directories on agents and recreates them on the controller, allowing attackers with Item/Configure permission t"
Jenkins-Jenkins.cdx,CVE-2024-28150,NVD,MEDIUM,4.7,"Jenkins HTML Publisher Plugin 1.32 and earlier does not escape job names, report names, and index page titles shown as part of the report frame, resulting in a stored cross-site scripting (XSS) vulner"
Jenkins-Jenkins.cdx,CVE-2025-53651,NVD,MEDIUM,6.3,"Jenkins HTML Publisher Plugin 425 and earlier displays log messages that include the absolute paths of files archived during the Publish HTML reports post-build step, exposing information about the Je"
Jenkins-Jenkins.cdx,CVE-2023-50572,NVD,MEDIUM,5.5,An issue in the component GroovyEngine.execute of jline-groovy v3.24.1 allows attackers to cause an OOM (OutofMemory) error.
Jenkins-Jenkins.cdx,CVE-2019-10337,NVD,HIGH,7.5,"An XML external entities (XXE) vulnerability in Jenkins Token Macro Plugin 2.7 and earlier allowed attackers able to control a the content of the input file for the ""XML"" macro to have Jenkins resolve"
Jenkins-Jenkins.cdx,CVE-2019-1003011,NVD,HIGH,8.1,"An information exposure and denial of service vulnerability exists in Jenkins Token Macro Plugin 2.5 and earlier in src/main/java/org/jenkinsci/plugins/tokenmacro/Parser.java, src/main/java/org/jenkin"
Jetpack-JetPack.cdx,CVE-2022-37620,NVD,HIGH,7.5,A Regular Expression Denial of Service (ReDoS) flaw was found in kangax html-minifier 4.0.0 because of the reCustomIgnore regular expression.
Joomla-Joomla.cdx,CVE-2007-5457,NVD,MEDIUM,,Multiple PHP remote file inclusion vulnerabilities in Michael Dempfle Joomla Flash Uploader (com_jfu or com_joomla_flash_uploader) 2.5.1 component for Joomla! allow remote attackers to execute arbitra
Joomla-Joomla.cdx,CVE-2007-5362,NVD,MEDIUM,,Multiple PHP remote file inclusion vulnerabilities in the Avant-Garde Solutions MOSMedia Lite (com_mosmedia) 4.5.1 component for Mambo and Joomla! allow remote attackers to execute arbitrary PHP code 
Joomla-Joomla.cdx,CVE-2007-5451,NVD,MEDIUM,,PHP remote file inclusion vulnerability in admin.color.php in the com_colorlab (aka com_color) 1.0 component for Joomla! allows remote attackers to execute arbitrary PHP code via a URL in the mosConfi
Joomla-Joomla.cdx,CVE-2007-5363,NVD,MEDIUM,,PHP remote file inclusion vulnerability in admin.panoramic.php in the Panoramic Picture Viewer (com_panoramic) mambot (plugin) 1.0 for Joomla! allows remote attackers to execute arbitrary PHP code via
Joomla-Joomla.cdx,CVE-2007-5309,NVD,MEDIUM,,PHP remote file inclusion vulnerability in admin.wmtgallery.php in the webmaster-tips.net Flash Image Gallery (com_wmtgallery) 1.0 component for Joomla! allows remote attackers to execute arbitrary PH
Joomla-Joomla.cdx,CVE-2007-5310,NVD,MEDIUM,,PHP remote file inclusion vulnerability in admin.wmtportfolio.php in the webmaster-tips.net wmtportfolio 1.0 (com_wmtportfolio) component for Joomla! allows remote attackers to execute arbitrary PHP c
Joomla-Joomla.cdx,CVE-2007-5410,NVD,MEDIUM,,PHP remote file inclusion vulnerability in admin.wmtrssreader.php in the webmaster-tips.net Flash RSS Reader (com_wmtrssreader) 1.0 component for Joomla! allows remote attackers to execute arbitrary P
Joomla-Joomla.cdx,CVE-2007-5389,NVD,MEDIUM,,PHP remote file inclusion vulnerability in preview.php in the swMenuFree (com_swmenufree) 4.6 component for Joomla! allows remote attackers to execute arbitrary PHP code via a URL in the mosConfig_abs
Joomla-Joomla.cdx,CVE-2008-2633,NVD,HIGH,,Multiple SQL injection vulnerabilities in the EXP JoomRadio (com_joomradio) component 1.0 for Joomla! allow remote attackers to execute arbitrary SQL commands via the id parameter in a (1) show_radio 
Joomla-Joomla.cdx,CVE-2008-0561,NVD,HIGH,,SQL injection vulnerability in index.php in the Arthur Konze AkoGallery (com_akogallery) 2.5 beta component for Mambo and Joomla! allows remote attackers to execute arbitrary SQL commands via the id p
Joomla-Joomla.cdx,CVE-2008-0517,NVD,HIGH,,SQL injection vulnerability in index.php in the Darko Selesi EstateAgent (com_estateagent) 0.1 component for Mambo 4.5.x and Joomla! allows remote attackers to execute arbitrary SQL commands via the o
Joomla-Joomla.cdx,CVE-2008-0829,NVD,HIGH,,SQL injection vulnerability in jooget.php in the Joomlapixel Jooget! (com_jooget) 2.6.8 component for Joomla! and Mambo allows remote attackers to execute arbitrary SQL commands via the id parameter i
Joomla-Joomla.cdx,CVE-2008-2564,NVD,HIGH,,SQL injection vulnerability in the JotLoader (com_jotloader) component 1.2.1.a and earlier for Joomla! allows remote attackers to execute arbitrary SQL commands via the cid parameter to index.php.
Joomla-Joomla.cdx,CVE-2008-2568,NVD,HIGH,,SQL injection vulnerability in the Simple Shop Galore (com_simpleshop) component 3.4 and earlier for Joomla! allows remote attackers to execute arbitrary SQL commands via the catid parameter in a brow
Joomla-Joomla.cdx,CVE-2008-2632,NVD,HIGH,,SQL injection vulnerability in the acctexp (com_acctexp) component 0.12.x and earlier for Joomla! allows remote attackers to execute arbitrary SQL commands via the usage parameter in a subscribe actio
Joomla-Joomla.cdx,CVE-2008-2676,NVD,HIGH,,SQL injection vulnerability in the iJoomla News Portal (com_news_portal) component 1.0 and earlier for Joomla! allows remote attackers to execute arbitrary SQL commands via the Itemid parameter to ind
Joomla-Joomla.cdx,CVE-2007-5065,NVD,HIGH,,PHP remote file inclusion vulnerability in admin.slideshow1.php in the Flash Slide Show (com_slideshow) component for Joomla! allows remote attackers to execute arbitrary PHP code via a URL in the mos
Joomla-Joomla.cdx,CVE-2008-2990,NVD,HIGH,,PHP remote file inclusion vulnerability in facileforms.frame.php in the FacileForms (com_facileforms) component 1.4.4 for Mambo and Joomla! allows remote attackers to execute arbitrary PHP code via a 
Kubernetes-k8s.cdx,CVE-2024-3566,NVD,CRITICAL,9.8,A command inject vulnerability allows an attacker to perform command injection on Windows applications that indirectly depend on the CreateProcess function when the specific conditions are satisfied.
Kubernetes-k8s.cdx,CVE-2025-68121,NVD,CRITICAL,10.0,"During session resumption in crypto/tls, if the underlying Config has its ClientCAs or RootCAs fields mutated between the initial handshake and the resumed handshake, the resumed handshake may succeed"
Kubernetes-k8s.cdx,CVE-2021-22570,NVD,MEDIUM,5.5,"Nullptr dereference when a null char is present in a proto symbol. The symbol is parsed incorrectly, leading to an unchecked call into the proto file's name during generation of the resulting error me"
Kubernetes-k8s.cdx,CVE-2015-5237,NVD,HIGH,8.8,protobuf allows remote authenticated attackers to cause a heap-based buffer overflow.
Kubernetes-k8s.cdx,CVE-2024-7254,NVD,HIGH,7.5,Any project that parses untrusted Protocol Buffers data containing an arbitrary number of nested groups / series of SGROUP tags can corrupted by exceeding the stack limit i.e. StackOverflow. Parsing n
Kubernetes-k8s.cdx,CVE-2021-22570,NVD,MEDIUM,5.5,"Nullptr dereference when a null char is present in a proto symbol. The symbol is parsed incorrectly, leading to an unchecked call into the proto file's name during generation of the resulting error me"
Kubernetes-k8s.cdx,CVE-2015-5237,NVD,HIGH,8.8,protobuf allows remote authenticated attackers to cause a heap-based buffer overflow.
Kubernetes-k8s.cdx,CVE-2024-7254,NVD,HIGH,7.5,Any project that parses untrusted Protocol Buffers data containing an arbitrary number of nested groups / series of SGROUP tags can corrupted by exceeding the stack limit i.e. StackOverflow. Parsing n
Kubernetes-k8s.cdx,CVE-2021-22570,NVD,MEDIUM,5.5,"Nullptr dereference when a null char is present in a proto symbol. The symbol is parsed incorrectly, leading to an unchecked call into the proto file's name during generation of the resulting error me"
Kubernetes-k8s.cdx,CVE-2015-5237,NVD,HIGH,8.8,protobuf allows remote authenticated attackers to cause a heap-based buffer overflow.
Kubernetes-k8s.cdx,CVE-2024-7254,NVD,HIGH,7.5,Any project that parses untrusted Protocol Buffers data containing an arbitrary number of nested groups / series of SGROUP tags can corrupted by exceeding the stack limit i.e. StackOverflow. Parsing n
Less-Less.cdx,CVE-2020-10517,NVD,MEDIUM,4.3,An improper access control vulnerability was identified in GitHub Enterprise Server that allowed authenticated users of the instance to determine the names of unauthorized private repositories given t
Less-Less.cdx,CVE-2012-2055,NVD,HIGH,7.5,"GitHub Enterprise before 20120304 does not properly restrict the use of a hash to provide values for a model's attributes, which allows remote attackers to set the public_key[user_id] value via a modi"
Less-Less.cdx,CVE-2020-10518,NVD,HIGH,8.8,A remote code execution vulnerability was identified in GitHub Enterprise Server that could be exploited when building a GitHub Pages site. User-controlled configuration of the underlying parsers used
Less-Less.cdx,CVE-2020-10519,NVD,HIGH,8.8,A remote code execution vulnerability was identified in GitHub Enterprise Server that could be exploited when building a GitHub Pages site. User-controlled configuration of the underlying parsers used
Less-Less.cdx,CVE-2019-1010266,NVD,MEDIUM,6.5,lodash prior to 4.17.11 is affected by: CWE-400: Uncontrolled Resource Consumption. The impact is: Denial of service. The component is: Date handler. The attack vector is: Attacker provides very long 
Less-Less.cdx,CVE-2018-3721,NVD,MEDIUM,6.5,"lodash node module before 4.17.5 suffers from a Modification of Assumed-Immutable Data (MAID) vulnerability via defaultsDeep, merge, and mergeWith functions, which allows a malicious user to modify th"
Less-Less.cdx,CVE-2020-28500,NVD,MEDIUM,5.3,"Lodash versions prior to 4.17.21 are vulnerable to Regular Expression Denial of Service (ReDoS) via the toNumber, trim and trimEnd functions."
Less-Less.cdx,CVE-2020-8203,NVD,HIGH,7.4,Prototype pollution attack when using _.zipObjectDeep in lodash before 4.17.20.
Less-Less.cdx,CVE-2019-10744,NVD,CRITICAL,9.1,Versions of lodash lower than 4.17.12 are vulnerable to Prototype Pollution. The function defaultsDeep could be tricked into adding or modifying properties of Object.prototype using a constructor payl
Less-Less.cdx,CVE-2021-23337,NVD,HIGH,7.2,Lodash versions prior to 4.17.21 are vulnerable to Command Injection via the template function.
Less-Less.cdx,CVE-2018-16487,NVD,MEDIUM,5.6,"A prototype pollution vulnerability was found in lodash <4.17.11 where the functions merge, mergeWith, and defaultsDeep can be tricked into adding or modifying properties of Object.prototype."
Less-Less.cdx,CVE-2019-1010266,NVD,MEDIUM,6.5,lodash prior to 4.17.11 is affected by: CWE-400: Uncontrolled Resource Consumption. The impact is: Denial of service. The component is: Date handler. The attack vector is: Attacker provides very long 
Less-Less.cdx,CVE-2018-3721,NVD,MEDIUM,6.5,"lodash node module before 4.17.5 suffers from a Modification of Assumed-Immutable Data (MAID) vulnerability via defaultsDeep, merge, and mergeWith functions, which allows a malicious user to modify th"
Less-Less.cdx,CVE-2020-28500,NVD,MEDIUM,5.3,"Lodash versions prior to 4.17.21 are vulnerable to Regular Expression Denial of Service (ReDoS) via the toNumber, trim and trimEnd functions."
Less-Less.cdx,CVE-2020-8203,NVD,HIGH,7.4,Prototype pollution attack when using _.zipObjectDeep in lodash before 4.17.20.
Less-Less.cdx,CVE-2019-10744,NVD,CRITICAL,9.1,Versions of lodash lower than 4.17.12 are vulnerable to Prototype Pollution. The function defaultsDeep could be tricked into adding or modifying properties of Object.prototype using a constructor payl
Less-Less.cdx,CVE-2021-23337,NVD,HIGH,7.2,Lodash versions prior to 4.17.21 are vulnerable to Command Injection via the template function.
Less-Less.cdx,CVE-2018-16487,NVD,MEDIUM,5.6,"A prototype pollution vulnerability was found in lodash <4.17.11 where the functions merge, mergeWith, and defaultsDeep can be tricked into adding or modifying properties of Object.prototype."
Less-Less.cdx,CVE-2025-13465,NVD,MEDIUM,5.3,Lodash versions 4.0.0 through 4.17.22 are vulnerable to prototype pollution in the _.unset and _.omit functions. An attacker can pass crafted paths which cause Lodash to delete methods from global pro
Less-Less.cdx,CVE-2017-16138,NVD,HIGH,7.5,"The mime module < 1.4.1, 2.0.1, 2.0.2 is vulnerable to regular expression denial of service when a mime lookup is performed on untrusted user input."
Less-Less.cdx,CVE-2026-26996,NVD,HIGH,7.5,minimatch is a minimal matching utility for converting glob expressions into JavaScript RegExp objects. Versions 10.2.0 and below are vulnerable to Regular Expression Denial of Service (ReDoS) when a 
Less-Less.cdx,CVE-2026-27904,NVD,HIGH,7.5,"minimatch is a minimal matching utility for converting glob expressions into JavaScript RegExp objects. Prior to version 10.2.3, 9.0.7, 8.0.6, 7.4.8, 6.2.2, 5.1.8, 4.2.5, and 3.1.4, nested `*()` extgl"
Less-Less.cdx,CVE-2026-27903,NVD,HIGH,7.5,"minimatch is a minimal matching utility for converting glob expressions into JavaScript RegExp objects. Prior to version 10.2.3, 9.0.7, 8.0.6, 7.4.8, 6.2.2, 5.1.8, 4.2.5, and 3.1.3, `matchOne()` perfo"
Less-Less.cdx,CVE-2026-26996,NVD,HIGH,7.5,minimatch is a minimal matching utility for converting glob expressions into JavaScript RegExp objects. Versions 10.2.0 and below are vulnerable to Regular Expression Denial of Service (ReDoS) when a 
Less-Less.cdx,CVE-2026-27904,NVD,HIGH,7.5,"minimatch is a minimal matching utility for converting glob expressions into JavaScript RegExp objects. Prior to version 10.2.3, 9.0.7, 8.0.6, 7.4.8, 6.2.2, 5.1.8, 4.2.5, and 3.1.4, nested `*()` extgl"
Less-Less.cdx,CVE-2026-27903,NVD,HIGH,7.5,"minimatch is a minimal matching utility for converting glob expressions into JavaScript RegExp objects. Prior to version 10.2.3, 9.0.7, 8.0.6, 7.4.8, 6.2.2, 5.1.8, 4.2.5, and 3.1.3, `matchOne()` perfo"
Less-Less.cdx,CVE-2026-26996,NVD,HIGH,7.5,minimatch is a minimal matching utility for converting glob expressions into JavaScript RegExp objects. Versions 10.2.0 and below are vulnerable to Regular Expression Denial of Service (ReDoS) when a 
Less-Less.cdx,CVE-2026-27904,NVD,HIGH,7.5,"minimatch is a minimal matching utility for converting glob expressions into JavaScript RegExp objects. Prior to version 10.2.3, 9.0.7, 8.0.6, 7.4.8, 6.2.2, 5.1.8, 4.2.5, and 3.1.4, nested `*()` extgl"
Less-Less.cdx,CVE-2026-27903,NVD,HIGH,7.5,"minimatch is a minimal matching utility for converting glob expressions into JavaScript RegExp objects. Prior to version 10.2.3, 9.0.7, 8.0.6, 7.4.8, 6.2.2, 5.1.8, 4.2.5, and 3.1.3, `matchOne()` perfo"
Less-Less.cdx,CVE-2026-26996,NVD,HIGH,7.5,minimatch is a minimal matching utility for converting glob expressions into JavaScript RegExp objects. Versions 10.2.0 and below are vulnerable to Regular Expression Denial of Service (ReDoS) when a 
Less-Less.cdx,CVE-2026-27904,NVD,HIGH,7.5,"minimatch is a minimal matching utility for converting glob expressions into JavaScript RegExp objects. Prior to version 10.2.3, 9.0.7, 8.0.6, 7.4.8, 6.2.2, 5.1.8, 4.2.5, and 3.1.4, nested `*()` extgl"
Less-Less.cdx,CVE-2022-3517,NVD,HIGH,7.5,"A vulnerability was found in the minimatch package. This flaw allows a Regular Expression Denial of Service (ReDoS) when calling the braceExpand function with specific arguments, resulting in a Denial"
Less-Less.cdx,CVE-2026-27903,NVD,HIGH,7.5,"minimatch is a minimal matching utility for converting glob expressions into JavaScript RegExp objects. Prior to version 10.2.3, 9.0.7, 8.0.6, 7.4.8, 6.2.2, 5.1.8, 4.2.5, and 3.1.3, `matchOne()` perfo"
Less-Less.cdx,CVE-2026-26996,NVD,HIGH,7.5,minimatch is a minimal matching utility for converting glob expressions into JavaScript RegExp objects. Versions 10.2.0 and below are vulnerable to Regular Expression Denial of Service (ReDoS) when a 
Less-Less.cdx,CVE-2026-27904,NVD,HIGH,7.5,"minimatch is a minimal matching utility for converting glob expressions into JavaScript RegExp objects. Prior to version 10.2.3, 9.0.7, 8.0.6, 7.4.8, 6.2.2, 5.1.8, 4.2.5, and 3.1.4, nested `*()` extgl"
Less-Less.cdx,CVE-2026-27903,NVD,HIGH,7.5,"minimatch is a minimal matching utility for converting glob expressions into JavaScript RegExp objects. Prior to version 10.2.3, 9.0.7, 8.0.6, 7.4.8, 6.2.2, 5.1.8, 4.2.5, and 3.1.3, `matchOne()` perfo"
Less-Less.cdx,CVE-2021-23490,NVD,HIGH,7.5,The package parse-link-header before 2.0.0 are vulnerable to Regular Expression Denial of Service (ReDoS) via the checkHeader function.
Less-Less.cdx,CVE-2021-23382,NVD,HIGH,7.5,The package postcss before 8.2.13 are vulnerable to Regular Expression Denial of Service (ReDoS) via getAnnotationURL() and loadAnnotation() in lib/previous-map.js. The vulnerable regexes are caused m
Less-Less.cdx,CVE-2023-44270,NVD,MEDIUM,5.3,An issue was discovered in PostCSS before 8.4.31. The vulnerability affects linters using PostCSS to parse external untrusted CSS. An attacker can prepare CSS in such a way that it will contains parts
Less-Less.cdx,CVE-2025-15284,NVD,MEDIUM,3.7,"Improper Input Validation vulnerability in qs (parse modules) allows HTTP DoS.This issue affects qs: < 6.14.1.


Summary

The arrayLimit option in qs did not enforce limits for bracket notation (a[]=1"
Less-Less.cdx,CVE-2014-10064,NVD,HIGH,7.5,The qs module before 1.0.0 does not have an option or default for specifying object depth and when parsing a string representing a deeply nested object will block the event loop for long periods of ti
Less-Less.cdx,CVE-2025-15284,NVD,MEDIUM,3.7,"Improper Input Validation vulnerability in qs (parse modules) allows HTTP DoS.This issue affects qs: < 6.14.1.


Summary

The arrayLimit option in qs did not enforce limits for bracket notation (a[]=1"
Less-Less.cdx,CVE-2022-24999,NVD,HIGH,7.5,"qs before 6.10.3, as used in Express before 4.17.3 and other products, allows attackers to cause a Node process hang for an Express application because an __ proto__ key can be used. In many typical E"
Less-Less.cdx,CVE-2017-16026,NVD,MEDIUM,5.9,"Request is an http client. If a request is made using ```multipart```, and the body type is a ```number```, then the specified number of non-zero memory is passed in the body. This affects Request >=2"
Less-Less.cdx,CVE-2023-28155,NVD,MEDIUM,6.1,"The Request package through 2.88.1 for Node.js allows a bypass of SSRF mitigations via an attacker-controller server that does a cross-protocol redirect (HTTP to HTTPS, or HTTPS to HTTP). NOTE: This v"
Less-Less.cdx,CVE-2022-25883,NVD,HIGH,7.5,"Versions of the package semver before 7.5.2 are vulnerable to Regular Expression Denial of Service (ReDoS) via the function new Range, when untrusted user data is provided as a range."
Less-Less.cdx,CVE-2023-26136,NVD,CRITICAL,9.8,Versions of the package tough-cookie before 4.1.3 are vulnerable to Prototype Pollution due to improper handling of Cookies when using CookieJar in rejectPublicSuffixes=false mode. This issue arises f
Less-Less.cdx,CVE-2021-23358,NVD,HIGH,7.2,"The package underscore from 1.13.0-0 and before 1.13.0-2, from 1.3.2 and before 1.12.1 are vulnerable to Arbitrary Code Injection via the template function, particularly when a variable property is pa"
Less-Less.cdx,CVE-2026-27601,NVD,HIGH,7.5,"Underscore.js is a utility-belt library for JavaScript. Prior to 1.13.8, the _.flatten and _.isEqual functions use recursion without a depth limit. Under very specific conditions, detailed below, an a"
Liferay-Liferay.cdx,CVE-2025-66412,NVD,HIGH,5.4,"Angular is a development platform for building mobile and desktop web applications using TypeScript/JavaScript and other languages. Prior to 21.0.2, 20.3.15, and 19.2.17, A Stored Cross-Site Scripting"
Liferay-Liferay.cdx,CVE-2026-27970,NVD,HIGH,6.1,"Angular is a development platform for building mobile and desktop web applications using TypeScript/JavaScript and other languages. Versions prior to 21.2.0, 21.1.16, 20.3.17, and 19.2.19 have a cross"
Liferay-Liferay.cdx,CVE-2026-22610,NVD,HIGH,6.1,"Angular is a development platform for building mobile and desktop web applications using TypeScript/JavaScript and other languages. Prior to versions 19.2.18, 20.3.16, 21.0.7, and 21.1.0-rc.0, a cross"
Liferay-Liferay.cdx,CVE-2021-3807,NVD,HIGH,7.5,ansi-regex is vulnerable to Inefficient Regular Expression Complexity
Liferay-Liferay.cdx,CVE-2021-3807,NVD,HIGH,7.5,ansi-regex is vulnerable to Inefficient Regular Expression Complexity
Liferay-Liferay.cdx,CVE-2021-3807,NVD,HIGH,7.5,ansi-regex is vulnerable to Inefficient Regular Expression Complexity
Liferay-Liferay.cdx,CVE-2026-25639,NVD,HIGH,7.5,"Axios is a promise based HTTP client for the browser and Node.js. Prior to versions 0.30.3 and 1.13.5, the mergeConfig function in axios crashes with a TypeError when processing configuration objects "
Liferay-Liferay.cdx,CVE-2024-45590,NVD,HIGH,7.5,body-parser is Node.js body parsing middleware. body-parser <1.20.3 is vulnerable to denial of service when url encoding is enabled. A malicious actor using a specially crafted payload could flood the
Liferay-Liferay.cdx,CVE-2024-45590,NVD,HIGH,7.5,body-parser is Node.js body parsing middleware. body-parser <1.20.3 is vulnerable to denial of service when url encoding is enabled. A malicious actor using a specially crafted payload could flood the
Liferay-Liferay.cdx,CVE-2024-45590,NVD,HIGH,7.5,body-parser is Node.js body parsing middleware. body-parser <1.20.3 is vulnerable to denial of service when url encoding is enabled. A malicious actor using a specially crafted payload could flood the
Liferay-Liferay.cdx,CVE-2018-1109,NVD,MEDIUM,5.3,"A vulnerability was found in Braces versions 2.2.0 and above, prior to 2.3.1. Affected versions of this package are vulnerable to Regular Expression Denial of Service (ReDoS) attacks."
Liferay-Liferay.cdx,CVE-2021-23364,NVD,MEDIUM,5.3,The package browserslist from 4.0.0 and before 4.16.5 are vulnerable to Regular Expression Denial of Service (ReDoS) during parsing of queries.
Liferay-Liferay.cdx,CVE-2020-28503,NVD,CRITICAL,9.8,The package copy-props before 2.0.5 are vulnerable to Prototype Pollution via the main functionality.
Liferay-Liferay.cdx,CVE-2022-21222,NVD,HIGH,7.5,The package css-what before 2.1.3 are vulnerable to Regular Expression Denial of Service (ReDoS) due to the usage of insecure regular expression in the re_attr variable of index.js. The exploitation o
Liferay-Liferay.cdx,CVE-2022-38778,NVD,MEDIUM,6.5,"A flaw (CVE-2022-38900) was discovered in one of Kibana’s third party dependencies, that could allow an authenticated user to perform a request that crashes the Kibana server process."
Liferay-Liferay.cdx,CVE-2022-38900,NVD,HIGH,7.5,decode-uri-component 0.2.0 is vulnerable to Improper Input Validation resulting in DoS.
Liferay-Liferay.cdx,CVE-2021-23386,NVD,MEDIUM,6.5,This affects the package dns-packet before 5.2.2. It creates buffers with allocUnsafe and does not always fill them before forming network packets. This can expose internal application memory over une
Liferay-Liferay.cdx,CVE-2024-27088,NVD,MEDIUM,5.5,es5-ext contains ECMAScript 5 extensions. Passing functions with very long names or complex default argument names into `function#copy` or `function#toStringTokens` may cause the script to stall. The 
Liferay-Liferay.cdx,CVE-2024-27088,NVD,MEDIUM,5.5,es5-ext contains ECMAScript 5 extensions. Passing functions with very long names or complex default argument names into `function#copy` or `function#toStringTokens` may cause the script to stall. The 
Liferay-Liferay.cdx,CVE-2024-43796,NVD,MEDIUM,4.7,"Express.js minimalist web framework for node. In express < 4.20.0, passing untrusted user input - even after sanitizing it - to response.redirect() may execute untrusted code. This issue is patched in"
Liferay-Liferay.cdx,CVE-2024-29041,NVD,MEDIUM,6.1,Express.js minimalist web framework for node. Versions of Express.js prior to 4.19.0 and all pre-release alpha and beta versions of 5.0 are affected by an open redirect vulnerability using malformed U
Liferay-Liferay.cdx,CVE-2022-24999,NVD,HIGH,7.5,"qs before 6.10.3, as used in Express before 4.17.3 and other products, allows attackers to cause a Node process hang for an Express application because an __ proto__ key can be used. In many typical E"
Liferay-Liferay.cdx,CVE-2024-43796,NVD,MEDIUM,4.7,"Express.js minimalist web framework for node. In express < 4.20.0, passing untrusted user input - even after sanitizing it - to response.redirect() may execute untrusted code. This issue is patched in"
Liferay-Liferay.cdx,CVE-2024-29041,NVD,MEDIUM,6.1,Express.js minimalist web framework for node. Versions of Express.js prior to 4.19.0 and all pre-release alpha and beta versions of 5.0 are affected by an open redirect vulnerability using malformed U
Liferay-Liferay.cdx,CVE-2023-26159,NVD,MEDIUM,6.1,"Versions of the package follow-redirects before 1.15.4 are vulnerable to Improper Input Validation due to the improper handling of URLs by the url.parse() function. When new URL() throws an error, it "
Liferay-Liferay.cdx,CVE-2020-28469,NVD,HIGH,7.5,This affects the package glob-parent before 5.1.2. The enclosure regex used to check for strings ending in enclosure containing path separator.
Liferay-Liferay.cdx,CVE-2020-28469,NVD,HIGH,7.5,This affects the package glob-parent before 5.1.2. The enclosure regex used to check for strings ending in enclosure containing path separator.
Liferay-Liferay.cdx,CVE-2020-28469,NVD,HIGH,7.5,This affects the package glob-parent before 5.1.2. The enclosure regex used to check for strings ending in enclosure containing path separator.
Liferay-Liferay.cdx,CVE-2021-22570,NVD,MEDIUM,5.5,"Nullptr dereference when a null char is present in a proto symbol. The symbol is parsed incorrectly, leading to an unchecked call into the proto file's name during generation of the resulting error me"
Liferay-Liferay.cdx,CVE-2015-5237,NVD,HIGH,8.8,protobuf allows remote authenticated attackers to cause a heap-based buffer overflow.
Liferay-Liferay.cdx,CVE-2024-7254,NVD,HIGH,7.5,Any project that parses untrusted Protocol Buffers data containing an arbitrary number of nested groups / series of SGROUP tags can corrupted by exceeding the stack limit i.e. StackOverflow. Parsing n
Liferay-Liferay.cdx,CVE-2022-37620,NVD,HIGH,7.5,A Regular Expression Denial of Service (ReDoS) flaw was found in kangax html-minifier 4.0.0 because of the reCustomIgnore regular expression.
Liferay-Liferay.cdx,CVE-2022-37620,NVD,HIGH,7.5,A Regular Expression Denial of Service (ReDoS) flaw was found in kangax html-minifier 4.0.0 because of the reCustomIgnore regular expression.
Liferay-Liferay.cdx,CVE-2022-37620,NVD,HIGH,7.5,A Regular Expression Denial of Service (ReDoS) flaw was found in kangax html-minifier 4.0.0 because of the reCustomIgnore regular expression.
Liferay-Liferay.cdx,CVE-2022-25881,NVD,HIGH,7.5,"This affects versions of the package http-cache-semantics before 4.1.1. The issue can be exploited via malicious request header values sent to a server, when that server reads the cache policy from th"
Liferay-Liferay.cdx,CVE-2020-7788,NVD,CRITICAL,9.8,"This affects the package ini before 1.3.6. If an attacker submits a malicious INI file to an application that parses it with ini.parse, they will pollute the prototype on the application. This can be "
Liferay-Liferay.cdx,CVE-2023-42282,NVD,CRITICAL,9.8,The ip package before 1.1.9 for Node.js might allow SSRF because some IP addresses (such as 0x7f.1) are improperly categorized as globally routable via isPublic.
Liferay-Liferay.cdx,CVE-2023-42282,NVD,CRITICAL,9.8,The ip package before 1.1.9 for Node.js might allow SSRF because some IP addresses (such as 0x7f.1) are improperly categorized as globally routable via isPublic.
Liferay-Liferay.cdx,CVE-2022-46175,NVD,HIGH,8.8,JSON5 is an extension to the popular JSON file format that aims to be easier to write and maintain by hand (e.g. for config files). The `parse` method of the JSON5 library before and including version
Liferay-Liferay.cdx,CVE-2022-46175,NVD,HIGH,8.8,JSON5 is an extension to the popular JSON file format that aims to be easier to write and maintain by hand (e.g. for config files). The `parse` method of the JSON5 library before and including version
Liferay-Liferay.cdx,CVE-2022-46175,NVD,HIGH,8.8,JSON5 is an extension to the popular JSON file format that aims to be easier to write and maintain by hand (e.g. for config files). The `parse` method of the JSON5 library before and including version
Liferay-Liferay.cdx,CVE-2022-46175,NVD,HIGH,8.8,JSON5 is an extension to the popular JSON file format that aims to be easier to write and maintain by hand (e.g. for config files). The `parse` method of the JSON5 library before and including version
Liferay-Liferay.cdx,CVE-2020-7691,NVD,MEDIUM,6.1,"In all versions of the package jspdf, it is possible to use <<script>script> in order to go over the filtering regex."
Liferay-Liferay.cdx,CVE-2026-24040,NVD,MEDIUM,4.8,"jsPDF is a library to generate PDFs in JavaScript. Prior to 4.1.0, the addJS method in the jspdf Node.js build utilizes a shared module-scoped variable (text) to store JavaScript content. When used in"
Liferay-Liferay.cdx,CVE-2026-24043,NVD,MEDIUM,5.4,"jsPDF is a library to generate PDFs in JavaScript. Prior to 4.1.0, user control of the first argument of the addMetadata function allows users to inject arbitrary XML. If given the possibility to pass"
Liferay-Liferay.cdx,CVE-2026-31938,NVD,MEDIUM,6.1,"jsPDF is a library to generate PDFs in JavaScript. Prior to version 4.2.1, user control of the `options` argument of the `output` function allows attackers to inject arbitrary HTML (such as scripts) i"
Liferay-Liferay.cdx,CVE-2026-24133,NVD,HIGH,6.5,"jsPDF is a library to generate PDFs in JavaScript. Prior to 4.1.0, user control of the first argument of the addImage method results in denial of service. If given the possibility to pass unsanitized "
Liferay-Liferay.cdx,CVE-2026-31898,NVD,MEDIUM,6.5,"jsPDF is a library to generate PDFs in JavaScript. Prior to version 4.2.1, user control of arguments of the `createAnnotation` method allows users to inject arbitrary PDF objects, such as JavaScript a"
Liferay-Liferay.cdx,CVE-2025-68428,NVD,CRITICAL,7.5,"jsPDF is a library to generate PDFs in JavaScript. Prior to version 4.0.0, user control of the first argument of the loadFile method in the node.js build allows local file inclusion/path traversal. If"
Liferay-Liferay.cdx,CVE-2026-25535,NVD,HIGH,7.5,"jsPDF is a library to generate PDFs in JavaScript. Prior to 4.2.0, user control of the first argument of the `addImage` method results in denial of service. If given the possibility to pass unsanitize"
Liferay-Liferay.cdx,CVE-2026-24737,NVD,HIGH,8.1,"jsPDF is a library to generate PDFs in JavaScript. Prior to 4.1.0, user control of properties and methods of the Acroform module allows users to inject arbitrary PDF objects, such as JavaScript action"
Liferay-Liferay.cdx,CVE-2026-25940,NVD,HIGH,8.1,"jsPDF is a library to generate PDFs in JavaScript. Prior to 4.2.0, user control of properties and methods of the Acroform module allows users to inject arbitrary PDF objects, such as JavaScript action"
Liferay-Liferay.cdx,CVE-2026-25755,NVD,HIGH,8.8,"jsPDF is a library to generate PDFs in JavaScript. Prior to 4.2.0, user control of the argument of the `addJS` method allows an attacker to inject arbitrary PDF objects into the generated document. By"
Liferay-Liferay.cdx,CVE-2019-1010266,NVD,MEDIUM,6.5,lodash prior to 4.17.11 is affected by: CWE-400: Uncontrolled Resource Consumption. The impact is: Denial of service. The component is: Date handler. The attack vector is: Attacker provides very long 
Liferay-Liferay.cdx,CVE-2018-3721,NVD,MEDIUM,6.5,"lodash node module before 4.17.5 suffers from a Modification of Assumed-Immutable Data (MAID) vulnerability via defaultsDeep, merge, and mergeWith functions, which allows a malicious user to modify th"
Liferay-Liferay.cdx,CVE-2020-28500,NVD,MEDIUM,5.3,"Lodash versions prior to 4.17.21 are vulnerable to Regular Expression Denial of Service (ReDoS) via the toNumber, trim and trimEnd functions."
Liferay-Liferay.cdx,CVE-2020-8203,NVD,HIGH,7.4,Prototype pollution attack when using _.zipObjectDeep in lodash before 4.17.20.
Liferay-Liferay.cdx,CVE-2019-10744,NVD,CRITICAL,9.1,Versions of lodash lower than 4.17.12 are vulnerable to Prototype Pollution. The function defaultsDeep could be tricked into adding or modifying properties of Object.prototype using a constructor payl
Liferay-Liferay.cdx,CVE-2021-23337,NVD,HIGH,7.2,Lodash versions prior to 4.17.21 are vulnerable to Command Injection via the template function.
Liferay-Liferay.cdx,CVE-2018-16487,NVD,MEDIUM,5.6,"A prototype pollution vulnerability was found in lodash <4.17.11 where the functions merge, mergeWith, and defaultsDeep can be tricked into adding or modifying properties of Object.prototype."
Liferay-Liferay.cdx,CVE-2020-28500,NVD,MEDIUM,5.3,"Lodash versions prior to 4.17.21 are vulnerable to Regular Expression Denial of Service (ReDoS) via the toNumber, trim and trimEnd functions."
Liferay-Liferay.cdx,CVE-2020-8203,NVD,HIGH,7.4,Prototype pollution attack when using _.zipObjectDeep in lodash before 4.17.20.
Liferay-Liferay.cdx,CVE-2021-23337,NVD,HIGH,7.2,Lodash versions prior to 4.17.21 are vulnerable to Command Injection via the template function.
Liferay-Liferay.cdx,CVE-2025-13465,NVD,MEDIUM,5.3,Lodash versions 4.0.0 through 4.17.22 are vulnerable to prototype pollution in the _.unset and _.omit functions. An attacker can pass crafted paths which cause Lodash to delete methods from global pro
Liferay-Liferay.cdx,CVE-2020-28500,NVD,MEDIUM,5.3,"Lodash versions prior to 4.17.21 are vulnerable to Regular Expression Denial of Service (ReDoS) via the toNumber, trim and trimEnd functions."
Liferay-Liferay.cdx,CVE-2021-23337,NVD,HIGH,7.2,Lodash versions prior to 4.17.21 are vulnerable to Command Injection via the template function.
Liferay-Liferay.cdx,CVE-2025-13465,NVD,MEDIUM,5.3,Lodash versions 4.0.0 through 4.17.22 are vulnerable to prototype pollution in the _.unset and _.omit functions. An attacker can pass crafted paths which cause Lodash to delete methods from global pro
Liferay-Liferay.cdx,CVE-2025-13465,NVD,MEDIUM,5.3,Lodash versions 4.0.0 through 4.17.22 are vulnerable to prototype pollution in the _.unset and _.omit functions. An attacker can pass crafted paths which cause Lodash to delete methods from global pro
Liferay-Liferay.cdx,CVE-2022-23302,NVD,HIGH,8.8,JMSSink in all versions of Log4j 1.x is vulnerable to deserialization of untrusted data when the attacker has write access to the Log4j configuration or if the configuration references an LDAP service
Liferay-Liferay.cdx,CVE-2020-9493,NVD,CRITICAL,9.8,A deserialization flaw was found in Apache Chainsaw versions prior to 2.1.0 which could lead to malicious code execution.
Liferay-Liferay.cdx,CVE-2022-23305,NVD,CRITICAL,9.8,"By design, the JDBCAppender in Log4j 1.2.x accepts an SQL statement as a configuration parameter where the values to be inserted are converters from PatternLayout. The message converter, %m, is likely"
Liferay-Liferay.cdx,CVE-2019-17571,NVD,CRITICAL,9.8,Included in Log4j 1.2 is a SocketServer class that is vulnerable to deserialization of untrusted data which can be exploited to remotely execute arbitrary code when combined with a deserialization gad
Liferay-Liferay.cdx,CVE-2022-23307,NVD,HIGH,8.8,CVE-2020-9493 identified a deserialization issue that was present in Apache Chainsaw. Prior to Chainsaw V2.0 Chainsaw was a component of Apache Log4j 1.2.x where the same issue exists.
Liferay-Liferay.cdx,CVE-2023-26464,NVD,HIGH,7.5,"** UNSUPPORTED WHEN ASSIGNED **

When using the Chainsaw or SocketAppender components with Log4j 1.x on JRE less than 1.7, an attacker that manages to cause a logging entry involving a specially-craft"
Liferay-Liferay.cdx,CVE-2022-21670,NVD,MEDIUM,5.3,"markdown-it is a Markdown parser. Prior to version 1.3.2, special patterns with length greater than 50 thousand characterss could slow down the parser significantly. Users should upgrade to version 12"
Liferay-Liferay.cdx,CVE-2022-21680,NVD,HIGH,7.5,"Marked is a markdown parser and compiler. Prior to version 4.0.10, the regular expression `block.def` may cause catastrophic backtracking against some strings and lead to a regular expression denial o"
Liferay-Liferay.cdx,CVE-2022-21681,NVD,HIGH,7.5,"Marked is a markdown parser and compiler. Prior to version 4.0.10, the regular expression `inline.reflinkSearch` may cause catastrophic backtracking against some strings and lead to a denial of servic"
Liferay-Liferay.cdx,CVE-2022-21680,NVD,HIGH,7.5,"Marked is a markdown parser and compiler. Prior to version 4.0.10, the regular expression `block.def` may cause catastrophic backtracking against some strings and lead to a regular expression denial o"
Liferay-Liferay.cdx,CVE-2022-21681,NVD,HIGH,7.5,"Marked is a markdown parser and compiler. Prior to version 4.0.10, the regular expression `inline.reflinkSearch` may cause catastrophic backtracking against some strings and lead to a denial of servic"
Liferay-Liferay.cdx,CVE-2021-23397,NVD,CRITICAL,9.8,All versions of package @ianwalter/merge are vulnerable to Prototype Pollution via the main (merge) function. Maintainer suggests using @generates/merger instead.
Liferay-Liferay.cdx,CVE-2026-26996,NVD,HIGH,7.5,minimatch is a minimal matching utility for converting glob expressions into JavaScript RegExp objects. Versions 10.2.0 and below are vulnerable to Regular Expression Denial of Service (ReDoS) when a 
Liferay-Liferay.cdx,CVE-2026-27904,NVD,HIGH,7.5,"minimatch is a minimal matching utility for converting glob expressions into JavaScript RegExp objects. Prior to version 10.2.3, 9.0.7, 8.0.6, 7.4.8, 6.2.2, 5.1.8, 4.2.5, and 3.1.4, nested `*()` extgl"
Liferay-Liferay.cdx,CVE-2026-27903,NVD,HIGH,7.5,"minimatch is a minimal matching utility for converting glob expressions into JavaScript RegExp objects. Prior to version 10.2.3, 9.0.7, 8.0.6, 7.4.8, 6.2.2, 5.1.8, 4.2.5, and 3.1.3, `matchOne()` perfo"
Liferay-Liferay.cdx,CVE-2026-26996,NVD,HIGH,7.5,minimatch is a minimal matching utility for converting glob expressions into JavaScript RegExp objects. Versions 10.2.0 and below are vulnerable to Regular Expression Denial of Service (ReDoS) when a 
Liferay-Liferay.cdx,CVE-2026-27904,NVD,HIGH,7.5,"minimatch is a minimal matching utility for converting glob expressions into JavaScript RegExp objects. Prior to version 10.2.3, 9.0.7, 8.0.6, 7.4.8, 6.2.2, 5.1.8, 4.2.5, and 3.1.4, nested `*()` extgl"
Liferay-Liferay.cdx,CVE-2026-27903,NVD,HIGH,7.5,"minimatch is a minimal matching utility for converting glob expressions into JavaScript RegExp objects. Prior to version 10.2.3, 9.0.7, 8.0.6, 7.4.8, 6.2.2, 5.1.8, 4.2.5, and 3.1.3, `matchOne()` perfo"
Liferay-Liferay.cdx,CVE-2026-26996,NVD,HIGH,7.5,minimatch is a minimal matching utility for converting glob expressions into JavaScript RegExp objects. Versions 10.2.0 and below are vulnerable to Regular Expression Denial of Service (ReDoS) when a 
Liferay-Liferay.cdx,CVE-2026-27904,NVD,HIGH,7.5,"minimatch is a minimal matching utility for converting glob expressions into JavaScript RegExp objects. Prior to version 10.2.3, 9.0.7, 8.0.6, 7.4.8, 6.2.2, 5.1.8, 4.2.5, and 3.1.4, nested `*()` extgl"
Liferay-Liferay.cdx,CVE-2026-27903,NVD,HIGH,7.5,"minimatch is a minimal matching utility for converting glob expressions into JavaScript RegExp objects. Prior to version 10.2.3, 9.0.7, 8.0.6, 7.4.8, 6.2.2, 5.1.8, 4.2.5, and 3.1.3, `matchOne()` perfo"
Liferay-Liferay.cdx,CVE-2026-26996,NVD,HIGH,7.5,minimatch is a minimal matching utility for converting glob expressions into JavaScript RegExp objects. Versions 10.2.0 and below are vulnerable to Regular Expression Denial of Service (ReDoS) when a 
Liferay-Liferay.cdx,CVE-2026-27904,NVD,HIGH,7.5,"minimatch is a minimal matching utility for converting glob expressions into JavaScript RegExp objects. Prior to version 10.2.3, 9.0.7, 8.0.6, 7.4.8, 6.2.2, 5.1.8, 4.2.5, and 3.1.4, nested `*()` extgl"
Liferay-Liferay.cdx,CVE-2026-27903,NVD,HIGH,7.5,"minimatch is a minimal matching utility for converting glob expressions into JavaScript RegExp objects. Prior to version 10.2.3, 9.0.7, 8.0.6, 7.4.8, 6.2.2, 5.1.8, 4.2.5, and 3.1.3, `matchOne()` perfo"
Liferay-Liferay.cdx,CVE-2026-26996,NVD,HIGH,7.5,minimatch is a minimal matching utility for converting glob expressions into JavaScript RegExp objects. Versions 10.2.0 and below are vulnerable to Regular Expression Denial of Service (ReDoS) when a 
Liferay-Liferay.cdx,CVE-2026-27904,NVD,HIGH,7.5,"minimatch is a minimal matching utility for converting glob expressions into JavaScript RegExp objects. Prior to version 10.2.3, 9.0.7, 8.0.6, 7.4.8, 6.2.2, 5.1.8, 4.2.5, and 3.1.4, nested `*()` extgl"
Liferay-Liferay.cdx,CVE-2022-3517,NVD,HIGH,7.5,"A vulnerability was found in the minimatch package. This flaw allows a Regular Expression Denial of Service (ReDoS) when calling the braceExpand function with specific arguments, resulting in a Denial"
Liferay-Liferay.cdx,CVE-2026-27903,NVD,HIGH,7.5,"minimatch is a minimal matching utility for converting glob expressions into JavaScript RegExp objects. Prior to version 10.2.3, 9.0.7, 8.0.6, 7.4.8, 6.2.2, 5.1.8, 4.2.5, and 3.1.3, `matchOne()` perfo"
Liferay-Liferay.cdx,CVE-2026-26996,NVD,HIGH,7.5,minimatch is a minimal matching utility for converting glob expressions into JavaScript RegExp objects. Versions 10.2.0 and below are vulnerable to Regular Expression Denial of Service (ReDoS) when a 
Liferay-Liferay.cdx,CVE-2026-27904,NVD,HIGH,7.5,"minimatch is a minimal matching utility for converting glob expressions into JavaScript RegExp objects. Prior to version 10.2.3, 9.0.7, 8.0.6, 7.4.8, 6.2.2, 5.1.8, 4.2.5, and 3.1.4, nested `*()` extgl"
Liferay-Liferay.cdx,CVE-2026-27903,NVD,HIGH,7.5,"minimatch is a minimal matching utility for converting glob expressions into JavaScript RegExp objects. Prior to version 10.2.3, 9.0.7, 8.0.6, 7.4.8, 6.2.2, 5.1.8, 4.2.5, and 3.1.3, `matchOne()` perfo"
Liferay-Liferay.cdx,CVE-2026-26996,NVD,HIGH,7.5,minimatch is a minimal matching utility for converting glob expressions into JavaScript RegExp objects. Versions 10.2.0 and below are vulnerable to Regular Expression Denial of Service (ReDoS) when a 
Liferay-Liferay.cdx,CVE-2026-27904,NVD,HIGH,7.5,"minimatch is a minimal matching utility for converting glob expressions into JavaScript RegExp objects. Prior to version 10.2.3, 9.0.7, 8.0.6, 7.4.8, 6.2.2, 5.1.8, 4.2.5, and 3.1.4, nested `*()` extgl"
Liferay-Liferay.cdx,CVE-2026-27903,NVD,HIGH,7.5,"minimatch is a minimal matching utility for converting glob expressions into JavaScript RegExp objects. Prior to version 10.2.3, 9.0.7, 8.0.6, 7.4.8, 6.2.2, 5.1.8, 4.2.5, and 3.1.3, `matchOne()` perfo"
Liferay-Liferay.cdx,CVE-2026-26996,NVD,HIGH,7.5,minimatch is a minimal matching utility for converting glob expressions into JavaScript RegExp objects. Versions 10.2.0 and below are vulnerable to Regular Expression Denial of Service (ReDoS) when a 
Liferay-Liferay.cdx,CVE-2026-27904,NVD,HIGH,7.5,"minimatch is a minimal matching utility for converting glob expressions into JavaScript RegExp objects. Prior to version 10.2.3, 9.0.7, 8.0.6, 7.4.8, 6.2.2, 5.1.8, 4.2.5, and 3.1.4, nested `*()` extgl"
Liferay-Liferay.cdx,CVE-2026-27903,NVD,HIGH,7.5,"minimatch is a minimal matching utility for converting glob expressions into JavaScript RegExp objects. Prior to version 10.2.3, 9.0.7, 8.0.6, 7.4.8, 6.2.2, 5.1.8, 4.2.5, and 3.1.3, `matchOne()` perfo"
Liferay-Liferay.cdx,CVE-2019-10746,NVD,CRITICAL,9.8,mixin-deep is vulnerable to Prototype Pollution in versions before 1.3.2 and version 2.0.0. The function mixin-deep could be tricked into adding or modifying properties of Object.prototype using a con
Liferay-Liferay.cdx,CVE-2020-15168,NVD,MEDIUM,5.3,"node-fetch before versions 2.6.1 and 3.0.0-beta.9 did not honor the size option after following a redirect, which means that when a content size was over the limit, a FetchError would never get thrown"
Liferay-Liferay.cdx,CVE-2022-0235,NVD,MEDIUM,6.1,node-fetch is vulnerable to Exposure of Sensitive Information to an Unauthorized Actor
Liferay-Liferay.cdx,CVE-2022-24773,NVD,MEDIUM,5.3,"Forge (also called `node-forge`) is a native implementation of Transport Layer Security in JavaScript. Prior to version 1.3.0, RSA PKCS#1 v1.5 signature verification code does not properly check `Dige"
Liferay-Liferay.cdx,CVE-2022-24772,NVD,HIGH,7.5,"Forge (also called `node-forge`) is a native implementation of Transport Layer Security in JavaScript. Prior to version 1.3.0, RSA PKCS#1 v1.5 signature verification code does not check for tailing ga"
Liferay-Liferay.cdx,CVE-2022-24771,NVD,HIGH,7.5,"Forge (also called `node-forge`) is a native implementation of Transport Layer Security in JavaScript. Prior to version 1.3.0, RSA PKCS#1 v1.5 signature verification code is lenient in checking the di"
Liferay-Liferay.cdx,CVE-2022-0122,NVD,MEDIUM,6.1,forge is vulnerable to URL Redirection to Untrusted Site
Liferay-Liferay.cdx,CVE-2025-66030,NVD,MEDIUM,5.3,"Forge (also called `node-forge`) is a native implementation of Transport Layer Security in JavaScript. An Integer Overflow vulnerability in node-forge versions 1.3.1 and below enables remote, unauthen"
Liferay-Liferay.cdx,CVE-2025-66031,NVD,HIGH,7.5,"Forge (also called `node-forge`) is a native implementation of Transport Layer Security in JavaScript. An Uncontrolled Recursion vulnerability in node-forge versions 1.3.1 and below enables remote, un"
Liferay-Liferay.cdx,CVE-2025-12816,NVD,HIGH,8.6,"An interpretation-conflict (CWE-436) vulnerability in node-forge versions 1.3.1 and earlier enables unauthenticated attackers to craft ASN.1 structures to desynchronize schema validations, yielding a "
Liferay-Liferay.cdx,CVE-2025-66030,NVD,MEDIUM,5.3,"Forge (also called `node-forge`) is a native implementation of Transport Layer Security in JavaScript. An Integer Overflow vulnerability in node-forge versions 1.3.1 and below enables remote, unauthen"
Liferay-Liferay.cdx,CVE-2025-66031,NVD,HIGH,7.5,"Forge (also called `node-forge`) is a native implementation of Transport Layer Security in JavaScript. An Uncontrolled Recursion vulnerability in node-forge versions 1.3.1 and below enables remote, un"
Liferay-Liferay.cdx,CVE-2025-12816,NVD,HIGH,8.6,"An interpretation-conflict (CWE-436) vulnerability in node-forge versions 1.3.1 and earlier enables unauthenticated attackers to craft ASN.1 structures to desynchronize schema validations, yielding a "
Liferay-Liferay.cdx,CVE-2020-7789,NVD,MEDIUM,5.6,This affects the package node-notifier before 9.0.0. It allows an attacker to run arbitrary commands on Linux machines due to the options params not being sanitised when being passed an array.
Liferay-Liferay.cdx,CVE-2021-23343,NVD,HIGH,7.5,"All versions of package path-parse are vulnerable to Regular Expression Denial of Service (ReDoS) via splitDeviceRe, splitTailRe, and splitPathRe regular expressions. ReDoS exhibits polynomial worst-c"
Liferay-Liferay.cdx,CVE-2021-23382,NVD,HIGH,7.5,The package postcss before 8.2.13 are vulnerable to Regular Expression Denial of Service (ReDoS) via getAnnotationURL() and loadAnnotation() in lib/previous-map.js. The vulnerable regexes are caused m
Liferay-Liferay.cdx,CVE-2023-44270,NVD,MEDIUM,5.3,An issue was discovered in PostCSS before 8.4.31. The vulnerability affects linters using PostCSS to parse external untrusted CSS. An attacker can prepare CSS in such a way that it will contains parts
Liferay-Liferay.cdx,CVE-2021-23368,NVD,MEDIUM,5.3,The package postcss from 7.0.0 and before 8.2.10 are vulnerable to Regular Expression Denial of Service (ReDoS) during source map parsing.
Liferay-Liferay.cdx,CVE-2021-23382,NVD,HIGH,7.5,The package postcss before 8.2.13 are vulnerable to Regular Expression Denial of Service (ReDoS) via getAnnotationURL() and loadAnnotation() in lib/previous-map.js. The vulnerable regexes are caused m
Liferay-Liferay.cdx,CVE-2023-44270,NVD,MEDIUM,5.3,An issue was discovered in PostCSS before 8.4.31. The vulnerability affects linters using PostCSS to parse external untrusted CSS. An attacker can prepare CSS in such a way that it will contains parts
Liferay-Liferay.cdx,CVE-2021-23368,NVD,MEDIUM,5.3,The package postcss from 7.0.0 and before 8.2.10 are vulnerable to Regular Expression Denial of Service (ReDoS) during source map parsing.
Liferay-Liferay.cdx,CVE-2021-23382,NVD,HIGH,7.5,The package postcss before 8.2.13 are vulnerable to Regular Expression Denial of Service (ReDoS) via getAnnotationURL() and loadAnnotation() in lib/previous-map.js. The vulnerable regexes are caused m
Liferay-Liferay.cdx,CVE-2023-44270,NVD,MEDIUM,5.3,An issue was discovered in PostCSS before 8.4.31. The vulnerability affects linters using PostCSS to parse external untrusted CSS. An attacker can prepare CSS in such a way that it will contains parts
Liferay-Liferay.cdx,CVE-2023-44270,NVD,MEDIUM,5.3,An issue was discovered in PostCSS before 8.4.31. The vulnerability affects linters using PostCSS to parse external untrusted CSS. An attacker can prepare CSS in such a way that it will contains parts
Liferay-Liferay.cdx,CVE-2023-44270,NVD,MEDIUM,5.3,An issue was discovered in PostCSS before 8.4.31. The vulnerability affects linters using PostCSS to parse external untrusted CSS. An attacker can prepare CSS in such a way that it will contains parts
Liferay-Liferay.cdx,CVE-2023-44270,NVD,MEDIUM,5.3,An issue was discovered in PostCSS before 8.4.31. The vulnerability affects linters using PostCSS to parse external untrusted CSS. An attacker can prepare CSS in such a way that it will contains parts
Liferay-Liferay.cdx,CVE-2023-44270,NVD,MEDIUM,5.3,An issue was discovered in PostCSS before 8.4.31. The vulnerability affects linters using PostCSS to parse external untrusted CSS. An attacker can prepare CSS in such a way that it will contains parts
Liferay-Liferay.cdx,CVE-2024-53382,NVD,MEDIUM,5.4,"Prism (aka PrismJS) through 1.29.0 allows DOM Clobbering (with resultant XSS for untrusted input that contains HTML but does not directly contain JavaScript), because document.currentScript lookup can"
Liferay-Liferay.cdx,CVE-2024-53382,NVD,MEDIUM,5.4,"Prism (aka PrismJS) through 1.29.0 allows DOM Clobbering (with resultant XSS for untrusted input that contains HTML but does not directly contain JavaScript), because document.currentScript lookup can"
Liferay-Liferay.cdx,CVE-2025-15284,NVD,MEDIUM,3.7,"Improper Input Validation vulnerability in qs (parse modules) allows HTTP DoS.This issue affects qs: < 6.14.1.


Summary

The arrayLimit option in qs did not enforce limits for bracket notation (a[]=1"
Liferay-Liferay.cdx,CVE-2026-2391,NVD,MEDIUM,7.5,"### Summary
The `arrayLimit` option in qs does not enforce limits for comma-separated values when `comma: true` is enabled, allowing attackers to cause denial-of-service via memory exhaustion. This is"
Liferay-Liferay.cdx,CVE-2025-15284,NVD,MEDIUM,3.7,"Improper Input Validation vulnerability in qs (parse modules) allows HTTP DoS.This issue affects qs: < 6.14.1.


Summary

The arrayLimit option in qs did not enforce limits for bracket notation (a[]=1"
Liferay-Liferay.cdx,CVE-2026-2391,NVD,MEDIUM,7.5,"### Summary
The `arrayLimit` option in qs does not enforce limits for comma-separated values when `comma: true` is enabled, allowing attackers to cause denial-of-service via memory exhaustion. This is"
Liferay-Liferay.cdx,CVE-2025-15284,NVD,MEDIUM,3.7,"Improper Input Validation vulnerability in qs (parse modules) allows HTTP DoS.This issue affects qs: < 6.14.1.


Summary

The arrayLimit option in qs did not enforce limits for bracket notation (a[]=1"
Liferay-Liferay.cdx,CVE-2026-2391,NVD,MEDIUM,7.5,"### Summary
The `arrayLimit` option in qs does not enforce limits for comma-separated values when `comma: true` is enabled, allowing attackers to cause denial-of-service via memory exhaustion. This is"
Liferay-Liferay.cdx,CVE-2026-2391,NVD,MEDIUM,7.5,"### Summary
The `arrayLimit` option in qs does not enforce limits for comma-separated values when `comma: true` is enabled, allowing attackers to cause denial-of-service via memory exhaustion. This is"
Liferay-Liferay.cdx,CVE-2025-15284,NVD,MEDIUM,3.7,"Improper Input Validation vulnerability in qs (parse modules) allows HTTP DoS.This issue affects qs: < 6.14.1.


Summary

The arrayLimit option in qs did not enforce limits for bracket notation (a[]=1"
Liferay-Liferay.cdx,CVE-2022-24999,NVD,HIGH,7.5,"qs before 6.10.3, as used in Express before 4.17.3 and other products, allows attackers to cause a Node process hang for an Express application because an __ proto__ key can be used. In many typical E"
Liferay-Liferay.cdx,CVE-2025-15284,NVD,MEDIUM,3.7,"Improper Input Validation vulnerability in qs (parse modules) allows HTTP DoS.This issue affects qs: < 6.14.1.


Summary

The arrayLimit option in qs did not enforce limits for bracket notation (a[]=1"
Liferay-Liferay.cdx,CVE-2026-2391,NVD,MEDIUM,7.5,"### Summary
The `arrayLimit` option in qs does not enforce limits for comma-separated values when `comma: true` is enabled, allowing attackers to cause denial-of-service via memory exhaustion. This is"
Liferay-Liferay.cdx,CVE-2022-24999,NVD,HIGH,7.5,"qs before 6.10.3, as used in Express before 4.17.3 and other products, allows attackers to cause a Node process hang for an Express application because an __ proto__ key can be used. In many typical E"
Liferay-Liferay.cdx,CVE-2025-15284,NVD,MEDIUM,3.7,"Improper Input Validation vulnerability in qs (parse modules) allows HTTP DoS.This issue affects qs: < 6.14.1.


Summary

The arrayLimit option in qs did not enforce limits for bracket notation (a[]=1"
Liferay-Liferay.cdx,CVE-2026-2391,NVD,MEDIUM,7.5,"### Summary
The `arrayLimit` option in qs does not enforce limits for comma-separated values when `comma: true` is enabled, allowing attackers to cause denial-of-service via memory exhaustion. This is"
Liferay-Liferay.cdx,CVE-2025-15284,NVD,MEDIUM,3.7,"Improper Input Validation vulnerability in qs (parse modules) allows HTTP DoS.This issue affects qs: < 6.14.1.


Summary

The arrayLimit option in qs did not enforce limits for bracket notation (a[]=1"
Liferay-Liferay.cdx,CVE-2026-2391,NVD,MEDIUM,7.5,"### Summary
The `arrayLimit` option in qs does not enforce limits for comma-separated values when `comma: true` is enabled, allowing attackers to cause denial-of-service via memory exhaustion. This is"
Liferay-Liferay.cdx,CVE-2022-24999,NVD,HIGH,7.5,"qs before 6.10.3, as used in Express before 4.17.3 and other products, allows attackers to cause a Node process hang for an Express application because an __ proto__ key can be used. In many typical E"
Liferay-Liferay.cdx,CVE-2023-28155,NVD,MEDIUM,6.1,"The Request package through 2.88.1 for Node.js allows a bypass of SSRF mitigations via an attacker-controller server that does a cross-protocol redirect (HTTP to HTTPS, or HTTPS to HTTP). NOTE: This v"
Liferay-Liferay.cdx,CVE-2022-25883,NVD,HIGH,7.5,"Versions of the package semver before 7.5.2 are vulnerable to Regular Expression Denial of Service (ReDoS) via the function new Range, when untrusted user data is provided as a range."
Liferay-Liferay.cdx,CVE-2022-25883,NVD,HIGH,7.5,"Versions of the package semver before 7.5.2 are vulnerable to Regular Expression Denial of Service (ReDoS) via the function new Range, when untrusted user data is provided as a range."
Liferay-Liferay.cdx,CVE-2022-25883,NVD,HIGH,7.5,"Versions of the package semver before 7.5.2 are vulnerable to Regular Expression Denial of Service (ReDoS) via the function new Range, when untrusted user data is provided as a range."
Liferay-Liferay.cdx,CVE-2022-25883,NVD,HIGH,7.5,"Versions of the package semver before 7.5.2 are vulnerable to Regular Expression Denial of Service (ReDoS) via the function new Range, when untrusted user data is provided as a range."
Liferay-Liferay.cdx,CVE-2022-25883,NVD,HIGH,7.5,"Versions of the package semver before 7.5.2 are vulnerable to Regular Expression Denial of Service (ReDoS) via the function new Range, when untrusted user data is provided as a range."
Liferay-Liferay.cdx,CVE-2022-25883,NVD,HIGH,7.5,"Versions of the package semver before 7.5.2 are vulnerable to Regular Expression Denial of Service (ReDoS) via the function new Range, when untrusted user data is provided as a range."
Liferay-Liferay.cdx,CVE-2022-25883,NVD,HIGH,7.5,"Versions of the package semver before 7.5.2 are vulnerable to Regular Expression Denial of Service (ReDoS) via the function new Range, when untrusted user data is provided as a range."
Liferay-Liferay.cdx,CVE-2021-43307,NVD,HIGH,7.5,"An exponential ReDoS (Regular Expression Denial of Service) can be triggered in the semver-regex npm package, when an attacker is able to supply arbitrary input to the test() method"
Liferay-Liferay.cdx,CVE-2021-3795,NVD,HIGH,7.5,semver-regex is vulnerable to Inefficient Regular Expression Complexity
Liferay-Liferay.cdx,CVE-2024-43799,NVD,MEDIUM,4.7,Send is a library for streaming files from the file system as a http response. Send passes untrusted user input to SendStream.redirect() which executes untrusted code. This issue is patched in send 0.
Liferay-Liferay.cdx,CVE-2024-43799,NVD,MEDIUM,4.7,Send is a library for streaming files from the file system as a http response. Send passes untrusted user input to SendStream.redirect() which executes untrusted code. This issue is patched in send 0.
Liferay-Liferay.cdx,CVE-2019-10747,NVD,CRITICAL,9.8,set-value is vulnerable to Prototype Pollution in versions lower than 3.0.1. The function mixin-deep could be tricked into adding or modifying properties of Object.prototype using any of the construct
Liferay-Liferay.cdx,CVE-2021-23440,NVD,CRITICAL,9.8,"This affects the package set-value before <2.0.1, >=3.0.0 <4.0.1. A type confusion vulnerability can lead to a bypass of CVE-2019-10747 when the user-provided keys used in the path parameter are array"
Liferay-Liferay.cdx,CVE-2019-10747,NVD,CRITICAL,9.8,set-value is vulnerable to Prototype Pollution in versions lower than 3.0.1. The function mixin-deep could be tricked into adding or modifying properties of Object.prototype using any of the construct
Liferay-Liferay.cdx,CVE-2021-23440,NVD,CRITICAL,9.8,"This affects the package set-value before <2.0.1, >=3.0.0 <4.0.1. A type confusion vulnerability can lead to a bypass of CVE-2019-10747 when the user-provided keys used in the path parameter are array"
Liferay-Liferay.cdx,CVE-2021-23440,NVD,CRITICAL,9.8,"This affects the package set-value before <2.0.1, >=3.0.0 <4.0.1. A type confusion vulnerability can lead to a bypass of CVE-2019-10747 when the user-provided keys used in the path parameter are array"
Liferay-Liferay.cdx,CVE-2026-27148,NVD,HIGH,9.6,"Storybook is a frontend workshop for building user interface components and pages in isolation. Prior to versions 7.6.23, 8.6.17, 9.1.19, and 10.2.10, the WebSocket functionality in Storybook's dev se"
Liferay-Liferay.cdx,CVE-2026-29074,NVD,HIGH,7.5,"SVGO, short for SVG Optimizer, is a Node.js library and command-line application for optimizing SVG files. From version 2.1.0 to before version 2.8.1, from version 3.0.0 to before version 3.3.3, and b"
Liferay-Liferay.cdx,CVE-2021-32804,NVD,HIGH,8.1,"The npm package ""tar"" (aka node-tar) before versions 6.1.1, 5.0.6, 4.4.14, and 3.3.2 has a arbitrary File Creation/Overwrite vulnerability due to insufficient absolute path sanitization. node-tar aims"
Liferay-Liferay.cdx,CVE-2021-32803,NVD,HIGH,8.1,"The npm package ""tar"" (aka node-tar) before versions 6.1.2, 5.0.7, 4.4.15, and 3.2.3 has an arbitrary File Creation/Overwrite vulnerability via insufficient symlink protection. `node-tar` aims to guar"
Liferay-Liferay.cdx,CVE-2021-3777,NVD,HIGH,7.5,nodejs-tmpl is vulnerable to Inefficient Regular Expression Complexity
Liferay-Liferay.cdx,CVE-2023-26136,NVD,CRITICAL,9.8,Versions of the package tough-cookie before 4.1.3 are vulnerable to Prototype Pollution due to improper handling of Cookies when using CookieJar in rejectPublicSuffixes=false mode. This issue arises f
Liferay-Liferay.cdx,CVE-2023-26136,NVD,CRITICAL,9.8,Versions of the package tough-cookie before 4.1.3 are vulnerable to Prototype Pollution due to improper handling of Cookies when using CookieJar in rejectPublicSuffixes=false mode. This issue arises f
Liferay-Liferay.cdx,CVE-2023-26136,NVD,CRITICAL,9.8,Versions of the package tough-cookie before 4.1.3 are vulnerable to Prototype Pollution due to improper handling of Cookies when using CookieJar in rejectPublicSuffixes=false mode. This issue arises f
Liferay-Liferay.cdx,CVE-2021-33623,NVD,HIGH,7.5,The trim-newlines package before 3.0.1 and 4.x before 4.0.1 for Node.js has an issue related to regular expression denial-of-service (ReDoS) for the .end() method.
Liferay-Liferay.cdx,CVE-2021-33623,NVD,HIGH,7.5,The trim-newlines package before 3.0.1 and 4.x before 4.0.1 for Node.js has an issue related to regular expression denial-of-service (ReDoS) for the .end() method.
Liferay-Liferay.cdx,CVE-2020-7793,NVD,HIGH,7.5,The package ua-parser-js before 0.7.23 are vulnerable to Regular Expression Denial of Service (ReDoS) in multiple regexes (see linked commit for more info).
Liferay-Liferay.cdx,CVE-2021-27292,NVD,HIGH,7.5,"ua-parser-js >= 0.7.14, fixed in 0.7.24, uses a regular expression which is vulnerable to denial of service. If an attacker sends a malicious User-Agent header, ua-parser-js will get stuck processing "
Liferay-Liferay.cdx,CVE-2020-7733,NVD,HIGH,7.5,The package ua-parser-js before 0.7.22 are vulnerable to Regular Expression Denial of Service (ReDoS) via the regex for Redmi Phones and Mi Pad Tablets UA.
Liferay-Liferay.cdx,CVE-2020-7793,NVD,HIGH,7.5,The package ua-parser-js before 0.7.23 are vulnerable to Regular Expression Denial of Service (ReDoS) in multiple regexes (see linked commit for more info).
Liferay-Liferay.cdx,CVE-2021-27292,NVD,HIGH,7.5,"ua-parser-js >= 0.7.14, fixed in 0.7.24, uses a regular expression which is vulnerable to denial of service. If an attacker sends a malicious User-Agent header, ua-parser-js will get stuck processing "
Liferay-Liferay.cdx,CVE-2020-7733,NVD,HIGH,7.5,The package ua-parser-js before 0.7.22 are vulnerable to Regular Expression Denial of Service (ReDoS) via the regex for Redmi Phones and Mi Pad Tablets UA.
Liferay-Liferay.cdx,CVE-2021-23358,NVD,HIGH,7.2,"The package underscore from 1.13.0-0 and before 1.13.0-2, from 1.3.2 and before 1.12.1 are vulnerable to Arbitrary Code Injection via the template function, particularly when a variable property is pa"
Liferay-Liferay.cdx,CVE-2026-27601,NVD,HIGH,7.5,"Underscore.js is a utility-belt library for JavaScript. Prior to 1.13.8, the _.flatten and _.isEqual functions use recursion without a depth limit. Under very specific conditions, detailed below, an a"
Liferay-Liferay.cdx,CVE-2023-45143,NVD,LOW,3.5,"Undici is an HTTP/1.1 client written from scratch for Node.js. Prior to version 5.26.2, Undici already cleared Authorization headers on cross-origin redirects, but did not clear `Cookie` headers. By d"
Liferay-Liferay.cdx,CVE-2024-30261,NVD,LOW,3.5,"Undici is an HTTP/1.1 client, written from scratch for Node.js. An attacker can alter the `integrity` option passed to `fetch()`, allowing `fetch()` to accept requests as valid even if they have been "
Liferay-Liferay.cdx,CVE-2024-30260,NVD,MEDIUM,4.3,"Undici is an HTTP/1.1 client, written from scratch for Node.js. Undici cleared Authorization and Proxy-Authorization headers for `fetch()`, but did not clear them for `undici.request()`. This vulnerab"
Liferay-Liferay.cdx,CVE-2024-24758,NVD,MEDIUM,4.5,"Undici is an HTTP/1.1 client, written from scratch for Node.js. Undici already cleared Authorization headers on cross-origin redirects, but did not clear `Proxy-Authentication` headers. This issue has"
Liferay-Liferay.cdx,CVE-2026-1527,NVD,MEDIUM,4.6,"ImpactWhen an application passes user-controlled input to the upgrade option of client.request(), an attacker can inject CRLF sequences (\r\n) to:

  *  Inject arbitrary HTTP headers
  *  Terminate th"
Liferay-Liferay.cdx,CVE-2022-35948,NVD,MEDIUM,5.3,"undici is an HTTP/1.1 client, written from scratch for Node.js.`=< undici@5.8.0` users are vulnerable to _CRLF Injection_ on headers when using unsanitized input as request headers, more specifically,"
Liferay-Liferay.cdx,CVE-2023-23936,NVD,MEDIUM,5.4,"Undici is an HTTP/1.1 client for Node.js. Starting with version 2.0.0 and prior to version 5.19.1, the undici library does not protect `host` HTTP header from CRLF injection vulnerabilities. This issu"
Liferay-Liferay.cdx,CVE-2022-32210,NVD,MEDIUM,6.5,"`Undici.ProxyAgent` never verifies the remote server's certificate, and always exposes all request & response data to the proxy. This unexpectedly means that proxies can MitM all HTTPS traffic, and if"
Liferay-Liferay.cdx,CVE-2022-31151,NVD,MEDIUM,6.5,"Authorization headers are cleared on cross-origin redirect. However, cookie headers which are sensitive headers and are official headers found in the spec, remain uncleared. There are active users usi"
Liferay-Liferay.cdx,CVE-2022-31150,NVD,MEDIUM,6.5,"undici is an HTTP/1.1 client, written from scratch for Node.js. It is possible to inject CRLF sequences into request headers in undici in versions less than 5.7.1. A fix was released in version 5.8.0."
Liferay-Liferay.cdx,CVE-2023-24807,NVD,HIGH,7.5,"Undici is an HTTP/1.1 client for Node.js. Prior to version 5.19.1, the `Headers.set()` and `Headers.append()` methods are vulnerable to Regular Expression Denial of Service (ReDoS) attacks when untrus"
Liferay-Liferay.cdx,CVE-2026-1528,NVD,HIGH,7.5,"ImpactA server can reply with a WebSocket frame using the 64-bit length form and an extremely large length. undici's ByteParser overflows internal math, ends up in an invalid state, and throws a fatal"
Liferay-Liferay.cdx,CVE-2026-2229,NVD,HIGH,7.5,ImpactThe undici WebSocket client is vulnerable to a denial-of-service attack due to improper validation of the server_max_window_bits parameter in the permessage-deflate extension. When a WebSocket c
Liferay-Liferay.cdx,CVE-2026-1526,NVD,HIGH,7.5,The undici WebSocket client is vulnerable to a denial-of-service attack via unbounded memory consumption during permessage-deflate decompression. When a WebSocket connection negotiates the permessage-
Liferay-Liferay.cdx,CVE-2026-22036,NVD,HIGH,7.5,"Undici is an HTTP/1.1 client for Node.js. Prior to 7.18.0 and 6.23.0, the number of links in the decompression chain is unbounded and the default maxHeaderSize allows a malicious server to insert thou"
Liferay-Liferay.cdx,CVE-2026-1525,NVD,CRITICAL,9.8,"Undici allows duplicate HTTP Content-Length headers when they are provided in an array with case-variant names (e.g., Content-Length and content-length). This produces malformed HTTP/1.1 requests with"
Liferay-Liferay.cdx,CVE-2022-35949,NVD,CRITICAL,9.8,"undici is an HTTP/1.1 client, written from scratch for Node.js.`undici` is vulnerable to SSRF (Server-side Request Forgery) when an application takes in **user input** into the `path/pathname` option "
Liferay-Liferay.cdx,CVE-2025-58751,NVD,LOW,5.3,"Vite is a frontend tooling framework for JavaScript. Prior to versions 7.1.5, 7.0.7, 6.3.6, and 5.4.20, files starting with the same name with the public directory were served bypassing the `server.fs"
Liferay-Liferay.cdx,CVE-2025-58752,NVD,LOW,5.3,"Vite is a frontend tooling framework for JavaScript. Prior to versions 7.1.5, 7.0.7, 6.3.6, and 5.4.20, any HTML files on the machine were served regardless of the `server.fs` settings. Only apps that"
Liferay-Liferay.cdx,CVE-2025-46565,NVD,MEDIUM,5.3,"Vite is a frontend tooling framework for javascript. Prior to versions 6.3.4, 6.2.7, 6.1.6, 5.4.19, and 4.5.14, the contents of files in the project root that are denied by a file matching pattern can"
Liferay-Liferay.cdx,CVE-2025-24010,NVD,MEDIUM,6.5,Vite is a frontend tooling framework for javascript. Vite allowed any websites to send any requests to the development server and read the response due to default CORS settings and lack of validation 
Liferay-Liferay.cdx,CVE-2024-23331,NVD,HIGH,7.5,Vite is a frontend tooling framework for javascript. The Vite dev server option `server.fs.deny` can be bypassed on case-insensitive file systems using case-augmented versions of filenames. Notably th
Liferay-Liferay.cdx,CVE-2025-31125,NVD,HIGH,7.5,Vite is a frontend tooling framework for javascript. Vite exposes content of non-allowed files using ?inline&import or ?raw?import. Only apps explicitly exposing the Vite dev server to the network (us
Liferay-Liferay.cdx,CVE-2025-30208,NVD,HIGH,7.5,"Vite, a provider of frontend development tooling, has a vulnerability in versions prior to 6.2.3, 6.1.2, 6.0.12, 5.4.15, and 4.5.10. `@fs` denies access to files outside of Vite serving allow list. Ad"
Liferay-Liferay.cdx,CVE-2025-58751,NVD,LOW,5.3,"Vite is a frontend tooling framework for JavaScript. Prior to versions 7.1.5, 7.0.7, 6.3.6, and 5.4.20, files starting with the same name with the public directory were served bypassing the `server.fs"
Liferay-Liferay.cdx,CVE-2025-58752,NVD,LOW,5.3,"Vite is a frontend tooling framework for JavaScript. Prior to versions 7.1.5, 7.0.7, 6.3.6, and 5.4.20, any HTML files on the machine were served regardless of the `server.fs` settings. Only apps that"
Liferay-Liferay.cdx,CVE-2025-46565,NVD,MEDIUM,5.3,"Vite is a frontend tooling framework for javascript. Prior to versions 6.3.4, 6.2.7, 6.1.6, 5.4.19, and 4.5.14, the contents of files in the project root that are denied by a file matching pattern can"
Liferay-Liferay.cdx,CVE-2023-49293,NVD,MEDIUM,6.1,"Vite is a website frontend framework. When Vite's HTML transformation is invoked manually via `server.transformIndexHtml`, the original request URL is passed in unmodified, and the `html` being transf"
Liferay-Liferay.cdx,CVE-2025-24010,NVD,MEDIUM,6.5,Vite is a frontend tooling framework for javascript. Vite allowed any websites to send any requests to the development server and read the response due to default CORS settings and lack of validation 
Liferay-Liferay.cdx,CVE-2024-23331,NVD,HIGH,7.5,Vite is a frontend tooling framework for javascript. The Vite dev server option `server.fs.deny` can be bypassed on case-insensitive file systems using case-augmented versions of filenames. Notably th
Liferay-Liferay.cdx,CVE-2025-31125,NVD,HIGH,7.5,Vite is a frontend tooling framework for javascript. Vite exposes content of non-allowed files using ?inline&import or ?raw?import. Only apps explicitly exposing the Vite dev server to the network (us
Liferay-Liferay.cdx,CVE-2025-30208,NVD,HIGH,7.5,"Vite, a provider of frontend development tooling, has a vulnerability in versions prior to 6.2.3, 6.1.2, 6.0.12, 5.4.15, and 4.5.10. `@fs` denies access to files outside of Vite serving allow list. Ad"
Liferay-Liferay.cdx,CVE-2025-58751,NVD,LOW,5.3,"Vite is a frontend tooling framework for JavaScript. Prior to versions 7.1.5, 7.0.7, 6.3.6, and 5.4.20, files starting with the same name with the public directory were served bypassing the `server.fs"
Liferay-Liferay.cdx,CVE-2025-58752,NVD,LOW,5.3,"Vite is a frontend tooling framework for JavaScript. Prior to versions 7.1.5, 7.0.7, 6.3.6, and 5.4.20, any HTML files on the machine were served regardless of the `server.fs` settings. Only apps that"
Liferay-Liferay.cdx,CVE-2025-46565,NVD,MEDIUM,5.3,"Vite is a frontend tooling framework for javascript. Prior to versions 6.3.4, 6.2.7, 6.1.6, 5.4.19, and 4.5.14, the contents of files in the project root that are denied by a file matching pattern can"
Liferay-Liferay.cdx,CVE-2023-49293,NVD,MEDIUM,6.1,"Vite is a website frontend framework. When Vite's HTML transformation is invoked manually via `server.transformIndexHtml`, the original request URL is passed in unmodified, and the `html` being transf"
Liferay-Liferay.cdx,CVE-2025-24010,NVD,MEDIUM,6.5,Vite is a frontend tooling framework for javascript. Vite allowed any websites to send any requests to the development server and read the response due to default CORS settings and lack of validation 
Liferay-Liferay.cdx,CVE-2024-23331,NVD,HIGH,7.5,Vite is a frontend tooling framework for javascript. The Vite dev server option `server.fs.deny` can be bypassed on case-insensitive file systems using case-augmented versions of filenames. Notably th
Liferay-Liferay.cdx,CVE-2025-31125,NVD,HIGH,7.5,Vite is a frontend tooling framework for javascript. Vite exposes content of non-allowed files using ?inline&import or ?raw?import. Only apps explicitly exposing the Vite dev server to the network (us
Liferay-Liferay.cdx,CVE-2025-30208,NVD,HIGH,7.5,"Vite, a provider of frontend development tooling, has a vulnerability in versions prior to 6.2.3, 6.1.2, 6.0.12, 5.4.15, and 4.5.10. `@fs` denies access to files outside of Vite serving allow list. Ad"
Liferay-Liferay.cdx,CVE-2025-58751,NVD,LOW,5.3,"Vite is a frontend tooling framework for JavaScript. Prior to versions 7.1.5, 7.0.7, 6.3.6, and 5.4.20, files starting with the same name with the public directory were served bypassing the `server.fs"
Liferay-Liferay.cdx,CVE-2025-58752,NVD,LOW,5.3,"Vite is a frontend tooling framework for JavaScript. Prior to versions 7.1.5, 7.0.7, 6.3.6, and 5.4.20, any HTML files on the machine were served regardless of the `server.fs` settings. Only apps that"
Liferay-Liferay.cdx,CVE-2025-58751,NVD,LOW,5.3,"Vite is a frontend tooling framework for JavaScript. Prior to versions 7.1.5, 7.0.7, 6.3.6, and 5.4.20, files starting with the same name with the public directory were served bypassing the `server.fs"
Liferay-Liferay.cdx,CVE-2025-58752,NVD,LOW,5.3,"Vite is a frontend tooling framework for JavaScript. Prior to versions 7.1.5, 7.0.7, 6.3.6, and 5.4.20, any HTML files on the machine were served regardless of the `server.fs` settings. Only apps that"
Liferay-Liferay.cdx,CVE-2025-46565,NVD,MEDIUM,5.3,"Vite is a frontend tooling framework for javascript. Prior to versions 6.3.4, 6.2.7, 6.1.6, 5.4.19, and 4.5.14, the contents of files in the project root that are denied by a file matching pattern can"
Liferay-Liferay.cdx,CVE-2025-24010,NVD,MEDIUM,6.5,Vite is a frontend tooling framework for javascript. Vite allowed any websites to send any requests to the development server and read the response due to default CORS settings and lack of validation 
Liferay-Liferay.cdx,CVE-2024-23331,NVD,HIGH,7.5,Vite is a frontend tooling framework for javascript. The Vite dev server option `server.fs.deny` can be bypassed on case-insensitive file systems using case-augmented versions of filenames. Notably th
Liferay-Liferay.cdx,CVE-2025-31125,NVD,HIGH,7.5,Vite is a frontend tooling framework for javascript. Vite exposes content of non-allowed files using ?inline&import or ?raw?import. Only apps explicitly exposing the Vite dev server to the network (us
Liferay-Liferay.cdx,CVE-2025-30208,NVD,HIGH,7.5,"Vite, a provider of frontend development tooling, has a vulnerability in versions prior to 6.2.3, 6.1.2, 6.0.12, 5.4.15, and 4.5.10. `@fs` denies access to files outside of Vite serving allow list. Ad"
Liferay-Liferay.cdx,CVE-2024-43788,NVD,MEDIUM,6.1,"Webpack is a module bundler. Its main purpose is to bundle JavaScript files for usage in a browser, yet it is also capable of transforming, bundling, or packaging just about any resource or asset. The"
Liferay-Liferay.cdx,CVE-2025-68157,NVD,LOW,3.7,"Webpack is a module bundler. From version 5.49.0 to before 5.104.0, when experiments.buildHttp is enabled, webpack’s HTTP(S) resolver (HttpUriPlugin) enforces allowedUris only for the initial URL, but"
Liferay-Liferay.cdx,CVE-2025-68458,NVD,LOW,3.7,"Webpack is a module bundler. From version 5.49.0 to before 5.104.1, when experiments.buildHttp is enabled, webpack’s HTTP(S) resolver (HttpUriPlugin) can be bypassed to fetch resources from hosts outs"
Liferay-Liferay.cdx,CVE-2024-43788,NVD,MEDIUM,6.1,"Webpack is a module bundler. Its main purpose is to bundle JavaScript files for usage in a browser, yet it is also capable of transforming, bundling, or packaging just about any resource or asset. The"
Liferay-Liferay.cdx,CVE-2025-68157,NVD,LOW,3.7,"Webpack is a module bundler. From version 5.49.0 to before 5.104.0, when experiments.buildHttp is enabled, webpack’s HTTP(S) resolver (HttpUriPlugin) enforces allowedUris only for the initial URL, but"
Liferay-Liferay.cdx,CVE-2025-68458,NVD,LOW,3.7,"Webpack is a module bundler. From version 5.49.0 to before 5.104.1, when experiments.buildHttp is enabled, webpack’s HTTP(S) resolver (HttpUriPlugin) can be bypassed to fetch resources from hosts outs"
Liferay-Liferay.cdx,CVE-2024-43788,NVD,MEDIUM,6.1,"Webpack is a module bundler. Its main purpose is to bundle JavaScript files for usage in a browser, yet it is also capable of transforming, bundling, or packaging just about any resource or asset. The"
Liferay-Liferay.cdx,CVE-2020-7662,NVD,HIGH,7.5,websocket-extensions npm module prior to 0.1.4 allows Denial of Service (DoS) via Regex Backtracking. The extension parser may take quadratic time when parsing a header containing an unclosed string p
Liferay-Liferay.cdx,CVE-2023-26115,NVD,HIGH,7.5,All versions of the package word-wrap are vulnerable to Regular Expression Denial of Service (ReDoS) due to the usage of an insecure regular expression within the result variable.
Liferay-Liferay.cdx,CVE-2021-32640,NVD,MEDIUM,5.3,ws is an open source WebSocket client and server library for Node.js. A specially crafted value of the `Sec-Websocket-Protocol` header can be used to significantly slow down a ws server. The vulnerabi
Liferay-Liferay.cdx,CVE-2021-32640,NVD,MEDIUM,5.3,ws is an open source WebSocket client and server library for Node.js. A specially crafted value of the `Sec-Websocket-Protocol` header can be used to significantly slow down a ws server. The vulnerabi
Liferay-Liferay.cdx,CVE-2020-7774,NVD,CRITICAL,9.8,"The package y18n before 3.2.2, 4.0.1 and 5.0.5, is vulnerable to Prototype Pollution."
Liferay-Liferay.cdx,CVE-2020-7774,NVD,CRITICAL,9.8,"The package y18n before 3.2.2, 4.0.1 and 5.0.5, is vulnerable to Prototype Pollution."
Liferay-Liferay.cdx,CVE-2020-7608,NVD,MEDIUM,5.3,"yargs-parser could be tricked into adding or modifying properties of Object.prototype using a ""__proto__"" payload."
Liferay-Liferay.cdx,CVE-2020-7608,NVD,MEDIUM,5.3,"yargs-parser could be tricked into adding or modifying properties of Object.prototype using a ""__proto__"" payload."
Live_Helper-Live_Helper_Chat.cdx,CVE-2026-25639,NVD,HIGH,7.5,"Axios is a promise based HTTP client for the browser and Node.js. Prior to versions 0.30.3 and 1.13.5, the mergeConfig function in axios crashes with a TypeError when processing configuration objects "
Live_Helper-Live_Helper_Chat.cdx,CVE-2022-37620,NVD,HIGH,7.5,A Regular Expression Denial of Service (ReDoS) flaw was found in kangax html-minifier 4.0.0 because of the reCustomIgnore regular expression.
Live_Helper-Live_Helper_Chat.cdx,CVE-2025-13465,NVD,MEDIUM,5.3,Lodash versions 4.0.0 through 4.17.22 are vulnerable to prototype pollution in the _.unset and _.omit functions. An attacker can pass crafted paths which cause Lodash to delete methods from global pro
Live_Helper-Live_Helper_Chat.cdx,CVE-2026-26996,NVD,HIGH,7.5,minimatch is a minimal matching utility for converting glob expressions into JavaScript RegExp objects. Versions 10.2.0 and below are vulnerable to Regular Expression Denial of Service (ReDoS) when a 
Live_Helper-Live_Helper_Chat.cdx,CVE-2026-27904,NVD,HIGH,7.5,"minimatch is a minimal matching utility for converting glob expressions into JavaScript RegExp objects. Prior to version 10.2.3, 9.0.7, 8.0.6, 7.4.8, 6.2.2, 5.1.8, 4.2.5, and 3.1.4, nested `*()` extgl"
Live_Helper-Live_Helper_Chat.cdx,CVE-2026-27903,NVD,HIGH,7.5,"minimatch is a minimal matching utility for converting glob expressions into JavaScript RegExp objects. Prior to version 10.2.3, 9.0.7, 8.0.6, 7.4.8, 6.2.2, 5.1.8, 4.2.5, and 3.1.3, `matchOne()` perfo"
Live_Helper-Live_Helper_Chat.cdx,CVE-2026-26996,NVD,HIGH,7.5,minimatch is a minimal matching utility for converting glob expressions into JavaScript RegExp objects. Versions 10.2.0 and below are vulnerable to Regular Expression Denial of Service (ReDoS) when a 
Live_Helper-Live_Helper_Chat.cdx,CVE-2026-27904,NVD,HIGH,7.5,"minimatch is a minimal matching utility for converting glob expressions into JavaScript RegExp objects. Prior to version 10.2.3, 9.0.7, 8.0.6, 7.4.8, 6.2.2, 5.1.8, 4.2.5, and 3.1.4, nested `*()` extgl"
Live_Helper-Live_Helper_Chat.cdx,CVE-2026-27903,NVD,HIGH,7.5,"minimatch is a minimal matching utility for converting glob expressions into JavaScript RegExp objects. Prior to version 10.2.3, 9.0.7, 8.0.6, 7.4.8, 6.2.2, 5.1.8, 4.2.5, and 3.1.3, `matchOne()` perfo"
Live_Helper-Live_Helper_Chat.cdx,CVE-2025-15284,NVD,MEDIUM,3.7,"Improper Input Validation vulnerability in qs (parse modules) allows HTTP DoS.This issue affects qs: < 6.14.1.


Summary

The arrayLimit option in qs did not enforce limits for bracket notation (a[]=1"
Live_Helper-Live_Helper_Chat.cdx,CVE-2026-2391,NVD,MEDIUM,7.5,"### Summary
The `arrayLimit` option in qs does not enforce limits for comma-separated values when `comma: true` is enabled, allowing attackers to cause denial-of-service via memory exhaustion. This is"
Live_Helper-Live_Helper_Chat.cdx,CVE-2025-46233,NVD,MEDIUM,5.4,Improper Neutralization of Input During Web Page Generation ('Cross-site Scripting') vulnerability in Sirv CDN and Image Hosting Sirv allows Stored XSS. This issue affects Sirv: from n/a through 7.5.3
Live_Helper-Live_Helper_Chat.cdx,CVE-2024-8964,NVD,MEDIUM,5.4,"The Image Optimizer, Resizer and CDN – Sirv plugin for WordPress is vulnerable to Stored Cross-Site Scripting via SVG File uploads in all versions up to, and including, 7.2.9 due to insufficient input"
Live_Helper-Live_Helper_Chat.cdx,CVE-2024-6392,NVD,MEDIUM,5.4,"The Image Optimizer, Resizer and CDN – Sirv plugin for WordPress is vulnerable to unauthorized plugin settings modification due to missing capability checks on the plugin functions in all versions up "
Live_Helper-Live_Helper_Chat.cdx,CVE-2024-27949,NVD,MEDIUM,5.4,"Server-Side Request Forgery (SSRF) vulnerability in sirv.Com Image Optimizer, Resizer and CDN – Sirv.This issue affects Image Optimizer, Resizer and CDN – Sirv: from n/a through 7.2.0.

"
Live_Helper-Live_Helper_Chat.cdx,CVE-2024-10855,NVD,HIGH,8.1,"The Image Optimizer, Resizer and CDN – Sirv plugin for WordPress is vulnerable to unauthorized modification of data that can lead to a denial of service due to insufficient validation on the filename "
Live_Helper-Live_Helper_Chat.cdx,CVE-2024-32959,NVD,HIGH,8.8,Improper Privilege Management vulnerability in Sirv allows Privilege Escalation.This issue affects Sirv: from n/a through 7.2.2.
Live_Helper-Live_Helper_Chat.cdx,CVE-2024-5853,NVD,HIGH,8.8,"The Image Optimizer, Resizer and CDN – Sirv plugin for WordPress is vulnerable to arbitrary file uploads due to missing file type validation in the sirv_upload_file_by_chanks AJAX action in all versio"
Live_Helper-Live_Helper_Chat.cdx,CVE-2024-27950,NVD,HIGH,8.8,"Missing Authorization vulnerability in sirv.Com Image Optimizer, Resizer and CDN – Sirv.This issue affects Image Optimizer, Resizer and CDN – Sirv: from n/a through 7.2.0.

"
Live_Helper-Live_Helper_Chat.cdx,CVE-2023-50898,NVD,HIGH,8.8,"Missing Authorization vulnerability in sirv.Com Sirv.This issue affects Sirv: from n/a through 7.1.2.

"
Live_Helper-Live_Helper_Chat.cdx,CVE-2024-8480,NVD,HIGH,8.8,"The Image Optimizer, Resizer and CDN – Sirv plugin for WordPress is vulnerable to unauthorized modification of data due to a missing capability check on the 'sirv_save_prevented_sizes' function in all"
Live_Helper-Live_Helper_Chat.cdx,CVE-2025-68157,NVD,LOW,3.7,"Webpack is a module bundler. From version 5.49.0 to before 5.104.0, when experiments.buildHttp is enabled, webpack’s HTTP(S) resolver (HttpUriPlugin) enforces allowedUris only for the initial URL, but"
Live_Helper-Live_Helper_Chat.cdx,CVE-2025-68458,NVD,LOW,3.7,"Webpack is a module bundler. From version 5.49.0 to before 5.104.1, when experiments.buildHttp is enabled, webpack’s HTTP(S) resolver (HttpUriPlugin) can be bypassed to fetch resources from hosts outs"
Live_Helper-Live_Helper_Chat.cdx,CVE-2025-68458,NVD,LOW,3.7,"Webpack is a module bundler. From version 5.49.0 to before 5.104.1, when experiments.buildHttp is enabled, webpack’s HTTP(S) resolver (HttpUriPlugin) can be bypassed to fetch resources from hosts outs"
LocomotiveCMS-LocomotiveCMS.cdx,CVE-2021-3807,NVD,HIGH,7.5,ansi-regex is vulnerable to Inefficient Regular Expression Complexity
LocomotiveCMS-LocomotiveCMS.cdx,CVE-2021-3807,NVD,HIGH,7.5,ansi-regex is vulnerable to Inefficient Regular Expression Complexity
LocomotiveCMS-LocomotiveCMS.cdx,CVE-2021-3807,NVD,HIGH,7.5,ansi-regex is vulnerable to Inefficient Regular Expression Complexity
LocomotiveCMS-LocomotiveCMS.cdx,CVE-2018-1109,NVD,MEDIUM,5.3,"A vulnerability was found in Braces versions 2.2.0 and above, prior to 2.3.1. Affected versions of this package are vulnerable to Regular Expression Denial of Service (ReDoS) attacks."
LocomotiveCMS-LocomotiveCMS.cdx,CVE-2023-46234,NVD,HIGH,7.5,"browserify-sign is a package to duplicate the functionality of node's crypto public key functions, much of this is based on Fedor Indutny's work on indutny/tls.js. An upper bound check issue in `dsaVe"
LocomotiveCMS-LocomotiveCMS.cdx,CVE-2021-23364,NVD,MEDIUM,5.3,The package browserslist from 4.0.0 and before 4.16.5 are vulnerable to Regular Expression Denial of Service (ReDoS) during parsing of queries.
LocomotiveCMS-LocomotiveCMS.cdx,CVE-2023-49090,NVD,MEDIUM,6.1,"CarrierWave is a solution for file uploads for Rails, Sinatra and other Ruby web frameworks. CarrierWave has a Content-Type allowlist bypass vulnerability, possibly leading to XSS. The validation in `"
LocomotiveCMS-LocomotiveCMS.cdx,CVE-2024-29034,NVD,MEDIUM,6.1,"CarrierWave is a solution for file uploads for Rails, Sinatra and other Ruby web frameworks. The vulnerability CVE-2023-49090 wasn't fully addressed. This vulnerability is caused by the fact that when"
LocomotiveCMS-LocomotiveCMS.cdx,CVE-2022-1365,NVD,MEDIUM,6.5,Exposure of Private Personal Information to an Unauthorized Actor in GitHub repository lquixada/cross-fetch prior to 3.1.5.
LocomotiveCMS-LocomotiveCMS.cdx,CVE-2022-38778,NVD,MEDIUM,6.5,"A flaw (CVE-2022-38900) was discovered in one of Kibana’s third party dependencies, that could allow an authenticated user to perform a request that crashes the Kibana server process."
LocomotiveCMS-LocomotiveCMS.cdx,CVE-2022-38900,NVD,HIGH,7.5,decode-uri-component 0.2.0 is vulnerable to Improper Input Validation resulting in DoS.
LocomotiveCMS-LocomotiveCMS.cdx,CVE-2026-32700,NVD,MEDIUM,5.3,"Devise is an authentication solution for Rails based on Warden. Prior to version 5.0.3, a race condition in Devise's Confirmable module allows an attacker to confirm an email address they do not own. "
LocomotiveCMS-LocomotiveCMS.cdx,CVE-2020-28498,NVD,MEDIUM,6.8,The package elliptic before 6.5.4 are vulnerable to Cryptographic Issues via the secp256k1 implementation in elliptic/ec/key.js. There is no check to confirm that the public key point passed into the 
LocomotiveCMS-LocomotiveCMS.cdx,CVE-2024-48949,NVD,CRITICAL,9.1,"The verify function in lib/elliptic/eddsa/index.js in the Elliptic package before 6.5.6 for Node.js omits ""sig.S().gte(sig.eddsa.curve.n) || sig.S().isNeg()"" validation."
LocomotiveCMS-LocomotiveCMS.cdx,CVE-2020-28469,NVD,HIGH,7.5,This affects the package glob-parent before 5.1.2. The enclosure regex used to check for strings ending in enclosure containing path separator.
LocomotiveCMS-LocomotiveCMS.cdx,CVE-2020-28469,NVD,HIGH,7.5,This affects the package glob-parent before 5.1.2. The enclosure regex used to check for strings ending in enclosure containing path separator.
LocomotiveCMS-LocomotiveCMS.cdx,CVE-2020-28469,NVD,HIGH,7.5,This affects the package glob-parent before 5.1.2. The enclosure regex used to check for strings ending in enclosure containing path separator.
LocomotiveCMS-LocomotiveCMS.cdx,CVE-2020-7788,NVD,CRITICAL,9.8,"This affects the package ini before 1.3.6. If an attacker submits a malicious INI file to an application that parses it with ini.parse, they will pollute the prototype on the application. This can be "
LocomotiveCMS-LocomotiveCMS.cdx,CVE-2022-46175,NVD,HIGH,8.8,JSON5 is an extension to the popular JSON file format that aims to be easier to write and maintain by hand (e.g. for config files). The `parse` method of the JSON5 library before and including version
LocomotiveCMS-LocomotiveCMS.cdx,CVE-2022-46175,NVD,HIGH,8.8,JSON5 is an extension to the popular JSON file format that aims to be easier to write and maintain by hand (e.g. for config files). The `parse` method of the JSON5 library before and including version
LocomotiveCMS-LocomotiveCMS.cdx,CVE-2020-28500,NVD,MEDIUM,5.3,"Lodash versions prior to 4.17.21 are vulnerable to Regular Expression Denial of Service (ReDoS) via the toNumber, trim and trimEnd functions."
LocomotiveCMS-LocomotiveCMS.cdx,CVE-2021-23337,NVD,HIGH,7.2,Lodash versions prior to 4.17.21 are vulnerable to Command Injection via the template function.
LocomotiveCMS-LocomotiveCMS.cdx,CVE-2025-13465,NVD,MEDIUM,5.3,Lodash versions 4.0.0 through 4.17.22 are vulnerable to prototype pollution in the _.unset and _.omit functions. An attacker can pass crafted paths which cause Lodash to delete methods from global pro
LocomotiveCMS-LocomotiveCMS.cdx,CVE-2021-26707,NVD,CRITICAL,9.8,The merge-deep library before 3.0.3 for Node.js can be tricked into overwriting properties of Object.prototype or adding new properties to it. These properties are then inherited by every object in th
LocomotiveCMS-LocomotiveCMS.cdx,CVE-2026-26996,NVD,HIGH,7.5,minimatch is a minimal matching utility for converting glob expressions into JavaScript RegExp objects. Versions 10.2.0 and below are vulnerable to Regular Expression Denial of Service (ReDoS) when a 
LocomotiveCMS-LocomotiveCMS.cdx,CVE-2026-27904,NVD,HIGH,7.5,"minimatch is a minimal matching utility for converting glob expressions into JavaScript RegExp objects. Prior to version 10.2.3, 9.0.7, 8.0.6, 7.4.8, 6.2.2, 5.1.8, 4.2.5, and 3.1.4, nested `*()` extgl"
LocomotiveCMS-LocomotiveCMS.cdx,CVE-2022-3517,NVD,HIGH,7.5,"A vulnerability was found in the minimatch package. This flaw allows a Regular Expression Denial of Service (ReDoS) when calling the braceExpand function with specific arguments, resulting in a Denial"
LocomotiveCMS-LocomotiveCMS.cdx,CVE-2026-27903,NVD,HIGH,7.5,"minimatch is a minimal matching utility for converting glob expressions into JavaScript RegExp objects. Prior to version 10.2.3, 9.0.7, 8.0.6, 7.4.8, 6.2.2, 5.1.8, 4.2.5, and 3.1.3, `matchOne()` perfo"
LocomotiveCMS-LocomotiveCMS.cdx,CVE-2022-0235,NVD,MEDIUM,6.1,node-fetch is vulnerable to Exposure of Sensitive Information to an Unauthorized Actor
LocomotiveCMS-LocomotiveCMS.cdx,CVE-2020-7789,NVD,MEDIUM,5.6,This affects the package node-notifier before 9.0.0. It allows an attacker to run arbitrary commands on Linux machines due to the options params not being sanitised when being passed an array.
LocomotiveCMS-LocomotiveCMS.cdx,CVE-2021-23343,NVD,HIGH,7.5,"All versions of package path-parse are vulnerable to Regular Expression Denial of Service (ReDoS) via splitDeviceRe, splitTailRe, and splitPathRe regular expressions. ReDoS exhibits polynomial worst-c"
LocomotiveCMS-LocomotiveCMS.cdx,CVE-2020-7751,NVD,HIGH,7.2,pathval before version 1.1.1 is vulnerable to prototype pollution.
LocomotiveCMS-LocomotiveCMS.cdx,CVE-2021-23382,NVD,HIGH,7.5,The package postcss before 8.2.13 are vulnerable to Regular Expression Denial of Service (ReDoS) via getAnnotationURL() and loadAnnotation() in lib/previous-map.js. The vulnerable regexes are caused m
LocomotiveCMS-LocomotiveCMS.cdx,CVE-2023-44270,NVD,MEDIUM,5.3,An issue was discovered in PostCSS before 8.4.31. The vulnerability affects linters using PostCSS to parse external untrusted CSS. An attacker can prepare CSS in such a way that it will contains parts
LocomotiveCMS-LocomotiveCMS.cdx,CVE-2021-23368,NVD,MEDIUM,5.3,The package postcss from 7.0.0 and before 8.2.10 are vulnerable to Regular Expression Denial of Service (ReDoS) during source map parsing.
LocomotiveCMS-LocomotiveCMS.cdx,CVE-2021-23382,NVD,HIGH,7.5,The package postcss before 8.2.13 are vulnerable to Regular Expression Denial of Service (ReDoS) via getAnnotationURL() and loadAnnotation() in lib/previous-map.js. The vulnerable regexes are caused m
LocomotiveCMS-LocomotiveCMS.cdx,CVE-2023-44270,NVD,MEDIUM,5.3,An issue was discovered in PostCSS before 8.4.31. The vulnerability affects linters using PostCSS to parse external untrusted CSS. An attacker can prepare CSS in such a way that it will contains parts
LocomotiveCMS-LocomotiveCMS.cdx,CVE-2025-15284,NVD,MEDIUM,3.7,"Improper Input Validation vulnerability in qs (parse modules) allows HTTP DoS.This issue affects qs: < 6.14.1.


Summary

The arrayLimit option in qs did not enforce limits for bracket notation (a[]=1"
LocomotiveCMS-LocomotiveCMS.cdx,CVE-2022-24999,NVD,HIGH,7.5,"qs before 6.10.3, as used in Express before 4.17.3 and other products, allows attackers to cause a Node process hang for an Express application because an __ proto__ key can be used. In many typical E"
LocomotiveCMS-LocomotiveCMS.cdx,CVE-2025-61780,NVD,MEDIUM,5.3,"Rack is a modular Ruby web server interface. Prior to versions 2.2.20, 3.1.18, and 3.2.3, a possible information disclosure vulnerability existed in `Rack::Sendfile` when running behind a proxy that s"
LocomotiveCMS-LocomotiveCMS.cdx,CVE-2025-49007,NVD,MEDIUM,5.3,"Rack is a modular Ruby web server interface. Starting in version 3.1.0 and prior to version 3.1.16, there is a denial of service vulnerability in the Content-Disposition parsing component of Rack. Thi"
LocomotiveCMS-LocomotiveCMS.cdx,CVE-2026-25500,NVD,MEDIUM,5.4,"Rack is a modular Ruby web server interface. Prior to versions 2.2.22, 3.1.20, and 3.2.5, `Rack::Directory` generates an HTML directory index where each file entry is rendered as a clickable link. If "
LocomotiveCMS-LocomotiveCMS.cdx,CVE-2025-25184,NVD,MEDIUM,6.5,"Rack provides an interface for developing web applications in Ruby. Prior to versions 2.2.11, 3.0.12, and 3.1.10, Rack::CommonLogger can be exploited by crafting input that includes newline characters"
LocomotiveCMS-LocomotiveCMS.cdx,CVE-2026-22860,NVD,HIGH,7.5,"Rack is a modular Ruby web server interface. Prior to versions 2.2.22, 3.1.20, and 3.2.5, `Rack::Directory`’s path check used a string prefix match on the expanded path. A request like `/../root_examp"
LocomotiveCMS-LocomotiveCMS.cdx,CVE-2025-27610,NVD,HIGH,7.5,"Rack provides an interface for developing web applications in Ruby. Prior to versions 2.2.13, 3.0.14, and 3.1.12, `Rack::Static` can serve files under the specified `root:` even if `urls:` are provide"
LocomotiveCMS-LocomotiveCMS.cdx,CVE-2025-27111,NVD,MEDIUM,7.5,Rack is a modular Ruby web server interface. The Rack::Sendfile middleware logs unsanitised header values from the X-Sendfile-Type header. An attacker can exploit this by injecting escape sequences (s
LocomotiveCMS-LocomotiveCMS.cdx,CVE-2025-61770,NVD,HIGH,7.5,"Rack is a modular Ruby web server interface. In versions prior to 2.2.19, 3.1.17, and 3.2.2, `Rack::Multipart::Parser` buffers the entire multipart preamble (bytes before the first boundary) in memory"
LocomotiveCMS-LocomotiveCMS.cdx,CVE-2025-61772,NVD,HIGH,7.5,"Rack is a modular Ruby web server interface. In versions prior to 2.2.19, 3.1.17, and 3.2.2, `Rack::Multipart::Parser` can accumulate unbounded data when a multipart part’s header block never terminat"
LocomotiveCMS-LocomotiveCMS.cdx,CVE-2025-61771,NVD,HIGH,7.5,"Rack is a modular Ruby web server interface. In versions prior to 2.2.19, 3.1.17, and 3.2.2, ``Rack::Multipart::Parser` stores non-file form fields (parts without a `filename`) entirely in memory as R"
LocomotiveCMS-LocomotiveCMS.cdx,CVE-2025-61919,NVD,HIGH,7.5,"Rack is a modular Ruby web server interface. Prior to versions 2.2.20, 3.1.18, and 3.2.3, `Rack::Request#POST` reads the entire request body into memory for `Content-Type: application/x-www-form-urlen"
LocomotiveCMS-LocomotiveCMS.cdx,CVE-2025-46727,NVD,HIGH,7.5,"Rack is a modular Ruby web server interface. Prior to versions 2.2.14, 3.0.16, and 3.1.14, `Rack::QueryParser` parses query strings and `application/x-www-form-urlencoded` bodies into Ruby data struct"
LocomotiveCMS-LocomotiveCMS.cdx,CVE-2021-31712,NVD,MEDIUM,5.4,"react-draft-wysiwyg (aka React Draft Wysiwyg) before 1.14.6 allows a javascript: URi in a Link Target of the link decorator in decorators/Link/index.js when a draft is shared across users, leading to "
LocomotiveCMS-LocomotiveCMS.cdx,CVE-2025-58767,NVD,LOW,5.3,"REXML is an XML toolkit for Ruby. The REXML gems from 3.3.3 to 3.4.1 has a DoS vulnerability when parsing XML containing multiple XML declarations. If you need to parse untrusted XMLs, you may be impa"
LocomotiveCMS-LocomotiveCMS.cdx,CVE-2022-25758,NVD,HIGH,7.5,"All versions of package scss-tokenizer are vulnerable to Regular Expression Denial of Service (ReDoS) via the loadAnnotation() function, due to the usage of insecure regex."
LocomotiveCMS-LocomotiveCMS.cdx,CVE-2022-25883,NVD,HIGH,7.5,"Versions of the package semver before 7.5.2 are vulnerable to Regular Expression Denial of Service (ReDoS) via the function new Range, when untrusted user data is provided as a range."
LocomotiveCMS-LocomotiveCMS.cdx,CVE-2022-25883,NVD,HIGH,7.5,"Versions of the package semver before 7.5.2 are vulnerable to Regular Expression Denial of Service (ReDoS) via the function new Range, when untrusted user data is provided as a range."
LocomotiveCMS-LocomotiveCMS.cdx,CVE-2022-25883,NVD,HIGH,7.5,"Versions of the package semver before 7.5.2 are vulnerable to Regular Expression Denial of Service (ReDoS) via the function new Range, when untrusted user data is provided as a range."
LocomotiveCMS-LocomotiveCMS.cdx,CVE-2022-25883,NVD,HIGH,7.5,"Versions of the package semver before 7.5.2 are vulnerable to Regular Expression Denial of Service (ReDoS) via the function new Range, when untrusted user data is provided as a range."
LocomotiveCMS-LocomotiveCMS.cdx,CVE-2022-25883,NVD,HIGH,7.5,"Versions of the package semver before 7.5.2 are vulnerable to Regular Expression Denial of Service (ReDoS) via the function new Range, when untrusted user data is provided as a range."
LocomotiveCMS-LocomotiveCMS.cdx,CVE-2021-23440,NVD,CRITICAL,9.8,"This affects the package set-value before <2.0.1, >=3.0.0 <4.0.1. A type confusion vulnerability can lead to a bypass of CVE-2019-10747 when the user-provided keys used in the path parameter are array"
LocomotiveCMS-LocomotiveCMS.cdx,CVE-2018-3760,NVD,HIGH,7.5,"There is an information leak vulnerability in Sprockets. Versions Affected: 4.0.0.beta7 and lower, 3.7.1 and lower, 2.12.4 and lower. Specially crafted requests can be used to access files that exists"
LocomotiveCMS-LocomotiveCMS.cdx,CVE-2021-27290,NVD,HIGH,7.5,"ssri 5.2.2-8.0.0, fixed in 8.0.1, processes SRIs using a regular expression which is vulnerable to a denial of service. Malicious SRIs could take an extremely long time to process, leading to denial o"
LocomotiveCMS-LocomotiveCMS.cdx,CVE-2021-32696,NVD,MEDIUM,5.3,"The npm package ""striptags"" is an implementation of PHP's strip_tags in Typescript. In striptags before version 3.2.0, a type-confusion vulnerability can cause `striptags` to concatenate unsanitized s"
LocomotiveCMS-LocomotiveCMS.cdx,CVE-2021-32804,NVD,HIGH,8.1,"The npm package ""tar"" (aka node-tar) before versions 6.1.1, 5.0.6, 4.4.14, and 3.3.2 has a arbitrary File Creation/Overwrite vulnerability due to insufficient absolute path sanitization. node-tar aims"
LocomotiveCMS-LocomotiveCMS.cdx,CVE-2021-32803,NVD,HIGH,8.1,"The npm package ""tar"" (aka node-tar) before versions 6.1.2, 5.0.7, 4.4.15, and 3.2.3 has an arbitrary File Creation/Overwrite vulnerability via insufficient symlink protection. `node-tar` aims to guar"
LocomotiveCMS-LocomotiveCMS.cdx,CVE-2022-25858,NVD,HIGH,7.5,"The package terser before 4.8.1, from 5.0.0 and before 5.14.2 are vulnerable to Regular Expression Denial of Service (ReDoS) due to insecure usage of regular expressions."
LocomotiveCMS-LocomotiveCMS.cdx,CVE-2021-3777,NVD,HIGH,7.5,nodejs-tmpl is vulnerable to Inefficient Regular Expression Complexity
LocomotiveCMS-LocomotiveCMS.cdx,CVE-2023-26136,NVD,CRITICAL,9.8,Versions of the package tough-cookie before 4.1.3 are vulnerable to Prototype Pollution due to improper handling of Cookies when using CookieJar in rejectPublicSuffixes=false mode. This issue arises f
LocomotiveCMS-LocomotiveCMS.cdx,CVE-2023-26136,NVD,CRITICAL,9.8,Versions of the package tough-cookie before 4.1.3 are vulnerable to Prototype Pollution due to improper handling of Cookies when using CookieJar in rejectPublicSuffixes=false mode. This issue arises f
LocomotiveCMS-LocomotiveCMS.cdx,CVE-2021-33623,NVD,HIGH,7.5,The trim-newlines package before 3.0.1 and 4.x before 4.0.1 for Node.js has an issue related to regular expression denial-of-service (ReDoS) for the .end() method.
LocomotiveCMS-LocomotiveCMS.cdx,CVE-2020-7793,NVD,HIGH,7.5,The package ua-parser-js before 0.7.23 are vulnerable to Regular Expression Denial of Service (ReDoS) in multiple regexes (see linked commit for more info).
LocomotiveCMS-LocomotiveCMS.cdx,CVE-2021-27292,NVD,HIGH,7.5,"ua-parser-js >= 0.7.14, fixed in 0.7.24, uses a regular expression which is vulnerable to denial of service. If an attacker sends a malicious User-Agent header, ua-parser-js will get stuck processing "
LocomotiveCMS-LocomotiveCMS.cdx,CVE-2024-43788,NVD,MEDIUM,6.1,"Webpack is a module bundler. Its main purpose is to bundle JavaScript files for usage in a browser, yet it is also capable of transforming, bundling, or packaging just about any resource or asset. The"
LocomotiveCMS-LocomotiveCMS.cdx,CVE-2023-26115,NVD,HIGH,7.5,All versions of the package word-wrap are vulnerable to Regular Expression Denial of Service (ReDoS) due to the usage of an insecure regular expression within the result variable.
LocomotiveCMS-LocomotiveCMS.cdx,CVE-2021-32640,NVD,MEDIUM,5.3,ws is an open source WebSocket client and server library for Node.js. A specially crafted value of the `Sec-Websocket-Protocol` header can be used to significantly slow down a ws server. The vulnerabi
LocomotiveCMS-LocomotiveCMS.cdx,CVE-2021-32640,NVD,MEDIUM,5.3,ws is an open source WebSocket client and server library for Node.js. A specially crafted value of the `Sec-Websocket-Protocol` header can be used to significantly slow down a ws server. The vulnerabi
LocomotiveCMS-LocomotiveCMS.cdx,CVE-2020-7774,NVD,CRITICAL,9.8,"The package y18n before 3.2.2, 4.0.1 and 5.0.5, is vulnerable to Prototype Pollution."
LocomotiveCMS-LocomotiveCMS.cdx,CVE-2020-7774,NVD,CRITICAL,9.8,"The package y18n before 3.2.2, 4.0.1 and 5.0.5, is vulnerable to Prototype Pollution."
LocomotiveCMS-LocomotiveCMS.cdx,CVE-2020-7608,NVD,MEDIUM,5.3,"yargs-parser could be tricked into adding or modifying properties of Object.prototype using a ""__proto__"" payload."
Mesosphere_Inc_-Marathon.cdx,CVE-2023-22796,NVD,HIGH,7.5,A regular expression based DoS vulnerability in Active Support <6.1.7.1 and <7.0.4.1. A specially crafted string passed to the underscore method can cause the regular expression engine to enter a stat
Mesosphere_Inc_-Marathon.cdx,CVE-2022-23491,NVD,HIGH,7.5,Certifi is a curated collection of Root Certificates for validating the trustworthiness of SSL certificates while verifying the identity of TLS hosts. Certifi 2022.12.07 removes root certificates from
Mesosphere_Inc_-Marathon.cdx,CVE-2023-37920,NVD,CRITICAL,9.8,"Certifi is a curated collection of Root Certificates for validating the trustworthiness of SSL certificates while verifying the identity of TLS hosts. Certifi prior to version 2023.07.22 recognizes ""e"
Mesosphere_Inc_-Marathon.cdx,CVE-2024-22051,NVD,CRITICAL,9.8,"CommonMarker versions prior to 0.23.4 are at risk of an integer overflow vulnerability. This vulnerability can result in possibly unauthenticated remote attackers to cause heap memory corruption, pote"
Mesosphere_Inc_-Marathon.cdx,CVE-2020-36242,NVD,CRITICAL,9.1,"In the cryptography package before 3.3.2 for Python, certain sequences of update calls to symmetrically encrypt multi-GB values could result in an integer overflow and buffer overflow, as demonstrated"
Mesosphere_Inc_-Marathon.cdx,CVE-2026-26007,NVD,HIGH,6.5,"cryptography is a package designed to expose cryptographic primitives and recipes to Python developers. Prior to 46.0.5, the public_key_from_numbers (or EllipticCurvePublicNumbers.public_key()), Ellip"
Mesosphere_Inc_-Marathon.cdx,CVE-2023-23931,NVD,MEDIUM,6.5,cryptography is a package designed to expose cryptographic primitives and recipes to Python developers. In affected versions `Cipher.update_into` would accept Python objects which implement the buffer
Mesosphere_Inc_-Marathon.cdx,CVE-2023-50782,NVD,HIGH,7.5,"A flaw was found in the python-cryptography package. This issue may allow a remote attacker to decrypt captured messages in TLS servers that use RSA key exchanges, which may lead to exposure of confid"
Mesosphere_Inc_-Marathon.cdx,CVE-2021-28834,NVD,CRITICAL,9.8,"Kramdown before 2.3.1 does not restrict Rouge formatters to the Rouge::Formatters namespace, and thus arbitrary classes can be instantiated."
Mesosphere_Inc_-Marathon.cdx,CVE-2020-14001,NVD,CRITICAL,9.8,"The kramdown gem before 2.3.0 for Ruby processes the template option inside Kramdown documents by default, which allows unintended read access (such as template=""/etc/passwd"") or unintended embedded R"
Mesosphere_Inc_-Marathon.cdx,CVE-2020-26247,NVD,MEDIUM,4.3,"Nokogiri is a Rubygem providing HTML, XML, SAX, and Reader parsers with XPath and CSS selector support. In Nokogiri before version 1.11.0.rc4 there is an XXE vulnerability. XML Schemas parsed by Nokog"
Mesosphere_Inc_-Marathon.cdx,CVE-2022-24836,NVD,HIGH,7.5,Nokogiri is an open source XML and HTML library for Ruby. Nokogiri `< v1.13.4` contains an inefficient regular expression that is susceptible to excessive backtracking when attempting to detect encodi
Mesosphere_Inc_-Marathon.cdx,CVE-2018-25032,NVD,HIGH,7.5,"zlib before 1.2.12 allows memory corruption when deflating (i.e., when compressing) if the input has many distant matches."
Mesosphere_Inc_-Marathon.cdx,CVE-2021-41098,NVD,HIGH,7.5,"Nokogiri is a Rubygem providing HTML, XML, SAX, and Reader parsers with XPath and CSS selector support. In Nokogiri v1.12.4 and earlier, on JRuby only, the SAX parser resolves external entities by def"
Mesosphere_Inc_-Marathon.cdx,CVE-2022-29181,NVD,HIGH,8.2,"Nokogiri is an open source XML and HTML library for Ruby. Nokogiri prior to version 1.13.6 does not type-check all inputs into the XML and HTML4 SAX parsers, allowing specially crafted untrusted input"
Mesosphere_Inc_-Marathon.cdx,CVE-2023-32681,NVD,MEDIUM,6.1,"Requests is a HTTP library. Since Requests 2.3.0, Requests has been leaking Proxy-Authorization headers to destination servers when redirected to an HTTPS endpoint. This is a product of how we use `re"
Mesosphere_Inc_-Marathon.cdx,CVE-2020-26137,NVD,MEDIUM,6.5,"urllib3 before 1.25.9 allows CRLF injection if the attacker controls the HTTP request method, as demonstrated by inserting CR and LF control characters in the first argument of putrequest(). NOTE: thi"
Mesosphere_Inc_-Marathon.cdx,CVE-2020-7212,NVD,HIGH,7.5,The _encode_invalid_chars function in util/url.py in the urllib3 library 1.25.2 through 1.25.7 for Python allows a denial of service (CPU consumption) because of an inefficient algorithm. The percent_
Mesosphere_Inc_-Marathon.cdx,CVE-2023-45803,NVD,MEDIUM,4.2,"urllib3 is a user-friendly HTTP client library for Python. urllib3 previously wouldn't remove the HTTP request body when an HTTP redirect response using status 301, 302, or 303 after the request had i"
Mesosphere_Inc_-Marathon.cdx,CVE-2025-50181,NVD,MEDIUM,6.1,"urllib3 is a user-friendly HTTP client library for Python. Prior to 2.5.0, it is possible to disable redirects for all requests by instantiating a PoolManager and specifying retries in a way that disa"
Mesosphere_Inc_-Marathon.cdx,CVE-2024-37891,NVD,MEDIUM,6.5," urllib3 is a user-friendly HTTP client library for Python. When using urllib3's proxy support with `ProxyManager`, the `Proxy-Authorization` header is only sent to the configured proxy, as expected. "
Mesosphere_Inc_-Marathon.cdx,CVE-2025-66471,NVD,HIGH,7.5,"urllib3 is a user-friendly HTTP client library for Python. Starting in version 1.0 and prior to 2.6.0, the Streaming API improperly handles highly compressed data. urllib3's streaming API is designed "
Mesosphere_Inc_-Marathon.cdx,CVE-2026-21441,NVD,HIGH,7.5,"urllib3 is an HTTP client library for Python. urllib3's streaming API is designed for the efficient handling of large HTTP responses by reading the content in chunks, rather than loading the entire re"
Mesosphere_Inc_-Marathon.cdx,CVE-2025-66418,NVD,HIGH,7.5,"urllib3 is a user-friendly HTTP client library for Python. Starting in version 1.24 and prior to 2.6.0, the number of links in the decompression chain was unbounded allowing a malicious server to inse"
Mesosphere_Inc_-Marathon.cdx,CVE-2023-43804,NVD,HIGH,8.1,"urllib3 is a user-friendly HTTP client library for Python. urllib3 doesn't treat the `Cookie` HTTP header special or provide any helpers for managing cookies over HTTP, that is the responsibility of t"
Meteor_Development_Group_Inc_-Meteor.cdx,CVE-2020-28472,NVD,CRITICAL,9.8,This affects the package @aws-sdk/shared-ini-file-loader before 1.0.0-rc.9; the package aws-sdk before 2.814.0. If an attacker submits a malicious INI file to an application that parses it with loadSh
Meteor_Development_Group_Inc_-Meteor.cdx,CVE-2024-48949,NVD,CRITICAL,9.1,"The verify function in lib/elliptic/eddsa/index.js in the Elliptic package before 6.5.6 for Node.js omits ""sig.S().gte(sig.eddsa.curve.n) || sig.S().isNeg()"" validation."
Meteor_Development_Group_Inc_-Meteor.cdx,CVE-2020-10517,NVD,MEDIUM,4.3,An improper access control vulnerability was identified in GitHub Enterprise Server that allowed authenticated users of the instance to determine the names of unauthorized private repositories given t
Meteor_Development_Group_Inc_-Meteor.cdx,CVE-2012-2055,NVD,HIGH,7.5,"GitHub Enterprise before 20120304 does not properly restrict the use of a hash to provide values for a model's attributes, which allows remote attackers to set the public_key[user_id] value via a modi"
Meteor_Development_Group_Inc_-Meteor.cdx,CVE-2020-10518,NVD,HIGH,8.8,A remote code execution vulnerability was identified in GitHub Enterprise Server that could be exploited when building a GitHub Pages site. User-controlled configuration of the underlying parsers used
Meteor_Development_Group_Inc_-Meteor.cdx,CVE-2020-10519,NVD,HIGH,8.8,A remote code execution vulnerability was identified in GitHub Enterprise Server that could be exploited when building a GitHub Pages site. User-controlled configuration of the underlying parsers used
Meteor_Development_Group_Inc_-Meteor.cdx,CVE-2025-13465,NVD,MEDIUM,5.3,Lodash versions 4.0.0 through 4.17.22 are vulnerable to prototype pollution in the _.unset and _.omit functions. An attacker can pass crafted paths which cause Lodash to delete methods from global pro
Meteor_Development_Group_Inc_-Meteor.cdx,CVE-2020-28500,NVD,MEDIUM,5.3,"Lodash versions prior to 4.17.21 are vulnerable to Regular Expression Denial of Service (ReDoS) via the toNumber, trim and trimEnd functions."
Meteor_Development_Group_Inc_-Meteor.cdx,CVE-2020-8203,NVD,HIGH,7.4,Prototype pollution attack when using _.zipObjectDeep in lodash before 4.17.20.
Meteor_Development_Group_Inc_-Meteor.cdx,CVE-2021-23337,NVD,HIGH,7.2,Lodash versions prior to 4.17.21 are vulnerable to Command Injection via the template function.
Meteor_Development_Group_Inc_-Meteor.cdx,CVE-2025-13465,NVD,MEDIUM,5.3,Lodash versions 4.0.0 through 4.17.22 are vulnerable to prototype pollution in the _.unset and _.omit functions. An attacker can pass crafted paths which cause Lodash to delete methods from global pro
Meteor_Development_Group_Inc_-Meteor.cdx,CVE-2025-4727,NVD,MEDIUM,3.7,A vulnerability was found in Meteor up to 3.2.1 and classified as problematic. This issue affects the function Object.assign of the file packages/ddp-server/livedata_server.js. The manipulation of the
Meteor_Development_Group_Inc_-Meteor.cdx,CVE-2026-26996,NVD,HIGH,7.5,minimatch is a minimal matching utility for converting glob expressions into JavaScript RegExp objects. Versions 10.2.0 and below are vulnerable to Regular Expression Denial of Service (ReDoS) when a 
Meteor_Development_Group_Inc_-Meteor.cdx,CVE-2026-27904,NVD,HIGH,7.5,"minimatch is a minimal matching utility for converting glob expressions into JavaScript RegExp objects. Prior to version 10.2.3, 9.0.7, 8.0.6, 7.4.8, 6.2.2, 5.1.8, 4.2.5, and 3.1.4, nested `*()` extgl"
Meteor_Development_Group_Inc_-Meteor.cdx,CVE-2026-27903,NVD,HIGH,7.5,"minimatch is a minimal matching utility for converting glob expressions into JavaScript RegExp objects. Prior to version 10.2.3, 9.0.7, 8.0.6, 7.4.8, 6.2.2, 5.1.8, 4.2.5, and 3.1.3, `matchOne()` perfo"
Meteor_Development_Group_Inc_-Meteor.cdx,CVE-2026-26996,NVD,HIGH,7.5,minimatch is a minimal matching utility for converting glob expressions into JavaScript RegExp objects. Versions 10.2.0 and below are vulnerable to Regular Expression Denial of Service (ReDoS) when a 
Meteor_Development_Group_Inc_-Meteor.cdx,CVE-2026-27904,NVD,HIGH,7.5,"minimatch is a minimal matching utility for converting glob expressions into JavaScript RegExp objects. Prior to version 10.2.3, 9.0.7, 8.0.6, 7.4.8, 6.2.2, 5.1.8, 4.2.5, and 3.1.4, nested `*()` extgl"
Meteor_Development_Group_Inc_-Meteor.cdx,CVE-2022-3517,NVD,HIGH,7.5,"A vulnerability was found in the minimatch package. This flaw allows a Regular Expression Denial of Service (ReDoS) when calling the braceExpand function with specific arguments, resulting in a Denial"
Meteor_Development_Group_Inc_-Meteor.cdx,CVE-2026-27903,NVD,HIGH,7.5,"minimatch is a minimal matching utility for converting glob expressions into JavaScript RegExp objects. Prior to version 10.2.3, 9.0.7, 8.0.6, 7.4.8, 6.2.2, 5.1.8, 4.2.5, and 3.1.3, `matchOne()` perfo"
Meteor_Development_Group_Inc_-Meteor.cdx,CVE-2026-26996,NVD,HIGH,7.5,minimatch is a minimal matching utility for converting glob expressions into JavaScript RegExp objects. Versions 10.2.0 and below are vulnerable to Regular Expression Denial of Service (ReDoS) when a 
Meteor_Development_Group_Inc_-Meteor.cdx,CVE-2026-27904,NVD,HIGH,7.5,"minimatch is a minimal matching utility for converting glob expressions into JavaScript RegExp objects. Prior to version 10.2.3, 9.0.7, 8.0.6, 7.4.8, 6.2.2, 5.1.8, 4.2.5, and 3.1.4, nested `*()` extgl"
Meteor_Development_Group_Inc_-Meteor.cdx,CVE-2026-27903,NVD,HIGH,7.5,"minimatch is a minimal matching utility for converting glob expressions into JavaScript RegExp objects. Prior to version 10.2.3, 9.0.7, 8.0.6, 7.4.8, 6.2.2, 5.1.8, 4.2.5, and 3.1.3, `matchOne()` perfo"
Meteor_Development_Group_Inc_-Meteor.cdx,CVE-2019-14939,NVD,MEDIUM,5.5,An issue was discovered in the mysql (aka mysqljs) module 2.17.1 for Node.js. The LOAD DATA LOCAL INFILE option is open by default.
Meteor_Development_Group_Inc_-Meteor.cdx,CVE-2022-0235,NVD,MEDIUM,6.1,node-fetch is vulnerable to Exposure of Sensitive Information to an Unauthorized Actor
Meteor_Development_Group_Inc_-Meteor.cdx,CVE-2020-15168,NVD,MEDIUM,5.3,"node-fetch before versions 2.6.1 and 3.0.0-beta.9 did not honor the size option after following a redirect, which means that when a content size was over the limit, a FetchError would never get thrown"
Meteor_Development_Group_Inc_-Meteor.cdx,CVE-2022-0235,NVD,MEDIUM,6.1,node-fetch is vulnerable to Exposure of Sensitive Information to an Unauthorized Actor
Meteor_Development_Group_Inc_-Meteor.cdx,CVE-2025-66030,NVD,MEDIUM,5.3,"Forge (also called `node-forge`) is a native implementation of Transport Layer Security in JavaScript. An Integer Overflow vulnerability in node-forge versions 1.3.1 and below enables remote, unauthen"
Meteor_Development_Group_Inc_-Meteor.cdx,CVE-2025-66031,NVD,HIGH,7.5,"Forge (also called `node-forge`) is a native implementation of Transport Layer Security in JavaScript. An Uncontrolled Recursion vulnerability in node-forge versions 1.3.1 and below enables remote, un"
Meteor_Development_Group_Inc_-Meteor.cdx,CVE-2025-12816,NVD,HIGH,8.6,"An interpretation-conflict (CWE-436) vulnerability in node-forge versions 1.3.1 and earlier enables unauthenticated attackers to craft ASN.1 structures to desynchronize schema validations, yielding a "
Meteor_Development_Group_Inc_-Meteor.cdx,CVE-2025-15284,NVD,MEDIUM,3.7,"Improper Input Validation vulnerability in qs (parse modules) allows HTTP DoS.This issue affects qs: < 6.14.1.


Summary

The arrayLimit option in qs did not enforce limits for bracket notation (a[]=1"
Meteor_Development_Group_Inc_-Meteor.cdx,CVE-2026-2391,NVD,MEDIUM,7.5,"### Summary
The `arrayLimit` option in qs does not enforce limits for comma-separated values when `comma: true` is enabled, allowing attackers to cause denial-of-service via memory exhaustion. This is"
Meteor_Development_Group_Inc_-Meteor.cdx,CVE-2025-15284,NVD,MEDIUM,3.7,"Improper Input Validation vulnerability in qs (parse modules) allows HTTP DoS.This issue affects qs: < 6.14.1.


Summary

The arrayLimit option in qs did not enforce limits for bracket notation (a[]=1"
Meteor_Development_Group_Inc_-Meteor.cdx,CVE-2026-2391,NVD,MEDIUM,7.5,"### Summary
The `arrayLimit` option in qs does not enforce limits for comma-separated values when `comma: true` is enabled, allowing attackers to cause denial-of-service via memory exhaustion. This is"
Meteor_Development_Group_Inc_-Meteor.cdx,CVE-2022-25883,NVD,HIGH,7.5,"Versions of the package semver before 7.5.2 are vulnerable to Regular Expression Denial of Service (ReDoS) via the function new Range, when untrusted user data is provided as a range."
Meteor_Development_Group_Inc_-Meteor.cdx,CVE-2022-25883,NVD,HIGH,7.5,"Versions of the package semver before 7.5.2 are vulnerable to Regular Expression Denial of Service (ReDoS) via the function new Range, when untrusted user data is provided as a range."
Meteor_Development_Group_Inc_-Meteor.cdx,CVE-2025-46233,NVD,MEDIUM,5.4,Improper Neutralization of Input During Web Page Generation ('Cross-site Scripting') vulnerability in Sirv CDN and Image Hosting Sirv allows Stored XSS. This issue affects Sirv: from n/a through 7.5.3
Meteor_Development_Group_Inc_-Meteor.cdx,CVE-2024-8964,NVD,MEDIUM,5.4,"The Image Optimizer, Resizer and CDN – Sirv plugin for WordPress is vulnerable to Stored Cross-Site Scripting via SVG File uploads in all versions up to, and including, 7.2.9 due to insufficient input"
Meteor_Development_Group_Inc_-Meteor.cdx,CVE-2024-6392,NVD,MEDIUM,5.4,"The Image Optimizer, Resizer and CDN – Sirv plugin for WordPress is vulnerable to unauthorized plugin settings modification due to missing capability checks on the plugin functions in all versions up "
Meteor_Development_Group_Inc_-Meteor.cdx,CVE-2024-27949,NVD,MEDIUM,5.4,"Server-Side Request Forgery (SSRF) vulnerability in sirv.Com Image Optimizer, Resizer and CDN – Sirv.This issue affects Image Optimizer, Resizer and CDN – Sirv: from n/a through 7.2.0.

"
Meteor_Development_Group_Inc_-Meteor.cdx,CVE-2024-10855,NVD,HIGH,8.1,"The Image Optimizer, Resizer and CDN – Sirv plugin for WordPress is vulnerable to unauthorized modification of data that can lead to a denial of service due to insufficient validation on the filename "
Meteor_Development_Group_Inc_-Meteor.cdx,CVE-2024-32959,NVD,HIGH,8.8,Improper Privilege Management vulnerability in Sirv allows Privilege Escalation.This issue affects Sirv: from n/a through 7.2.2.
Meteor_Development_Group_Inc_-Meteor.cdx,CVE-2024-5853,NVD,HIGH,8.8,"The Image Optimizer, Resizer and CDN – Sirv plugin for WordPress is vulnerable to arbitrary file uploads due to missing file type validation in the sirv_upload_file_by_chanks AJAX action in all versio"
Meteor_Development_Group_Inc_-Meteor.cdx,CVE-2024-27950,NVD,HIGH,8.8,"Missing Authorization vulnerability in sirv.Com Image Optimizer, Resizer and CDN – Sirv.This issue affects Image Optimizer, Resizer and CDN – Sirv: from n/a through 7.2.0.

"
Meteor_Development_Group_Inc_-Meteor.cdx,CVE-2023-50898,NVD,HIGH,8.8,"Missing Authorization vulnerability in sirv.Com Sirv.This issue affects Sirv: from n/a through 7.1.2.

"
Meteor_Development_Group_Inc_-Meteor.cdx,CVE-2024-8480,NVD,HIGH,8.8,"The Image Optimizer, Resizer and CDN – Sirv plugin for WordPress is vulnerable to unauthorized modification of data due to a missing capability check on the 'sirv_save_prevented_sizes' function in all"
Meteor_Development_Group_Inc_-Meteor.cdx,CVE-2025-68157,NVD,LOW,3.7,"Webpack is a module bundler. From version 5.49.0 to before 5.104.0, when experiments.buildHttp is enabled, webpack’s HTTP(S) resolver (HttpUriPlugin) enforces allowedUris only for the initial URL, but"
Meteor_Development_Group_Inc_-Meteor.cdx,CVE-2025-68458,NVD,LOW,3.7,"Webpack is a module bundler. From version 5.49.0 to before 5.104.1, when experiments.buildHttp is enabled, webpack’s HTTP(S) resolver (HttpUriPlugin) can be bypassed to fetch resources from hosts outs"
Meteor_Development_Group_Inc_-Meteor.cdx,CVE-2021-32640,NVD,MEDIUM,5.3,ws is an open source WebSocket client and server library for Node.js. A specially crafted value of the `Sec-Websocket-Protocol` header can be used to significantly slow down a ws server. The vulnerabi
Modernizr-Modernizr.cdx,CVE-2007-1536,NVD,HIGH,,"Integer underflow in the file_printf function in the ""file"" program before 4.20 allows user-assisted attackers to execute arbitrary code via a file that triggers a heap-based buffer overflow."
MongoDB-MongoDB.cdx,CVE-2026-26007,NVD,HIGH,6.5,"cryptography is a package designed to expose cryptographic primitives and recipes to Python developers. Prior to 46.0.5, the public_key_from_numbers (or EllipticCurvePublicNumbers.public_key()), Ellip"
MongoDB-MongoDB.cdx,CVE-2025-66034,NVD,CRITICAL,9.8,"fontTools is a library for manipulating fonts, written in Python. In versions from 4.33.0 to before 4.60.2, the fonttools varLib (or python3 -m fontTools.varLib) script has an arbitrary file write vul"
MongoDB-MongoDB.cdx,CVE-2026-26996,NVD,HIGH,7.5,minimatch is a minimal matching utility for converting glob expressions into JavaScript RegExp objects. Versions 10.2.0 and below are vulnerable to Regular Expression Denial of Service (ReDoS) when a 
MongoDB-MongoDB.cdx,CVE-2026-27904,NVD,HIGH,7.5,"minimatch is a minimal matching utility for converting glob expressions into JavaScript RegExp objects. Prior to version 10.2.3, 9.0.7, 8.0.6, 7.4.8, 6.2.2, 5.1.8, 4.2.5, and 3.1.4, nested `*()` extgl"
MongoDB-MongoDB.cdx,CVE-2026-27903,NVD,HIGH,7.5,"minimatch is a minimal matching utility for converting glob expressions into JavaScript RegExp objects. Prior to version 10.2.3, 9.0.7, 8.0.6, 7.4.8, 6.2.2, 5.1.8, 4.2.5, and 3.1.3, `matchOne()` perfo"
MongoDB-MongoDB.cdx,CVE-2025-4565,NVD,HIGH,5.3,"Any project that uses Protobuf Pure-Python backend to parse untrusted Protocol Buffers data containing an arbitrary number of recursive groups, recursive messages or a series of SGROUP tags can be cor"
MongoDB-MongoDB.cdx,CVE-2025-50181,NVD,MEDIUM,6.1,"urllib3 is a user-friendly HTTP client library for Python. Prior to 2.5.0, it is possible to disable redirects for all requests by instantiating a PoolManager and specifying retries in a way that disa"
MongoDB-MongoDB.cdx,CVE-2025-50182,NVD,MEDIUM,6.1,"urllib3 is a user-friendly HTTP client library for Python. Starting in version 2.2.0 and prior to 2.5.0, urllib3 does not control redirects in browsers and Node.js. urllib3 supports being used in a Py"
MongoDB-MongoDB.cdx,CVE-2025-66471,NVD,HIGH,7.5,"urllib3 is a user-friendly HTTP client library for Python. Starting in version 1.0 and prior to 2.6.0, the Streaming API improperly handles highly compressed data. urllib3's streaming API is designed "
MongoDB-MongoDB.cdx,CVE-2026-21441,NVD,HIGH,7.5,"urllib3 is an HTTP client library for Python. urllib3's streaming API is designed for the efficient handling of large HTTP responses by reading the content in chunks, rather than loading the entire re"
MongoDB-MongoDB.cdx,CVE-2025-66418,NVD,HIGH,7.5,"urllib3 is a user-friendly HTTP client library for Python. Starting in version 1.24 and prior to 2.6.0, the number of links in the decompression chain was unbounded allowing a malicious server to inse"
MongoDB-MongoDB.cdx,CVE-2025-66471,NVD,HIGH,7.5,"urllib3 is a user-friendly HTTP client library for Python. Starting in version 1.0 and prior to 2.6.0, the Streaming API improperly handles highly compressed data. urllib3's streaming API is designed "
MongoDB-MongoDB.cdx,CVE-2026-21441,NVD,HIGH,7.5,"urllib3 is an HTTP client library for Python. urllib3's streaming API is designed for the efficient handling of large HTTP responses by reading the content in chunks, rather than loading the entire re"
MongoDB-MongoDB.cdx,CVE-2025-66418,NVD,HIGH,7.5,"urllib3 is a user-friendly HTTP client library for Python. Starting in version 1.24 and prior to 2.6.0, the number of links in the decompression chain was unbounded allowing a malicious server to inse"
MovableType-MovableType.cdx,CVE-2018-1109,NVD,MEDIUM,5.3,"A vulnerability was found in Braces versions 2.2.0 and above, prior to 2.3.1. Affected versions of this package are vulnerable to Regular Expression Denial of Service (ReDoS) attacks."
MovableType-MovableType.cdx,CVE-2020-28469,NVD,HIGH,7.5,This affects the package glob-parent before 5.1.2. The enclosure regex used to check for strings ending in enclosure containing path separator.
MovableType-MovableType.cdx,CVE-2023-26115,NVD,HIGH,7.5,All versions of the package word-wrap are vulnerable to Regular Expression Denial of Service (ReDoS) due to the usage of an insecure regular expression within the result variable.
NET_FOUNDATION-Orchard_CMS.cdx,CVE-2025-27152,NVD,HIGH,5.3,"axios is a promise based HTTP client for the browser and node.js. The issue occurs when passing absolute URLs rather than protocol-relative URLs to axios. Even if ⁠baseURL is set, axios sends the requ"
NET_FOUNDATION-Orchard_CMS.cdx,CVE-2026-25639,NVD,HIGH,7.5,"Axios is a promise based HTTP client for the browser and Node.js. Prior to versions 0.30.3 and 1.13.5, the mergeConfig function in axios crashes with a TypeError when processing configuration objects "
NET_FOUNDATION-Orchard_CMS.cdx,CVE-2025-58754,NVD,HIGH,7.5,Axios is a promise based HTTP client for the browser and Node.js. When Axios starting in version 0.28.0 and prior to versions 0.30.2 and 1.12.0 runs on Node.js and is given a URL with the `data:` sche
NET_FOUNDATION-Orchard_CMS.cdx,CVE-2024-57965,NVD,CRITICAL,9.8,"In axios before 1.7.8, lib/helpers/isURLSameOrigin.js does not use a URL object when determining an origin, and has a potentially unwanted setAttribute('href',href) call. NOTE: some parties feel that "
NET_FOUNDATION-Orchard_CMS.cdx,CVE-2025-13465,NVD,MEDIUM,5.3,Lodash versions 4.0.0 through 4.17.22 are vulnerable to prototype pollution in the _.unset and _.omit functions. An attacker can pass crafted paths which cause Lodash to delete methods from global pro
NET_FOUNDATION-Orchard_CMS.cdx,CVE-2026-26996,NVD,HIGH,7.5,minimatch is a minimal matching utility for converting glob expressions into JavaScript RegExp objects. Versions 10.2.0 and below are vulnerable to Regular Expression Denial of Service (ReDoS) when a 
NET_FOUNDATION-Orchard_CMS.cdx,CVE-2026-27904,NVD,HIGH,7.5,"minimatch is a minimal matching utility for converting glob expressions into JavaScript RegExp objects. Prior to version 10.2.3, 9.0.7, 8.0.6, 7.4.8, 6.2.2, 5.1.8, 4.2.5, and 3.1.4, nested `*()` extgl"
NET_FOUNDATION-Orchard_CMS.cdx,CVE-2026-27903,NVD,HIGH,7.5,"minimatch is a minimal matching utility for converting glob expressions into JavaScript RegExp objects. Prior to version 10.2.3, 9.0.7, 8.0.6, 7.4.8, 6.2.2, 5.1.8, 4.2.5, and 3.1.3, `matchOne()` perfo"
NET_FOUNDATION-Orchard_CMS.cdx,CVE-2026-26996,NVD,HIGH,7.5,minimatch is a minimal matching utility for converting glob expressions into JavaScript RegExp objects. Versions 10.2.0 and below are vulnerable to Regular Expression Denial of Service (ReDoS) when a 
NET_FOUNDATION-Orchard_CMS.cdx,CVE-2026-27904,NVD,HIGH,7.5,"minimatch is a minimal matching utility for converting glob expressions into JavaScript RegExp objects. Prior to version 10.2.3, 9.0.7, 8.0.6, 7.4.8, 6.2.2, 5.1.8, 4.2.5, and 3.1.4, nested `*()` extgl"
NET_FOUNDATION-Orchard_CMS.cdx,CVE-2026-27903,NVD,HIGH,7.5,"minimatch is a minimal matching utility for converting glob expressions into JavaScript RegExp objects. Prior to version 10.2.3, 9.0.7, 8.0.6, 7.4.8, 6.2.2, 5.1.8, 4.2.5, and 3.1.3, `matchOne()` perfo"
NET_FOUNDATION-Orchard_CMS.cdx,CVE-2026-26996,NVD,HIGH,7.5,minimatch is a minimal matching utility for converting glob expressions into JavaScript RegExp objects. Versions 10.2.0 and below are vulnerable to Regular Expression Denial of Service (ReDoS) when a 
NET_FOUNDATION-Orchard_CMS.cdx,CVE-2026-27904,NVD,HIGH,7.5,"minimatch is a minimal matching utility for converting glob expressions into JavaScript RegExp objects. Prior to version 10.2.3, 9.0.7, 8.0.6, 7.4.8, 6.2.2, 5.1.8, 4.2.5, and 3.1.4, nested `*()` extgl"
NET_FOUNDATION-Orchard_CMS.cdx,CVE-2026-27903,NVD,HIGH,7.5,"minimatch is a minimal matching utility for converting glob expressions into JavaScript RegExp objects. Prior to version 10.2.3, 9.0.7, 8.0.6, 7.4.8, 6.2.2, 5.1.8, 4.2.5, and 3.1.3, `matchOne()` perfo"
NET_FOUNDATION-Orchard_CMS.cdx,CVE-2023-44270,NVD,MEDIUM,5.3,An issue was discovered in PostCSS before 8.4.31. The vulnerability affects linters using PostCSS to parse external untrusted CSS. An attacker can prepare CSS in such a way that it will contains parts
NET_FOUNDATION-Orchard_CMS.cdx,CVE-2023-44270,NVD,MEDIUM,5.3,An issue was discovered in PostCSS before 8.4.31. The vulnerability affects linters using PostCSS to parse external untrusted CSS. An attacker can prepare CSS in such a way that it will contains parts
NET_FOUNDATION-Orchard_CMS.cdx,CVE-2025-15284,NVD,MEDIUM,3.7,"Improper Input Validation vulnerability in qs (parse modules) allows HTTP DoS.This issue affects qs: < 6.14.1.


Summary

The arrayLimit option in qs did not enforce limits for bracket notation (a[]=1"
NET_FOUNDATION-Orchard_CMS.cdx,CVE-2022-24999,NVD,HIGH,7.5,"qs before 6.10.3, as used in Express before 4.17.3 and other products, allows attackers to cause a Node process hang for an Express application because an __ proto__ key can be used. In many typical E"
NET_FOUNDATION-Orchard_CMS.cdx,CVE-2026-2391,NVD,MEDIUM,7.5,"### Summary
The `arrayLimit` option in qs does not enforce limits for comma-separated values when `comma: true` is enabled, allowing attackers to cause denial-of-service via memory exhaustion. This is"
NET_FOUNDATION-Orchard_CMS.cdx,CVE-2024-43799,NVD,MEDIUM,4.7,Send is a library for streaming files from the file system as a http response. Send passes untrusted user input to SendStream.redirect() which executes untrusted code. This issue is patched in send 0.
NET_FOUNDATION-Orchard_CMS.cdx,CVE-2022-25927,NVD,HIGH,7.5,"Versions of the package ua-parser-js from 0.7.30 and before 0.7.33, from 0.8.1 and before 1.0.33 are vulnerable to Regular Expression Denial of Service (ReDoS) via the trim() function."
NET_FOUNDATION-Orchard_CMS.cdx,CVE-2025-68157,NVD,LOW,3.7,"Webpack is a module bundler. From version 5.49.0 to before 5.104.0, when experiments.buildHttp is enabled, webpack’s HTTP(S) resolver (HttpUriPlugin) enforces allowedUris only for the initial URL, but"
NET_FOUNDATION-Orchard_CMS.cdx,CVE-2025-68458,NVD,LOW,3.7,"Webpack is a module bundler. From version 5.49.0 to before 5.104.1, when experiments.buildHttp is enabled, webpack’s HTTP(S) resolver (HttpUriPlugin) can be bypassed to fetch resources from hosts outs"
Neos-Neos.cdx,CVE-2021-3807,NVD,HIGH,7.5,ansi-regex is vulnerable to Inefficient Regular Expression Complexity
Neos-Neos.cdx,CVE-2021-3807,NVD,HIGH,7.5,ansi-regex is vulnerable to Inefficient Regular Expression Complexity
Neos-Neos.cdx,CVE-2024-45590,NVD,HIGH,7.5,body-parser is Node.js body parsing middleware. body-parser <1.20.3 is vulnerable to denial of service when url encoding is enabled. A malicious actor using a specially crafted payload could flood the
Neos-Neos.cdx,CVE-2018-1109,NVD,MEDIUM,5.3,"A vulnerability was found in Braces versions 2.2.0 and above, prior to 2.3.1. Affected versions of this package are vulnerable to Regular Expression Denial of Service (ReDoS) attacks."
Neos-Neos.cdx,CVE-2023-46234,NVD,HIGH,7.5,"browserify-sign is a package to duplicate the functionality of node's crypto public key functions, much of this is based on Fedor Indutny's work on indutny/tls.js. An upper bound check issue in `dsaVe"
Neos-Neos.cdx,CVE-2023-46234,NVD,HIGH,7.5,"browserify-sign is a package to duplicate the functionality of node's crypto public key functions, much of this is based on Fedor Indutny's work on indutny/tls.js. An upper bound check issue in `dsaVe"
Neos-Neos.cdx,CVE-2021-23364,NVD,MEDIUM,5.3,The package browserslist from 4.0.0 and before 4.16.5 are vulnerable to Regular Expression Denial of Service (ReDoS) during parsing of queries.
Neos-Neos.cdx,CVE-2021-23364,NVD,MEDIUM,5.3,The package browserslist from 4.0.0 and before 4.16.5 are vulnerable to Regular Expression Denial of Service (ReDoS) during parsing of queries.
Neos-Neos.cdx,CVE-2024-39689,NVD,HIGH,7.5,Certifi is a curated collection of Root Certificates for validating the trustworthiness of SSL certificates while verifying the identity of TLS hosts. Certifi starting in 2021.5.30 and prior to 2024.7
Neos-Neos.cdx,CVE-2021-29060,NVD,MEDIUM,5.3,A Regular Expression Denial of Service (ReDOS) vulnerability was discovered in Color-String version 1.5.5 and below which occurs when the application is provided and checks a crafted invalid HWB strin
Neos-Neos.cdx,CVE-2021-29060,NVD,MEDIUM,5.3,A Regular Expression Denial of Service (ReDOS) vulnerability was discovered in Color-String version 1.5.5 and below which occurs when the application is provided and checks a crafted invalid HWB strin
Neos-Neos.cdx,CVE-2017-20165,NVD,HIGH,7.5,A vulnerability classified as problematic has been found in debug-js debug up to 3.0.x. This affects the function useColors of the file src/node.js. The manipulation of the argument str leads to ineff
Neos-Neos.cdx,CVE-2017-16137,NVD,MEDIUM,5.3,The debug module is vulnerable to regular expression denial of service when untrusted user input is passed into the o formatter. It takes around 50k characters to block for 2 seconds making this a low
Neos-Neos.cdx,CVE-2022-38778,NVD,MEDIUM,6.5,"A flaw (CVE-2022-38900) was discovered in one of Kibana’s third party dependencies, that could allow an authenticated user to perform a request that crashes the Kibana server process."
Neos-Neos.cdx,CVE-2022-38900,NVD,HIGH,7.5,decode-uri-component 0.2.0 is vulnerable to Improper Input Validation resulting in DoS.
Neos-Neos.cdx,CVE-2020-8116,NVD,HIGH,7.3,Prototype pollution vulnerability in dot-prop npm package versions before 4.2.1 and versions 5.x before 5.1.1 allows an attacker to add arbitrary properties to JavaScript language constructs such as o
Neos-Neos.cdx,CVE-2020-8116,NVD,HIGH,7.3,Prototype pollution vulnerability in dot-prop npm package versions before 4.2.1 and versions 5.x before 5.1.1 allows an attacker to add arbitrary properties to JavaScript language constructs such as o
Neos-Neos.cdx,CVE-2020-28498,NVD,MEDIUM,6.8,The package elliptic before 6.5.4 are vulnerable to Cryptographic Issues via the secp256k1 implementation in elliptic/ec/key.js. There is no check to confirm that the public key point passed into the 
Neos-Neos.cdx,CVE-2024-48949,NVD,CRITICAL,9.1,"The verify function in lib/elliptic/eddsa/index.js in the Elliptic package before 6.5.6 for Node.js omits ""sig.S().gte(sig.eddsa.curve.n) || sig.S().isNeg()"" validation."
Neos-Neos.cdx,CVE-2020-28498,NVD,MEDIUM,6.8,The package elliptic before 6.5.4 are vulnerable to Cryptographic Issues via the secp256k1 implementation in elliptic/ec/key.js. There is no check to confirm that the public key point passed into the 
Neos-Neos.cdx,CVE-2024-48949,NVD,CRITICAL,9.1,"The verify function in lib/elliptic/eddsa/index.js in the Elliptic package before 6.5.6 for Node.js omits ""sig.S().gte(sig.eddsa.curve.n) || sig.S().isNeg()"" validation."
Neos-Neos.cdx,CVE-2024-27088,NVD,MEDIUM,5.5,es5-ext contains ECMAScript 5 extensions. Passing functions with very long names or complex default argument names into `function#copy` or `function#toStringTokens` may cause the script to stall. The 
Neos-Neos.cdx,CVE-2019-15657,NVD,CRITICAL,9.8,"In eslint-utils before 1.4.1, the getStaticValue function can execute arbitrary code."
Neos-Neos.cdx,CVE-2018-16492,NVD,CRITICAL,9.8,"A prototype pollution vulnerability was found in module extend <2.0.2, ~<3.0.2 that allows an attacker to inject arbitrary properties onto Object.prototype."
Neos-Neos.cdx,CVE-2020-28282,NVD,CRITICAL,9.8,Prototype pollution vulnerability in 'getobject' version 0.1.0 allows an attacker to cause a denial of service and may lead to remote code execution.
Neos-Neos.cdx,CVE-2020-28469,NVD,HIGH,7.5,This affects the package glob-parent before 5.1.2. The enclosure regex used to check for strings ending in enclosure containing path separator.
Neos-Neos.cdx,CVE-2020-28469,NVD,HIGH,7.5,This affects the package glob-parent before 5.1.2. The enclosure regex used to check for strings ending in enclosure containing path separator.
Neos-Neos.cdx,CVE-2020-28469,NVD,HIGH,7.5,This affects the package glob-parent before 5.1.2. The enclosure regex used to check for strings ending in enclosure containing path separator.
Neos-Neos.cdx,CVE-2019-19919,NVD,CRITICAL,9.8,"Versions of handlebars prior to 4.3.0 are vulnerable to Prototype Pollution leading to Remote Code Execution. Templates may alter an Object's __proto__ and __defineGetter__ properties, which may allow"
Neos-Neos.cdx,CVE-2022-25881,NVD,HIGH,7.5,"This affects versions of the package http-cache-semantics before 4.1.1. The issue can be exploited via malicious request header values sent to a server, when that server reads the cache policy from th"
Neos-Neos.cdx,CVE-2020-7788,NVD,CRITICAL,9.8,"This affects the package ini before 1.3.6. If an attacker submits a malicious INI file to an application that parses it with ini.parse, they will pollute the prototype on the application. This can be "
Neos-Neos.cdx,CVE-2023-42282,NVD,CRITICAL,9.8,The ip package before 1.1.9 for Node.js might allow SSRF because some IP addresses (such as 0x7f.1) are improperly categorized as globally routable via isPublic.
Neos-Neos.cdx,CVE-2022-46175,NVD,HIGH,8.8,JSON5 is an extension to the popular JSON file format that aims to be easier to write and maintain by hand (e.g. for config files). The `parse` method of the JSON5 library before and including version
Neos-Neos.cdx,CVE-2022-46175,NVD,HIGH,8.8,JSON5 is an extension to the popular JSON file format that aims to be easier to write and maintain by hand (e.g. for config files). The `parse` method of the JSON5 library before and including version
Neos-Neos.cdx,CVE-2022-46175,NVD,HIGH,8.8,JSON5 is an extension to the popular JSON file format that aims to be easier to write and maintain by hand (e.g. for config files). The `parse` method of the JSON5 library before and including version
Neos-Neos.cdx,CVE-2019-1010266,NVD,MEDIUM,6.5,lodash prior to 4.17.11 is affected by: CWE-400: Uncontrolled Resource Consumption. The impact is: Denial of service. The component is: Date handler. The attack vector is: Attacker provides very long 
Neos-Neos.cdx,CVE-2020-28500,NVD,MEDIUM,5.3,"Lodash versions prior to 4.17.21 are vulnerable to Regular Expression Denial of Service (ReDoS) via the toNumber, trim and trimEnd functions."
Neos-Neos.cdx,CVE-2020-8203,NVD,HIGH,7.4,Prototype pollution attack when using _.zipObjectDeep in lodash before 4.17.20.
Neos-Neos.cdx,CVE-2019-10744,NVD,CRITICAL,9.1,Versions of lodash lower than 4.17.12 are vulnerable to Prototype Pollution. The function defaultsDeep could be tricked into adding or modifying properties of Object.prototype using a constructor payl
Neos-Neos.cdx,CVE-2021-23337,NVD,HIGH,7.2,Lodash versions prior to 4.17.21 are vulnerable to Command Injection via the template function.
Neos-Neos.cdx,CVE-2018-16487,NVD,MEDIUM,5.6,"A prototype pollution vulnerability was found in lodash <4.17.11 where the functions merge, mergeWith, and defaultsDeep can be tricked into adding or modifying properties of Object.prototype."
Neos-Neos.cdx,CVE-2025-13465,NVD,MEDIUM,5.3,Lodash versions 4.0.0 through 4.17.22 are vulnerable to prototype pollution in the _.unset and _.omit functions. An attacker can pass crafted paths which cause Lodash to delete methods from global pro
Neos-Neos.cdx,CVE-2019-1010266,NVD,MEDIUM,6.5,lodash prior to 4.17.11 is affected by: CWE-400: Uncontrolled Resource Consumption. The impact is: Denial of service. The component is: Date handler. The attack vector is: Attacker provides very long 
Neos-Neos.cdx,CVE-2018-3721,NVD,MEDIUM,6.5,"lodash node module before 4.17.5 suffers from a Modification of Assumed-Immutable Data (MAID) vulnerability via defaultsDeep, merge, and mergeWith functions, which allows a malicious user to modify th"
Neos-Neos.cdx,CVE-2020-28500,NVD,MEDIUM,5.3,"Lodash versions prior to 4.17.21 are vulnerable to Regular Expression Denial of Service (ReDoS) via the toNumber, trim and trimEnd functions."
Neos-Neos.cdx,CVE-2020-8203,NVD,HIGH,7.4,Prototype pollution attack when using _.zipObjectDeep in lodash before 4.17.20.
Neos-Neos.cdx,CVE-2019-10744,NVD,CRITICAL,9.1,Versions of lodash lower than 4.17.12 are vulnerable to Prototype Pollution. The function defaultsDeep could be tricked into adding or modifying properties of Object.prototype using a constructor payl
Neos-Neos.cdx,CVE-2021-23337,NVD,HIGH,7.2,Lodash versions prior to 4.17.21 are vulnerable to Command Injection via the template function.
Neos-Neos.cdx,CVE-2018-16487,NVD,MEDIUM,5.6,"A prototype pollution vulnerability was found in lodash <4.17.11 where the functions merge, mergeWith, and defaultsDeep can be tricked into adding or modifying properties of Object.prototype."
Neos-Neos.cdx,CVE-2019-1010266,NVD,MEDIUM,6.5,lodash prior to 4.17.11 is affected by: CWE-400: Uncontrolled Resource Consumption. The impact is: Denial of service. The component is: Date handler. The attack vector is: Attacker provides very long 
Neos-Neos.cdx,CVE-2020-28500,NVD,MEDIUM,5.3,"Lodash versions prior to 4.17.21 are vulnerable to Regular Expression Denial of Service (ReDoS) via the toNumber, trim and trimEnd functions."
Neos-Neos.cdx,CVE-2020-8203,NVD,HIGH,7.4,Prototype pollution attack when using _.zipObjectDeep in lodash before 4.17.20.
Neos-Neos.cdx,CVE-2019-10744,NVD,CRITICAL,9.1,Versions of lodash lower than 4.17.12 are vulnerable to Prototype Pollution. The function defaultsDeep could be tricked into adding or modifying properties of Object.prototype using a constructor payl
Neos-Neos.cdx,CVE-2021-23337,NVD,HIGH,7.2,Lodash versions prior to 4.17.21 are vulnerable to Command Injection via the template function.
Neos-Neos.cdx,CVE-2018-16487,NVD,MEDIUM,5.6,"A prototype pollution vulnerability was found in lodash <4.17.11 where the functions merge, mergeWith, and defaultsDeep can be tricked into adding or modifying properties of Object.prototype."
Neos-Neos.cdx,CVE-2025-13465,NVD,MEDIUM,5.3,Lodash versions 4.0.0 through 4.17.22 are vulnerable to prototype pollution in the _.unset and _.omit functions. An attacker can pass crafted paths which cause Lodash to delete methods from global pro
Neos-Neos.cdx,CVE-2020-28500,NVD,MEDIUM,5.3,"Lodash versions prior to 4.17.21 are vulnerable to Regular Expression Denial of Service (ReDoS) via the toNumber, trim and trimEnd functions."
Neos-Neos.cdx,CVE-2020-8203,NVD,HIGH,7.4,Prototype pollution attack when using _.zipObjectDeep in lodash before 4.17.20.
Neos-Neos.cdx,CVE-2019-10744,NVD,CRITICAL,9.1,Versions of lodash lower than 4.17.12 are vulnerable to Prototype Pollution. The function defaultsDeep could be tricked into adding or modifying properties of Object.prototype using a constructor payl
Neos-Neos.cdx,CVE-2021-23337,NVD,HIGH,7.2,Lodash versions prior to 4.17.21 are vulnerable to Command Injection via the template function.
Neos-Neos.cdx,CVE-2025-13465,NVD,MEDIUM,5.3,Lodash versions 4.0.0 through 4.17.22 are vulnerable to prototype pollution in the _.unset and _.omit functions. An attacker can pass crafted paths which cause Lodash to delete methods from global pro
Neos-Neos.cdx,CVE-2020-28499,NVD,CRITICAL,9.8,All versions of package merge are vulnerable to Prototype Pollution via _recursiveMerge .
Neos-Neos.cdx,CVE-2021-23397,NVD,CRITICAL,9.8,All versions of package @ianwalter/merge are vulnerable to Prototype Pollution via the main (merge) function. Maintainer suggests using @generates/merger instead.
Neos-Neos.cdx,CVE-2026-26996,NVD,HIGH,7.5,minimatch is a minimal matching utility for converting glob expressions into JavaScript RegExp objects. Versions 10.2.0 and below are vulnerable to Regular Expression Denial of Service (ReDoS) when a 
Neos-Neos.cdx,CVE-2026-27904,NVD,HIGH,7.5,"minimatch is a minimal matching utility for converting glob expressions into JavaScript RegExp objects. Prior to version 10.2.3, 9.0.7, 8.0.6, 7.4.8, 6.2.2, 5.1.8, 4.2.5, and 3.1.4, nested `*()` extgl"
Neos-Neos.cdx,CVE-2026-27903,NVD,HIGH,7.5,"minimatch is a minimal matching utility for converting glob expressions into JavaScript RegExp objects. Prior to version 10.2.3, 9.0.7, 8.0.6, 7.4.8, 6.2.2, 5.1.8, 4.2.5, and 3.1.3, `matchOne()` perfo"
Neos-Neos.cdx,CVE-2026-26996,NVD,HIGH,7.5,minimatch is a minimal matching utility for converting glob expressions into JavaScript RegExp objects. Versions 10.2.0 and below are vulnerable to Regular Expression Denial of Service (ReDoS) when a 
Neos-Neos.cdx,CVE-2026-27904,NVD,HIGH,7.5,"minimatch is a minimal matching utility for converting glob expressions into JavaScript RegExp objects. Prior to version 10.2.3, 9.0.7, 8.0.6, 7.4.8, 6.2.2, 5.1.8, 4.2.5, and 3.1.4, nested `*()` extgl"
Neos-Neos.cdx,CVE-2022-3517,NVD,HIGH,7.5,"A vulnerability was found in the minimatch package. This flaw allows a Regular Expression Denial of Service (ReDoS) when calling the braceExpand function with specific arguments, resulting in a Denial"
Neos-Neos.cdx,CVE-2026-27903,NVD,HIGH,7.5,"minimatch is a minimal matching utility for converting glob expressions into JavaScript RegExp objects. Prior to version 10.2.3, 9.0.7, 8.0.6, 7.4.8, 6.2.2, 5.1.8, 4.2.5, and 3.1.3, `matchOne()` perfo"
Neos-Neos.cdx,CVE-2026-26996,NVD,HIGH,7.5,minimatch is a minimal matching utility for converting glob expressions into JavaScript RegExp objects. Versions 10.2.0 and below are vulnerable to Regular Expression Denial of Service (ReDoS) when a 
Neos-Neos.cdx,CVE-2026-27904,NVD,HIGH,7.5,"minimatch is a minimal matching utility for converting glob expressions into JavaScript RegExp objects. Prior to version 10.2.3, 9.0.7, 8.0.6, 7.4.8, 6.2.2, 5.1.8, 4.2.5, and 3.1.4, nested `*()` extgl"
Neos-Neos.cdx,CVE-2026-27903,NVD,HIGH,7.5,"minimatch is a minimal matching utility for converting glob expressions into JavaScript RegExp objects. Prior to version 10.2.3, 9.0.7, 8.0.6, 7.4.8, 6.2.2, 5.1.8, 4.2.5, and 3.1.3, `matchOne()` perfo"
Neos-Neos.cdx,CVE-2019-10746,NVD,CRITICAL,9.8,mixin-deep is vulnerable to Prototype Pollution in versions before 1.3.2 and version 2.0.0. The function mixin-deep could be tricked into adding or modifying properties of Object.prototype using a con
Neos-Neos.cdx,CVE-2022-31129,NVD,HIGH,7.5,"moment is a JavaScript date library for parsing, validating, manipulating, and formatting dates. Affected versions of moment were found to use an inefficient parsing algorithm. Specifically using stri"
Neos-Neos.cdx,CVE-2022-24785,NVD,HIGH,7.5,"Moment.js is a JavaScript date library for parsing, validating, manipulating, and formatting dates. A path traversal vulnerability impacts npm (server) users of Moment.js between versions 1.0.1 and 2."
Neos-Neos.cdx,CVE-2022-21213,NVD,HIGH,7.5,"This affects all versions of package mout. The deepFillIn function can be used to 'fill missing properties recursively', while the deepMixIn mixes objects into the target object, recursively mixing ex"
Neos-Neos.cdx,CVE-2020-7792,NVD,HIGH,7.5,"This affects all versions of package mout. The deepFillIn function can be used to 'fill missing properties recursively', while the deepMixIn 'mixes objects into the target object, recursively mixing e"
Neos-Neos.cdx,CVE-2022-21213,NVD,HIGH,7.5,"This affects all versions of package mout. The deepFillIn function can be used to 'fill missing properties recursively', while the deepMixIn mixes objects into the target object, recursively mixing ex"
Neos-Neos.cdx,CVE-2020-7792,NVD,HIGH,7.5,"This affects all versions of package mout. The deepFillIn function can be used to 'fill missing properties recursively', while the deepMixIn 'mixes objects into the target object, recursively mixing e"
Neos-Neos.cdx,CVE-2017-20162,NVD,MEDIUM,5.3,"A vulnerability, which was classified as problematic, has been found in vercel ms up to 1.x. This issue affects the function parse of the file index.js. The manipulation of the argument str leads to i"
Neos-Neos.cdx,CVE-2020-15168,NVD,MEDIUM,5.3,"node-fetch before versions 2.6.1 and 3.0.0-beta.9 did not honor the size option after following a redirect, which means that when a content size was over the limit, a FetchError would never get thrown"
Neos-Neos.cdx,CVE-2022-0235,NVD,MEDIUM,6.1,node-fetch is vulnerable to Exposure of Sensitive Information to an Unauthorized Actor
Neos-Neos.cdx,CVE-2020-7789,NVD,MEDIUM,5.6,This affects the package node-notifier before 9.0.0. It allows an attacker to run arbitrary commands on Linux machines due to the options params not being sanitised when being passed an array.
Neos-Neos.cdx,CVE-2020-7751,NVD,HIGH,7.2,pathval before version 1.1.1 is vulnerable to prototype pollution.
Neos-Neos.cdx,CVE-2021-23382,NVD,HIGH,7.5,The package postcss before 8.2.13 are vulnerable to Regular Expression Denial of Service (ReDoS) via getAnnotationURL() and loadAnnotation() in lib/previous-map.js. The vulnerable regexes are caused m
Neos-Neos.cdx,CVE-2023-44270,NVD,MEDIUM,5.3,An issue was discovered in PostCSS before 8.4.31. The vulnerability affects linters using PostCSS to parse external untrusted CSS. An attacker can prepare CSS in such a way that it will contains parts
Neos-Neos.cdx,CVE-2021-23368,NVD,MEDIUM,5.3,The package postcss from 7.0.0 and before 8.2.10 are vulnerable to Regular Expression Denial of Service (ReDoS) during source map parsing.
Neos-Neos.cdx,CVE-2021-23382,NVD,HIGH,7.5,The package postcss before 8.2.13 are vulnerable to Regular Expression Denial of Service (ReDoS) via getAnnotationURL() and loadAnnotation() in lib/previous-map.js. The vulnerable regexes are caused m
Neos-Neos.cdx,CVE-2023-44270,NVD,MEDIUM,5.3,An issue was discovered in PostCSS before 8.4.31. The vulnerability affects linters using PostCSS to parse external untrusted CSS. An attacker can prepare CSS in such a way that it will contains parts
Neos-Neos.cdx,CVE-2021-23368,NVD,MEDIUM,5.3,The package postcss from 7.0.0 and before 8.2.10 are vulnerable to Regular Expression Denial of Service (ReDoS) during source map parsing.
Neos-Neos.cdx,CVE-2021-23382,NVD,HIGH,7.5,The package postcss before 8.2.13 are vulnerable to Regular Expression Denial of Service (ReDoS) via getAnnotationURL() and loadAnnotation() in lib/previous-map.js. The vulnerable regexes are caused m
Neos-Neos.cdx,CVE-2023-44270,NVD,MEDIUM,5.3,An issue was discovered in PostCSS before 8.4.31. The vulnerability affects linters using PostCSS to parse external untrusted CSS. An attacker can prepare CSS in such a way that it will contains parts
Neos-Neos.cdx,CVE-2021-23382,NVD,HIGH,7.5,The package postcss before 8.2.13 are vulnerable to Regular Expression Denial of Service (ReDoS) via getAnnotationURL() and loadAnnotation() in lib/previous-map.js. The vulnerable regexes are caused m
Neos-Neos.cdx,CVE-2023-44270,NVD,MEDIUM,5.3,An issue was discovered in PostCSS before 8.4.31. The vulnerability affects linters using PostCSS to parse external untrusted CSS. An attacker can prepare CSS in such a way that it will contains parts
Neos-Neos.cdx,CVE-2025-15284,NVD,MEDIUM,3.7,"Improper Input Validation vulnerability in qs (parse modules) allows HTTP DoS.This issue affects qs: < 6.14.1.


Summary

The arrayLimit option in qs did not enforce limits for bracket notation (a[]=1"
Neos-Neos.cdx,CVE-2022-24999,NVD,HIGH,7.5,"qs before 6.10.3, as used in Express before 4.17.3 and other products, allows attackers to cause a Node process hang for an Express application because an __ proto__ key can be used. In many typical E"
Neos-Neos.cdx,CVE-2025-15284,NVD,MEDIUM,3.7,"Improper Input Validation vulnerability in qs (parse modules) allows HTTP DoS.This issue affects qs: < 6.14.1.


Summary

The arrayLimit option in qs did not enforce limits for bracket notation (a[]=1"
Neos-Neos.cdx,CVE-2022-24999,NVD,HIGH,7.5,"qs before 6.10.3, as used in Express before 4.17.3 and other products, allows attackers to cause a Node process hang for an Express application because an __ proto__ key can be used. In many typical E"
Neos-Neos.cdx,CVE-2025-15284,NVD,MEDIUM,3.7,"Improper Input Validation vulnerability in qs (parse modules) allows HTTP DoS.This issue affects qs: < 6.14.1.


Summary

The arrayLimit option in qs did not enforce limits for bracket notation (a[]=1"
Neos-Neos.cdx,CVE-2022-24999,NVD,HIGH,7.5,"qs before 6.10.3, as used in Express before 4.17.3 and other products, allows attackers to cause a Node process hang for an Express application because an __ proto__ key can be used. In many typical E"
Neos-Neos.cdx,CVE-2017-1000048,NVD,HIGH,7.5,"the web framework using ljharb's qs module older than v6.3.2, v6.2.3, v6.1.2, and v6.0.4 is vulnerable to a DoS. A malicious user can send a evil request to cause the web framework crash."
Neos-Neos.cdx,CVE-2025-15284,NVD,MEDIUM,3.7,"Improper Input Validation vulnerability in qs (parse modules) allows HTTP DoS.This issue affects qs: < 6.14.1.


Summary

The arrayLimit option in qs did not enforce limits for bracket notation (a[]=1"
Neos-Neos.cdx,CVE-2022-24999,NVD,HIGH,7.5,"qs before 6.10.3, as used in Express before 4.17.3 and other products, allows attackers to cause a Node process hang for an Express application because an __ proto__ key can be used. In many typical E"
Neos-Neos.cdx,CVE-2017-1000048,NVD,HIGH,7.5,"the web framework using ljharb's qs module older than v6.3.2, v6.2.3, v6.1.2, and v6.0.4 is vulnerable to a DoS. A malicious user can send a evil request to cause the web framework crash."
Neos-Neos.cdx,CVE-2025-15284,NVD,MEDIUM,3.7,"Improper Input Validation vulnerability in qs (parse modules) allows HTTP DoS.This issue affects qs: < 6.14.1.


Summary

The arrayLimit option in qs did not enforce limits for bracket notation (a[]=1"
Neos-Neos.cdx,CVE-2022-24999,NVD,HIGH,7.5,"qs before 6.10.3, as used in Express before 4.17.3 and other products, allows attackers to cause a Node process hang for an Express application because an __ proto__ key can be used. In many typical E"
Neos-Neos.cdx,CVE-2023-28155,NVD,MEDIUM,6.1,"The Request package through 2.88.1 for Node.js allows a bypass of SSRF mitigations via an attacker-controller server that does a cross-protocol redirect (HTTP to HTTPS, or HTTPS to HTTP). NOTE: This v"
Neos-Neos.cdx,CVE-2023-28155,NVD,MEDIUM,6.1,"The Request package through 2.88.1 for Node.js allows a bypass of SSRF mitigations via an attacker-controller server that does a cross-protocol redirect (HTTP to HTTPS, or HTTPS to HTTP). NOTE: This v"
Neos-Neos.cdx,CVE-2023-28155,NVD,MEDIUM,6.1,"The Request package through 2.88.1 for Node.js allows a bypass of SSRF mitigations via an attacker-controller server that does a cross-protocol redirect (HTTP to HTTPS, or HTTPS to HTTP). NOTE: This v"
Neos-Neos.cdx,CVE-2022-25883,NVD,HIGH,7.5,"Versions of the package semver before 7.5.2 are vulnerable to Regular Expression Denial of Service (ReDoS) via the function new Range, when untrusted user data is provided as a range."
Neos-Neos.cdx,CVE-2022-25883,NVD,HIGH,7.5,"Versions of the package semver before 7.5.2 are vulnerable to Regular Expression Denial of Service (ReDoS) via the function new Range, when untrusted user data is provided as a range."
Neos-Neos.cdx,CVE-2022-25883,NVD,HIGH,7.5,"Versions of the package semver before 7.5.2 are vulnerable to Regular Expression Denial of Service (ReDoS) via the function new Range, when untrusted user data is provided as a range."
Neos-Neos.cdx,CVE-2022-25883,NVD,HIGH,7.5,"Versions of the package semver before 7.5.2 are vulnerable to Regular Expression Denial of Service (ReDoS) via the function new Range, when untrusted user data is provided as a range."
Neos-Neos.cdx,CVE-2022-25883,NVD,HIGH,7.5,"Versions of the package semver before 7.5.2 are vulnerable to Regular Expression Denial of Service (ReDoS) via the function new Range, when untrusted user data is provided as a range."
Neos-Neos.cdx,CVE-2021-43307,NVD,HIGH,7.5,"An exponential ReDoS (Regular Expression Denial of Service) can be triggered in the semver-regex npm package, when an attacker is able to supply arbitrary input to the test() method"
Neos-Neos.cdx,CVE-2021-3795,NVD,HIGH,7.5,semver-regex is vulnerable to Inefficient Regular Expression Complexity
Neos-Neos.cdx,CVE-2019-10747,NVD,CRITICAL,9.8,set-value is vulnerable to Prototype Pollution in versions lower than 3.0.1. The function mixin-deep could be tricked into adding or modifying properties of Object.prototype using any of the construct
Neos-Neos.cdx,CVE-2021-23440,NVD,CRITICAL,9.8,"This affects the package set-value before <2.0.1, >=3.0.0 <4.0.1. A type confusion vulnerability can lead to a bypass of CVE-2019-10747 when the user-provided keys used in the path parameter are array"
Neos-Neos.cdx,CVE-2019-10747,NVD,CRITICAL,9.8,set-value is vulnerable to Prototype Pollution in versions lower than 3.0.1. The function mixin-deep could be tricked into adding or modifying properties of Object.prototype using any of the construct
Neos-Neos.cdx,CVE-2021-23440,NVD,CRITICAL,9.8,"This affects the package set-value before <2.0.1, >=3.0.0 <4.0.1. A type confusion vulnerability can lead to a bypass of CVE-2019-10747 when the user-provided keys used in the path parameter are array"
Neos-Neos.cdx,CVE-2021-42740,NVD,CRITICAL,9.8,The shell-quote package before 1.7.3 for Node.js allows command injection. An attacker can inject unescaped shell metacharacters through a regex designed to support Windows drive letters. If the outpu
Neos-Neos.cdx,CVE-2021-42740,NVD,CRITICAL,9.8,The shell-quote package before 1.7.3 for Node.js allows command injection. An attacker can inject unescaped shell metacharacters through a regex designed to support Windows drive letters. If the outpu
Neos-Neos.cdx,CVE-2021-27290,NVD,HIGH,7.5,"ssri 5.2.2-8.0.0, fixed in 8.0.1, processes SRIs using a regular expression which is vulnerable to a denial of service. Malicious SRIs could take an extremely long time to process, leading to denial o"
Neos-Neos.cdx,CVE-2021-27290,NVD,HIGH,7.5,"ssri 5.2.2-8.0.0, fixed in 8.0.1, processes SRIs using a regular expression which is vulnerable to a denial of service. Malicious SRIs could take an extremely long time to process, leading to denial o"
Neos-Neos.cdx,CVE-2021-27290,NVD,HIGH,7.5,"ssri 5.2.2-8.0.0, fixed in 8.0.1, processes SRIs using a regular expression which is vulnerable to a denial of service. Malicious SRIs could take an extremely long time to process, leading to denial o"
Neos-Neos.cdx,CVE-2021-32804,NVD,HIGH,8.1,"The npm package ""tar"" (aka node-tar) before versions 6.1.1, 5.0.6, 4.4.14, and 3.3.2 has a arbitrary File Creation/Overwrite vulnerability due to insufficient absolute path sanitization. node-tar aims"
Neos-Neos.cdx,CVE-2021-32803,NVD,HIGH,8.1,"The npm package ""tar"" (aka node-tar) before versions 6.1.2, 5.0.7, 4.4.15, and 3.2.3 has an arbitrary File Creation/Overwrite vulnerability via insufficient symlink protection. `node-tar` aims to guar"
Neos-Neos.cdx,CVE-2021-32804,NVD,HIGH,8.1,"The npm package ""tar"" (aka node-tar) before versions 6.1.1, 5.0.6, 4.4.14, and 3.3.2 has a arbitrary File Creation/Overwrite vulnerability due to insufficient absolute path sanitization. node-tar aims"
Neos-Neos.cdx,CVE-2021-32803,NVD,HIGH,8.1,"The npm package ""tar"" (aka node-tar) before versions 6.1.2, 5.0.7, 4.4.15, and 3.2.3 has an arbitrary File Creation/Overwrite vulnerability via insufficient symlink protection. `node-tar` aims to guar"
Neos-Neos.cdx,CVE-2021-32804,NVD,HIGH,8.1,"The npm package ""tar"" (aka node-tar) before versions 6.1.1, 5.0.6, 4.4.14, and 3.3.2 has a arbitrary File Creation/Overwrite vulnerability due to insufficient absolute path sanitization. node-tar aims"
Neos-Neos.cdx,CVE-2021-32803,NVD,HIGH,8.1,"The npm package ""tar"" (aka node-tar) before versions 6.1.2, 5.0.7, 4.4.15, and 3.2.3 has an arbitrary File Creation/Overwrite vulnerability via insufficient symlink protection. `node-tar` aims to guar"
Neos-Neos.cdx,CVE-2022-25858,NVD,HIGH,7.5,"The package terser before 4.8.1, from 5.0.0 and before 5.14.2 are vulnerable to Regular Expression Denial of Service (ReDoS) due to insecure usage of regular expressions."
Neos-Neos.cdx,CVE-2023-26136,NVD,CRITICAL,9.8,Versions of the package tough-cookie before 4.1.3 are vulnerable to Prototype Pollution due to improper handling of Cookies when using CookieJar in rejectPublicSuffixes=false mode. This issue arises f
Neos-Neos.cdx,CVE-2023-26136,NVD,CRITICAL,9.8,Versions of the package tough-cookie before 4.1.3 are vulnerable to Prototype Pollution due to improper handling of Cookies when using CookieJar in rejectPublicSuffixes=false mode. This issue arises f
Neos-Neos.cdx,CVE-2023-26136,NVD,CRITICAL,9.8,Versions of the package tough-cookie before 4.1.3 are vulnerable to Prototype Pollution due to improper handling of Cookies when using CookieJar in rejectPublicSuffixes=false mode. This issue arises f
Neos-Neos.cdx,CVE-2023-26136,NVD,CRITICAL,9.8,Versions of the package tough-cookie before 4.1.3 are vulnerable to Prototype Pollution due to improper handling of Cookies when using CookieJar in rejectPublicSuffixes=false mode. This issue arises f
Neos-Neos.cdx,CVE-2019-15599,NVD,CRITICAL,9.8,A Code Injection exists in tree-kill on Windows which allows a remote code execution when an attacker is able to control the input into the command.
Neos-Neos.cdx,CVE-2021-33623,NVD,HIGH,7.5,The trim-newlines package before 3.0.1 and 4.x before 4.0.1 for Node.js has an issue related to regular expression denial-of-service (ReDoS) for the .end() method.
Neos-Neos.cdx,CVE-2021-33623,NVD,HIGH,7.5,The trim-newlines package before 3.0.1 and 4.x before 4.0.1 for Node.js has an issue related to regular expression denial-of-service (ReDoS) for the .end() method.
Neos-Neos.cdx,CVE-2020-7793,NVD,HIGH,7.5,The package ua-parser-js before 0.7.23 are vulnerable to Regular Expression Denial of Service (ReDoS) in multiple regexes (see linked commit for more info).
Neos-Neos.cdx,CVE-2021-27292,NVD,HIGH,7.5,"ua-parser-js >= 0.7.14, fixed in 0.7.24, uses a regular expression which is vulnerable to denial of service. If an attacker sends a malicious User-Agent header, ua-parser-js will get stuck processing "
Neos-Neos.cdx,CVE-2020-7733,NVD,HIGH,7.5,The package ua-parser-js before 0.7.22 are vulnerable to Regular Expression Denial of Service (ReDoS) via the regex for Redmi Phones and Mi Pad Tablets UA.
Neos-Neos.cdx,CVE-2023-45803,NVD,MEDIUM,4.2,"urllib3 is a user-friendly HTTP client library for Python. urllib3 previously wouldn't remove the HTTP request body when an HTTP redirect response using status 301, 302, or 303 after the request had i"
Neos-Neos.cdx,CVE-2025-50181,NVD,MEDIUM,6.1,"urllib3 is a user-friendly HTTP client library for Python. Prior to 2.5.0, it is possible to disable redirects for all requests by instantiating a PoolManager and specifying retries in a way that disa"
Neos-Neos.cdx,CVE-2024-37891,NVD,MEDIUM,6.5," urllib3 is a user-friendly HTTP client library for Python. When using urllib3's proxy support with `ProxyManager`, the `Proxy-Authorization` header is only sent to the configured proxy, as expected. "
Neos-Neos.cdx,CVE-2025-66471,NVD,HIGH,7.5,"urllib3 is a user-friendly HTTP client library for Python. Starting in version 1.0 and prior to 2.6.0, the Streaming API improperly handles highly compressed data. urllib3's streaming API is designed "
Neos-Neos.cdx,CVE-2026-21441,NVD,HIGH,7.5,"urllib3 is an HTTP client library for Python. urllib3's streaming API is designed for the efficient handling of large HTTP responses by reading the content in chunks, rather than loading the entire re"
Neos-Neos.cdx,CVE-2025-66418,NVD,HIGH,7.5,"urllib3 is a user-friendly HTTP client library for Python. Starting in version 1.24 and prior to 2.6.0, the number of links in the decompression chain was unbounded allowing a malicious server to inse"
Neos-Neos.cdx,CVE-2020-26311,NVD,HIGH,7.5,Useragent is a user agent parser for Node.js. All versions as of time of publication contain one or more regular expressions that are vulnerable to Regular Expression Denial of Service (ReDoS). As of 
Neos-Neos.cdx,CVE-2025-68157,NVD,LOW,3.7,"Webpack is a module bundler. From version 5.49.0 to before 5.104.0, when experiments.buildHttp is enabled, webpack’s HTTP(S) resolver (HttpUriPlugin) enforces allowedUris only for the initial URL, but"
Neos-Neos.cdx,CVE-2025-68458,NVD,LOW,3.7,"Webpack is a module bundler. From version 5.49.0 to before 5.104.1, when experiments.buildHttp is enabled, webpack’s HTTP(S) resolver (HttpUriPlugin) can be bypassed to fetch resources from hosts outs"
Neos-Neos.cdx,CVE-2024-43788,NVD,MEDIUM,6.1,"Webpack is a module bundler. Its main purpose is to bundle JavaScript files for usage in a browser, yet it is also capable of transforming, bundling, or packaging just about any resource or asset. The"
Neos-Neos.cdx,CVE-2023-28154,NVD,CRITICAL,9.8,Webpack 5 before 5.76.0 does not avoid cross-realm object access. ImportParserPlugin.js mishandles the magic comment feature. An attacker who controls a property of an untrusted object can obtain acce
Neos-Neos.cdx,CVE-2024-43788,NVD,MEDIUM,6.1,"Webpack is a module bundler. Its main purpose is to bundle JavaScript files for usage in a browser, yet it is also capable of transforming, bundling, or packaging just about any resource or asset. The"
Neos-Neos.cdx,CVE-2023-26115,NVD,HIGH,7.5,All versions of the package word-wrap are vulnerable to Regular Expression Denial of Service (ReDoS) due to the usage of an insecure regular expression within the result variable.
Neos-Neos.cdx,CVE-2021-32640,NVD,MEDIUM,5.3,ws is an open source WebSocket client and server library for Node.js. A specially crafted value of the `Sec-Websocket-Protocol` header can be used to significantly slow down a ws server. The vulnerabi
Neos-Neos.cdx,CVE-2021-32640,NVD,MEDIUM,5.3,ws is an open source WebSocket client and server library for Node.js. A specially crafted value of the `Sec-Websocket-Protocol` header can be used to significantly slow down a ws server. The vulnerabi
Neos-Neos.cdx,CVE-2020-7774,NVD,CRITICAL,9.8,"The package y18n before 3.2.2, 4.0.1 and 5.0.5, is vulnerable to Prototype Pollution."
Neos-Neos.cdx,CVE-2020-7774,NVD,CRITICAL,9.8,"The package y18n before 3.2.2, 4.0.1 and 5.0.5, is vulnerable to Prototype Pollution."
Neos-Neos.cdx,CVE-2020-7608,NVD,MEDIUM,5.3,"yargs-parser could be tricked into adding or modifying properties of Object.prototype using a ""__proto__"" payload."
Neos-Neos.cdx,CVE-2020-7608,NVD,MEDIUM,5.3,"yargs-parser could be tricked into adding or modifying properties of Object.prototype using a ""__proto__"" payload."
Neos-Neos.cdx,CVE-2020-7608,NVD,MEDIUM,5.3,"yargs-parser could be tricked into adding or modifying properties of Object.prototype using a ""__proto__"" payload."
Node_js-Node_js.cdx,CVE-2025-13465,NVD,MEDIUM,5.3,Lodash versions 4.0.0 through 4.17.22 are vulnerable to prototype pollution in the _.unset and _.omit functions. An attacker can pass crafted paths which cause Lodash to delete methods from global pro
Node_js-Node_js.cdx,CVE-2026-26996,NVD,HIGH,7.5,minimatch is a minimal matching utility for converting glob expressions into JavaScript RegExp objects. Versions 10.2.0 and below are vulnerable to Regular Expression Denial of Service (ReDoS) when a 
Node_js-Node_js.cdx,CVE-2026-27904,NVD,HIGH,7.5,"minimatch is a minimal matching utility for converting glob expressions into JavaScript RegExp objects. Prior to version 10.2.3, 9.0.7, 8.0.6, 7.4.8, 6.2.2, 5.1.8, 4.2.5, and 3.1.4, nested `*()` extgl"
Node_js-Node_js.cdx,CVE-2026-27903,NVD,HIGH,7.5,"minimatch is a minimal matching utility for converting glob expressions into JavaScript RegExp objects. Prior to version 10.2.3, 9.0.7, 8.0.6, 7.4.8, 6.2.2, 5.1.8, 4.2.5, and 3.1.3, `matchOne()` perfo"
Node_js-Node_js.cdx,CVE-2025-15284,NVD,MEDIUM,3.7,"Improper Input Validation vulnerability in qs (parse modules) allows HTTP DoS.This issue affects qs: < 6.14.1.


Summary

The arrayLimit option in qs did not enforce limits for bracket notation (a[]=1"
Node_js-Node_js.cdx,CVE-2026-2391,NVD,MEDIUM,7.5,"### Summary
The `arrayLimit` option in qs does not enforce limits for comma-separated values when `comma: true` is enabled, allowing attackers to cause denial-of-service via memory exhaustion. This is"
Node_js-Node_js.cdx,CVE-2025-50181,NVD,MEDIUM,6.1,"urllib3 is a user-friendly HTTP client library for Python. Prior to 2.5.0, it is possible to disable redirects for all requests by instantiating a PoolManager and specifying retries in a way that disa"
Node_js-Node_js.cdx,CVE-2025-50182,NVD,MEDIUM,6.1,"urllib3 is a user-friendly HTTP client library for Python. Starting in version 2.2.0 and prior to 2.5.0, urllib3 does not control redirects in browsers and Node.js. urllib3 supports being used in a Py"
Node_js-Node_js.cdx,CVE-2025-66471,NVD,HIGH,7.5,"urllib3 is a user-friendly HTTP client library for Python. Starting in version 1.0 and prior to 2.6.0, the Streaming API improperly handles highly compressed data. urllib3's streaming API is designed "
Node_js-Node_js.cdx,CVE-2026-21441,NVD,HIGH,7.5,"urllib3 is an HTTP client library for Python. urllib3's streaming API is designed for the efficient handling of large HTTP responses by reading the content in chunks, rather than loading the entire re"
Node_js-Node_js.cdx,CVE-2025-66418,NVD,HIGH,7.5,"urllib3 is a user-friendly HTTP client library for Python. Starting in version 1.24 and prior to 2.6.0, the number of links in the decompression chain was unbounded allowing a malicious server to inse"
Odoo-Odoo_Website_Builder.cdx,CVE-2026-26209,NVD,HIGH,7.5,cbor2 provides encoding and decoding for the Concise Binary Object Representation (CBOR) serialization format. Versions prior to 5.9.0 are vulnerable to a Denial of Service (DoS) attack caused by unco
Odoo-Odoo_Website_Builder.cdx,CVE-2025-68131,NVD,MEDIUM,7.5,"cbor2 provides encoding and decoding for the Concise Binary Object Representation (CBOR) serialization format. Starting in version 3.0.0 and prior to version 5.8.0, whhen a CBORDecoder instance is reu"
Odoo-Odoo_Website_Builder.cdx,CVE-2025-64076,NVD,HIGH,7.5,Multiple vulnerabilities exist in cbor2 through version 5.7.0 in the decode_definite_long_string() function of the C extension decoder (source/decoder.c): (1) Integer Underflow Leading to Out-of-Bound
Odoo-Odoo_Website_Builder.cdx,CVE-2026-26209,NVD,HIGH,7.5,cbor2 provides encoding and decoding for the Concise Binary Object Representation (CBOR) serialization format. Versions prior to 5.9.0 are vulnerable to a Denial of Service (DoS) attack caused by unco
Odoo-Odoo_Website_Builder.cdx,CVE-2025-68131,NVD,MEDIUM,7.5,"cbor2 provides encoding and decoding for the Concise Binary Object Representation (CBOR) serialization format. Starting in version 3.0.0 and prior to version 5.8.0, whhen a CBORDecoder instance is reu"
Odoo-Odoo_Website_Builder.cdx,CVE-2025-64076,NVD,HIGH,7.5,Multiple vulnerabilities exist in cbor2 through version 5.7.0 in the decode_definite_long_string() function of the C extension decoder (source/decoder.c): (1) Integer Underflow Leading to Out-of-Bound
Odoo-Odoo_Website_Builder.cdx,CVE-2026-26209,NVD,HIGH,7.5,cbor2 provides encoding and decoding for the Concise Binary Object Representation (CBOR) serialization format. Versions prior to 5.9.0 are vulnerable to a Denial of Service (DoS) attack caused by unco
Odoo-Odoo_Website_Builder.cdx,CVE-2025-68131,NVD,MEDIUM,7.5,"cbor2 provides encoding and decoding for the Concise Binary Object Representation (CBOR) serialization format. Starting in version 3.0.0 and prior to version 5.8.0, whhen a CBORDecoder instance is reu"
Odoo-Odoo_Website_Builder.cdx,CVE-2025-64076,NVD,HIGH,7.5,Multiple vulnerabilities exist in cbor2 through version 5.7.0 in the decode_definite_long_string() function of the C extension decoder (source/decoder.c): (1) Integer Underflow Leading to Out-of-Bound
Odoo-Odoo_Website_Builder.cdx,CVE-2026-26007,NVD,HIGH,6.5,"cryptography is a package designed to expose cryptographic primitives and recipes to Python developers. Prior to 46.0.5, the public_key_from_numbers (or EllipticCurvePublicNumbers.public_key()), Ellip"
Odoo-Odoo_Website_Builder.cdx,CVE-2026-26007,NVD,HIGH,6.5,"cryptography is a package designed to expose cryptographic primitives and recipes to Python developers. Prior to 46.0.5, the public_key_from_numbers (or EllipticCurvePublicNumbers.public_key()), Ellip"
Odoo-Odoo_Website_Builder.cdx,CVE-2023-23931,NVD,MEDIUM,6.5,cryptography is a package designed to expose cryptographic primitives and recipes to Python developers. In affected versions `Cipher.update_into` would accept Python objects which implement the buffer
Odoo-Odoo_Website_Builder.cdx,CVE-2023-50782,NVD,HIGH,7.5,"A flaw was found in the python-cryptography package. This issue may allow a remote attacker to decrypt captured messages in TLS servers that use RSA key exchanges, which may lead to exposure of confid"
Odoo-Odoo_Website_Builder.cdx,CVE-2023-49083,NVD,HIGH,7.5,cryptography is a package designed to expose cryptographic primitives and recipes to Python developers. Calling `load_pem_pkcs7_certificates` or `load_der_pkcs7_certificates` could lead to a NULL-poin
Odoo-Odoo_Website_Builder.cdx,CVE-2022-2309,NVD,HIGH,7.5,NULL Pointer Dereference allows attackers to cause a denial of service (or application crash). This only applies when lxml is used together with libxml2 2.9.10 through 2.9.14. libxml2 2.9.9 and earlie
Odoo-Odoo_Website_Builder.cdx,CVE-2026-24688,NVD,MEDIUM,4.3,pypdf is a free and open-source pure-python PDF library. An attacker who uses an infinite loop vulnerability that is present in versions prior to 6.6.2 can craft a PDF which leads to an infinite loop.
Odoo-Odoo_Website_Builder.cdx,CVE-2026-22690,NVD,LOW,5.3,"pypdf is a free and open-source pure-python PDF library. Prior to version 6.6.0, pypdf has possible long runtimes for missing /Root object with large /Size values. An attacker who uses this vulnerabil"
Odoo-Odoo_Website_Builder.cdx,CVE-2026-22691,NVD,LOW,5.3,"pypdf is a free and open-source pure-python PDF library. Prior to version 6.6.0, pypdf has possible long runtimes for malformed startxref. An attacker who uses this vulnerability can craft a PDF which"
Odoo-Odoo_Website_Builder.cdx,CVE-2026-28351,NVD,MEDIUM,5.3,"pypdf is a free and open-source pure-python PDF library. Prior to version 6.7.4, an attacker who uses this vulnerability can craft a PDF which leads to large memory usage. This requires parsing the co"
Odoo-Odoo_Website_Builder.cdx,CVE-2026-28804,NVD,MEDIUM,5.3,"pypdf is a free and open-source pure-python PDF library. Prior to version 6.7.5, an attacker who uses this vulnerability can craft a PDF which leads to long runtimes. This requires accessing a stream "
Odoo-Odoo_Website_Builder.cdx,CVE-2026-27026,NVD,MEDIUM,5.5,"pypdf is a free and open-source pure-python PDF library. Prior to 6.7.1, an attacker who uses this vulnerability can craft a PDF which leads to long runtimes. This requires a malformed /FlateDecode st"
Odoo-Odoo_Website_Builder.cdx,CVE-2026-27025,NVD,MEDIUM,5.5,"pypdf is a free and open-source pure-python PDF library. Prior to 6.7.1, an attacker who uses this vulnerability can craft a PDF which leads to long runtimes and large memory consumption. This require"
Odoo-Odoo_Website_Builder.cdx,CVE-2026-27024,NVD,MEDIUM,5.5,"pypdf is a free and open-source pure-python PDF library. Prior to 6.7.1, an attacker who uses this vulnerability can craft a PDF which leads to an infinite loop. This requires accessing the children o"
Odoo-Odoo_Website_Builder.cdx,CVE-2026-31826,NVD,MEDIUM,5.5,"pypdf is a free and open-source pure-python PDF library. Prior to 6.8.0, an attacker who uses this vulnerability can craft a PDF which leads to large memory usage. This requires parsing a content stre"
Odoo-Odoo_Website_Builder.cdx,CVE-2026-33123,NVD,MEDIUM,6.5,pypdf is a free and open-source pure-python PDF library. Versions prior to 6.9.1 allow an attacker to craft a malicious PDF which leads to long runtimes and/or large memory usage. Exploitation require
Odoo-Odoo_Website_Builder.cdx,CVE-2026-27628,NVD,LOW,7.5,"pypdf is a free and open-source pure-python PDF library. Prior to 6.7.2, an attacker who uses this vulnerability can craft a PDF which leads to an infinite loop. This requires reading the file. This h"
Odoo-Odoo_Website_Builder.cdx,CVE-2026-27888,NVD,MEDIUM,7.5,"pypdf is a free and open-source pure-python PDF library. Prior to 6.7.3, an attacker who uses this vulnerability can craft a PDF which leads to the RAM being exhausted. This requires accessing the `xf"
Odoo-Odoo_Website_Builder.cdx,CVE-2025-55197,NVD,MEDIUM,7.5,"pypdf is a free and open-source pure-python PDF library. Prior to version 6.0.0, an attacker can craft a PDF which leads to the RAM being exhausted. This requires just reading the file if a series of "
Odoo-Odoo_Website_Builder.cdx,CVE-2025-62708,NVD,MEDIUM,7.5,"pypdf is a free and open-source pure-python PDF library. Prior to version 6.1.3, an attacker who uses this vulnerability can craft a PDF which leads to large memory usage. This requires parsing the co"
Odoo-Odoo_Website_Builder.cdx,CVE-2025-62707,NVD,MEDIUM,7.5,"pypdf is a free and open-source pure-python PDF library. Prior to version 6.1.3, an attacker who uses this vulnerability can craft a PDF which leads to an infinite loop. This requires parsing the cont"
Odoo-Odoo_Website_Builder.cdx,CVE-2025-61912,NVD,MEDIUM,5.3,"python-ldap is a lightweight directory access protocol (LDAP) client API for Python. In versions prior to 3.4.5, ldap.dn.escape_dn_chars() escapes \x00 incorrectly by emitting a backslash followed by "
Odoo-Odoo_Website_Builder.cdx,CVE-2025-61911,NVD,MEDIUM,6.5,"python-ldap is a lightweight directory access protocol (LDAP) client API for Python. In versions prior to 3.4.5, the sanitization method `ldap.filter.escape_filter_chars` can be tricked to skip escapi"
Odoo-Odoo_Website_Builder.cdx,CVE-2025-61912,NVD,MEDIUM,5.3,"python-ldap is a lightweight directory access protocol (LDAP) client API for Python. In versions prior to 3.4.5, ldap.dn.escape_dn_chars() escapes \x00 incorrectly by emitting a backslash followed by "
Odoo-Odoo_Website_Builder.cdx,CVE-2025-61911,NVD,MEDIUM,6.5,"python-ldap is a lightweight directory access protocol (LDAP) client API for Python. In versions prior to 3.4.5, the sanitization method `ldap.filter.escape_filter_chars` can be tricked to skip escapi"
Odoo-Odoo_Website_Builder.cdx,CVE-2020-28463,NVD,MEDIUM,6.5,"All versions of package reportlab are vulnerable to Server-side Request Forgery (SSRF) via img tags. In order to reduce risk, use trustedSchemes & trustedHosts (see in Reportlab's documentation) Steps"
Odoo-Odoo_Website_Builder.cdx,CVE-2023-33733,NVD,HIGH,7.8,Reportlab up to v3.6.12 allows attackers to execute arbitrary code via supplying a crafted PDF file.
Odoo-Odoo_Website_Builder.cdx,CVE-2020-28463,NVD,MEDIUM,6.5,"All versions of package reportlab are vulnerable to Server-side Request Forgery (SSRF) via img tags. In order to reduce risk, use trustedSchemes & trustedHosts (see in Reportlab's documentation) Steps"
Odoo-Odoo_Website_Builder.cdx,CVE-2023-33733,NVD,HIGH,7.8,Reportlab up to v3.6.12 allows attackers to execute arbitrary code via supplying a crafted PDF file.
Odoo-Odoo_Website_Builder.cdx,CVE-2020-28463,NVD,MEDIUM,6.5,"All versions of package reportlab are vulnerable to Server-side Request Forgery (SSRF) via img tags. In order to reduce risk, use trustedSchemes & trustedHosts (see in Reportlab's documentation) Steps"
Odoo-Odoo_Website_Builder.cdx,CVE-2023-32681,NVD,MEDIUM,6.1,"Requests is a HTTP library. Since Requests 2.3.0, Requests has been leaking Proxy-Authorization headers to destination servers when redirected to an HTTPS endpoint. This is a product of how we use `re"
Odoo-Odoo_Website_Builder.cdx,CVE-2023-45803,NVD,MEDIUM,4.2,"urllib3 is a user-friendly HTTP client library for Python. urllib3 previously wouldn't remove the HTTP request body when an HTTP redirect response using status 301, 302, or 303 after the request had i"
Odoo-Odoo_Website_Builder.cdx,CVE-2025-50181,NVD,MEDIUM,6.1,"urllib3 is a user-friendly HTTP client library for Python. Prior to 2.5.0, it is possible to disable redirects for all requests by instantiating a PoolManager and specifying retries in a way that disa"
Odoo-Odoo_Website_Builder.cdx,CVE-2024-37891,NVD,MEDIUM,6.5," urllib3 is a user-friendly HTTP client library for Python. When using urllib3's proxy support with `ProxyManager`, the `Proxy-Authorization` header is only sent to the configured proxy, as expected. "
Odoo-Odoo_Website_Builder.cdx,CVE-2025-66471,NVD,HIGH,7.5,"urllib3 is a user-friendly HTTP client library for Python. Starting in version 1.0 and prior to 2.6.0, the Streaming API improperly handles highly compressed data. urllib3's streaming API is designed "
Odoo-Odoo_Website_Builder.cdx,CVE-2026-21441,NVD,HIGH,7.5,"urllib3 is an HTTP client library for Python. urllib3's streaming API is designed for the efficient handling of large HTTP responses by reading the content in chunks, rather than loading the entire re"
Odoo-Odoo_Website_Builder.cdx,CVE-2025-66418,NVD,HIGH,7.5,"urllib3 is a user-friendly HTTP client library for Python. Starting in version 1.24 and prior to 2.6.0, the number of links in the decompression chain was unbounded allowing a malicious server to inse"
Odoo-Odoo_Website_Builder.cdx,CVE-2023-43804,NVD,HIGH,8.1,"urllib3 is a user-friendly HTTP client library for Python. urllib3 doesn't treat the `Cookie` HTTP header special or provide any helpers for managing cookies over HTTP, that is the responsibility of t"
Odoo-Odoo_Website_Builder.cdx,CVE-2025-50181,NVD,MEDIUM,6.1,"urllib3 is a user-friendly HTTP client library for Python. Prior to 2.5.0, it is possible to disable redirects for all requests by instantiating a PoolManager and specifying retries in a way that disa"
Odoo-Odoo_Website_Builder.cdx,CVE-2024-37891,NVD,MEDIUM,6.5," urllib3 is a user-friendly HTTP client library for Python. When using urllib3's proxy support with `ProxyManager`, the `Proxy-Authorization` header is only sent to the configured proxy, as expected. "
Odoo-Odoo_Website_Builder.cdx,CVE-2025-66471,NVD,HIGH,7.5,"urllib3 is a user-friendly HTTP client library for Python. Starting in version 1.0 and prior to 2.6.0, the Streaming API improperly handles highly compressed data. urllib3's streaming API is designed "
Odoo-Odoo_Website_Builder.cdx,CVE-2026-21441,NVD,HIGH,7.5,"urllib3 is an HTTP client library for Python. urllib3's streaming API is designed for the efficient handling of large HTTP responses by reading the content in chunks, rather than loading the entire re"
Odoo-Odoo_Website_Builder.cdx,CVE-2025-66418,NVD,HIGH,7.5,"urllib3 is a user-friendly HTTP client library for Python. Starting in version 1.24 and prior to 2.6.0, the number of links in the decompression chain was unbounded allowing a malicious server to inse"
OpenCart-Commerce_Software.cdx,CVE-2023-42282,NVD,CRITICAL,9.8,The ip package before 1.1.9 for Node.js might allow SSRF because some IP addresses (such as 0x7f.1) are improperly categorized as globally routable via isPublic.
OpenCart-Commerce_Software.cdx,CVE-2024-28246,NVD,MEDIUM,5.4,"KaTeX is a JavaScript library for TeX math rendering on the web. Code that uses KaTeX's `trust` option, specifically that provides a function to blacklist certain URL protocols, can be fooled by URLs "
OpenCart-Commerce_Software.cdx,CVE-2024-28245,NVD,MEDIUM,6.1,KaTeX is a JavaScript library for TeX math rendering on the web. KaTeX users who render untrusted mathematical expressions could encounter malicious input using `\includegraphics` that runs arbitrary 
OpenCart-Commerce_Software.cdx,CVE-2024-28244,NVD,MEDIUM,6.5,KaTeX is a JavaScript library for TeX math rendering on the web. KaTeX users who render untrusted mathematical expressions could encounter malicious input using `\def` or `\newcommand` that causes a n
OpenCart-Commerce_Software.cdx,CVE-2024-28243,NVD,MEDIUM,6.5,KaTeX is a JavaScript library for TeX math rendering on the web. KaTeX users who render untrusted mathematical expressions could encounter malicious input using `\edef` that causes a near-infinite loo
OpenCart-Commerce_Software.cdx,CVE-2025-23207,NVD,HIGH,7.2,"KaTeX is a fast, easy-to-use JavaScript library for TeX math rendering on the web. KaTeX users who render untrusted mathematical expressions with `renderToString` could encounter malicious input using"
OpenCart-Commerce_Software.cdx,CVE-2025-13465,NVD,MEDIUM,5.3,Lodash versions 4.0.0 through 4.17.22 are vulnerable to prototype pollution in the _.unset and _.omit functions. An attacker can pass crafted paths which cause Lodash to delete methods from global pro
OpenCart-Commerce_Software.cdx,CVE-2026-26996,NVD,HIGH,7.5,minimatch is a minimal matching utility for converting glob expressions into JavaScript RegExp objects. Versions 10.2.0 and below are vulnerable to Regular Expression Denial of Service (ReDoS) when a 
OpenCart-Commerce_Software.cdx,CVE-2026-27904,NVD,HIGH,7.5,"minimatch is a minimal matching utility for converting glob expressions into JavaScript RegExp objects. Prior to version 10.2.3, 9.0.7, 8.0.6, 7.4.8, 6.2.2, 5.1.8, 4.2.5, and 3.1.4, nested `*()` extgl"
OpenCart-Commerce_Software.cdx,CVE-2026-27903,NVD,HIGH,7.5,"minimatch is a minimal matching utility for converting glob expressions into JavaScript RegExp objects. Prior to version 10.2.3, 9.0.7, 8.0.6, 7.4.8, 6.2.2, 5.1.8, 4.2.5, and 3.1.3, `matchOne()` perfo"
OpenCart-Commerce_Software.cdx,CVE-2026-26996,NVD,HIGH,7.5,minimatch is a minimal matching utility for converting glob expressions into JavaScript RegExp objects. Versions 10.2.0 and below are vulnerable to Regular Expression Denial of Service (ReDoS) when a 
OpenCart-Commerce_Software.cdx,CVE-2026-27904,NVD,HIGH,7.5,"minimatch is a minimal matching utility for converting glob expressions into JavaScript RegExp objects. Prior to version 10.2.3, 9.0.7, 8.0.6, 7.4.8, 6.2.2, 5.1.8, 4.2.5, and 3.1.4, nested `*()` extgl"
OpenCart-Commerce_Software.cdx,CVE-2026-27903,NVD,HIGH,7.5,"minimatch is a minimal matching utility for converting glob expressions into JavaScript RegExp objects. Prior to version 10.2.3, 9.0.7, 8.0.6, 7.4.8, 6.2.2, 5.1.8, 4.2.5, and 3.1.3, `matchOne()` perfo"
OpenCart-Commerce_Software.cdx,CVE-2026-26996,NVD,HIGH,7.5,minimatch is a minimal matching utility for converting glob expressions into JavaScript RegExp objects. Versions 10.2.0 and below are vulnerable to Regular Expression Denial of Service (ReDoS) when a 
OpenCart-Commerce_Software.cdx,CVE-2026-27904,NVD,HIGH,7.5,"minimatch is a minimal matching utility for converting glob expressions into JavaScript RegExp objects. Prior to version 10.2.3, 9.0.7, 8.0.6, 7.4.8, 6.2.2, 5.1.8, 4.2.5, and 3.1.4, nested `*()` extgl"
OpenCart-Commerce_Software.cdx,CVE-2026-27903,NVD,HIGH,7.5,"minimatch is a minimal matching utility for converting glob expressions into JavaScript RegExp objects. Prior to version 10.2.3, 9.0.7, 8.0.6, 7.4.8, 6.2.2, 5.1.8, 4.2.5, and 3.1.3, `matchOne()` perfo"
OpenCart-Commerce_Software.cdx,CVE-2026-27601,NVD,HIGH,7.5,"Underscore.js is a utility-belt library for JavaScript. Prior to 1.13.8, the _.flatten and _.isEqual functions use recursion without a depth limit. Under very specific conditions, detailed below, an a"
OpenCart-Commerce_Software.cdx,CVE-2025-68157,NVD,LOW,3.7,"Webpack is a module bundler. From version 5.49.0 to before 5.104.0, when experiments.buildHttp is enabled, webpack’s HTTP(S) resolver (HttpUriPlugin) enforces allowedUris only for the initial URL, but"
OpenCart-Commerce_Software.cdx,CVE-2025-68458,NVD,LOW,3.7,"Webpack is a module bundler. From version 5.49.0 to before 5.104.1, when experiments.buildHttp is enabled, webpack’s HTTP(S) resolver (HttpUriPlugin) can be bypassed to fetch resources from hosts outs"
OpenCart-Commerce_Software.cdx,CVE-2024-43788,NVD,MEDIUM,6.1,"Webpack is a module bundler. Its main purpose is to bundle JavaScript files for usage in a browser, yet it is also capable of transforming, bundling, or packaging just about any resource or asset. The"
Open_Source-Drupal.cdx,CVE-2009-3156,NVD,LOW,,"Cross-site scripting (XSS) vulnerability in the Date Tools sub-module in the Date module 6.x before 6.x-2.3 for Drupal allows remote authenticated users, with ""use date tools"" or ""administer content t"
Open_Source-Drupal.cdx,CVE-2020-13672,NVD,MEDIUM,6.1,Cross-site Scripting (XSS) vulnerability in Drupal core's sanitization API fails to properly filter cross-site scripting under certain circumstances. This issue affects: Drupal Core 9.1.x versions pri
Open_Source-Drupal.cdx,CVE-2009-3479,NVD,MEDIUM,,"Cross-site scripting (XSS) vulnerability in Bibliography (Biblio) 5.x before 5.x-1.17 and 6.x before 6.x-1.6, a module for Drupal, allows remote attackers, with ""create content displayed by the Biblio"
Open_Source-Drupal.cdx,CVE-2008-0462,NVD,MEDIUM,,Cross-site scripting (XSS) vulnerability in the Archive 5.x before 5.x-1.8 module for Drupal allows remote attackers to inject arbitrary web script or HTML via unspecified vectors.
Open_Source-Drupal.cdx,CVE-2012-2339,NVD,MEDIUM,,"Cross-site scripting (XSS) vulnerability in the Glossary module 6.x-1.x before 6.x-1.8 for Drupal allows remote attackers to inject arbitrary web script or HTML via unspecified vectors related to ""tax"
Open_Source-Drupal.cdx,CVE-2009-1047,NVD,MEDIUM,,"Cross-site scripting (XSS) vulnerability in the Send by e-mail module in the ""Printer, e-mail and PDF versions"" module 5.x before 5.x-4.4 and 6.x before 6.x-1.4, a module for Drupal, allows remote att"
Open_Source-Drupal.cdx,CVE-2012-2922,NVD,MEDIUM,,"The request_path function in includes/bootstrap.inc in Drupal 7.14 and earlier allows remote attackers to obtain sensitive information via the q[] parameter to index.php, which reveals the installatio"
Open_Source-Drupal.cdx,CVE-2006-4120,NVD,MEDIUM,,Cross-site scripting (XSS) vulnerability in the Recipe module (recipe.module) before 1.54 for Drupal 4.6 and earlier allows remote attackers to inject arbitrary web script or HTML via unspecified vect
Open_Source-Drupal.cdx,CVE-2008-4790,NVD,MEDIUM,,"The core upload module in Drupal 5.x before 5.11 allows remote authenticated users to bypass intended access restrictions and read ""files attached to content"" via unknown vectors."
Open_Source-Drupal.cdx,CVE-2008-4789,NVD,MEDIUM,,"The validation functionality in the core upload module in Drupal 6.x before 6.5 allows remote authenticated users to bypass intended access restrictions and ""attach files to content,"" related to a ""lo"
Open_Source-Drupal.cdx,CVE-2007-5416,NVD,MEDIUM,,"Drupal 5.2 and earlier does not properly unset variables when the input data includes a numeric parameter with a value matching an alphanumeric parameter's hash value, which allows remote attackers to"
Open_Source-Drupal.cdx,CVE-2007-6752,NVD,MEDIUM,,Cross-site request forgery (CSRF) vulnerability in Drupal 7.12 and earlier allows remote attackers to hijack the authentication of arbitrary users for requests that end a session via the user/logout U
Open_Source-Drupal.cdx,CVE-2009-4066,NVD,MEDIUM,,"Multiple cross-site request forgery (CSRF) vulnerabilities in the ""My Account"" feature in PHPList Integration module 5 before 5.x-1.2 and 6 before 6.x-1.1 for Drupal allow remote attackers to hijack t"
Open_Source-Drupal.cdx,CVE-2018-7600,NVD,CRITICAL,9.8,"Drupal before 7.58, 8.x before 8.3.9, 8.4.x before 8.4.6, and 8.5.x before 8.5.1 allows remote attackers to execute arbitrary code because of an issue affecting multiple subsystems with default or com"
Open_Source-Drupal.cdx,CVE-2008-4793,NVD,HIGH,,The node module API in Drupal 5.x before 5.11 allows remote attackers to bypass node validation and have unspecified other impact via unknown vectors related to contributed modules.
Open_Source-Drupal.cdx,CVE-2005-1921,NVD,HIGH,,"Eval injection vulnerability in PEAR XML_RPC 1.3.0 and earlier (aka XML-RPC or xmlrpc) and PHPXMLRPC (aka XML-RPC For PHP or php-xmlrpc) 1.1 and earlier, as used in products such as (1) WordPress, (2)"
Open_Source-Drupal.cdx,CVE-2023-29827,NVD,CRITICAL,9.8,"ejs v3.1.9 is vulnerable to server-side template injection. If the ejs file is controllable, template injection can be implemented through the configuration settings of the closeDelimiter parameter. N"
Open_Source-Drupal.cdx,CVE-2025-13465,NVD,MEDIUM,5.3,Lodash versions 4.0.0 through 4.17.22 are vulnerable to prototype pollution in the _.unset and _.omit functions. An attacker can pass crafted paths which cause Lodash to delete methods from global pro
Open_Source-Drupal.cdx,CVE-2026-26996,NVD,HIGH,7.5,minimatch is a minimal matching utility for converting glob expressions into JavaScript RegExp objects. Versions 10.2.0 and below are vulnerable to Regular Expression Denial of Service (ReDoS) when a 
Open_Source-Drupal.cdx,CVE-2026-27904,NVD,HIGH,7.5,"minimatch is a minimal matching utility for converting glob expressions into JavaScript RegExp objects. Prior to version 10.2.3, 9.0.7, 8.0.6, 7.4.8, 6.2.2, 5.1.8, 4.2.5, and 3.1.4, nested `*()` extgl"
Open_Source-Drupal.cdx,CVE-2026-27903,NVD,HIGH,7.5,"minimatch is a minimal matching utility for converting glob expressions into JavaScript RegExp objects. Prior to version 10.2.3, 9.0.7, 8.0.6, 7.4.8, 6.2.2, 5.1.8, 4.2.5, and 3.1.3, `matchOne()` perfo"
Open_Source-Drupal.cdx,CVE-2026-26996,NVD,HIGH,7.5,minimatch is a minimal matching utility for converting glob expressions into JavaScript RegExp objects. Versions 10.2.0 and below are vulnerable to Regular Expression Denial of Service (ReDoS) when a 
Open_Source-Drupal.cdx,CVE-2026-27904,NVD,HIGH,7.5,"minimatch is a minimal matching utility for converting glob expressions into JavaScript RegExp objects. Prior to version 10.2.3, 9.0.7, 8.0.6, 7.4.8, 6.2.2, 5.1.8, 4.2.5, and 3.1.4, nested `*()` extgl"
Open_Source-Drupal.cdx,CVE-2026-27903,NVD,HIGH,7.5,"minimatch is a minimal matching utility for converting glob expressions into JavaScript RegExp objects. Prior to version 10.2.3, 9.0.7, 8.0.6, 7.4.8, 6.2.2, 5.1.8, 4.2.5, and 3.1.3, `matchOne()` perfo"
Open_Source-Drupal.cdx,CVE-2026-26996,NVD,HIGH,7.5,minimatch is a minimal matching utility for converting glob expressions into JavaScript RegExp objects. Versions 10.2.0 and below are vulnerable to Regular Expression Denial of Service (ReDoS) when a 
Open_Source-Drupal.cdx,CVE-2026-27904,NVD,HIGH,7.5,"minimatch is a minimal matching utility for converting glob expressions into JavaScript RegExp objects. Prior to version 10.2.3, 9.0.7, 8.0.6, 7.4.8, 6.2.2, 5.1.8, 4.2.5, and 3.1.4, nested `*()` extgl"
Open_Source-Drupal.cdx,CVE-2026-27903,NVD,HIGH,7.5,"minimatch is a minimal matching utility for converting glob expressions into JavaScript RegExp objects. Prior to version 10.2.3, 9.0.7, 8.0.6, 7.4.8, 6.2.2, 5.1.8, 4.2.5, and 3.1.3, `matchOne()` perfo"
Open_Source-Drupal.cdx,CVE-2026-26996,NVD,HIGH,7.5,minimatch is a minimal matching utility for converting glob expressions into JavaScript RegExp objects. Versions 10.2.0 and below are vulnerable to Regular Expression Denial of Service (ReDoS) when a 
Open_Source-Drupal.cdx,CVE-2026-27904,NVD,HIGH,7.5,"minimatch is a minimal matching utility for converting glob expressions into JavaScript RegExp objects. Prior to version 10.2.3, 9.0.7, 8.0.6, 7.4.8, 6.2.2, 5.1.8, 4.2.5, and 3.1.4, nested `*()` extgl"
Open_Source-Drupal.cdx,CVE-2026-27903,NVD,HIGH,7.5,"minimatch is a minimal matching utility for converting glob expressions into JavaScript RegExp objects. Prior to version 10.2.3, 9.0.7, 8.0.6, 7.4.8, 6.2.2, 5.1.8, 4.2.5, and 3.1.3, `matchOne()` perfo"
Open_Source-Drupal.cdx,CVE-2026-26996,NVD,HIGH,7.5,minimatch is a minimal matching utility for converting glob expressions into JavaScript RegExp objects. Versions 10.2.0 and below are vulnerable to Regular Expression Denial of Service (ReDoS) when a 
Open_Source-Drupal.cdx,CVE-2026-27904,NVD,HIGH,7.5,"minimatch is a minimal matching utility for converting glob expressions into JavaScript RegExp objects. Prior to version 10.2.3, 9.0.7, 8.0.6, 7.4.8, 6.2.2, 5.1.8, 4.2.5, and 3.1.4, nested `*()` extgl"
Open_Source-Drupal.cdx,CVE-2026-27903,NVD,HIGH,7.5,"minimatch is a minimal matching utility for converting glob expressions into JavaScript RegExp objects. Prior to version 10.2.3, 9.0.7, 8.0.6, 7.4.8, 6.2.2, 5.1.8, 4.2.5, and 3.1.3, `matchOne()` perfo"
Open_Source-Drupal.cdx,CVE-2026-26996,NVD,HIGH,7.5,minimatch is a minimal matching utility for converting glob expressions into JavaScript RegExp objects. Versions 10.2.0 and below are vulnerable to Regular Expression Denial of Service (ReDoS) when a 
Open_Source-Drupal.cdx,CVE-2026-27904,NVD,HIGH,7.5,"minimatch is a minimal matching utility for converting glob expressions into JavaScript RegExp objects. Prior to version 10.2.3, 9.0.7, 8.0.6, 7.4.8, 6.2.2, 5.1.8, 4.2.5, and 3.1.4, nested `*()` extgl"
Open_Source-Drupal.cdx,CVE-2026-27903,NVD,HIGH,7.5,"minimatch is a minimal matching utility for converting glob expressions into JavaScript RegExp objects. Prior to version 10.2.3, 9.0.7, 8.0.6, 7.4.8, 6.2.2, 5.1.8, 4.2.5, and 3.1.3, `matchOne()` perfo"
Open_Source-Drupal.cdx,CVE-2026-27601,NVD,HIGH,7.5,"Underscore.js is a utility-belt library for JavaScript. Prior to 1.13.8, the _.flatten and _.isEqual functions use recursion without a depth limit. Under very specific conditions, detailed below, an a"
Open_Source-Drupal.cdx,CVE-2025-68157,NVD,LOW,3.7,"Webpack is a module bundler. From version 5.49.0 to before 5.104.0, when experiments.buildHttp is enabled, webpack’s HTTP(S) resolver (HttpUriPlugin) enforces allowedUris only for the initial URL, but"
Open_Source-Drupal.cdx,CVE-2025-68458,NVD,LOW,3.7,"Webpack is a module bundler. From version 5.49.0 to before 5.104.1, when experiments.buildHttp is enabled, webpack’s HTTP(S) resolver (HttpUriPlugin) can be bypassed to fetch resources from hosts outs"
Open_Source-NopCommerce.cdx,CVE-2025-27152,NVD,HIGH,5.3,"axios is a promise based HTTP client for the browser and node.js. The issue occurs when passing absolute URLs rather than protocol-relative URLs to axios. Even if ⁠baseURL is set, axios sends the requ"
Open_Source-NopCommerce.cdx,CVE-2026-25639,NVD,HIGH,7.5,"Axios is a promise based HTTP client for the browser and Node.js. Prior to versions 0.30.3 and 1.13.5, the mergeConfig function in axios crashes with a TypeError when processing configuration objects "
Open_Source-NopCommerce.cdx,CVE-2025-58754,NVD,HIGH,7.5,Axios is a promise based HTTP client for the browser and Node.js. When Axios starting in version 0.28.0 and prior to versions 0.30.2 and 1.12.0 runs on Node.js and is given a URL with the `data:` sche
Open_Source-NopCommerce.cdx,CVE-2024-57965,NVD,CRITICAL,9.8,"In axios before 1.7.8, lib/helpers/isURLSameOrigin.js does not use a URL object when determining an origin, and has a potentially unwanted setAttribute('href',href) call. NOTE: some parties feel that "
Open_Source-NopCommerce.cdx,CVE-2024-27088,NVD,MEDIUM,5.5,es5-ext contains ECMAScript 5 extensions. Passing functions with very long names or complex default argument names into `function#copy` or `function#toStringTokens` may cause the script to stall. The 
Open_Source-NopCommerce.cdx,CVE-2023-26159,NVD,MEDIUM,6.1,"Versions of the package follow-redirects before 1.15.4 are vulnerable to Improper Input Validation due to the improper handling of URLs by the url.parse() function. When new URL() throws an error, it "
Open_Source-NopCommerce.cdx,CVE-2022-48285,NVD,HIGH,7.3,loadAsync in JSZip before 3.8.0 allows Directory Traversal via a crafted ZIP archive.
Open_Source-NopCommerce.cdx,CVE-2026-26996,NVD,HIGH,7.5,minimatch is a minimal matching utility for converting glob expressions into JavaScript RegExp objects. Versions 10.2.0 and below are vulnerable to Regular Expression Denial of Service (ReDoS) when a 
Open_Source-NopCommerce.cdx,CVE-2026-27904,NVD,HIGH,7.5,"minimatch is a minimal matching utility for converting glob expressions into JavaScript RegExp objects. Prior to version 10.2.3, 9.0.7, 8.0.6, 7.4.8, 6.2.2, 5.1.8, 4.2.5, and 3.1.4, nested `*()` extgl"
Open_Source-NopCommerce.cdx,CVE-2022-3517,NVD,HIGH,7.5,"A vulnerability was found in the minimatch package. This flaw allows a Regular Expression Denial of Service (ReDoS) when calling the braceExpand function with specific arguments, resulting in a Denial"
Open_Source-NopCommerce.cdx,CVE-2026-27903,NVD,HIGH,7.5,"minimatch is a minimal matching utility for converting glob expressions into JavaScript RegExp objects. Prior to version 10.2.3, 9.0.7, 8.0.6, 7.4.8, 6.2.2, 5.1.8, 4.2.5, and 3.1.3, `matchOne()` perfo"
Open_Source-NopCommerce.cdx,CVE-2022-31129,NVD,HIGH,7.5,"moment is a JavaScript date library for parsing, validating, manipulating, and formatting dates. Affected versions of moment were found to use an inefficient parsing algorithm. Specifically using stri"
Open_Source-NopCommerce.cdx,CVE-2022-24785,NVD,HIGH,7.5,"Moment.js is a JavaScript date library for parsing, validating, manipulating, and formatting dates. A path traversal vulnerability impacts npm (server) users of Moment.js between versions 1.0.1 and 2."
Open_Source-NopCommerce.cdx,CVE-2019-11519,NVD,MEDIUM,4.9,"Libraries/Nop.Services/Localization/LocalizationService.cs in nopCommerce through 4.10 allows XXE via the ""Configurations -> Languages -> Edit Language -> Import Resources -> Upload XML file"" screen."
Open_Source-NopCommerce.cdx,CVE-2022-27461,NVD,MEDIUM,6.1,"In nopCommerce 4.50.1, an open redirect vulnerability can be triggered by luring a user to authenticate to a nopCommerce page by clicking on a crafted link."
Open_Source-NopCommerce.cdx,CVE-2024-58248,NVD,LOW,3.5,nopCommerce through 4.90.1 does not offer locking for order placement. Thus there is a race condition with duplicate redeeming of gift cards.
Open_Source-NopCommerce.cdx,CVE-2025-11699,NVD,HIGH,7.1,"nopCommerce v4.70 and prior, and version 4.80.3, does not invalidate session cookies after logout or session termination, allowing an attacker who has a 
a valid session cookie access to privileged e"
Open_Source-NopCommerce.cdx,CVE-2022-33077,NVD,HIGH,7.5,An access control issue in nopcommerce v4.50.2 allows attackers to arbitrarily modify any customer's address via the addressedit endpoint.
Open_Source-NopCommerce.cdx,CVE-2022-46161,NVD,CRITICAL,9.8,pdfmake is an open source client/server side PDF printing in pure JavaScript. In versions up to and including 0.2.5 pdfmake contains an unsafe evaluation of user controlled input. Users of pdfmake are
Open_Source-NopCommerce.cdx,CVE-2023-26115,NVD,HIGH,7.5,All versions of the package word-wrap are vulnerable to Regular Expression Denial of Service (ReDoS) due to the usage of an insecure regular expression within the result variable.
Open_Source-OpenBSD.cdx,CVE-2024-39689,NVD,HIGH,7.5,Certifi is a curated collection of Root Certificates for validating the trustworthiness of SSL certificates while verifying the identity of TLS hosts. Certifi starting in 2021.5.30 and prior to 2024.7
Open_Source-OpenBSD.cdx,CVE-2024-39689,NVD,HIGH,7.5,Certifi is a curated collection of Root Certificates for validating the trustworthiness of SSL certificates while verifying the identity of TLS hosts. Certifi starting in 2021.5.30 and prior to 2024.7
Open_Source-OpenBSD.cdx,CVE-2026-26007,NVD,HIGH,6.5,"cryptography is a package designed to expose cryptographic primitives and recipes to Python developers. Prior to 46.0.5, the public_key_from_numbers (or EllipticCurvePublicNumbers.public_key()), Ellip"
Open_Source-OpenBSD.cdx,CVE-2025-50181,NVD,MEDIUM,6.1,"urllib3 is a user-friendly HTTP client library for Python. Prior to 2.5.0, it is possible to disable redirects for all requests by instantiating a PoolManager and specifying retries in a way that disa"
Open_Source-OpenBSD.cdx,CVE-2025-50182,NVD,MEDIUM,6.1,"urllib3 is a user-friendly HTTP client library for Python. Starting in version 2.2.0 and prior to 2.5.0, urllib3 does not control redirects in browsers and Node.js. urllib3 supports being used in a Py"
Open_Source-OpenBSD.cdx,CVE-2024-37891,NVD,MEDIUM,6.5," urllib3 is a user-friendly HTTP client library for Python. When using urllib3's proxy support with `ProxyManager`, the `Proxy-Authorization` header is only sent to the configured proxy, as expected. "
Open_Source-OpenBSD.cdx,CVE-2025-66471,NVD,HIGH,7.5,"urllib3 is a user-friendly HTTP client library for Python. Starting in version 1.0 and prior to 2.6.0, the Streaming API improperly handles highly compressed data. urllib3's streaming API is designed "
Open_Source-OpenBSD.cdx,CVE-2026-21441,NVD,HIGH,7.5,"urllib3 is an HTTP client library for Python. urllib3's streaming API is designed for the efficient handling of large HTTP responses by reading the content in chunks, rather than loading the entire re"
Open_Source-OpenBSD.cdx,CVE-2025-66418,NVD,HIGH,7.5,"urllib3 is a user-friendly HTTP client library for Python. Starting in version 1.24 and prior to 2.6.0, the number of links in the decompression chain was unbounded allowing a malicious server to inse"
Open_Source-OpenBSD.cdx,CVE-2025-50181,NVD,MEDIUM,6.1,"urllib3 is a user-friendly HTTP client library for Python. Prior to 2.5.0, it is possible to disable redirects for all requests by instantiating a PoolManager and specifying retries in a way that disa"
Open_Source-OpenBSD.cdx,CVE-2024-37891,NVD,MEDIUM,6.5," urllib3 is a user-friendly HTTP client library for Python. When using urllib3's proxy support with `ProxyManager`, the `Proxy-Authorization` header is only sent to the configured proxy, as expected. "
Open_Source-OpenBSD.cdx,CVE-2025-66471,NVD,HIGH,7.5,"urllib3 is a user-friendly HTTP client library for Python. Starting in version 1.0 and prior to 2.6.0, the Streaming API improperly handles highly compressed data. urllib3's streaming API is designed "
Open_Source-OpenBSD.cdx,CVE-2026-21441,NVD,HIGH,7.5,"urllib3 is an HTTP client library for Python. urllib3's streaming API is designed for the efficient handling of large HTTP responses by reading the content in chunks, rather than loading the entire re"
Open_Source-OpenBSD.cdx,CVE-2025-66418,NVD,HIGH,7.5,"urllib3 is a user-friendly HTTP client library for Python. Starting in version 1.24 and prior to 2.6.0, the number of links in the decompression chain was unbounded allowing a malicious server to inse"
Open_Web_Analytics-Open_Web_Analytics.cdx,CVE-2026-26996,NVD,HIGH,7.5,minimatch is a minimal matching utility for converting glob expressions into JavaScript RegExp objects. Versions 10.2.0 and below are vulnerable to Regular Expression Denial of Service (ReDoS) when a 
Open_Web_Analytics-Open_Web_Analytics.cdx,CVE-2026-27904,NVD,HIGH,7.5,"minimatch is a minimal matching utility for converting glob expressions into JavaScript RegExp objects. Prior to version 10.2.3, 9.0.7, 8.0.6, 7.4.8, 6.2.2, 5.1.8, 4.2.5, and 3.1.4, nested `*()` extgl"
Open_Web_Analytics-Open_Web_Analytics.cdx,CVE-2022-3517,NVD,HIGH,7.5,"A vulnerability was found in the minimatch package. This flaw allows a Regular Expression Denial of Service (ReDoS) when calling the braceExpand function with specific arguments, resulting in a Denial"
Open_Web_Analytics-Open_Web_Analytics.cdx,CVE-2026-27903,NVD,HIGH,7.5,"minimatch is a minimal matching utility for converting glob expressions into JavaScript RegExp objects. Prior to version 10.2.3, 9.0.7, 8.0.6, 7.4.8, 6.2.2, 5.1.8, 4.2.5, and 3.1.3, `matchOne()` perfo"
Open_Web_Analytics-Open_Web_Analytics.cdx,CVE-2025-68157,NVD,LOW,3.7,"Webpack is a module bundler. From version 5.49.0 to before 5.104.0, when experiments.buildHttp is enabled, webpack’s HTTP(S) resolver (HttpUriPlugin) enforces allowedUris only for the initial URL, but"
Open_Web_Analytics-Open_Web_Analytics.cdx,CVE-2025-68458,NVD,LOW,3.7,"Webpack is a module bundler. From version 5.49.0 to before 5.104.1, when experiments.buildHttp is enabled, webpack’s HTTP(S) resolver (HttpUriPlugin) can be bypassed to fetch resources from hosts outs"
Open_Web_Analytics-Open_Web_Analytics.cdx,CVE-2024-43788,NVD,MEDIUM,6.1,"Webpack is a module bundler. Its main purpose is to bundle JavaScript files for usage in a browser, yet it is also capable of transforming, bundling, or packaging just about any resource or asset. The"
Open_Web_Analytics-Open_Web_Analytics.cdx,CVE-2023-28154,NVD,CRITICAL,9.8,Webpack 5 before 5.76.0 does not avoid cross-realm object access. ImportParserPlugin.js mishandles the magic comment feature. An attacker who controls a property of an untrusted object can obtain acce
Opscode-Opscode_Chef.cdx,CVE-2025-61780,NVD,MEDIUM,5.3,"Rack is a modular Ruby web server interface. Prior to versions 2.2.20, 3.1.18, and 3.2.3, a possible information disclosure vulnerability existed in `Rack::Sendfile` when running behind a proxy that s"
Opscode-Opscode_Chef.cdx,CVE-2026-25500,NVD,MEDIUM,5.4,"Rack is a modular Ruby web server interface. Prior to versions 2.2.22, 3.1.20, and 3.2.5, `Rack::Directory` generates an HTML directory index where each file entry is rendered as a clickable link. If "
Opscode-Opscode_Chef.cdx,CVE-2026-22860,NVD,HIGH,7.5,"Rack is a modular Ruby web server interface. Prior to versions 2.2.22, 3.1.20, and 3.2.5, `Rack::Directory`’s path check used a string prefix match on the expanded path. A request like `/../root_examp"
Opscode-Opscode_Chef.cdx,CVE-2025-61770,NVD,HIGH,7.5,"Rack is a modular Ruby web server interface. In versions prior to 2.2.19, 3.1.17, and 3.2.2, `Rack::Multipart::Parser` buffers the entire multipart preamble (bytes before the first boundary) in memory"
Opscode-Opscode_Chef.cdx,CVE-2025-61772,NVD,HIGH,7.5,"Rack is a modular Ruby web server interface. In versions prior to 2.2.19, 3.1.17, and 3.2.2, `Rack::Multipart::Parser` can accumulate unbounded data when a multipart part’s header block never terminat"
Opscode-Opscode_Chef.cdx,CVE-2025-61771,NVD,HIGH,7.5,"Rack is a modular Ruby web server interface. In versions prior to 2.2.19, 3.1.17, and 3.2.2, ``Rack::Multipart::Parser` stores non-file form fields (parts without a `filename`) entirely in memory as R"
Opscode-Opscode_Chef.cdx,CVE-2025-61919,NVD,HIGH,7.5,"Rack is a modular Ruby web server interface. Prior to versions 2.2.20, 3.1.18, and 3.2.3, `Rack::Request#POST` reads the entire request body into memory for `Content-Type: application/x-www-form-urlen"
Opscode-Opscode_Chef.cdx,CVE-2025-61594,NVD,LOW,7.5,"URI is a module providing classes to handle Uniform Resource Identifiers. In versions prior to 0.12.5, 0.13.3, and 1.0.4, a bypass exists for the fix to CVE-2025-27221 that can expose user credentials"
Oracle-Oracle_NetBeans.cdx,CVE-2019-17561,NVD,HIGH,7.5,"The ""Apache NetBeans"" autoupdate system does not fully validate code signatures. An attacker could modify the downloaded nbm and include additional code. ""Apache NetBeans"" versions up to and including"
Oracle-Oracle_NetBeans.cdx,CVE-2019-17560,NVD,CRITICAL,9.1,"The ""Apache NetBeans"" autoupdate system does not validate SSL certificates and hostnames for https based downloads. This allows an attacker to intercept downloads of autoupdates and modify the downloa"
Oracle-Oracle_NetBeans.cdx,CVE-2020-11986,NVD,CRITICAL,9.8,"To be able to analyze gradle projects, the build scripts need to be executed. Apache NetBeans follows this pattern. This causes the code of the build script to be invoked at load time of the project. "
Oracle-Oracle_NetBeans.cdx,CVE-2019-17561,NVD,HIGH,7.5,"The ""Apache NetBeans"" autoupdate system does not fully validate code signatures. An attacker could modify the downloaded nbm and include additional code. ""Apache NetBeans"" versions up to and including"
Oracle-Oracle_NetBeans.cdx,CVE-2019-17560,NVD,CRITICAL,9.1,"The ""Apache NetBeans"" autoupdate system does not validate SSL certificates and hostnames for https based downloads. This allows an attacker to intercept downloads of autoupdates and modify the downloa"
Oracle-Oracle_NetBeans.cdx,CVE-2020-11986,NVD,CRITICAL,9.8,"To be able to analyze gradle projects, the build scripts need to be executed. Apache NetBeans follows this pattern. This causes the code of the build script to be invoked at load time of the project. "
Oracle-Oracle_NetBeans.cdx,CVE-2019-17561,NVD,HIGH,7.5,"The ""Apache NetBeans"" autoupdate system does not fully validate code signatures. An attacker could modify the downloaded nbm and include additional code. ""Apache NetBeans"" versions up to and including"
Oracle-Oracle_NetBeans.cdx,CVE-2019-17560,NVD,CRITICAL,9.1,"The ""Apache NetBeans"" autoupdate system does not validate SSL certificates and hostnames for https based downloads. This allows an attacker to intercept downloads of autoupdates and modify the downloa"
Oracle-Oracle_NetBeans.cdx,CVE-2020-11986,NVD,CRITICAL,9.8,"To be able to analyze gradle projects, the build scripts need to be executed. Apache NetBeans follows this pattern. This causes the code of the build script to be invoked at load time of the project. "
Oracle-Oracle_NetBeans.cdx,CVE-2019-17561,NVD,HIGH,7.5,"The ""Apache NetBeans"" autoupdate system does not fully validate code signatures. An attacker could modify the downloaded nbm and include additional code. ""Apache NetBeans"" versions up to and including"
Oracle-Oracle_NetBeans.cdx,CVE-2019-17560,NVD,CRITICAL,9.1,"The ""Apache NetBeans"" autoupdate system does not validate SSL certificates and hostnames for https based downloads. This allows an attacker to intercept downloads of autoupdates and modify the downloa"
Oracle-Oracle_NetBeans.cdx,CVE-2020-11986,NVD,CRITICAL,9.8,"To be able to analyze gradle projects, the build scripts need to be executed. Apache NetBeans follows this pattern. This causes the code of the build script to be invoked at load time of the project. "
Oracle-Oracle_NetBeans.cdx,CVE-2019-17561,NVD,HIGH,7.5,"The ""Apache NetBeans"" autoupdate system does not fully validate code signatures. An attacker could modify the downloaded nbm and include additional code. ""Apache NetBeans"" versions up to and including"
Oracle-Oracle_NetBeans.cdx,CVE-2019-17560,NVD,CRITICAL,9.1,"The ""Apache NetBeans"" autoupdate system does not validate SSL certificates and hostnames for https based downloads. This allows an attacker to intercept downloads of autoupdates and modify the downloa"
Oracle-Oracle_NetBeans.cdx,CVE-2020-11986,NVD,CRITICAL,9.8,"To be able to analyze gradle projects, the build scripts need to be executed. Apache NetBeans follows this pattern. This causes the code of the build script to be invoked at load time of the project. "
Orient_Technologies-OrientDB.cdx,CVE-2025-66412,NVD,HIGH,5.4,"Angular is a development platform for building mobile and desktop web applications using TypeScript/JavaScript and other languages. Prior to 21.0.2, 20.3.15, and 19.2.17, A Stored Cross-Site Scripting"
Orient_Technologies-OrientDB.cdx,CVE-2026-27970,NVD,HIGH,6.1,"Angular is a development platform for building mobile and desktop web applications using TypeScript/JavaScript and other languages. Versions prior to 21.2.0, 21.1.16, 20.3.17, and 19.2.19 have a cross"
Orient_Technologies-OrientDB.cdx,CVE-2026-22610,NVD,HIGH,6.1,"Angular is a development platform for building mobile and desktop web applications using TypeScript/JavaScript and other languages. Prior to versions 19.2.18, 20.3.16, 21.0.7, and 21.1.0-rc.0, a cross"
Orient_Technologies-OrientDB.cdx,CVE-2021-29060,NVD,MEDIUM,5.3,A Regular Expression Denial of Service (ReDOS) vulnerability was discovered in Color-String version 1.5.5 and below which occurs when the application is provided and checks a crafted invalid HWB strin
Orient_Technologies-OrientDB.cdx,CVE-2020-28469,NVD,HIGH,7.5,This affects the package glob-parent before 5.1.2. The enclosure regex used to check for strings ending in enclosure containing path separator.
Orient_Technologies-OrientDB.cdx,CVE-2022-37620,NVD,HIGH,7.5,A Regular Expression Denial of Service (ReDoS) flaw was found in kangax html-minifier 4.0.0 because of the reCustomIgnore regular expression.
Orient_Technologies-OrientDB.cdx,CVE-2022-46175,NVD,HIGH,8.8,JSON5 is an extension to the popular JSON file format that aims to be easier to write and maintain by hand (e.g. for config files). The `parse` method of the JSON5 library before and including version
Orient_Technologies-OrientDB.cdx,CVE-2017-18214,NVD,HIGH,7.5,"The moment module before 2.19.3 for Node.js is prone to a regular expression denial of service via a crafted date string, a different vulnerability than CVE-2016-4055."
Orient_Technologies-OrientDB.cdx,CVE-2022-31129,NVD,HIGH,7.5,"moment is a JavaScript date library for parsing, validating, manipulating, and formatting dates. Affected versions of moment were found to use an inefficient parsing algorithm. Specifically using stri"
Orient_Technologies-OrientDB.cdx,CVE-2022-24785,NVD,HIGH,7.5,"Moment.js is a JavaScript date library for parsing, validating, manipulating, and formatting dates. A path traversal vulnerability impacts npm (server) users of Moment.js between versions 1.0.1 and 2."
Orient_Technologies-OrientDB.cdx,CVE-2021-23382,NVD,HIGH,7.5,The package postcss before 8.2.13 are vulnerable to Regular Expression Denial of Service (ReDoS) via getAnnotationURL() and loadAnnotation() in lib/previous-map.js. The vulnerable regexes are caused m
Orient_Technologies-OrientDB.cdx,CVE-2023-44270,NVD,MEDIUM,5.3,An issue was discovered in PostCSS before 8.4.31. The vulnerability affects linters using PostCSS to parse external untrusted CSS. An attacker can prepare CSS in such a way that it will contains parts
Orient_Technologies-OrientDB.cdx,CVE-2021-23382,NVD,HIGH,7.5,The package postcss before 8.2.13 are vulnerable to Regular Expression Denial of Service (ReDoS) via getAnnotationURL() and loadAnnotation() in lib/previous-map.js. The vulnerable regexes are caused m
Orient_Technologies-OrientDB.cdx,CVE-2023-44270,NVD,MEDIUM,5.3,An issue was discovered in PostCSS before 8.4.31. The vulnerability affects linters using PostCSS to parse external untrusted CSS. An attacker can prepare CSS in such a way that it will contains parts
Orient_Technologies-OrientDB.cdx,CVE-2019-10747,NVD,CRITICAL,9.8,set-value is vulnerable to Prototype Pollution in versions lower than 3.0.1. The function mixin-deep could be tricked into adding or modifying properties of Object.prototype using any of the construct
Orient_Technologies-OrientDB.cdx,CVE-2021-23440,NVD,CRITICAL,9.8,"This affects the package set-value before <2.0.1, >=3.0.0 <4.0.1. A type confusion vulnerability can lead to a bypass of CVE-2019-10747 when the user-provided keys used in the path parameter are array"
Orient_Technologies-OrientDB.cdx,CVE-2019-10747,NVD,CRITICAL,9.8,set-value is vulnerable to Prototype Pollution in versions lower than 3.0.1. The function mixin-deep could be tricked into adding or modifying properties of Object.prototype using any of the construct
Orient_Technologies-OrientDB.cdx,CVE-2021-23440,NVD,CRITICAL,9.8,"This affects the package set-value before <2.0.1, >=3.0.0 <4.0.1. A type confusion vulnerability can lead to a bypass of CVE-2019-10747 when the user-provided keys used in the path parameter are array"
Orient_Technologies-OrientDB.cdx,CVE-2017-16116,NVD,HIGH,7.5,The string module is a module that provides extra string operations. The string module is vulnerable to regular expression denial of service when specifically crafted untrusted user input is passed in
Orient_Technologies-OrientDB.cdx,CVE-2024-43788,NVD,MEDIUM,6.1,"Webpack is a module bundler. Its main purpose is to bundle JavaScript files for usage in a browser, yet it is also capable of transforming, bundling, or packaging just about any resource or asset. The"
Orient_Technologies-OrientDB.cdx,CVE-2020-7662,NVD,HIGH,7.5,websocket-extensions npm module prior to 0.1.4 allows Denial of Service (DoS) via Regex Backtracking. The extension parser may take quadratic time when parsing a header containing an unclosed string p
Orient_Technologies-OrientDB.cdx,CVE-2020-7608,NVD,MEDIUM,5.3,"yargs-parser could be tricked into adding or modifying properties of Object.prototype using a ""__proto__"" payload."
Phusion-Phusion_Passenger.cdx,CVE-2026-25500,NVD,MEDIUM,5.4,"Rack is a modular Ruby web server interface. Prior to versions 2.2.22, 3.1.20, and 3.2.5, `Rack::Directory` generates an HTML directory index where each file entry is rendered as a clickable link. If "
Phusion-Phusion_Passenger.cdx,CVE-2026-22860,NVD,HIGH,7.5,"Rack is a modular Ruby web server interface. Prior to versions 2.2.22, 3.1.20, and 3.2.5, `Rack::Directory`’s path check used a string prefix match on the expanded path. A request like `/../root_examp"
Piwik-Piwik.cdx,CVE-2021-3807,NVD,HIGH,7.5,ansi-regex is vulnerable to Inefficient Regular Expression Complexity
Piwik-Piwik.cdx,CVE-2026-25639,NVD,HIGH,7.5,"Axios is a promise based HTTP client for the browser and Node.js. Prior to versions 0.30.3 and 1.13.5, the mergeConfig function in axios crashes with a TypeError when processing configuration objects "
Piwik-Piwik.cdx,CVE-2022-1650,NVD,CRITICAL,9.3,Improper Removal of Sensitive Information Before Storage or Transfer in GitHub repository eventsource/eventsource prior to v2.0.2.
Piwik-Piwik.cdx,CVE-2025-13465,NVD,MEDIUM,5.3,Lodash versions 4.0.0 through 4.17.22 are vulnerable to prototype pollution in the _.unset and _.omit functions. An attacker can pass crafted paths which cause Lodash to delete methods from global pro
Piwik-Piwik.cdx,CVE-2013-0195,NVD,MEDIUM,6.1,Cross-site Scripting (XSS) in Piwik before 1.10.1 allows remote attackers to inject arbitrary web script or HTML via unspecified vectors. NOTE: This is a different vulnerability than CVE-2013-0193 and
Piwik-Piwik.cdx,CVE-2013-0194,NVD,MEDIUM,6.1,Cross-site Scripting (XSS) in Piwik before 1.10.1 allows remote attackers to inject arbitrary web script or HTML via unspecified vectors. NOTE: This is a different vulnerability than CVE-2013-0193 and
Piwik-Piwik.cdx,CVE-2013-0193,NVD,MEDIUM,6.1,Cross-site Scripting (XSS) in Piwik before 1.10.1 allows remote attackers to inject arbitrary web script or HTML via unspecified vectors. NOTE: This is a different vulnerability than CVE-2013-0194 and
Piwik-Piwik.cdx,CVE-2013-1844,NVD,MEDIUM,,Cross-site scripting (XSS) vulnerability in Piwik before 1.11 allows remote attackers to inject arbitrary web script or HTML via unspecified vectors.
Piwik-Piwik.cdx,CVE-2012-4541,NVD,MEDIUM,,Cross-site scripting (XSS) vulnerability in Piwik before 1.9 allows remote attackers to inject arbitrary web script or HTML via unspecified vectors.
Piwik-Piwik.cdx,CVE-2013-2633,NVD,MEDIUM,,"Piwik before 1.11 accepts input from a POST request instead of a GET request in unspecified circumstances, which might allow attackers to obtain sensitive information by leveraging the logging of para"
Piwik-Piwik.cdx,CVE-2015-7816,NVD,HIGH,,"The DisplayTopKeywords function in plugins/Referrers/Controller.php in Piwik before 2.15.0 allows remote attackers to conduct PHP object injection attacks, conduct Server-Side Request Forgery (SSRF) a"
Piwik-Piwik.cdx,CVE-2015-7815,NVD,HIGH,,Directory traversal vulnerability in core/ViewDataTable/Factory.php in Piwik before 2.15.0 allows remote attackers to include and execute arbitrary local files via the viewDataTable parameter.
Piwik-Piwik.cdx,CVE-2023-6923,NVD,MEDIUM,6.1,"The Matomo Analytics – Ethical Stats. Powerful Insights. plugin for WordPress is vulnerable to Reflected Cross-Site Scripting via the idsite parameter in all versions up to, and including, 4.15.3 due "
Piwik-Piwik.cdx,CVE-2026-26996,NVD,HIGH,7.5,minimatch is a minimal matching utility for converting glob expressions into JavaScript RegExp objects. Versions 10.2.0 and below are vulnerable to Regular Expression Denial of Service (ReDoS) when a 
Piwik-Piwik.cdx,CVE-2026-27904,NVD,HIGH,7.5,"minimatch is a minimal matching utility for converting glob expressions into JavaScript RegExp objects. Prior to version 10.2.3, 9.0.7, 8.0.6, 7.4.8, 6.2.2, 5.1.8, 4.2.5, and 3.1.4, nested `*()` extgl"
Piwik-Piwik.cdx,CVE-2026-27903,NVD,HIGH,7.5,"minimatch is a minimal matching utility for converting glob expressions into JavaScript RegExp objects. Prior to version 10.2.3, 9.0.7, 8.0.6, 7.4.8, 6.2.2, 5.1.8, 4.2.5, and 3.1.3, `matchOne()` perfo"
Piwik-Piwik.cdx,CVE-2026-26996,NVD,HIGH,7.5,minimatch is a minimal matching utility for converting glob expressions into JavaScript RegExp objects. Versions 10.2.0 and below are vulnerable to Regular Expression Denial of Service (ReDoS) when a 
Piwik-Piwik.cdx,CVE-2026-27904,NVD,HIGH,7.5,"minimatch is a minimal matching utility for converting glob expressions into JavaScript RegExp objects. Prior to version 10.2.3, 9.0.7, 8.0.6, 7.4.8, 6.2.2, 5.1.8, 4.2.5, and 3.1.4, nested `*()` extgl"
Piwik-Piwik.cdx,CVE-2022-3517,NVD,HIGH,7.5,"A vulnerability was found in the minimatch package. This flaw allows a Regular Expression Denial of Service (ReDoS) when calling the braceExpand function with specific arguments, resulting in a Denial"
Piwik-Piwik.cdx,CVE-2026-27903,NVD,HIGH,7.5,"minimatch is a minimal matching utility for converting glob expressions into JavaScript RegExp objects. Prior to version 10.2.3, 9.0.7, 8.0.6, 7.4.8, 6.2.2, 5.1.8, 4.2.5, and 3.1.3, `matchOne()` perfo"
Piwik-Piwik.cdx,CVE-2026-26996,NVD,HIGH,7.5,minimatch is a minimal matching utility for converting glob expressions into JavaScript RegExp objects. Versions 10.2.0 and below are vulnerable to Regular Expression Denial of Service (ReDoS) when a 
Piwik-Piwik.cdx,CVE-2026-27904,NVD,HIGH,7.5,"minimatch is a minimal matching utility for converting glob expressions into JavaScript RegExp objects. Prior to version 10.2.3, 9.0.7, 8.0.6, 7.4.8, 6.2.2, 5.1.8, 4.2.5, and 3.1.4, nested `*()` extgl"
Piwik-Piwik.cdx,CVE-2022-3517,NVD,HIGH,7.5,"A vulnerability was found in the minimatch package. This flaw allows a Regular Expression Denial of Service (ReDoS) when calling the braceExpand function with specific arguments, resulting in a Denial"
Piwik-Piwik.cdx,CVE-2026-27903,NVD,HIGH,7.5,"minimatch is a minimal matching utility for converting glob expressions into JavaScript RegExp objects. Prior to version 10.2.3, 9.0.7, 8.0.6, 7.4.8, 6.2.2, 5.1.8, 4.2.5, and 3.1.3, `matchOne()` perfo"
Piwik-Piwik.cdx,CVE-2026-26996,NVD,HIGH,7.5,minimatch is a minimal matching utility for converting glob expressions into JavaScript RegExp objects. Versions 10.2.0 and below are vulnerable to Regular Expression Denial of Service (ReDoS) when a 
Piwik-Piwik.cdx,CVE-2026-27904,NVD,HIGH,7.5,"minimatch is a minimal matching utility for converting glob expressions into JavaScript RegExp objects. Prior to version 10.2.3, 9.0.7, 8.0.6, 7.4.8, 6.2.2, 5.1.8, 4.2.5, and 3.1.4, nested `*()` extgl"
Piwik-Piwik.cdx,CVE-2026-27903,NVD,HIGH,7.5,"minimatch is a minimal matching utility for converting glob expressions into JavaScript RegExp objects. Prior to version 10.2.3, 9.0.7, 8.0.6, 7.4.8, 6.2.2, 5.1.8, 4.2.5, and 3.1.3, `matchOne()` perfo"
Piwik-Piwik.cdx,CVE-2021-23566,NVD,MEDIUM,5.5,The package nanoid from 3.0.0 and before 3.1.31 are vulnerable to Information Exposure via the valueOf() function which allows to reproduce the last id generated.
Piwik-Piwik.cdx,CVE-2022-0235,NVD,MEDIUM,6.1,node-fetch is vulnerable to Exposure of Sensitive Information to an Unauthorized Actor
Piwik-Piwik.cdx,CVE-2025-15284,NVD,MEDIUM,3.7,"Improper Input Validation vulnerability in qs (parse modules) allows HTTP DoS.This issue affects qs: < 6.14.1.


Summary

The arrayLimit option in qs did not enforce limits for bracket notation (a[]=1"
Piwik-Piwik.cdx,CVE-2022-24999,NVD,HIGH,7.5,"qs before 6.10.3, as used in Express before 4.17.3 and other products, allows attackers to cause a Node process hang for an Express application because an __ proto__ key can be used. In many typical E"
Piwik-Piwik.cdx,CVE-2017-1000048,NVD,HIGH,7.5,"the web framework using ljharb's qs module older than v6.3.2, v6.2.3, v6.1.2, and v6.0.4 is vulnerable to a DoS. A malicious user can send a evil request to cause the web framework crash."
Piwik-Piwik.cdx,CVE-2025-15284,NVD,MEDIUM,3.7,"Improper Input Validation vulnerability in qs (parse modules) allows HTTP DoS.This issue affects qs: < 6.14.1.


Summary

The arrayLimit option in qs did not enforce limits for bracket notation (a[]=1"
Piwik-Piwik.cdx,CVE-2022-24999,NVD,HIGH,7.5,"qs before 6.10.3, as used in Express before 4.17.3 and other products, allows attackers to cause a Node process hang for an Express application because an __ proto__ key can be used. In many typical E"
Piwik-Piwik.cdx,CVE-2022-25858,NVD,HIGH,7.5,"The package terser before 4.8.1, from 5.0.0 and before 5.14.2 are vulnerable to Regular Expression Denial of Service (ReDoS) due to insecure usage of regular expressions."
Piwik-Piwik.cdx,CVE-2023-26136,NVD,CRITICAL,9.8,Versions of the package tough-cookie before 4.1.3 are vulnerable to Prototype Pollution due to improper handling of Cookies when using CookieJar in rejectPublicSuffixes=false mode. This issue arises f
Piwik-Piwik.cdx,CVE-2025-68157,NVD,LOW,3.7,"Webpack is a module bundler. From version 5.49.0 to before 5.104.0, when experiments.buildHttp is enabled, webpack’s HTTP(S) resolver (HttpUriPlugin) enforces allowedUris only for the initial URL, but"
Piwik-Piwik.cdx,CVE-2025-68458,NVD,LOW,3.7,"Webpack is a module bundler. From version 5.49.0 to before 5.104.1, when experiments.buildHttp is enabled, webpack’s HTTP(S) resolver (HttpUriPlugin) can be bypassed to fetch resources from hosts outs"
Piwik-Piwik.cdx,CVE-2024-43788,NVD,MEDIUM,6.1,"Webpack is a module bundler. Its main purpose is to bundle JavaScript files for usage in a browser, yet it is also capable of transforming, bundling, or packaging just about any resource or asset. The"
Piwik-Piwik.cdx,CVE-2023-28154,NVD,CRITICAL,9.8,Webpack 5 before 5.76.0 does not avoid cross-realm object access. ImportParserPlugin.js mishandles the magic comment feature. An attacker who controls a property of an untrusted object can obtain acce
Potix_Corporation-ZK.cdx,CVE-2026-26996,NVD,HIGH,7.5,minimatch is a minimal matching utility for converting glob expressions into JavaScript RegExp objects. Versions 10.2.0 and below are vulnerable to Regular Expression Denial of Service (ReDoS) when a 
Potix_Corporation-ZK.cdx,CVE-2026-27904,NVD,HIGH,7.5,"minimatch is a minimal matching utility for converting glob expressions into JavaScript RegExp objects. Prior to version 10.2.3, 9.0.7, 8.0.6, 7.4.8, 6.2.2, 5.1.8, 4.2.5, and 3.1.4, nested `*()` extgl"
Potix_Corporation-ZK.cdx,CVE-2026-27903,NVD,HIGH,7.5,"minimatch is a minimal matching utility for converting glob expressions into JavaScript RegExp objects. Prior to version 10.2.3, 9.0.7, 8.0.6, 7.4.8, 6.2.2, 5.1.8, 4.2.5, and 3.1.3, `matchOne()` perfo"
PowerDNS-DNS_Server.cdx,CVE-2026-26007,NVD,HIGH,6.5,"cryptography is a package designed to expose cryptographic primitives and recipes to Python developers. Prior to 46.0.5, the public_key_from_numbers (or EllipticCurvePublicNumbers.public_key()), Ellip"
PowerDNS-DNS_Server.cdx,CVE-2024-27308,NVD,CRITICAL,9.1,"Mio is a Metal I/O library for Rust. When using named pipes on Windows, mio will under some circumstances return invalid tokens that correspond to named pipes that have already been deregistered from "
PrestaShop-Commerce_Software.cdx,CVE-2024-45590,NVD,HIGH,7.5,body-parser is Node.js body parsing middleware. body-parser <1.20.3 is vulnerable to denial of service when url encoding is enabled. A malicious actor using a specially crafted payload could flood the
PrestaShop-Commerce_Software.cdx,CVE-2024-43796,NVD,MEDIUM,4.7,"Express.js minimalist web framework for node. In express < 4.20.0, passing untrusted user input - even after sanitizing it - to response.redirect() may execute untrusted code. This issue is patched in"
PrestaShop-Commerce_Software.cdx,CVE-2024-29041,NVD,MEDIUM,6.1,Express.js minimalist web framework for node. Versions of Express.js prior to 4.19.0 and all pre-release alpha and beta versions of 5.0 are affected by an open redirect vulnerability using malformed U
PrestaShop-Commerce_Software.cdx,CVE-2022-37620,NVD,HIGH,7.5,A Regular Expression Denial of Service (ReDoS) flaw was found in kangax html-minifier 4.0.0 because of the reCustomIgnore regular expression.
PrestaShop-Commerce_Software.cdx,CVE-2015-9251,NVD,MEDIUM,6.1,"jQuery before 3.0.0 is vulnerable to Cross-site Scripting (XSS) attacks when a cross-domain Ajax request is performed without the dataType option, causing text/javascript responses to be executed."
PrestaShop-Commerce_Software.cdx,CVE-2019-11358,NVD,MEDIUM,6.1,"jQuery before 3.4.0, as used in Drupal, Backdrop CMS, and other products, mishandles jQuery.extend(true, {}, ...) because of Object.prototype pollution. If an unsanitized source object contained an en"
PrestaShop-Commerce_Software.cdx,CVE-2020-11023,NVD,MEDIUM,6.1,"In jQuery versions greater than or equal to 1.0.3 and before 3.5.0, passing HTML containing <option> elements from untrusted sources - even after sanitizing it - to one of jQuery's DOM manipulation me"
PrestaShop-Commerce_Software.cdx,CVE-2020-11022,NVD,MEDIUM,6.1,"In jQuery versions greater than or equal to 1.2 and before 3.5.0, passing HTML from untrusted sources - even after sanitizing it - to one of jQuery's DOM manipulation methods (i.e. .html(), .append(),"
PrestaShop-Commerce_Software.cdx,CVE-2025-13465,NVD,MEDIUM,5.3,Lodash versions 4.0.0 through 4.17.22 are vulnerable to prototype pollution in the _.unset and _.omit functions. An attacker can pass crafted paths which cause Lodash to delete methods from global pro
PrestaShop-Commerce_Software.cdx,CVE-2026-26996,NVD,HIGH,7.5,minimatch is a minimal matching utility for converting glob expressions into JavaScript RegExp objects. Versions 10.2.0 and below are vulnerable to Regular Expression Denial of Service (ReDoS) when a 
PrestaShop-Commerce_Software.cdx,CVE-2026-27904,NVD,HIGH,7.5,"minimatch is a minimal matching utility for converting glob expressions into JavaScript RegExp objects. Prior to version 10.2.3, 9.0.7, 8.0.6, 7.4.8, 6.2.2, 5.1.8, 4.2.5, and 3.1.4, nested `*()` extgl"
PrestaShop-Commerce_Software.cdx,CVE-2026-27903,NVD,HIGH,7.5,"minimatch is a minimal matching utility for converting glob expressions into JavaScript RegExp objects. Prior to version 10.2.3, 9.0.7, 8.0.6, 7.4.8, 6.2.2, 5.1.8, 4.2.5, and 3.1.3, `matchOne()` perfo"
PrestaShop-Commerce_Software.cdx,CVE-2026-26996,NVD,HIGH,7.5,minimatch is a minimal matching utility for converting glob expressions into JavaScript RegExp objects. Versions 10.2.0 and below are vulnerable to Regular Expression Denial of Service (ReDoS) when a 
PrestaShop-Commerce_Software.cdx,CVE-2026-27904,NVD,HIGH,7.5,"minimatch is a minimal matching utility for converting glob expressions into JavaScript RegExp objects. Prior to version 10.2.3, 9.0.7, 8.0.6, 7.4.8, 6.2.2, 5.1.8, 4.2.5, and 3.1.4, nested `*()` extgl"
PrestaShop-Commerce_Software.cdx,CVE-2026-27903,NVD,HIGH,7.5,"minimatch is a minimal matching utility for converting glob expressions into JavaScript RegExp objects. Prior to version 10.2.3, 9.0.7, 8.0.6, 7.4.8, 6.2.2, 5.1.8, 4.2.5, and 3.1.3, `matchOne()` perfo"
PrestaShop-Commerce_Software.cdx,CVE-2025-14874,NVD,HIGH,7.5,A flaw was found in Nodemailer. This vulnerability allows a denial of service (DoS) via a crafted email address header that triggers infinite recursion in the address parser.
PrestaShop-Commerce_Software.cdx,CVE-2025-14874,NVD,HIGH,7.5,A flaw was found in Nodemailer. This vulnerability allows a denial of service (DoS) via a crafted email address header that triggers infinite recursion in the address parser.
PrestaShop-Commerce_Software.cdx,CVE-2025-15284,NVD,MEDIUM,3.7,"Improper Input Validation vulnerability in qs (parse modules) allows HTTP DoS.This issue affects qs: < 6.14.1.


Summary

The arrayLimit option in qs did not enforce limits for bracket notation (a[]=1"
PrestaShop-Commerce_Software.cdx,CVE-2026-2391,NVD,MEDIUM,7.5,"### Summary
The `arrayLimit` option in qs does not enforce limits for comma-separated values when `comma: true` is enabled, allowing attackers to cause denial-of-service via memory exhaustion. This is"
PrestaShop-Commerce_Software.cdx,CVE-2022-25883,NVD,HIGH,7.5,"Versions of the package semver before 7.5.2 are vulnerable to Regular Expression Denial of Service (ReDoS) via the function new Range, when untrusted user data is provided as a range."
PrestaShop-Commerce_Software.cdx,CVE-2024-43799,NVD,MEDIUM,4.7,Send is a library for streaming files from the file system as a http response. Send passes untrusted user input to SendStream.redirect() which executes untrusted code. This issue is patched in send 0.
PrestaShop-Commerce_Software.cdx,CVE-2023-26136,NVD,CRITICAL,9.8,Versions of the package tough-cookie before 4.1.3 are vulnerable to Prototype Pollution due to improper handling of Cookies when using CookieJar in rejectPublicSuffixes=false mode. This issue arises f
PrestaShop-Commerce_Software.cdx,CVE-2025-12758,NVD,HIGH,7.5,Versions of the package validator before 13.15.22 are vulnerable to Incomplete Filtering of One or More Instances of Special Elements in the isLength() function that does not take into account Unicode
PrestaShop-Commerce_Software.cdx,CVE-2025-68157,NVD,LOW,3.7,"Webpack is a module bundler. From version 5.49.0 to before 5.104.0, when experiments.buildHttp is enabled, webpack’s HTTP(S) resolver (HttpUriPlugin) enforces allowedUris only for the initial URL, but"
PrestaShop-Commerce_Software.cdx,CVE-2025-68458,NVD,LOW,3.7,"Webpack is a module bundler. From version 5.49.0 to before 5.104.1, when experiments.buildHttp is enabled, webpack’s HTTP(S) resolver (HttpUriPlugin) can be bypassed to fetch resources from hosts outs"
PrestaShop-Commerce_Software.cdx,CVE-2023-26115,NVD,HIGH,7.5,All versions of the package word-wrap are vulnerable to Regular Expression Denial of Service (ReDoS) due to the usage of an insecure regular expression within the result variable.
Python-Jython.cdx,CVE-2023-50572,NVD,MEDIUM,5.5,An issue in the component GroovyEngine.execute of jline-groovy v3.24.1 allows attackers to cause an OOM (OutofMemory) error.
Quill-Quill.cdx,CVE-2026-26996,NVD,HIGH,7.5,minimatch is a minimal matching utility for converting glob expressions into JavaScript RegExp objects. Versions 10.2.0 and below are vulnerable to Regular Expression Denial of Service (ReDoS) when a 
Quill-Quill.cdx,CVE-2026-27904,NVD,HIGH,7.5,"minimatch is a minimal matching utility for converting glob expressions into JavaScript RegExp objects. Prior to version 10.2.3, 9.0.7, 8.0.6, 7.4.8, 6.2.2, 5.1.8, 4.2.5, and 3.1.4, nested `*()` extgl"
Quill-Quill.cdx,CVE-2026-27903,NVD,HIGH,7.5,"minimatch is a minimal matching utility for converting glob expressions into JavaScript RegExp objects. Prior to version 10.2.3, 9.0.7, 8.0.6, 7.4.8, 6.2.2, 5.1.8, 4.2.5, and 3.1.3, `matchOne()` perfo"
Quill-Quill.cdx,CVE-2026-26996,NVD,HIGH,7.5,minimatch is a minimal matching utility for converting glob expressions into JavaScript RegExp objects. Versions 10.2.0 and below are vulnerable to Regular Expression Denial of Service (ReDoS) when a 
Quill-Quill.cdx,CVE-2026-27904,NVD,HIGH,7.5,"minimatch is a minimal matching utility for converting glob expressions into JavaScript RegExp objects. Prior to version 10.2.3, 9.0.7, 8.0.6, 7.4.8, 6.2.2, 5.1.8, 4.2.5, and 3.1.4, nested `*()` extgl"
Quill-Quill.cdx,CVE-2026-27903,NVD,HIGH,7.5,"minimatch is a minimal matching utility for converting glob expressions into JavaScript RegExp objects. Prior to version 10.2.3, 9.0.7, 8.0.6, 7.4.8, 6.2.2, 5.1.8, 4.2.5, and 3.1.3, `matchOne()` perfo"
Quill-Quill.cdx,CVE-2026-29074,NVD,HIGH,7.5,"SVGO, short for SVG Optimizer, is a Node.js library and command-line application for optimizing SVG files. From version 2.1.0 to before version 2.8.1, from version 3.0.0 to before version 3.3.3, and b"
Quill-Quill.cdx,CVE-2025-68157,NVD,LOW,3.7,"Webpack is a module bundler. From version 5.49.0 to before 5.104.0, when experiments.buildHttp is enabled, webpack’s HTTP(S) resolver (HttpUriPlugin) enforces allowedUris only for the initial URL, but"
Quill-Quill.cdx,CVE-2025-68458,NVD,LOW,3.7,"Webpack is a module bundler. From version 5.49.0 to before 5.104.1, when experiments.buildHttp is enabled, webpack’s HTTP(S) resolver (HttpUriPlugin) can be bypassed to fetch resources from hosts outs"
Quill-Quill.cdx,CVE-2024-43788,NVD,MEDIUM,6.1,"Webpack is a module bundler. Its main purpose is to bundle JavaScript files for usage in a browser, yet it is also capable of transforming, bundling, or packaging just about any resource or asset. The"
