project,component,version,group,purl
Alluxio_Inc_-Alluxio.cdx,/Users/dmk6603/Documents/cloned_repos_oss_swdb/Alluxio_Inc_-Alluxio/.github/workflows/checkstyle.yml,,,
Alluxio_Inc_-Alluxio.cdx,/Users/dmk6603/Documents/cloned_repos_oss_swdb/Alluxio_Inc_-Alluxio/.github/workflows/fuse_integration_tests.yml,,,
Alluxio_Inc_-Alluxio.cdx,/Users/dmk6603/Documents/cloned_repos_oss_swdb/Alluxio_Inc_-Alluxio/.github/workflows/java8_integration_tests.yml,,,
Alluxio_Inc_-Alluxio.cdx,/Users/dmk6603/Documents/cloned_repos_oss_swdb/Alluxio_Inc_-Alluxio/.github/workflows/java8_integration_tests_ft.yml,,,
Alluxio_Inc_-Alluxio.cdx,/Users/dmk6603/Documents/cloned_repos_oss_swdb/Alluxio_Inc_-Alluxio/.github/workflows/java8_integration_tests_webui.yml,,,
Alluxio_Inc_-Alluxio.cdx,/Users/dmk6603/Documents/cloned_repos_oss_swdb/Alluxio_Inc_-Alluxio/.github/workflows/java8_unit_tests.yml,,,
Alluxio_Inc_-Alluxio.cdx,/Users/dmk6603/Documents/cloned_repos_oss_swdb/Alluxio_Inc_-Alluxio/.github/workflows/stale.yaml,,,
Alluxio_Inc_-Alluxio.cdx,/Users/dmk6603/Documents/cloned_repos_oss_swdb/Alluxio_Inc_-Alluxio/assembly/client/pom.xml,,,
Alluxio_Inc_-Alluxio.cdx,/Users/dmk6603/Documents/cloned_repos_oss_swdb/Alluxio_Inc_-Alluxio/assembly/pom.xml,,,
Alluxio_Inc_-Alluxio.cdx,/Users/dmk6603/Documents/cloned_repos_oss_swdb/Alluxio_Inc_-Alluxio/assembly/server/pom.xml,,,
Alluxio_Inc_-Alluxio.cdx,/Users/dmk6603/Documents/cloned_repos_oss_swdb/Alluxio_Inc_-Alluxio/core/client/fs/pom.xml,,,
Alluxio_Inc_-Alluxio.cdx,/Users/dmk6603/Documents/cloned_repos_oss_swdb/Alluxio_Inc_-Alluxio/core/client/hdfs/pom.xml,,,
Alluxio_Inc_-Alluxio.cdx,/Users/dmk6603/Documents/cloned_repos_oss_swdb/Alluxio_Inc_-Alluxio/core/client/hdfs3/pom.xml,,,
Alluxio_Inc_-Alluxio.cdx,/Users/dmk6603/Documents/cloned_repos_oss_swdb/Alluxio_Inc_-Alluxio/core/client/pom.xml,,,
Alluxio_Inc_-Alluxio.cdx,/Users/dmk6603/Documents/cloned_repos_oss_swdb/Alluxio_Inc_-Alluxio/core/common/pom.xml,,,
Alluxio_Inc_-Alluxio.cdx,/Users/dmk6603/Documents/cloned_repos_oss_swdb/Alluxio_Inc_-Alluxio/core/pom.xml,,,
Alluxio_Inc_-Alluxio.cdx,/Users/dmk6603/Documents/cloned_repos_oss_swdb/Alluxio_Inc_-Alluxio/core/server/common/pom.xml,,,
Alluxio_Inc_-Alluxio.cdx,/Users/dmk6603/Documents/cloned_repos_oss_swdb/Alluxio_Inc_-Alluxio/core/server/master/pom.xml,,,
Alluxio_Inc_-Alluxio.cdx,/Users/dmk6603/Documents/cloned_repos_oss_swdb/Alluxio_Inc_-Alluxio/core/server/pom.xml,,,
Alluxio_Inc_-Alluxio.cdx,/Users/dmk6603/Documents/cloned_repos_oss_swdb/Alluxio_Inc_-Alluxio/core/server/proxy/pom.xml,,,
Alluxio_Inc_-Alluxio.cdx,/Users/dmk6603/Documents/cloned_repos_oss_swdb/Alluxio_Inc_-Alluxio/core/server/worker/pom.xml,,,
Alluxio_Inc_-Alluxio.cdx,/Users/dmk6603/Documents/cloned_repos_oss_swdb/Alluxio_Inc_-Alluxio/core/transport/pom.xml,,,
Alluxio_Inc_-Alluxio.cdx,/Users/dmk6603/Documents/cloned_repos_oss_swdb/Alluxio_Inc_-Alluxio/dev/scripts/src/alluxio.org/go.mod,,,
Alluxio_Inc_-Alluxio.cdx,/Users/dmk6603/Documents/cloned_repos_oss_swdb/Alluxio_Inc_-Alluxio/examples/pom.xml,,,
Alluxio_Inc_-Alluxio.cdx,/Users/dmk6603/Documents/cloned_repos_oss_swdb/Alluxio_Inc_-Alluxio/integration/docker/csi/go.mod,,,
Alluxio_Inc_-Alluxio.cdx,/Users/dmk6603/Documents/cloned_repos_oss_swdb/Alluxio_Inc_-Alluxio/integration/fuse/pom.xml,,,
Alluxio_Inc_-Alluxio.cdx,/Users/dmk6603/Documents/cloned_repos_oss_swdb/Alluxio_Inc_-Alluxio/integration/jnifuse/fs/pom.xml,,,
Alluxio_Inc_-Alluxio.cdx,/Users/dmk6603/Documents/cloned_repos_oss_swdb/Alluxio_Inc_-Alluxio/integration/jnifuse/native/pom.xml,,,
Alluxio_Inc_-Alluxio.cdx,/Users/dmk6603/Documents/cloned_repos_oss_swdb/Alluxio_Inc_-Alluxio/integration/jnifuse/pom.xml,,,
Alluxio_Inc_-Alluxio.cdx,/Users/dmk6603/Documents/cloned_repos_oss_swdb/Alluxio_Inc_-Alluxio/integration/kubernetes/operator/alluxio/go.mod,,,
Alluxio_Inc_-Alluxio.cdx,/Users/dmk6603/Documents/cloned_repos_oss_swdb/Alluxio_Inc_-Alluxio/integration/kubernetes/operator/presto/bin/controller-gen,,,
Alluxio_Inc_-Alluxio.cdx,/Users/dmk6603/Documents/cloned_repos_oss_swdb/Alluxio_Inc_-Alluxio/integration/kubernetes/operator/presto/bin/kustomize,,,
Alluxio_Inc_-Alluxio.cdx,/Users/dmk6603/Documents/cloned_repos_oss_swdb/Alluxio_Inc_-Alluxio/integration/pom.xml,,,
Alluxio_Inc_-Alluxio.cdx,/Users/dmk6603/Documents/cloned_repos_oss_swdb/Alluxio_Inc_-Alluxio/integration/tools/hms/pom.xml,,,
Alluxio_Inc_-Alluxio.cdx,/Users/dmk6603/Documents/cloned_repos_oss_swdb/Alluxio_Inc_-Alluxio/integration/tools/pom.xml,,,
Alluxio_Inc_-Alluxio.cdx,/Users/dmk6603/Documents/cloned_repos_oss_swdb/Alluxio_Inc_-Alluxio/integration/tools/validation/pom.xml,,,
Alluxio_Inc_-Alluxio.cdx,/Users/dmk6603/Documents/cloned_repos_oss_swdb/Alluxio_Inc_-Alluxio/job/client/pom.xml,,,
Alluxio_Inc_-Alluxio.cdx,/Users/dmk6603/Documents/cloned_repos_oss_swdb/Alluxio_Inc_-Alluxio/job/common/pom.xml,,,
Alluxio_Inc_-Alluxio.cdx,/Users/dmk6603/Documents/cloned_repos_oss_swdb/Alluxio_Inc_-Alluxio/job/pom.xml,,,
Alluxio_Inc_-Alluxio.cdx,/Users/dmk6603/Documents/cloned_repos_oss_swdb/Alluxio_Inc_-Alluxio/job/server/pom.xml,,,
Alluxio_Inc_-Alluxio.cdx,/Users/dmk6603/Documents/cloned_repos_oss_swdb/Alluxio_Inc_-Alluxio/logserver/pom.xml,,,
Alluxio_Inc_-Alluxio.cdx,/Users/dmk6603/Documents/cloned_repos_oss_swdb/Alluxio_Inc_-Alluxio/microbench/pom.xml,,,
Alluxio_Inc_-Alluxio.cdx,/Users/dmk6603/Documents/cloned_repos_oss_swdb/Alluxio_Inc_-Alluxio/minicluster/pom.xml,,,
Alluxio_Inc_-Alluxio.cdx,/Users/dmk6603/Documents/cloned_repos_oss_swdb/Alluxio_Inc_-Alluxio/pom.xml,,,
Alluxio_Inc_-Alluxio.cdx,/Users/dmk6603/Documents/cloned_repos_oss_swdb/Alluxio_Inc_-Alluxio/shaded/client-hadoop3/pom.xml,,,
Alluxio_Inc_-Alluxio.cdx,/Users/dmk6603/Documents/cloned_repos_oss_swdb/Alluxio_Inc_-Alluxio/shaded/client/pom.xml,,,
Alluxio_Inc_-Alluxio.cdx,/Users/dmk6603/Documents/cloned_repos_oss_swdb/Alluxio_Inc_-Alluxio/shaded/hadoop/pom.xml,,,
Alluxio_Inc_-Alluxio.cdx,/Users/dmk6603/Documents/cloned_repos_oss_swdb/Alluxio_Inc_-Alluxio/shaded/pom.xml,,,
Alluxio_Inc_-Alluxio.cdx,/Users/dmk6603/Documents/cloned_repos_oss_swdb/Alluxio_Inc_-Alluxio/shell/pom.xml,,,
Alluxio_Inc_-Alluxio.cdx,/Users/dmk6603/Documents/cloned_repos_oss_swdb/Alluxio_Inc_-Alluxio/stress/common/pom.xml,,,
Alluxio_Inc_-Alluxio.cdx,/Users/dmk6603/Documents/cloned_repos_oss_swdb/Alluxio_Inc_-Alluxio/stress/pom.xml,,,
Alluxio_Inc_-Alluxio.cdx,/Users/dmk6603/Documents/cloned_repos_oss_swdb/Alluxio_Inc_-Alluxio/stress/shell/pom.xml,,,
Alluxio_Inc_-Alluxio.cdx,/Users/dmk6603/Documents/cloned_repos_oss_swdb/Alluxio_Inc_-Alluxio/table/base/pom.xml,,,
Alluxio_Inc_-Alluxio.cdx,/Users/dmk6603/Documents/cloned_repos_oss_swdb/Alluxio_Inc_-Alluxio/table/client/pom.xml,,,
Alluxio_Inc_-Alluxio.cdx,/Users/dmk6603/Documents/cloned_repos_oss_swdb/Alluxio_Inc_-Alluxio/table/pom.xml,,,
Alluxio_Inc_-Alluxio.cdx,/Users/dmk6603/Documents/cloned_repos_oss_swdb/Alluxio_Inc_-Alluxio/table/server/common/pom.xml,,,
Alluxio_Inc_-Alluxio.cdx,/Users/dmk6603/Documents/cloned_repos_oss_swdb/Alluxio_Inc_-Alluxio/table/server/master/pom.xml,,,
Alluxio_Inc_-Alluxio.cdx,/Users/dmk6603/Documents/cloned_repos_oss_swdb/Alluxio_Inc_-Alluxio/table/server/pom.xml,,,
Alluxio_Inc_-Alluxio.cdx,/Users/dmk6603/Documents/cloned_repos_oss_swdb/Alluxio_Inc_-Alluxio/table/server/underdb/glue/pom.xml,,,
Alluxio_Inc_-Alluxio.cdx,/Users/dmk6603/Documents/cloned_repos_oss_swdb/Alluxio_Inc_-Alluxio/table/server/underdb/hive/pom.xml,,,
Alluxio_Inc_-Alluxio.cdx,/Users/dmk6603/Documents/cloned_repos_oss_swdb/Alluxio_Inc_-Alluxio/table/server/underdb/pom.xml,,,
Alluxio_Inc_-Alluxio.cdx,/Users/dmk6603/Documents/cloned_repos_oss_swdb/Alluxio_Inc_-Alluxio/table/shell/pom.xml,,,
Alluxio_Inc_-Alluxio.cdx,/Users/dmk6603/Documents/cloned_repos_oss_swdb/Alluxio_Inc_-Alluxio/tests/pom.xml,,,
Alluxio_Inc_-Alluxio.cdx,/Users/dmk6603/Documents/cloned_repos_oss_swdb/Alluxio_Inc_-Alluxio/underfs/abfs/pom.xml,,,
Alluxio_Inc_-Alluxio.cdx,/Users/dmk6603/Documents/cloned_repos_oss_swdb/Alluxio_Inc_-Alluxio/underfs/adl/pom.xml,,,
Alluxio_Inc_-Alluxio.cdx,/Users/dmk6603/Documents/cloned_repos_oss_swdb/Alluxio_Inc_-Alluxio/underfs/cephfs-hadoop/pom.xml,,,
Alluxio_Inc_-Alluxio.cdx,/Users/dmk6603/Documents/cloned_repos_oss_swdb/Alluxio_Inc_-Alluxio/underfs/cephfs/pom.xml,,,
Alluxio_Inc_-Alluxio.cdx,/Users/dmk6603/Documents/cloned_repos_oss_swdb/Alluxio_Inc_-Alluxio/underfs/cos/pom.xml,,,
Alluxio_Inc_-Alluxio.cdx,/Users/dmk6603/Documents/cloned_repos_oss_swdb/Alluxio_Inc_-Alluxio/underfs/cosn/pom.xml,,,
Alluxio_Inc_-Alluxio.cdx,/Users/dmk6603/Documents/cloned_repos_oss_swdb/Alluxio_Inc_-Alluxio/underfs/gcs/pom.xml,,,
Alluxio_Inc_-Alluxio.cdx,/Users/dmk6603/Documents/cloned_repos_oss_swdb/Alluxio_Inc_-Alluxio/underfs/hdfs/pom.xml,,,
Alluxio_Inc_-Alluxio.cdx,/Users/dmk6603/Documents/cloned_repos_oss_swdb/Alluxio_Inc_-Alluxio/underfs/kodo/pom.xml,,,
Alluxio_Inc_-Alluxio.cdx,/Users/dmk6603/Documents/cloned_repos_oss_swdb/Alluxio_Inc_-Alluxio/underfs/local/pom.xml,,,
Alluxio_Inc_-Alluxio.cdx,/Users/dmk6603/Documents/cloned_repos_oss_swdb/Alluxio_Inc_-Alluxio/underfs/obs/pom.xml,,,
Alluxio_Inc_-Alluxio.cdx,/Users/dmk6603/Documents/cloned_repos_oss_swdb/Alluxio_Inc_-Alluxio/underfs/oss/pom.xml,,,
Alluxio_Inc_-Alluxio.cdx,/Users/dmk6603/Documents/cloned_repos_oss_swdb/Alluxio_Inc_-Alluxio/underfs/ozone/pom.xml,,,
Alluxio_Inc_-Alluxio.cdx,/Users/dmk6603/Documents/cloned_repos_oss_swdb/Alluxio_Inc_-Alluxio/underfs/pom.xml,,,
Alluxio_Inc_-Alluxio.cdx,/Users/dmk6603/Documents/cloned_repos_oss_swdb/Alluxio_Inc_-Alluxio/underfs/s3a/pom.xml,,,
Alluxio_Inc_-Alluxio.cdx,/Users/dmk6603/Documents/cloned_repos_oss_swdb/Alluxio_Inc_-Alluxio/underfs/swift/pom.xml,,,
Alluxio_Inc_-Alluxio.cdx,/Users/dmk6603/Documents/cloned_repos_oss_swdb/Alluxio_Inc_-Alluxio/underfs/tos/pom.xml,,,
Alluxio_Inc_-Alluxio.cdx,/Users/dmk6603/Documents/cloned_repos_oss_swdb/Alluxio_Inc_-Alluxio/underfs/wasb/pom.xml,,,
Alluxio_Inc_-Alluxio.cdx,/Users/dmk6603/Documents/cloned_repos_oss_swdb/Alluxio_Inc_-Alluxio/underfs/web/pom.xml,,,
Alluxio_Inc_-Alluxio.cdx,/Users/dmk6603/Documents/cloned_repos_oss_swdb/Alluxio_Inc_-Alluxio/webui/pom.xml,,,
Alluxio_Inc_-Alluxio.cdx,HdrHistogram,2.1.12,org.hdrhistogram,pkg:maven/org.hdrhistogram/HdrHistogram@2.1.12
Alluxio_Inc_-Alluxio.cdx,actions/cache,v4,,pkg:github/actions/cache@v4
Alluxio_Inc_-Alluxio.cdx,actions/checkout,v4,,pkg:github/actions/checkout@v4
Alluxio_Inc_-Alluxio.cdx,actions/setup-node,v1,,pkg:github/actions/setup-node@v1
Alluxio_Inc_-Alluxio.cdx,actions/stale,v6,,pkg:github/actions/stale@v6
Alluxio_Inc_-Alluxio.cdx,actions/upload-artifact,v4,,pkg:github/actions/upload-artifact@v4
Alluxio_Inc_-Alluxio.cdx,aliyun-sdk-oss,3.7.0,com.aliyun.oss,pkg:maven/com.aliyun.oss/aliyun-sdk-oss@3.7.0
Alluxio_Inc_-Alluxio.cdx,alluxio-assembly,2.10.0-SNAPSHOT,,pkg:maven/org.alluxio/alluxio-assembly@2.10.0-SNAPSHOT
Alluxio_Inc_-Alluxio.cdx,alluxio-assembly-client,2.10.0-SNAPSHOT,,pkg:maven/org.alluxio/alluxio-assembly-client@2.10.0-SNAPSHOT
Alluxio_Inc_-Alluxio.cdx,alluxio-assembly-server,2.10.0-SNAPSHOT,,pkg:maven/org.alluxio/alluxio-assembly-server@2.10.0-SNAPSHOT
Alluxio_Inc_-Alluxio.cdx,alluxio-core,2.10.0-SNAPSHOT,,pkg:maven/org.alluxio/alluxio-core@2.10.0-SNAPSHOT
Alluxio_Inc_-Alluxio.cdx,alluxio-core-client,2.10.0-SNAPSHOT,,pkg:maven/org.alluxio/alluxio-core-client@2.10.0-SNAPSHOT
Alluxio_Inc_-Alluxio.cdx,alluxio-core-client-fs,2.10.0-SNAPSHOT,,pkg:maven/org.alluxio/alluxio-core-client-fs@2.10.0-SNAPSHOT
Alluxio_Inc_-Alluxio.cdx,alluxio-core-client-hdfs,2.10.0-SNAPSHOT,,pkg:maven/org.alluxio/alluxio-core-client-hdfs@2.10.0-SNAPSHOT
Alluxio_Inc_-Alluxio.cdx,alluxio-core-client-hdfs3,2.10.0-SNAPSHOT,,pkg:maven/org.alluxio/alluxio-core-client-hdfs3@2.10.0-SNAPSHOT
Alluxio_Inc_-Alluxio.cdx,alluxio-core-common,2.10.0-SNAPSHOT,,pkg:maven/org.alluxio/alluxio-core-common@2.10.0-SNAPSHOT
Alluxio_Inc_-Alluxio.cdx,alluxio-core-server,2.10.0-SNAPSHOT,,pkg:maven/org.alluxio/alluxio-core-server@2.10.0-SNAPSHOT
BuddyPress-BuddyPress.cdx,/Users/dmk6603/Documents/cloned_repos_oss_swdb/BuddyPress-BuddyPress/.github/workflows/coding-standards.yml,,,
BuddyPress-BuddyPress.cdx,/Users/dmk6603/Documents/cloned_repos_oss_swdb/BuddyPress-BuddyPress/.github/workflows/unit-test-object.yml,,,
BuddyPress-BuddyPress.cdx,actions/checkout,v4,,pkg:github/actions/checkout@v4
BuddyPress-BuddyPress.cdx,alleyinteractive/.github/.github/workflows/php-tests.yml,main,,pkg:github/alleyinteractive/.github@main#.github/workflows/php-tests.yml
BuddyPress-BuddyPress.cdx,ramsey/composer-install,v3,,pkg:github/ramsey/composer-install@v3
BuddyPress-BuddyPress.cdx,shivammathur/setup-php,v2,,pkg:github/shivammathur/setup-php@v2
BuddyPress-BuddyPress.cdx,styfle/cancel-workflow-action,0.12.1,,pkg:github/styfle/cancel-workflow-action@0.12.1
Citrix_Systems_Inc-CloudStack.cdx,/Users/dmk6603/Documents/cloned_repos_oss_swdb/Citrix_Systems_Inc-CloudStack/.github/workflows/build.yml,,,
Citrix_Systems_Inc-CloudStack.cdx,/Users/dmk6603/Documents/cloned_repos_oss_swdb/Citrix_Systems_Inc-CloudStack/.github/workflows/ci.yml,,,
Citrix_Systems_Inc-CloudStack.cdx,/Users/dmk6603/Documents/cloned_repos_oss_swdb/Citrix_Systems_Inc-CloudStack/.github/workflows/codecov.yml,,,
Citrix_Systems_Inc-CloudStack.cdx,/Users/dmk6603/Documents/cloned_repos_oss_swdb/Citrix_Systems_Inc-CloudStack/.github/workflows/codeql-analysis.yml,,,
Citrix_Systems_Inc-CloudStack.cdx,/Users/dmk6603/Documents/cloned_repos_oss_swdb/Citrix_Systems_Inc-CloudStack/.github/workflows/daily-repo-status.lock.yml,,,
Citrix_Systems_Inc-CloudStack.cdx,/Users/dmk6603/Documents/cloned_repos_oss_swdb/Citrix_Systems_Inc-CloudStack/.github/workflows/docker-cloudstack-simulator.yml,,,
Citrix_Systems_Inc-CloudStack.cdx,/Users/dmk6603/Documents/cloned_repos_oss_swdb/Citrix_Systems_Inc-CloudStack/.github/workflows/issue-triage-agent.lock.yml,,,
Citrix_Systems_Inc-CloudStack.cdx,/Users/dmk6603/Documents/cloned_repos_oss_swdb/Citrix_Systems_Inc-CloudStack/.github/workflows/main-sonar-check.yml,,,
Citrix_Systems_Inc-CloudStack.cdx,/Users/dmk6603/Documents/cloned_repos_oss_swdb/Citrix_Systems_Inc-CloudStack/.github/workflows/merge-conflict-checker.yml,,,
Citrix_Systems_Inc-CloudStack.cdx,/Users/dmk6603/Documents/cloned_repos_oss_swdb/Citrix_Systems_Inc-CloudStack/.github/workflows/pre-commit.yml,,,
Citrix_Systems_Inc-CloudStack.cdx,/Users/dmk6603/Documents/cloned_repos_oss_swdb/Citrix_Systems_Inc-CloudStack/.github/workflows/rat.yml,,,
Citrix_Systems_Inc-CloudStack.cdx,/Users/dmk6603/Documents/cloned_repos_oss_swdb/Citrix_Systems_Inc-CloudStack/.github/workflows/sonar-check.yml,,,
Citrix_Systems_Inc-CloudStack.cdx,/Users/dmk6603/Documents/cloned_repos_oss_swdb/Citrix_Systems_Inc-CloudStack/.github/workflows/stale.yml,,,
Citrix_Systems_Inc-CloudStack.cdx,/Users/dmk6603/Documents/cloned_repos_oss_swdb/Citrix_Systems_Inc-CloudStack/.github/workflows/ui.yml,,,
Citrix_Systems_Inc-CloudStack.cdx,/Users/dmk6603/Documents/cloned_repos_oss_swdb/Citrix_Systems_Inc-CloudStack/agent/pom.xml,,,
Citrix_Systems_Inc-CloudStack.cdx,/Users/dmk6603/Documents/cloned_repos_oss_swdb/Citrix_Systems_Inc-CloudStack/api/pom.xml,,,
Citrix_Systems_Inc-CloudStack.cdx,/Users/dmk6603/Documents/cloned_repos_oss_swdb/Citrix_Systems_Inc-CloudStack/client/pom.xml,,,
Citrix_Systems_Inc-CloudStack.cdx,/Users/dmk6603/Documents/cloned_repos_oss_swdb/Citrix_Systems_Inc-CloudStack/core/pom.xml,,,
Citrix_Systems_Inc-CloudStack.cdx,/Users/dmk6603/Documents/cloned_repos_oss_swdb/Citrix_Systems_Inc-CloudStack/developer/pom.xml,,,
Citrix_Systems_Inc-CloudStack.cdx,/Users/dmk6603/Documents/cloned_repos_oss_swdb/Citrix_Systems_Inc-CloudStack/engine/api/pom.xml,,,
Citrix_Systems_Inc-CloudStack.cdx,/Users/dmk6603/Documents/cloned_repos_oss_swdb/Citrix_Systems_Inc-CloudStack/engine/components-api/pom.xml,,,
Citrix_Systems_Inc-CloudStack.cdx,/Users/dmk6603/Documents/cloned_repos_oss_swdb/Citrix_Systems_Inc-CloudStack/engine/orchestration/pom.xml,,,
Citrix_Systems_Inc-CloudStack.cdx,/Users/dmk6603/Documents/cloned_repos_oss_swdb/Citrix_Systems_Inc-CloudStack/engine/pom.xml,,,
Citrix_Systems_Inc-CloudStack.cdx,/Users/dmk6603/Documents/cloned_repos_oss_swdb/Citrix_Systems_Inc-CloudStack/engine/schema/pom.xml,,,
Citrix_Systems_Inc-CloudStack.cdx,/Users/dmk6603/Documents/cloned_repos_oss_swdb/Citrix_Systems_Inc-CloudStack/engine/service/pom.xml,,,
Citrix_Systems_Inc-CloudStack.cdx,/Users/dmk6603/Documents/cloned_repos_oss_swdb/Citrix_Systems_Inc-CloudStack/engine/storage/cache/pom.xml,,,
Citrix_Systems_Inc-CloudStack.cdx,/Users/dmk6603/Documents/cloned_repos_oss_swdb/Citrix_Systems_Inc-CloudStack/engine/storage/configdrive/pom.xml,,,
Citrix_Systems_Inc-CloudStack.cdx,/Users/dmk6603/Documents/cloned_repos_oss_swdb/Citrix_Systems_Inc-CloudStack/engine/storage/datamotion/pom.xml,,,
Citrix_Systems_Inc-CloudStack.cdx,/Users/dmk6603/Documents/cloned_repos_oss_swdb/Citrix_Systems_Inc-CloudStack/engine/storage/image/pom.xml,,,
Citrix_Systems_Inc-CloudStack.cdx,/Users/dmk6603/Documents/cloned_repos_oss_swdb/Citrix_Systems_Inc-CloudStack/engine/storage/integration-test/pom.xml,,,
Citrix_Systems_Inc-CloudStack.cdx,/Users/dmk6603/Documents/cloned_repos_oss_swdb/Citrix_Systems_Inc-CloudStack/engine/storage/object/pom.xml,,,
Citrix_Systems_Inc-CloudStack.cdx,/Users/dmk6603/Documents/cloned_repos_oss_swdb/Citrix_Systems_Inc-CloudStack/engine/storage/pom.xml,,,
Citrix_Systems_Inc-CloudStack.cdx,/Users/dmk6603/Documents/cloned_repos_oss_swdb/Citrix_Systems_Inc-CloudStack/engine/storage/snapshot/pom.xml,,,
Citrix_Systems_Inc-CloudStack.cdx,/Users/dmk6603/Documents/cloned_repos_oss_swdb/Citrix_Systems_Inc-CloudStack/engine/storage/volume/pom.xml,,,
Citrix_Systems_Inc-CloudStack.cdx,/Users/dmk6603/Documents/cloned_repos_oss_swdb/Citrix_Systems_Inc-CloudStack/engine/userdata/cloud-init/pom.xml,,,
Citrix_Systems_Inc-CloudStack.cdx,/Users/dmk6603/Documents/cloned_repos_oss_swdb/Citrix_Systems_Inc-CloudStack/engine/userdata/pom.xml,,,
Citrix_Systems_Inc-CloudStack.cdx,/Users/dmk6603/Documents/cloned_repos_oss_swdb/Citrix_Systems_Inc-CloudStack/framework/agent-lb/pom.xml,,,
Citrix_Systems_Inc-CloudStack.cdx,/Users/dmk6603/Documents/cloned_repos_oss_swdb/Citrix_Systems_Inc-CloudStack/framework/ca/pom.xml,,,
Citrix_Systems_Inc-CloudStack.cdx,/Users/dmk6603/Documents/cloned_repos_oss_swdb/Citrix_Systems_Inc-CloudStack/framework/cluster/pom.xml,,,
Citrix_Systems_Inc-CloudStack.cdx,/Users/dmk6603/Documents/cloned_repos_oss_swdb/Citrix_Systems_Inc-CloudStack/framework/config/pom.xml,,,
Citrix_Systems_Inc-CloudStack.cdx,/Users/dmk6603/Documents/cloned_repos_oss_swdb/Citrix_Systems_Inc-CloudStack/framework/db/pom.xml,,,
Citrix_Systems_Inc-CloudStack.cdx,/Users/dmk6603/Documents/cloned_repos_oss_swdb/Citrix_Systems_Inc-CloudStack/framework/direct-download/pom.xml,,,
Citrix_Systems_Inc-CloudStack.cdx,/Users/dmk6603/Documents/cloned_repos_oss_swdb/Citrix_Systems_Inc-CloudStack/framework/events/pom.xml,,,
Citrix_Systems_Inc-CloudStack.cdx,/Users/dmk6603/Documents/cloned_repos_oss_swdb/Citrix_Systems_Inc-CloudStack/framework/extensions/pom.xml,,,
Citrix_Systems_Inc-CloudStack.cdx,/Users/dmk6603/Documents/cloned_repos_oss_swdb/Citrix_Systems_Inc-CloudStack/framework/ipc/pom.xml,,,
Citrix_Systems_Inc-CloudStack.cdx,/Users/dmk6603/Documents/cloned_repos_oss_swdb/Citrix_Systems_Inc-CloudStack/framework/jobs/pom.xml,,,
Citrix_Systems_Inc-CloudStack.cdx,/Users/dmk6603/Documents/cloned_repos_oss_swdb/Citrix_Systems_Inc-CloudStack/framework/managed-context/pom.xml,,,
Citrix_Systems_Inc-CloudStack.cdx,/Users/dmk6603/Documents/cloned_repos_oss_swdb/Citrix_Systems_Inc-CloudStack/framework/pom.xml,,,
Citrix_Systems_Inc-CloudStack.cdx,/Users/dmk6603/Documents/cloned_repos_oss_swdb/Citrix_Systems_Inc-CloudStack/framework/quota/pom.xml,,,
Citrix_Systems_Inc-CloudStack.cdx,/Users/dmk6603/Documents/cloned_repos_oss_swdb/Citrix_Systems_Inc-CloudStack/framework/rest/pom.xml,,,
Citrix_Systems_Inc-CloudStack.cdx,/Users/dmk6603/Documents/cloned_repos_oss_swdb/Citrix_Systems_Inc-CloudStack/framework/security/pom.xml,,,
Citrix_Systems_Inc-CloudStack.cdx,/Users/dmk6603/Documents/cloned_repos_oss_swdb/Citrix_Systems_Inc-CloudStack/framework/spring/lifecycle/pom.xml,,,
Citrix_Systems_Inc-CloudStack.cdx,/Users/dmk6603/Documents/cloned_repos_oss_swdb/Citrix_Systems_Inc-CloudStack/framework/spring/module/pom.xml,,,
Citrix_Systems_Inc-CloudStack.cdx,/Users/dmk6603/Documents/cloned_repos_oss_swdb/Citrix_Systems_Inc-CloudStack/plugins/acl/dynamic-role-based/pom.xml,,,
Citrix_Systems_Inc-CloudStack.cdx,/Users/dmk6603/Documents/cloned_repos_oss_swdb/Citrix_Systems_Inc-CloudStack/plugins/acl/project-role-based/pom.xml,,,
Citrix_Systems_Inc-CloudStack.cdx,/Users/dmk6603/Documents/cloned_repos_oss_swdb/Citrix_Systems_Inc-CloudStack/plugins/acl/static-role-based/pom.xml,,,
Citrix_Systems_Inc-CloudStack.cdx,/Users/dmk6603/Documents/cloned_repos_oss_swdb/Citrix_Systems_Inc-CloudStack/plugins/affinity-group-processors/explicit-dedication/pom.xml,,,
Citrix_Systems_Inc-CloudStack.cdx,/Users/dmk6603/Documents/cloned_repos_oss_swdb/Citrix_Systems_Inc-CloudStack/plugins/affinity-group-processors/host-affinity/pom.xml,,,
Citrix_Systems_Inc-CloudStack.cdx,/Users/dmk6603/Documents/cloned_repos_oss_swdb/Citrix_Systems_Inc-CloudStack/plugins/affinity-group-processors/host-anti-affinity/pom.xml,,,
Citrix_Systems_Inc-CloudStack.cdx,/Users/dmk6603/Documents/cloned_repos_oss_swdb/Citrix_Systems_Inc-CloudStack/plugins/affinity-group-processors/non-strict-host-affinity/pom.xml,,,
Citrix_Systems_Inc-CloudStack.cdx,/Users/dmk6603/Documents/cloned_repos_oss_swdb/Citrix_Systems_Inc-CloudStack/plugins/affinity-group-processors/non-strict-host-anti-affinity/pom.xml,,,
Citrix_Systems_Inc-CloudStack.cdx,/Users/dmk6603/Documents/cloned_repos_oss_swdb/Citrix_Systems_Inc-CloudStack/plugins/alert-handlers/snmp-alerts/pom.xml,,,
Citrix_Systems_Inc-CloudStack.cdx,/Users/dmk6603/Documents/cloned_repos_oss_swdb/Citrix_Systems_Inc-CloudStack/plugins/alert-handlers/syslog-alerts/pom.xml,,,
Citrix_Systems_Inc-CloudStack.cdx,/Users/dmk6603/Documents/cloned_repos_oss_swdb/Citrix_Systems_Inc-CloudStack/plugins/api/discovery/pom.xml,,,
Citrix_Systems_Inc-CloudStack.cdx,/Users/dmk6603/Documents/cloned_repos_oss_swdb/Citrix_Systems_Inc-CloudStack/plugins/api/rate-limit/pom.xml,,,
Citrix_Systems_Inc-CloudStack.cdx,/Users/dmk6603/Documents/cloned_repos_oss_swdb/Citrix_Systems_Inc-CloudStack/plugins/api/solidfire-intg-test/pom.xml,,,
Citrix_Systems_Inc-CloudStack.cdx,/Users/dmk6603/Documents/cloned_repos_oss_swdb/Citrix_Systems_Inc-CloudStack/plugins/api/vmware-sioc/pom.xml,,,
Citrix_Systems_Inc-CloudStack.cdx,/Users/dmk6603/Documents/cloned_repos_oss_swdb/Citrix_Systems_Inc-CloudStack/plugins/backup/dummy/pom.xml,,,
Citrix_Systems_Inc-CloudStack.cdx,/Users/dmk6603/Documents/cloned_repos_oss_swdb/Citrix_Systems_Inc-CloudStack/plugins/backup/nas/pom.xml,,,
Citrix_Systems_Inc-CloudStack.cdx,/Users/dmk6603/Documents/cloned_repos_oss_swdb/Citrix_Systems_Inc-CloudStack/plugins/backup/networker/pom.xml,,,
Citrix_Systems_Inc-CloudStack.cdx,/Users/dmk6603/Documents/cloned_repos_oss_swdb/Citrix_Systems_Inc-CloudStack/plugins/backup/veeam/pom.xml,,,
Citrix_Systems_Inc-CloudStack.cdx,/Users/dmk6603/Documents/cloned_repos_oss_swdb/Citrix_Systems_Inc-CloudStack/plugins/ca/root-ca/pom.xml,,,
Citrix_Systems_Inc-CloudStack.cdx,/Users/dmk6603/Documents/cloned_repos_oss_swdb/Citrix_Systems_Inc-CloudStack/plugins/database/mysql-ha/pom.xml,,,
Citrix_Systems_Inc-CloudStack.cdx,/Users/dmk6603/Documents/cloned_repos_oss_swdb/Citrix_Systems_Inc-CloudStack/plugins/database/quota/pom.xml,,,
Citrix_Systems_Inc-CloudStack.cdx,/Users/dmk6603/Documents/cloned_repos_oss_swdb/Citrix_Systems_Inc-CloudStack/plugins/dedicated-resources/pom.xml,,,
Citrix_Systems_Inc-CloudStack.cdx,/Users/dmk6603/Documents/cloned_repos_oss_swdb/Citrix_Systems_Inc-CloudStack/plugins/deployment-planners/implicit-dedication/pom.xml,,,
Citrix_Systems_Inc-CloudStack.cdx,/Users/dmk6603/Documents/cloned_repos_oss_swdb/Citrix_Systems_Inc-CloudStack/plugins/deployment-planners/user-concentrated-pod/pom.xml,,,
Citrix_Systems_Inc-CloudStack.cdx,/Users/dmk6603/Documents/cloned_repos_oss_swdb/Citrix_Systems_Inc-CloudStack/plugins/deployment-planners/user-dispersing/pom.xml,,,
Citrix_Systems_Inc-CloudStack.cdx,/Users/dmk6603/Documents/cloned_repos_oss_swdb/Citrix_Systems_Inc-CloudStack/plugins/drs/cluster/balanced/pom.xml,,,
Citrix_Systems_Inc-CloudStack.cdx,/Users/dmk6603/Documents/cloned_repos_oss_swdb/Citrix_Systems_Inc-CloudStack/plugins/drs/cluster/condensed/pom.xml,,,
Citrix_Systems_Inc-CloudStack.cdx,/Users/dmk6603/Documents/cloned_repos_oss_swdb/Citrix_Systems_Inc-CloudStack/plugins/event-bus/inmemory/pom.xml,,,
Citrix_Systems_Inc-CloudStack.cdx,/Users/dmk6603/Documents/cloned_repos_oss_swdb/Citrix_Systems_Inc-CloudStack/plugins/event-bus/kafka/pom.xml,,,
Citrix_Systems_Inc-CloudStack.cdx,/Users/dmk6603/Documents/cloned_repos_oss_swdb/Citrix_Systems_Inc-CloudStack/plugins/event-bus/rabbitmq/pom.xml,,,
Citrix_Systems_Inc-CloudStack.cdx,/Users/dmk6603/Documents/cloned_repos_oss_swdb/Citrix_Systems_Inc-CloudStack/plugins/event-bus/webhook/pom.xml,,,
Citrix_Systems_Inc-CloudStack.cdx,/Users/dmk6603/Documents/cloned_repos_oss_swdb/Citrix_Systems_Inc-CloudStack/plugins/ha-planners/skip-heurestics/pom.xml,,,
Citrix_Systems_Inc-CloudStack.cdx,/Users/dmk6603/Documents/cloned_repos_oss_swdb/Citrix_Systems_Inc-CloudStack/plugins/host-allocators/random/pom.xml,,,
Citrix_Systems_Inc-CloudStack.cdx,/Users/dmk6603/Documents/cloned_repos_oss_swdb/Citrix_Systems_Inc-CloudStack/plugins/hypervisors/baremetal/pom.xml,,,
Citrix_Systems_Inc-CloudStack.cdx,/Users/dmk6603/Documents/cloned_repos_oss_swdb/Citrix_Systems_Inc-CloudStack/plugins/hypervisors/external/pom.xml,,,
Citrix_Systems_Inc-CloudStack.cdx,/Users/dmk6603/Documents/cloned_repos_oss_swdb/Citrix_Systems_Inc-CloudStack/plugins/hypervisors/hyperv/pom.xml,,,
Citrix_Systems_Inc-CloudStack.cdx,/Users/dmk6603/Documents/cloned_repos_oss_swdb/Citrix_Systems_Inc-CloudStack/plugins/hypervisors/kvm/pom.xml,,,
Citrix_Systems_Inc-CloudStack.cdx,/Users/dmk6603/Documents/cloned_repos_oss_swdb/Citrix_Systems_Inc-CloudStack/plugins/hypervisors/ovm/pom.xml,,,
Citrix_Systems_Inc-CloudStack.cdx,/Users/dmk6603/Documents/cloned_repos_oss_swdb/Citrix_Systems_Inc-CloudStack/plugins/hypervisors/ovm3/pom.xml,,,
Citrix_Systems_Inc-CloudStack.cdx,/Users/dmk6603/Documents/cloned_repos_oss_swdb/Citrix_Systems_Inc-CloudStack/plugins/hypervisors/simulator/pom.xml,,,
Citrix_Systems_Inc-CloudStack.cdx,/Users/dmk6603/Documents/cloned_repos_oss_swdb/Citrix_Systems_Inc-CloudStack/plugins/hypervisors/ucs/pom.xml,,,
Citrix_Systems_Inc-CloudStack.cdx,/Users/dmk6603/Documents/cloned_repos_oss_swdb/Citrix_Systems_Inc-CloudStack/plugins/hypervisors/vmware/pom.xml,,,
Citrix_Systems_Inc-CloudStack.cdx,/Users/dmk6603/Documents/cloned_repos_oss_swdb/Citrix_Systems_Inc-CloudStack/plugins/hypervisors/xenserver/pom.xml,,,
Citrix_Systems_Inc-CloudStack.cdx,/Users/dmk6603/Documents/cloned_repos_oss_swdb/Citrix_Systems_Inc-CloudStack/plugins/integrations/cloudian/pom.xml,,,
Citrix_Systems_Inc-CloudStack.cdx,/Users/dmk6603/Documents/cloned_repos_oss_swdb/Citrix_Systems_Inc-CloudStack/plugins/integrations/kubernetes-service/pom.xml,,,
Citrix_Systems_Inc-CloudStack.cdx,/Users/dmk6603/Documents/cloned_repos_oss_swdb/Citrix_Systems_Inc-CloudStack/plugins/integrations/prometheus/pom.xml,,,
Citrix_Systems_Inc-CloudStack.cdx,/Users/dmk6603/Documents/cloned_repos_oss_swdb/Citrix_Systems_Inc-CloudStack/plugins/maintenance/pom.xml,,,
Civilized_Discourse_Construction_Kit_Inc_-Discourse.cdx,./.github/actions/setup-release-environment,UNKNOWN,,
Civilized_Discourse_Construction_Kit_Inc_-Discourse.cdx,/Users/dmk6603/Documents/cloned_repos_oss_swdb/Civilized_Discourse_Construction_Kit_Inc_-Discourse/.github/actions/setup-release-environment/action.yml,,,
Civilized_Discourse_Construction_Kit_Inc_-Discourse.cdx,/Users/dmk6603/Documents/cloned_repos_oss_swdb/Civilized_Discourse_Construction_Kit_Inc_-Discourse/.github/workflows/backport.yml,,,
Civilized_Discourse_Construction_Kit_Inc_-Discourse.cdx,/Users/dmk6603/Documents/cloned_repos_oss_swdb/Civilized_Discourse_Construction_Kit_Inc_-Discourse/.github/workflows/check-pr-body.yml,,,
Civilized_Discourse_Construction_Kit_Inc_-Discourse.cdx,/Users/dmk6603/Documents/cloned_repos_oss_swdb/Civilized_Discourse_Construction_Kit_Inc_-Discourse/.github/workflows/dependabot-pnpm-dedupe.yml,,,
Civilized_Discourse_Construction_Kit_Inc_-Discourse.cdx,/Users/dmk6603/Documents/cloned_repos_oss_swdb/Civilized_Discourse_Construction_Kit_Inc_-Discourse/.github/workflows/developer-docs-lint.yml,,,
Civilized_Discourse_Construction_Kit_Inc_-Discourse.cdx,/Users/dmk6603/Documents/cloned_repos_oss_swdb/Civilized_Discourse_Construction_Kit_Inc_-Discourse/.github/workflows/developer-docs-publish.yml,,,
Civilized_Discourse_Construction_Kit_Inc_-Discourse.cdx,/Users/dmk6603/Documents/cloned_repos_oss_swdb/Civilized_Discourse_Construction_Kit_Inc_-Discourse/.github/workflows/labeler.yml,,,
Civilized_Discourse_Construction_Kit_Inc_-Discourse.cdx,/Users/dmk6603/Documents/cloned_repos_oss_swdb/Civilized_Discourse_Construction_Kit_Inc_-Discourse/.github/workflows/licenses.yml,,,
Civilized_Discourse_Construction_Kit_Inc_-Discourse.cdx,/Users/dmk6603/Documents/cloned_repos_oss_swdb/Civilized_Discourse_Construction_Kit_Inc_-Discourse/.github/workflows/linting.yml,,,
Civilized_Discourse_Construction_Kit_Inc_-Discourse.cdx,/Users/dmk6603/Documents/cloned_repos_oss_swdb/Civilized_Discourse_Construction_Kit_Inc_-Discourse/.github/workflows/migration-tests.yml,,,
Civilized_Discourse_Construction_Kit_Inc_-Discourse.cdx,/Users/dmk6603/Documents/cloned_repos_oss_swdb/Civilized_Discourse_Construction_Kit_Inc_-Discourse/.github/workflows/publish-assets.yml,,,
Civilized_Discourse_Construction_Kit_Inc_-Discourse.cdx,/Users/dmk6603/Documents/cloned_repos_oss_swdb/Civilized_Discourse_Construction_Kit_Inc_-Discourse/.github/workflows/publish-types.yml,,,
Civilized_Discourse_Construction_Kit_Inc_-Discourse.cdx,/Users/dmk6603/Documents/cloned_repos_oss_swdb/Civilized_Discourse_Construction_Kit_Inc_-Discourse/.github/workflows/release-branch-handler.yml,,,
Civilized_Discourse_Construction_Kit_Inc_-Discourse.cdx,/Users/dmk6603/Documents/cloned_repos_oss_swdb/Civilized_Discourse_Construction_Kit_Inc_-Discourse/.github/workflows/release-handler.yml,,,
Civilized_Discourse_Construction_Kit_Inc_-Discourse.cdx,/Users/dmk6603/Documents/cloned_repos_oss_swdb/Civilized_Discourse_Construction_Kit_Inc_-Discourse/.github/workflows/release-notes.yml,,,
Civilized_Discourse_Construction_Kit_Inc_-Discourse.cdx,/Users/dmk6603/Documents/cloned_repos_oss_swdb/Civilized_Discourse_Construction_Kit_Inc_-Discourse/.github/workflows/release-prepare-latest-bump.yml,,,
Civilized_Discourse_Construction_Kit_Inc_-Discourse.cdx,/Users/dmk6603/Documents/cloned_repos_oss_swdb/Civilized_Discourse_Construction_Kit_Inc_-Discourse/.github/workflows/stale-pr-closer.yml,,,
Civilized_Discourse_Construction_Kit_Inc_-Discourse.cdx,/Users/dmk6603/Documents/cloned_repos_oss_swdb/Civilized_Discourse_Construction_Kit_Inc_-Discourse/.github/workflows/tests.yml,,,
Civilized_Discourse_Construction_Kit_Inc_-Discourse.cdx,/Users/dmk6603/Documents/cloned_repos_oss_swdb/Civilized_Discourse_Construction_Kit_Inc_-Discourse/Gemfile.lock,,,
Civilized_Discourse_Construction_Kit_Inc_-Discourse.cdx,/Users/dmk6603/Documents/cloned_repos_oss_swdb/Civilized_Discourse_Construction_Kit_Inc_-Discourse/docs/developer-guides/Gemfile.lock,,,
Civilized_Discourse_Construction_Kit_Inc_-Discourse.cdx,/Users/dmk6603/Documents/cloned_repos_oss_swdb/Civilized_Discourse_Construction_Kit_Inc_-Discourse/plugins/discourse-calendar/vendor/holidays/Gemfile.lock,,,
Civilized_Discourse_Construction_Kit_Inc_-Discourse.cdx,/Users/dmk6603/Documents/cloned_repos_oss_swdb/Civilized_Discourse_Construction_Kit_Inc_-Discourse/plugins/discourse-calendar/vendor/holidays/holidays.gemspec,,,
Civilized_Discourse_Construction_Kit_Inc_-Discourse.cdx,/Users/dmk6603/Documents/cloned_repos_oss_swdb/Civilized_Discourse_Construction_Kit_Inc_-Discourse/pnpm-lock.yaml,,,
Civilized_Discourse_Construction_Kit_Inc_-Discourse.cdx,@asamuzakjp/css-color,3.1.1,,pkg:npm/%40asamuzakjp/css-color@3.1.1
Civilized_Discourse_Construction_Kit_Inc_-Discourse.cdx,@babel/code-frame,7.29.0,,pkg:npm/%40babel/code-frame@7.29.0
Civilized_Discourse_Construction_Kit_Inc_-Discourse.cdx,@babel/compat-data,7.29.0,,pkg:npm/%40babel/compat-data@7.29.0
Civilized_Discourse_Construction_Kit_Inc_-Discourse.cdx,@babel/core,7.29.0,,pkg:npm/%40babel/core@7.29.0
Civilized_Discourse_Construction_Kit_Inc_-Discourse.cdx,@babel/eslint-parser,7.28.6,,pkg:npm/%40babel/eslint-parser@7.28.6
Civilized_Discourse_Construction_Kit_Inc_-Discourse.cdx,@babel/generator,7.29.1,,pkg:npm/%40babel/generator@7.29.1
Civilized_Discourse_Construction_Kit_Inc_-Discourse.cdx,@babel/helper-annotate-as-pure,7.27.3,,pkg:npm/%40babel/helper-annotate-as-pure@7.27.3
Civilized_Discourse_Construction_Kit_Inc_-Discourse.cdx,@babel/helper-compilation-targets,7.28.6,,pkg:npm/%40babel/helper-compilation-targets@7.28.6
Civilized_Discourse_Construction_Kit_Inc_-Discourse.cdx,@babel/helper-create-class-features-plugin,7.28.6,,pkg:npm/%40babel/helper-create-class-features-plugin@7.28.6
Civilized_Discourse_Construction_Kit_Inc_-Discourse.cdx,@babel/helper-create-regexp-features-plugin,7.28.5,,pkg:npm/%40babel/helper-create-regexp-features-plugin@7.28.5
Civilized_Discourse_Construction_Kit_Inc_-Discourse.cdx,@babel/helper-define-polyfill-provider,0.6.8,,pkg:npm/%40babel/helper-define-polyfill-provider@0.6.8
Civilized_Discourse_Construction_Kit_Inc_-Discourse.cdx,@babel/helper-globals,7.28.0,,pkg:npm/%40babel/helper-globals@7.28.0
Civilized_Discourse_Construction_Kit_Inc_-Discourse.cdx,@babel/helper-member-expression-to-functions,7.28.5,,pkg:npm/%40babel/helper-member-expression-to-functions@7.28.5
Civilized_Discourse_Construction_Kit_Inc_-Discourse.cdx,@babel/helper-module-imports,7.28.6,,pkg:npm/%40babel/helper-module-imports@7.28.6
Civilized_Discourse_Construction_Kit_Inc_-Discourse.cdx,@babel/helper-module-transforms,7.28.6,,pkg:npm/%40babel/helper-module-transforms@7.28.6
Civilized_Discourse_Construction_Kit_Inc_-Discourse.cdx,@babel/helper-optimise-call-expression,7.27.1,,pkg:npm/%40babel/helper-optimise-call-expression@7.27.1
Civilized_Discourse_Construction_Kit_Inc_-Discourse.cdx,@babel/helper-plugin-utils,7.28.6,,pkg:npm/%40babel/helper-plugin-utils@7.28.6
Civilized_Discourse_Construction_Kit_Inc_-Discourse.cdx,@babel/helper-remap-async-to-generator,7.27.1,,pkg:npm/%40babel/helper-remap-async-to-generator@7.27.1
Civilized_Discourse_Construction_Kit_Inc_-Discourse.cdx,@babel/helper-replace-supers,7.28.6,,pkg:npm/%40babel/helper-replace-supers@7.28.6
Civilized_Discourse_Construction_Kit_Inc_-Discourse.cdx,@babel/helper-skip-transparent-expression-wrappers,7.27.1,,pkg:npm/%40babel/helper-skip-transparent-expression-wrappers@7.27.1
Civilized_Discourse_Construction_Kit_Inc_-Discourse.cdx,@babel/helper-string-parser,7.27.1,,pkg:npm/%40babel/helper-string-parser@7.27.1
Civilized_Discourse_Construction_Kit_Inc_-Discourse.cdx,@babel/helper-validator-identifier,7.28.5,,pkg:npm/%40babel/helper-validator-identifier@7.28.5
Civilized_Discourse_Construction_Kit_Inc_-Discourse.cdx,@babel/helper-validator-option,7.27.1,,pkg:npm/%40babel/helper-validator-option@7.27.1
Civilized_Discourse_Construction_Kit_Inc_-Discourse.cdx,@babel/helper-wrap-function,7.28.6,,pkg:npm/%40babel/helper-wrap-function@7.28.6
Civilized_Discourse_Construction_Kit_Inc_-Discourse.cdx,@babel/helpers,7.28.6,,pkg:npm/%40babel/helpers@7.28.6
Civilized_Discourse_Construction_Kit_Inc_-Discourse.cdx,@babel/parser,7.29.0,,pkg:npm/%40babel/parser@7.29.0
Civilized_Discourse_Construction_Kit_Inc_-Discourse.cdx,@babel/plugin-bugfix-firefox-class-in-computed-class-key,7.28.5,,pkg:npm/%40babel/plugin-bugfix-firefox-class-in-computed-class-key@7.28.5
Civilized_Discourse_Construction_Kit_Inc_-Discourse.cdx,@babel/plugin-bugfix-safari-class-field-initializer-scope,7.27.1,,pkg:npm/%40babel/plugin-bugfix-safari-class-field-initializer-scope@7.27.1
Civilized_Discourse_Construction_Kit_Inc_-Discourse.cdx,@babel/plugin-bugfix-safari-id-destructuring-collision-in-function-expression,7.27.1,,pkg:npm/%40babel/plugin-bugfix-safari-id-destructuring-collision-in-function-expression@7.27.1
Civilized_Discourse_Construction_Kit_Inc_-Discourse.cdx,@babel/plugin-bugfix-v8-spread-parameters-in-optional-chaining,7.27.1,,pkg:npm/%40babel/plugin-bugfix-v8-spread-parameters-in-optional-chaining@7.27.1
Civilized_Discourse_Construction_Kit_Inc_-Discourse.cdx,@babel/plugin-bugfix-v8-static-class-fields-redefine-readonly,7.28.6,,pkg:npm/%40babel/plugin-bugfix-v8-static-class-fields-redefine-readonly@7.28.6
Civilized_Discourse_Construction_Kit_Inc_-Discourse.cdx,@babel/plugin-proposal-class-properties,7.18.6,,pkg:npm/%40babel/plugin-proposal-class-properties@7.18.6
Civilized_Discourse_Construction_Kit_Inc_-Discourse.cdx,@babel/plugin-proposal-decorators,7.29.0,,pkg:npm/%40babel/plugin-proposal-decorators@7.29.0
Civilized_Discourse_Construction_Kit_Inc_-Discourse.cdx,@babel/plugin-proposal-private-methods,7.18.6,,pkg:npm/%40babel/plugin-proposal-private-methods@7.18.6
Civilized_Discourse_Construction_Kit_Inc_-Discourse.cdx,@babel/plugin-proposal-private-property-in-object,7.21.11,,pkg:npm/%40babel/plugin-proposal-private-property-in-object@7.21.11
Civilized_Discourse_Construction_Kit_Inc_-Discourse.cdx,@babel/plugin-proposal-private-property-in-object,7.21.0-placeholder-for-preset-env.2,,pkg:npm/%40babel/plugin-proposal-private-property-in-object@7.21.0-placeholder-for-preset-env.2
Civilized_Discourse_Construction_Kit_Inc_-Discourse.cdx,@babel/plugin-syntax-decorators,7.28.6,,pkg:npm/%40babel/plugin-syntax-decorators@7.28.6
Civilized_Discourse_Construction_Kit_Inc_-Discourse.cdx,@babel/plugin-syntax-dynamic-import,7.8.3,,pkg:npm/%40babel/plugin-syntax-dynamic-import@7.8.3
Civilized_Discourse_Construction_Kit_Inc_-Discourse.cdx,@babel/plugin-syntax-flow,7.28.6,,pkg:npm/%40babel/plugin-syntax-flow@7.28.6
Civilized_Discourse_Construction_Kit_Inc_-Discourse.cdx,@babel/plugin-syntax-import-assertions,7.28.6,,pkg:npm/%40babel/plugin-syntax-import-assertions@7.28.6
Civilized_Discourse_Construction_Kit_Inc_-Discourse.cdx,@babel/plugin-syntax-import-attributes,7.28.6,,pkg:npm/%40babel/plugin-syntax-import-attributes@7.28.6
Civilized_Discourse_Construction_Kit_Inc_-Discourse.cdx,@babel/plugin-syntax-jsx,7.28.6,,pkg:npm/%40babel/plugin-syntax-jsx@7.28.6
Civilized_Discourse_Construction_Kit_Inc_-Discourse.cdx,@babel/plugin-syntax-private-property-in-object,7.14.5,,pkg:npm/%40babel/plugin-syntax-private-property-in-object@7.14.5
Civilized_Discourse_Construction_Kit_Inc_-Discourse.cdx,@babel/plugin-syntax-typescript,7.28.6,,pkg:npm/%40babel/plugin-syntax-typescript@7.28.6
Civilized_Discourse_Construction_Kit_Inc_-Discourse.cdx,@babel/plugin-syntax-unicode-sets-regex,7.18.6,,pkg:npm/%40babel/plugin-syntax-unicode-sets-regex@7.18.6
Civilized_Discourse_Construction_Kit_Inc_-Discourse.cdx,@babel/plugin-transform-arrow-functions,7.27.1,,pkg:npm/%40babel/plugin-transform-arrow-functions@7.27.1
Civilized_Discourse_Construction_Kit_Inc_-Discourse.cdx,@babel/plugin-transform-async-generator-functions,7.29.0,,pkg:npm/%40babel/plugin-transform-async-generator-functions@7.29.0
Civilized_Discourse_Construction_Kit_Inc_-Discourse.cdx,@babel/plugin-transform-async-to-generator,7.28.6,,pkg:npm/%40babel/plugin-transform-async-to-generator@7.28.6
Civilized_Discourse_Construction_Kit_Inc_-Discourse.cdx,@babel/plugin-transform-block-scoped-functions,7.27.1,,pkg:npm/%40babel/plugin-transform-block-scoped-functions@7.27.1
Civilized_Discourse_Construction_Kit_Inc_-Discourse.cdx,@babel/plugin-transform-block-scoping,7.28.6,,pkg:npm/%40babel/plugin-transform-block-scoping@7.28.6
Civilized_Discourse_Construction_Kit_Inc_-Discourse.cdx,@babel/plugin-transform-class-properties,7.28.6,,pkg:npm/%40babel/plugin-transform-class-properties@7.28.6
Civilized_Discourse_Construction_Kit_Inc_-Discourse.cdx,@babel/plugin-transform-class-static-block,7.28.6,,pkg:npm/%40babel/plugin-transform-class-static-block@7.28.6
Civilized_Discourse_Construction_Kit_Inc_-Discourse.cdx,@babel/plugin-transform-classes,7.28.6,,pkg:npm/%40babel/plugin-transform-classes@7.28.6
Civilized_Discourse_Construction_Kit_Inc_-Discourse.cdx,@babel/plugin-transform-computed-properties,7.28.6,,pkg:npm/%40babel/plugin-transform-computed-properties@7.28.6
Civilized_Discourse_Construction_Kit_Inc_-Discourse.cdx,@babel/plugin-transform-destructuring,7.28.5,,pkg:npm/%40babel/plugin-transform-destructuring@7.28.5
Civilized_Discourse_Construction_Kit_Inc_-Discourse.cdx,@babel/plugin-transform-dotall-regex,7.28.6,,pkg:npm/%40babel/plugin-transform-dotall-regex@7.28.6
Civilized_Discourse_Construction_Kit_Inc_-Discourse.cdx,@babel/plugin-transform-duplicate-keys,7.27.1,,pkg:npm/%40babel/plugin-transform-duplicate-keys@7.27.1
Civilized_Discourse_Construction_Kit_Inc_-Discourse.cdx,@babel/plugin-transform-duplicate-named-capturing-groups-regex,7.29.0,,pkg:npm/%40babel/plugin-transform-duplicate-named-capturing-groups-regex@7.29.0
Civilized_Discourse_Construction_Kit_Inc_-Discourse.cdx,@babel/plugin-transform-dynamic-import,7.27.1,,pkg:npm/%40babel/plugin-transform-dynamic-import@7.27.1
Civilized_Discourse_Construction_Kit_Inc_-Discourse.cdx,@babel/plugin-transform-explicit-resource-management,7.28.6,,pkg:npm/%40babel/plugin-transform-explicit-resource-management@7.28.6
Civilized_Discourse_Construction_Kit_Inc_-Discourse.cdx,@babel/plugin-transform-exponentiation-operator,7.28.6,,pkg:npm/%40babel/plugin-transform-exponentiation-operator@7.28.6
Civilized_Discourse_Construction_Kit_Inc_-Discourse.cdx,@babel/plugin-transform-export-namespace-from,7.27.1,,pkg:npm/%40babel/plugin-transform-export-namespace-from@7.27.1
Civilized_Discourse_Construction_Kit_Inc_-Discourse.cdx,@babel/plugin-transform-flow-strip-types,7.27.1,,pkg:npm/%40babel/plugin-transform-flow-strip-types@7.27.1
Civilized_Discourse_Construction_Kit_Inc_-Discourse.cdx,@babel/plugin-transform-for-of,7.27.1,,pkg:npm/%40babel/plugin-transform-for-of@7.27.1
Civilized_Discourse_Construction_Kit_Inc_-Discourse.cdx,@babel/plugin-transform-function-name,7.27.1,,pkg:npm/%40babel/plugin-transform-function-name@7.27.1
Civilized_Discourse_Construction_Kit_Inc_-Discourse.cdx,@babel/plugin-transform-json-strings,7.28.6,,pkg:npm/%40babel/plugin-transform-json-strings@7.28.6
Civilized_Discourse_Construction_Kit_Inc_-Discourse.cdx,@babel/plugin-transform-literals,7.27.1,,pkg:npm/%40babel/plugin-transform-literals@7.27.1
Civilized_Discourse_Construction_Kit_Inc_-Discourse.cdx,@babel/plugin-transform-logical-assignment-operators,7.28.6,,pkg:npm/%40babel/plugin-transform-logical-assignment-operators@7.28.6
Civilized_Discourse_Construction_Kit_Inc_-Discourse.cdx,@babel/plugin-transform-member-expression-literals,7.27.1,,pkg:npm/%40babel/plugin-transform-member-expression-literals@7.27.1
Civilized_Discourse_Construction_Kit_Inc_-Discourse.cdx,@babel/plugin-transform-modules-amd,7.27.1,,pkg:npm/%40babel/plugin-transform-modules-amd@7.27.1
Civilized_Discourse_Construction_Kit_Inc_-Discourse.cdx,@babel/plugin-transform-modules-commonjs,7.28.6,,pkg:npm/%40babel/plugin-transform-modules-commonjs@7.28.6
Civilized_Discourse_Construction_Kit_Inc_-Discourse.cdx,@babel/plugin-transform-modules-systemjs,7.29.0,,pkg:npm/%40babel/plugin-transform-modules-systemjs@7.29.0
Civilized_Discourse_Construction_Kit_Inc_-Discourse.cdx,@babel/plugin-transform-modules-umd,7.27.1,,pkg:npm/%40babel/plugin-transform-modules-umd@7.27.1
Civilized_Discourse_Construction_Kit_Inc_-Discourse.cdx,@babel/plugin-transform-named-capturing-groups-regex,7.29.0,,pkg:npm/%40babel/plugin-transform-named-capturing-groups-regex@7.29.0
Civilized_Discourse_Construction_Kit_Inc_-Discourse.cdx,@babel/plugin-transform-new-target,7.27.1,,pkg:npm/%40babel/plugin-transform-new-target@7.27.1
Civilized_Discourse_Construction_Kit_Inc_-Discourse.cdx,@babel/plugin-transform-nullish-coalescing-operator,7.28.6,,pkg:npm/%40babel/plugin-transform-nullish-coalescing-operator@7.28.6
Eucalyptus_Systems-Eucalyptus_Systems.cdx,/Users/dmk6603/Documents/cloned_repos_oss_swdb/Eucalyptus_Systems-Eucalyptus_Systems/devel/jansi-1.9.jar,,,
Eucalyptus_Systems-Eucalyptus_Systems.cdx,/Users/dmk6603/Documents/cloned_repos_oss_swdb/Eucalyptus_Systems-Eucalyptus_Systems/devel/jibx-tools-1.2.5.jar,,,
Eucalyptus_Systems-Eucalyptus_Systems.cdx,/Users/dmk6603/Documents/cloned_repos_oss_swdb/Eucalyptus_Systems-Eucalyptus_Systems/devel/jline-1.0.jar,,,
Eucalyptus_Systems-Eucalyptus_Systems.cdx,/Users/dmk6603/Documents/cloned_repos_oss_swdb/Eucalyptus_Systems-Eucalyptus_Systems/devel/qdox-1.5.jar,,,
Eucalyptus_Systems-Eucalyptus_Systems.cdx,hawtjni-runtime,1.5,org.fusesource.hawtjni,pkg:maven/org.fusesource.hawtjni/hawtjni-runtime@1.5
Eucalyptus_Systems-Eucalyptus_Systems.cdx,jansi,1.9,org.fusesource.jansi,pkg:maven/org.fusesource.jansi/jansi@1.9
Eucalyptus_Systems-Eucalyptus_Systems.cdx,jansi-native,1.3,org.fusesource.jansi,pkg:maven/org.fusesource.jansi/jansi-native@1.3
Eucalyptus_Systems-Eucalyptus_Systems.cdx,jibx-tools,1.2.5,,pkg:maven/org.jibx.ws.wsdl.tools.Jibx2Wsdl/jibx-tools@1.2.5
Eucalyptus_Systems-Eucalyptus_Systems.cdx,jline,1.0,jline,pkg:maven/jline/jline@1.0
Eucalyptus_Systems-Eucalyptus_Systems.cdx,qdox,1.5,,pkg:maven/com.thoughtworks.qdox/qdox@1.5
FACEBOOK-Presto.cdx,./.github/actions/maven-owasp-scan,UNKNOWN,,
FACEBOOK-Presto.cdx,/Users/dmk6603/Documents/cloned_repos_oss_swdb/FACEBOOK-Presto/.github/workflows/arrow-flight-tests.yml,,,
FACEBOOK-Presto.cdx,/Users/dmk6603/Documents/cloned_repos_oss_swdb/FACEBOOK-Presto/.github/workflows/codenotify.yml,,,
FACEBOOK-Presto.cdx,/Users/dmk6603/Documents/cloned_repos_oss_swdb/FACEBOOK-Presto/.github/workflows/conventional-commit-check.yml,,,
FACEBOOK-Presto.cdx,/Users/dmk6603/Documents/cloned_repos_oss_swdb/FACEBOOK-Presto/.github/workflows/dependency-review.yml,,,
FACEBOOK-Presto.cdx,/Users/dmk6603/Documents/cloned_repos_oss_swdb/FACEBOOK-Presto/.github/workflows/docs.yml,,,
FACEBOOK-Presto.cdx,/Users/dmk6603/Documents/cloned_repos_oss_swdb/FACEBOOK-Presto/.github/workflows/hive-tests.yml,,,
FACEBOOK-Presto.cdx,/Users/dmk6603/Documents/cloned_repos_oss_swdb/FACEBOOK-Presto/.github/workflows/jdbc-connector-tests.yml,,,
FACEBOOK-Presto.cdx,/Users/dmk6603/Documents/cloned_repos_oss_swdb/FACEBOOK-Presto/.github/workflows/kudu.yml,,,
FACEBOOK-Presto.cdx,/Users/dmk6603/Documents/cloned_repos_oss_swdb/FACEBOOK-Presto/.github/workflows/maven-checks.yml,,,
FACEBOOK-Presto.cdx,/Users/dmk6603/Documents/cloned_repos_oss_swdb/FACEBOOK-Presto/.github/workflows/owasp-dependency-check.yml,,,
FACEBOOK-Presto.cdx,/Users/dmk6603/Documents/cloned_repos_oss_swdb/FACEBOOK-Presto/.github/workflows/presto-release-prepare.yml,,,
FACEBOOK-Presto.cdx,/Users/dmk6603/Documents/cloned_repos_oss_swdb/FACEBOOK-Presto/.github/workflows/presto-release-publish.yml,,,
FACEBOOK-Presto.cdx,/Users/dmk6603/Documents/cloned_repos_oss_swdb/FACEBOOK-Presto/.github/workflows/prestocpp-format-and-header-check.yml,,,
FACEBOOK-Presto.cdx,/Users/dmk6603/Documents/cloned_repos_oss_swdb/FACEBOOK-Presto/.github/workflows/prestocpp-linux-adapters-build.yml,,,
FACEBOOK-Presto.cdx,/Users/dmk6603/Documents/cloned_repos_oss_swdb/FACEBOOK-Presto/.github/workflows/prestocpp-linux-build-and-unit-test.yml,,,
FACEBOOK-Presto.cdx,/Users/dmk6603/Documents/cloned_repos_oss_swdb/FACEBOOK-Presto/.github/workflows/prestocpp-linux-build.yml,,,
FACEBOOK-Presto.cdx,/Users/dmk6603/Documents/cloned_repos_oss_swdb/FACEBOOK-Presto/.github/workflows/prestocpp-macos-build.yml,,,
FACEBOOK-Presto.cdx,/Users/dmk6603/Documents/cloned_repos_oss_swdb/FACEBOOK-Presto/.github/workflows/product-tests-basic-environment.yml,,,
FACEBOOK-Presto.cdx,/Users/dmk6603/Documents/cloned_repos_oss_swdb/FACEBOOK-Presto/.github/workflows/product-tests-specific-environment.yml,,,
FACEBOOK-Presto.cdx,/Users/dmk6603/Documents/cloned_repos_oss_swdb/FACEBOOK-Presto/.github/workflows/release-notes-check.yml,,,
FACEBOOK-Presto.cdx,/Users/dmk6603/Documents/cloned_repos_oss_swdb/FACEBOOK-Presto/.github/workflows/singlestore-tests.yml,,,
FACEBOOK-Presto.cdx,/Users/dmk6603/Documents/cloned_repos_oss_swdb/FACEBOOK-Presto/.github/workflows/spark-integration.yml,,,
FACEBOOK-Presto.cdx,/Users/dmk6603/Documents/cloned_repos_oss_swdb/FACEBOOK-Presto/.github/workflows/test-other-modules.yml,,,
FACEBOOK-Presto.cdx,/Users/dmk6603/Documents/cloned_repos_oss_swdb/FACEBOOK-Presto/.github/workflows/tests.yml,,,
FACEBOOK-Presto.cdx,/Users/dmk6603/Documents/cloned_repos_oss_swdb/FACEBOOK-Presto/.github/workflows/web-ui-checks.yml,,,
FACEBOOK-Presto.cdx,/Users/dmk6603/Documents/cloned_repos_oss_swdb/FACEBOOK-Presto/.mvn/wrapper/maven-wrapper.jar,,,
FACEBOOK-Presto.cdx,/Users/dmk6603/Documents/cloned_repos_oss_swdb/FACEBOOK-Presto/pom.xml,,,
FACEBOOK-Presto.cdx,/Users/dmk6603/Documents/cloned_repos_oss_swdb/FACEBOOK-Presto/presto-accumulo/pom.xml,,,
FACEBOOK-Presto.cdx,/Users/dmk6603/Documents/cloned_repos_oss_swdb/FACEBOOK-Presto/presto-analyzer/pom.xml,,,
FACEBOOK-Presto.cdx,/Users/dmk6603/Documents/cloned_repos_oss_swdb/FACEBOOK-Presto/presto-atop/pom.xml,,,
FACEBOOK-Presto.cdx,/Users/dmk6603/Documents/cloned_repos_oss_swdb/FACEBOOK-Presto/presto-base-arrow-flight/pom.xml,,,
FACEBOOK-Presto.cdx,/Users/dmk6603/Documents/cloned_repos_oss_swdb/FACEBOOK-Presto/presto-base-jdbc/pom.xml,,,
FACEBOOK-Presto.cdx,/Users/dmk6603/Documents/cloned_repos_oss_swdb/FACEBOOK-Presto/presto-benchmark-driver/pom.xml,,,
FACEBOOK-Presto.cdx,/Users/dmk6603/Documents/cloned_repos_oss_swdb/FACEBOOK-Presto/presto-benchmark-runner/pom.xml,,,
FACEBOOK-Presto.cdx,/Users/dmk6603/Documents/cloned_repos_oss_swdb/FACEBOOK-Presto/presto-benchmark/pom.xml,,,
FACEBOOK-Presto.cdx,/Users/dmk6603/Documents/cloned_repos_oss_swdb/FACEBOOK-Presto/presto-benchto-benchmarks/pom.xml,,,
FACEBOOK-Presto.cdx,/Users/dmk6603/Documents/cloned_repos_oss_swdb/FACEBOOK-Presto/presto-bigquery/pom.xml,,,
FACEBOOK-Presto.cdx,/Users/dmk6603/Documents/cloned_repos_oss_swdb/FACEBOOK-Presto/presto-blackhole/pom.xml,,,
FACEBOOK-Presto.cdx,/Users/dmk6603/Documents/cloned_repos_oss_swdb/FACEBOOK-Presto/presto-built-in-worker-function-tools/pom.xml,,,
FACEBOOK-Presto.cdx,/Users/dmk6603/Documents/cloned_repos_oss_swdb/FACEBOOK-Presto/presto-bytecode/pom.xml,,,
FACEBOOK-Presto.cdx,/Users/dmk6603/Documents/cloned_repos_oss_swdb/FACEBOOK-Presto/presto-cache/pom.xml,,,
FACEBOOK-Presto.cdx,/Users/dmk6603/Documents/cloned_repos_oss_swdb/FACEBOOK-Presto/presto-cassandra/pom.xml,,,
FACEBOOK-Presto.cdx,/Users/dmk6603/Documents/cloned_repos_oss_swdb/FACEBOOK-Presto/presto-cli/pom.xml,,,
FACEBOOK-Presto.cdx,/Users/dmk6603/Documents/cloned_repos_oss_swdb/FACEBOOK-Presto/presto-clickhouse/pom.xml,,,
FACEBOOK-Presto.cdx,/Users/dmk6603/Documents/cloned_repos_oss_swdb/FACEBOOK-Presto/presto-client/pom.xml,,,
FACEBOOK-Presto.cdx,/Users/dmk6603/Documents/cloned_repos_oss_swdb/FACEBOOK-Presto/presto-cluster-ttl-providers/pom.xml,,,
FACEBOOK-Presto.cdx,/Users/dmk6603/Documents/cloned_repos_oss_swdb/FACEBOOK-Presto/presto-common-arrow/pom.xml,,,
FACEBOOK-Presto.cdx,/Users/dmk6603/Documents/cloned_repos_oss_swdb/FACEBOOK-Presto/presto-common/pom.xml,,,
FACEBOOK-Presto.cdx,/Users/dmk6603/Documents/cloned_repos_oss_swdb/FACEBOOK-Presto/presto-db-session-property-manager/pom.xml,,,
FACEBOOK-Presto.cdx,/Users/dmk6603/Documents/cloned_repos_oss_swdb/FACEBOOK-Presto/presto-delta/pom.xml,,,
FACEBOOK-Presto.cdx,/Users/dmk6603/Documents/cloned_repos_oss_swdb/FACEBOOK-Presto/presto-docs/pom.xml,,,
FACEBOOK-Presto.cdx,/Users/dmk6603/Documents/cloned_repos_oss_swdb/FACEBOOK-Presto/presto-docs/requirements.txt,,,
FACEBOOK-Presto.cdx,/Users/dmk6603/Documents/cloned_repos_oss_swdb/FACEBOOK-Presto/presto-druid/pom.xml,,,
FACEBOOK-Presto.cdx,/Users/dmk6603/Documents/cloned_repos_oss_swdb/FACEBOOK-Presto/presto-elasticsearch/pom.xml,,,
FACEBOOK-Presto.cdx,/Users/dmk6603/Documents/cloned_repos_oss_swdb/FACEBOOK-Presto/presto-example-http/pom.xml,,,
FACEBOOK-Presto.cdx,/Users/dmk6603/Documents/cloned_repos_oss_swdb/FACEBOOK-Presto/presto-expressions/pom.xml,,,
FACEBOOK-Presto.cdx,/Users/dmk6603/Documents/cloned_repos_oss_swdb/FACEBOOK-Presto/presto-file-session-property-manager/pom.xml,,,
FACEBOOK-Presto.cdx,/Users/dmk6603/Documents/cloned_repos_oss_swdb/FACEBOOK-Presto/presto-function-namespace-managers-common/pom.xml,,,
FACEBOOK-Presto.cdx,/Users/dmk6603/Documents/cloned_repos_oss_swdb/FACEBOOK-Presto/presto-function-namespace-managers/pom.xml,,,
FACEBOOK-Presto.cdx,/Users/dmk6603/Documents/cloned_repos_oss_swdb/FACEBOOK-Presto/presto-function-server/pom.xml,,,
FACEBOOK-Presto.cdx,/Users/dmk6603/Documents/cloned_repos_oss_swdb/FACEBOOK-Presto/presto-geospatial-toolkit/pom.xml,,,
FACEBOOK-Presto.cdx,/Users/dmk6603/Documents/cloned_repos_oss_swdb/FACEBOOK-Presto/presto-google-sheets/pom.xml,,,
FACEBOOK-Presto.cdx,/Users/dmk6603/Documents/cloned_repos_oss_swdb/FACEBOOK-Presto/presto-grpc-api/pom.xml,,,
FACEBOOK-Presto.cdx,/Users/dmk6603/Documents/cloned_repos_oss_swdb/FACEBOOK-Presto/presto-grpc-testing-udf-server/pom.xml,,,
FACEBOOK-Presto.cdx,/Users/dmk6603/Documents/cloned_repos_oss_swdb/FACEBOOK-Presto/presto-hana/pom.xml,,,
FACEBOOK-Presto.cdx,/Users/dmk6603/Documents/cloned_repos_oss_swdb/FACEBOOK-Presto/presto-hdfs-core/pom.xml,,,
FACEBOOK-Presto.cdx,/Users/dmk6603/Documents/cloned_repos_oss_swdb/FACEBOOK-Presto/presto-hive-common/pom.xml,,,
FACEBOOK-Presto.cdx,/Users/dmk6603/Documents/cloned_repos_oss_swdb/FACEBOOK-Presto/presto-hive-function-namespace/pom.xml,,,
FACEBOOK-Presto.cdx,/Users/dmk6603/Documents/cloned_repos_oss_swdb/FACEBOOK-Presto/presto-hive-hadoop2/pom.xml,,,
FACEBOOK-Presto.cdx,/Users/dmk6603/Documents/cloned_repos_oss_swdb/FACEBOOK-Presto/presto-hive-metastore/pom.xml,,,
FACEBOOK-Presto.cdx,/Users/dmk6603/Documents/cloned_repos_oss_swdb/FACEBOOK-Presto/presto-hive/pom.xml,,,
FACEBOOK-Presto.cdx,/Users/dmk6603/Documents/cloned_repos_oss_swdb/FACEBOOK-Presto/presto-hudi/pom.xml,,,
FACEBOOK-Presto.cdx,/Users/dmk6603/Documents/cloned_repos_oss_swdb/FACEBOOK-Presto/presto-i18n-functions/pom.xml,,,
FACEBOOK-Presto.cdx,/Users/dmk6603/Documents/cloned_repos_oss_swdb/FACEBOOK-Presto/presto-iceberg/pom.xml,,,
FACEBOOK-Presto.cdx,/Users/dmk6603/Documents/cloned_repos_oss_swdb/FACEBOOK-Presto/presto-internal-communication/pom.xml,,,
FACEBOOK-Presto.cdx,/Users/dmk6603/Documents/cloned_repos_oss_swdb/FACEBOOK-Presto/presto-jdbc/pom.xml,,,
FACEBOOK-Presto.cdx,/Users/dmk6603/Documents/cloned_repos_oss_swdb/FACEBOOK-Presto/presto-jmx/pom.xml,,,
FACEBOOK-Presto.cdx,/Users/dmk6603/Documents/cloned_repos_oss_swdb/FACEBOOK-Presto/presto-kafka/pom.xml,,,
FACEBOOK-Presto.cdx,/Users/dmk6603/Documents/cloned_repos_oss_swdb/FACEBOOK-Presto/presto-kudu/pom.xml,,,
FACEBOOK-Presto.cdx,/Users/dmk6603/Documents/cloned_repos_oss_swdb/FACEBOOK-Presto/presto-lance/pom.xml,,,
FACEBOOK-Presto.cdx,/Users/dmk6603/Documents/cloned_repos_oss_swdb/FACEBOOK-Presto/presto-lark-sheets/pom.xml,,,
FACEBOOK-Presto.cdx,/Users/dmk6603/Documents/cloned_repos_oss_swdb/FACEBOOK-Presto/presto-local-file/pom.xml,,,
FACEBOOK-Presto.cdx,/Users/dmk6603/Documents/cloned_repos_oss_swdb/FACEBOOK-Presto/presto-main-base/pom.xml,,,
FACEBOOK-Presto.cdx,/Users/dmk6603/Documents/cloned_repos_oss_swdb/FACEBOOK-Presto/presto-main-tests/pom.xml,,,
FACEBOOK-Presto.cdx,/Users/dmk6603/Documents/cloned_repos_oss_swdb/FACEBOOK-Presto/presto-main/pom.xml,,,
FACEBOOK-Presto.cdx,/Users/dmk6603/Documents/cloned_repos_oss_swdb/FACEBOOK-Presto/presto-matching/pom.xml,,,
FACEBOOK-Presto.cdx,/Users/dmk6603/Documents/cloned_repos_oss_swdb/FACEBOOK-Presto/presto-memory-context/pom.xml,,,
FACEBOOK-Presto.cdx,/Users/dmk6603/Documents/cloned_repos_oss_swdb/FACEBOOK-Presto/presto-memory/pom.xml,,,
FACEBOOK-Presto.cdx,/Users/dmk6603/Documents/cloned_repos_oss_swdb/FACEBOOK-Presto/presto-ml/pom.xml,,,
FACEBOOK-Presto.cdx,/Users/dmk6603/Documents/cloned_repos_oss_swdb/FACEBOOK-Presto/presto-mongodb/pom.xml,,,
FACEBOOK-Presto.cdx,/Users/dmk6603/Documents/cloned_repos_oss_swdb/FACEBOOK-Presto/presto-mysql/pom.xml,,,
FACEBOOK-Presto.cdx,/Users/dmk6603/Documents/cloned_repos_oss_swdb/FACEBOOK-Presto/presto-native-execution/pom.xml,,,
FACEBOOK-Presto.cdx,/Users/dmk6603/Documents/cloned_repos_oss_swdb/FACEBOOK-Presto/presto-native-sidecar-plugin/pom.xml,,,
FACEBOOK-Presto.cdx,/Users/dmk6603/Documents/cloned_repos_oss_swdb/FACEBOOK-Presto/presto-native-tests/pom.xml,,,
FACEBOOK-Presto.cdx,/Users/dmk6603/Documents/cloned_repos_oss_swdb/FACEBOOK-Presto/presto-node-ttl-fetchers/pom.xml,,,
FACEBOOK-Presto.cdx,/Users/dmk6603/Documents/cloned_repos_oss_swdb/FACEBOOK-Presto/presto-open-telemetry/pom.xml,,,
FACEBOOK-Presto.cdx,/Users/dmk6603/Documents/cloned_repos_oss_swdb/FACEBOOK-Presto/presto-openapi/pom.xml,,,
FACEBOOK-Presto.cdx,/Users/dmk6603/Documents/cloned_repos_oss_swdb/FACEBOOK-Presto/presto-openlineage-event-listener/pom.xml,,,
FACEBOOK-Presto.cdx,/Users/dmk6603/Documents/cloned_repos_oss_swdb/FACEBOOK-Presto/presto-oracle/pom.xml,,,
ISC-BIND.cdx,/Users/dmk6603/Documents/cloned_repos_oss_swdb/ISC-BIND/.github/workflows/codeql.yml,,,
ISC-BIND.cdx,/Users/dmk6603/Documents/cloned_repos_oss_swdb/ISC-BIND/.github/workflows/lockdown.yml,,,
ISC-BIND.cdx,/Users/dmk6603/Documents/cloned_repos_oss_swdb/ISC-BIND/.github/workflows/sonarcloud.yml,,,
ISC-BIND.cdx,/Users/dmk6603/Documents/cloned_repos_oss_swdb/ISC-BIND/doc/arm/requirements.txt,,,
ISC-BIND.cdx,SonarSource/sonarcloud-github-c-cpp,v1,,pkg:github/sonarsource/sonarcloud-github-c-cpp@v1
ISC-BIND.cdx,actions/checkout,v3,,pkg:github/actions/checkout@v3
ISC-BIND.cdx,awalsh128/cache-apt-pkgs-action,latest,,pkg:github/awalsh128/cache-apt-pkgs-action@latest
ISC-BIND.cdx,dessant/repo-lockdown,v2,,pkg:github/dessant/repo-lockdown@v2
ISC-BIND.cdx,docutils,0.21.2,,pkg:pypi/docutils@0.21.2
ISC-BIND.cdx,github/codeql-action/analyze,v2,,pkg:github/github/codeql-action@v2#analyze
ISC-BIND.cdx,github/codeql-action/autobuild,v2,,pkg:github/github/codeql-action@v2#autobuild
ISC-BIND.cdx,github/codeql-action/init,v2,,pkg:github/github/codeql-action@v2#init
ISC-BIND.cdx,sphinx,8.2.3,,pkg:pypi/sphinx@8.2.3
ISC-BIND.cdx,sphinx-rtd-theme,3.0.2,,pkg:pypi/sphinx-rtd-theme@3.0.2
Kaltura-Kaltura.cdx,/Users/dmk6603/Documents/cloned_repos_oss_swdb/Kaltura-Kaltura/.github/workflows/add_build_time.yml,,,
Kaltura-Kaltura.cdx,/Users/dmk6603/Documents/cloned_repos_oss_swdb/Kaltura-Kaltura/.github/workflows/add_copilot_review_on_pr.yml,,,
Kaltura-Kaltura.cdx,actions/checkout,v4,,pkg:github/actions/checkout@v4
Kaltura-Kaltura.cdx,actions/github-script,v7,,pkg:github/actions/github-script@v7
Live_Helper-Live_Helper_Chat.cdx,/Users/dmk6603/Documents/cloned_repos_oss_swdb/Live_Helper-Live_Helper_Chat/lhc_web/composer.lock,,,
Live_Helper-Live_Helper_Chat.cdx,/Users/dmk6603/Documents/cloned_repos_oss_swdb/Live_Helper-Live_Helper_Chat/lhc_web/design/defaulttheme/js/admin/package-lock.json,,,
Live_Helper-Live_Helper_Chat.cdx,/Users/dmk6603/Documents/cloned_repos_oss_swdb/Live_Helper-Live_Helper_Chat/lhc_web/design/defaulttheme/js/react/package-lock.json,,,
Live_Helper-Live_Helper_Chat.cdx,/Users/dmk6603/Documents/cloned_repos_oss_swdb/Live_Helper-Live_Helper_Chat/lhc_web/design/defaulttheme/js/svelte/package-lock.json,,,
Live_Helper-Live_Helper_Chat.cdx,/Users/dmk6603/Documents/cloned_repos_oss_swdb/Live_Helper-Live_Helper_Chat/lhc_web/design/defaulttheme/widget/react-app/package-lock.json,,,
Live_Helper-Live_Helper_Chat.cdx,/Users/dmk6603/Documents/cloned_repos_oss_swdb/Live_Helper-Live_Helper_Chat/lhc_web/design/defaulttheme/widget/voice-call-operator/package-lock.json,,,
Live_Helper-Live_Helper_Chat.cdx,/Users/dmk6603/Documents/cloned_repos_oss_swdb/Live_Helper-Live_Helper_Chat/lhc_web/design/defaulttheme/widget/wrapper/package-lock.json,,,
Live_Helper-Live_Helper_Chat.cdx,/Users/dmk6603/Documents/cloned_repos_oss_swdb/Live_Helper-Live_Helper_Chat/lhc_web/package-lock.json,,,
Live_Helper-Live_Helper_Chat.cdx,@agora-js/media,4.24.1,,pkg:npm/%40agora-js/media@4.24.1
Live_Helper-Live_Helper_Chat.cdx,@agora-js/report,4.24.1,,pkg:npm/%40agora-js/report@4.24.1
Live_Helper-Live_Helper_Chat.cdx,@agora-js/shared,4.24.1,,pkg:npm/%40agora-js/shared@4.24.1
Live_Helper-Live_Helper_Chat.cdx,@ampproject/remapping,2.3.0,,pkg:npm/%40ampproject/remapping@2.3.0
Live_Helper-Live_Helper_Chat.cdx,@babel/code-frame,7.27.1,,pkg:npm/%40babel/code-frame@7.27.1
Live_Helper-Live_Helper_Chat.cdx,@babel/compat-data,7.28.5,,pkg:npm/%40babel/compat-data@7.28.5
Live_Helper-Live_Helper_Chat.cdx,@babel/core,7.28.5,,pkg:npm/%40babel/core@7.28.5
Live_Helper-Live_Helper_Chat.cdx,@babel/core,7.27.4,,pkg:npm/%40babel/core@7.27.4
Live_Helper-Live_Helper_Chat.cdx,@babel/generator,7.28.5,,pkg:npm/%40babel/generator@7.28.5
Live_Helper-Live_Helper_Chat.cdx,@babel/helper-annotate-as-pure,7.27.3,,pkg:npm/%40babel/helper-annotate-as-pure@7.27.3
Live_Helper-Live_Helper_Chat.cdx,@babel/helper-compilation-targets,7.27.2,,pkg:npm/%40babel/helper-compilation-targets@7.27.2
Live_Helper-Live_Helper_Chat.cdx,@babel/helper-create-class-features-plugin,7.28.5,,pkg:npm/%40babel/helper-create-class-features-plugin@7.28.5
Live_Helper-Live_Helper_Chat.cdx,@babel/helper-create-regexp-features-plugin,7.28.5,,pkg:npm/%40babel/helper-create-regexp-features-plugin@7.28.5
Live_Helper-Live_Helper_Chat.cdx,@babel/helper-create-regexp-features-plugin,7.27.1,,pkg:npm/%40babel/helper-create-regexp-features-plugin@7.27.1
Live_Helper-Live_Helper_Chat.cdx,@babel/helper-define-polyfill-provider,0.6.5,,pkg:npm/%40babel/helper-define-polyfill-provider@0.6.5
Live_Helper-Live_Helper_Chat.cdx,@babel/helper-globals,7.28.0,,pkg:npm/%40babel/helper-globals@7.28.0
Live_Helper-Live_Helper_Chat.cdx,@babel/helper-member-expression-to-functions,7.28.5,,pkg:npm/%40babel/helper-member-expression-to-functions@7.28.5
Live_Helper-Live_Helper_Chat.cdx,@babel/helper-module-imports,7.27.1,,pkg:npm/%40babel/helper-module-imports@7.27.1
Live_Helper-Live_Helper_Chat.cdx,@babel/helper-module-transforms,7.28.3,,pkg:npm/%40babel/helper-module-transforms@7.28.3
Live_Helper-Live_Helper_Chat.cdx,@babel/helper-optimise-call-expression,7.27.1,,pkg:npm/%40babel/helper-optimise-call-expression@7.27.1
Live_Helper-Live_Helper_Chat.cdx,@babel/helper-plugin-utils,7.27.1,,pkg:npm/%40babel/helper-plugin-utils@7.27.1
Live_Helper-Live_Helper_Chat.cdx,@babel/helper-remap-async-to-generator,7.27.1,,pkg:npm/%40babel/helper-remap-async-to-generator@7.27.1
Live_Helper-Live_Helper_Chat.cdx,@babel/helper-replace-supers,7.27.1,,pkg:npm/%40babel/helper-replace-supers@7.27.1
Live_Helper-Live_Helper_Chat.cdx,@babel/helper-skip-transparent-expression-wrappers,7.27.1,,pkg:npm/%40babel/helper-skip-transparent-expression-wrappers@7.27.1
Live_Helper-Live_Helper_Chat.cdx,@babel/helper-string-parser,7.27.1,,pkg:npm/%40babel/helper-string-parser@7.27.1
Live_Helper-Live_Helper_Chat.cdx,@babel/helper-validator-identifier,7.28.5,,pkg:npm/%40babel/helper-validator-identifier@7.28.5
Live_Helper-Live_Helper_Chat.cdx,@babel/helper-validator-option,7.27.1,,pkg:npm/%40babel/helper-validator-option@7.27.1
Live_Helper-Live_Helper_Chat.cdx,@babel/helper-wrap-function,7.28.3,,pkg:npm/%40babel/helper-wrap-function@7.28.3
Live_Helper-Live_Helper_Chat.cdx,@babel/helper-wrap-function,7.27.1,,pkg:npm/%40babel/helper-wrap-function@7.27.1
Live_Helper-Live_Helper_Chat.cdx,@babel/helpers,7.28.4,,pkg:npm/%40babel/helpers@7.28.4
Live_Helper-Live_Helper_Chat.cdx,@babel/helpers,7.27.6,,pkg:npm/%40babel/helpers@7.27.6
Live_Helper-Live_Helper_Chat.cdx,@babel/parser,7.28.5,,pkg:npm/%40babel/parser@7.28.5
Live_Helper-Live_Helper_Chat.cdx,@babel/plugin-bugfix-firefox-class-in-computed-class-key,7.28.5,,pkg:npm/%40babel/plugin-bugfix-firefox-class-in-computed-class-key@7.28.5
Live_Helper-Live_Helper_Chat.cdx,@babel/plugin-bugfix-safari-class-field-initializer-scope,7.27.1,,pkg:npm/%40babel/plugin-bugfix-safari-class-field-initializer-scope@7.27.1
Live_Helper-Live_Helper_Chat.cdx,@babel/plugin-bugfix-safari-id-destructuring-collision-in-function-expression,7.27.1,,pkg:npm/%40babel/plugin-bugfix-safari-id-destructuring-collision-in-function-expression@7.27.1
Live_Helper-Live_Helper_Chat.cdx,@babel/plugin-bugfix-v8-spread-parameters-in-optional-chaining,7.27.1,,pkg:npm/%40babel/plugin-bugfix-v8-spread-parameters-in-optional-chaining@7.27.1
Live_Helper-Live_Helper_Chat.cdx,@babel/plugin-bugfix-v8-static-class-fields-redefine-readonly,7.28.3,,pkg:npm/%40babel/plugin-bugfix-v8-static-class-fields-redefine-readonly@7.28.3
Live_Helper-Live_Helper_Chat.cdx,@babel/plugin-proposal-class-properties,7.18.6,,pkg:npm/%40babel/plugin-proposal-class-properties@7.18.6
Live_Helper-Live_Helper_Chat.cdx,@babel/plugin-proposal-decorators,7.28.0,,pkg:npm/%40babel/plugin-proposal-decorators@7.28.0
Live_Helper-Live_Helper_Chat.cdx,@babel/plugin-proposal-private-property-in-object,7.21.0-placeholder-for-preset-env.2,,pkg:npm/%40babel/plugin-proposal-private-property-in-object@7.21.0-placeholder-for-preset-env.2
Live_Helper-Live_Helper_Chat.cdx,@babel/plugin-syntax-decorators,7.27.1,,pkg:npm/%40babel/plugin-syntax-decorators@7.27.1
Live_Helper-Live_Helper_Chat.cdx,@babel/plugin-syntax-dynamic-import,7.8.3,,pkg:npm/%40babel/plugin-syntax-dynamic-import@7.8.3
Live_Helper-Live_Helper_Chat.cdx,@babel/plugin-syntax-import-assertions,7.27.1,,pkg:npm/%40babel/plugin-syntax-import-assertions@7.27.1
Live_Helper-Live_Helper_Chat.cdx,@babel/plugin-syntax-import-attributes,7.27.1,,pkg:npm/%40babel/plugin-syntax-import-attributes@7.27.1
Live_Helper-Live_Helper_Chat.cdx,@babel/plugin-syntax-jsx,7.27.1,,pkg:npm/%40babel/plugin-syntax-jsx@7.27.1
Live_Helper-Live_Helper_Chat.cdx,@babel/plugin-syntax-unicode-sets-regex,7.18.6,,pkg:npm/%40babel/plugin-syntax-unicode-sets-regex@7.18.6
Live_Helper-Live_Helper_Chat.cdx,@babel/plugin-transform-arrow-functions,7.27.1,,pkg:npm/%40babel/plugin-transform-arrow-functions@7.27.1
Live_Helper-Live_Helper_Chat.cdx,@babel/plugin-transform-async-generator-functions,7.28.0,,pkg:npm/%40babel/plugin-transform-async-generator-functions@7.28.0
Live_Helper-Live_Helper_Chat.cdx,@babel/plugin-transform-async-to-generator,7.27.1,,pkg:npm/%40babel/plugin-transform-async-to-generator@7.27.1
Live_Helper-Live_Helper_Chat.cdx,@babel/plugin-transform-block-scoped-functions,7.27.1,,pkg:npm/%40babel/plugin-transform-block-scoped-functions@7.27.1
Live_Helper-Live_Helper_Chat.cdx,@babel/plugin-transform-block-scoping,7.28.5,,pkg:npm/%40babel/plugin-transform-block-scoping@7.28.5
Live_Helper-Live_Helper_Chat.cdx,@babel/plugin-transform-class-properties,7.27.1,,pkg:npm/%40babel/plugin-transform-class-properties@7.27.1
Live_Helper-Live_Helper_Chat.cdx,@babel/plugin-transform-class-static-block,7.28.3,,pkg:npm/%40babel/plugin-transform-class-static-block@7.28.3
Live_Helper-Live_Helper_Chat.cdx,@babel/plugin-transform-classes,7.28.4,,pkg:npm/%40babel/plugin-transform-classes@7.28.4
Live_Helper-Live_Helper_Chat.cdx,@babel/plugin-transform-computed-properties,7.27.1,,pkg:npm/%40babel/plugin-transform-computed-properties@7.27.1
Live_Helper-Live_Helper_Chat.cdx,@babel/plugin-transform-destructuring,7.28.5,,pkg:npm/%40babel/plugin-transform-destructuring@7.28.5
Live_Helper-Live_Helper_Chat.cdx,@babel/plugin-transform-dotall-regex,7.27.1,,pkg:npm/%40babel/plugin-transform-dotall-regex@7.27.1
Live_Helper-Live_Helper_Chat.cdx,@babel/plugin-transform-duplicate-keys,7.27.1,,pkg:npm/%40babel/plugin-transform-duplicate-keys@7.27.1
Live_Helper-Live_Helper_Chat.cdx,@babel/plugin-transform-duplicate-named-capturing-groups-regex,7.27.1,,pkg:npm/%40babel/plugin-transform-duplicate-named-capturing-groups-regex@7.27.1
Live_Helper-Live_Helper_Chat.cdx,@babel/plugin-transform-dynamic-import,7.27.1,,pkg:npm/%40babel/plugin-transform-dynamic-import@7.27.1
Live_Helper-Live_Helper_Chat.cdx,@babel/plugin-transform-explicit-resource-management,7.28.0,,pkg:npm/%40babel/plugin-transform-explicit-resource-management@7.28.0
Live_Helper-Live_Helper_Chat.cdx,@babel/plugin-transform-exponentiation-operator,7.28.5,,pkg:npm/%40babel/plugin-transform-exponentiation-operator@7.28.5
Live_Helper-Live_Helper_Chat.cdx,@babel/plugin-transform-export-namespace-from,7.27.1,,pkg:npm/%40babel/plugin-transform-export-namespace-from@7.27.1
Live_Helper-Live_Helper_Chat.cdx,@babel/plugin-transform-for-of,7.27.1,,pkg:npm/%40babel/plugin-transform-for-of@7.27.1
Live_Helper-Live_Helper_Chat.cdx,@babel/plugin-transform-function-name,7.27.1,,pkg:npm/%40babel/plugin-transform-function-name@7.27.1
Live_Helper-Live_Helper_Chat.cdx,@babel/plugin-transform-json-strings,7.27.1,,pkg:npm/%40babel/plugin-transform-json-strings@7.27.1
Live_Helper-Live_Helper_Chat.cdx,@babel/plugin-transform-literals,7.27.1,,pkg:npm/%40babel/plugin-transform-literals@7.27.1
Live_Helper-Live_Helper_Chat.cdx,@babel/plugin-transform-logical-assignment-operators,7.28.5,,pkg:npm/%40babel/plugin-transform-logical-assignment-operators@7.28.5
Live_Helper-Live_Helper_Chat.cdx,@babel/plugin-transform-member-expression-literals,7.27.1,,pkg:npm/%40babel/plugin-transform-member-expression-literals@7.27.1
Live_Helper-Live_Helper_Chat.cdx,@babel/plugin-transform-modules-amd,7.27.1,,pkg:npm/%40babel/plugin-transform-modules-amd@7.27.1
Live_Helper-Live_Helper_Chat.cdx,@babel/plugin-transform-modules-commonjs,7.27.1,,pkg:npm/%40babel/plugin-transform-modules-commonjs@7.27.1
Live_Helper-Live_Helper_Chat.cdx,@babel/plugin-transform-modules-systemjs,7.28.5,,pkg:npm/%40babel/plugin-transform-modules-systemjs@7.28.5
Live_Helper-Live_Helper_Chat.cdx,@babel/plugin-transform-modules-umd,7.27.1,,pkg:npm/%40babel/plugin-transform-modules-umd@7.27.1
Live_Helper-Live_Helper_Chat.cdx,@babel/plugin-transform-named-capturing-groups-regex,7.27.1,,pkg:npm/%40babel/plugin-transform-named-capturing-groups-regex@7.27.1
Live_Helper-Live_Helper_Chat.cdx,@babel/plugin-transform-new-target,7.27.1,,pkg:npm/%40babel/plugin-transform-new-target@7.27.1
Live_Helper-Live_Helper_Chat.cdx,@babel/plugin-transform-nullish-coalescing-operator,7.27.1,,pkg:npm/%40babel/plugin-transform-nullish-coalescing-operator@7.27.1
Live_Helper-Live_Helper_Chat.cdx,@babel/plugin-transform-numeric-separator,7.27.1,,pkg:npm/%40babel/plugin-transform-numeric-separator@7.27.1
Live_Helper-Live_Helper_Chat.cdx,@babel/plugin-transform-object-rest-spread,7.28.4,,pkg:npm/%40babel/plugin-transform-object-rest-spread@7.28.4
Live_Helper-Live_Helper_Chat.cdx,@babel/plugin-transform-object-super,7.27.1,,pkg:npm/%40babel/plugin-transform-object-super@7.27.1
Live_Helper-Live_Helper_Chat.cdx,@babel/plugin-transform-optional-catch-binding,7.27.1,,pkg:npm/%40babel/plugin-transform-optional-catch-binding@7.27.1
Live_Helper-Live_Helper_Chat.cdx,@babel/plugin-transform-optional-chaining,7.28.5,,pkg:npm/%40babel/plugin-transform-optional-chaining@7.28.5
Live_Helper-Live_Helper_Chat.cdx,@babel/plugin-transform-parameters,7.27.7,,pkg:npm/%40babel/plugin-transform-parameters@7.27.7
Live_Helper-Live_Helper_Chat.cdx,@babel/plugin-transform-private-methods,7.27.1,,pkg:npm/%40babel/plugin-transform-private-methods@7.27.1
Live_Helper-Live_Helper_Chat.cdx,@babel/plugin-transform-private-property-in-object,7.27.1,,pkg:npm/%40babel/plugin-transform-private-property-in-object@7.27.1
Live_Helper-Live_Helper_Chat.cdx,@babel/plugin-transform-property-literals,7.27.1,,pkg:npm/%40babel/plugin-transform-property-literals@7.27.1
Live_Helper-Live_Helper_Chat.cdx,@babel/plugin-transform-react-display-name,7.28.0,,pkg:npm/%40babel/plugin-transform-react-display-name@7.28.0
Live_Helper-Live_Helper_Chat.cdx,@babel/plugin-transform-react-jsx,7.27.1,,pkg:npm/%40babel/plugin-transform-react-jsx@7.27.1
Live_Helper-Live_Helper_Chat.cdx,@babel/plugin-transform-react-jsx-development,7.27.1,,pkg:npm/%40babel/plugin-transform-react-jsx-development@7.27.1
Live_Helper-Live_Helper_Chat.cdx,@babel/plugin-transform-react-pure-annotations,7.27.1,,pkg:npm/%40babel/plugin-transform-react-pure-annotations@7.27.1
Live_Helper-Live_Helper_Chat.cdx,@babel/plugin-transform-regenerator,7.28.4,,pkg:npm/%40babel/plugin-transform-regenerator@7.28.4
Live_Helper-Live_Helper_Chat.cdx,@babel/plugin-transform-regexp-modifiers,7.27.1,,pkg:npm/%40babel/plugin-transform-regexp-modifiers@7.27.1
Live_Helper-Live_Helper_Chat.cdx,@babel/plugin-transform-reserved-words,7.27.1,,pkg:npm/%40babel/plugin-transform-reserved-words@7.27.1
MoinMoin_GmbH-MoinMoin.cdx,/Users/dmk6603/Documents/cloned_repos_oss_swdb/MoinMoin_GmbH-MoinMoin/.github/workflows/bandit.yml,,,
MoinMoin_GmbH-MoinMoin.cdx,/Users/dmk6603/Documents/cloned_repos_oss_swdb/MoinMoin_GmbH-MoinMoin/.github/workflows/black.yaml,,,
MoinMoin_GmbH-MoinMoin.cdx,/Users/dmk6603/Documents/cloned_repos_oss_swdb/MoinMoin_GmbH-MoinMoin/.github/workflows/ci.yml,,,
MoinMoin_GmbH-MoinMoin.cdx,actions/checkout,v4,,pkg:github/actions/checkout@v4
MoinMoin_GmbH-MoinMoin.cdx,actions/setup-python,v5,,pkg:github/actions/setup-python@v5
MoinMoin_GmbH-MoinMoin.cdx,actions/upload-artifact,v4,,pkg:github/actions/upload-artifact@v4
MoinMoin_GmbH-MoinMoin.cdx,github/codeql-action/upload-sarif,v4,,pkg:github/github/codeql-action@v4#upload-sarif
MoinMoin_GmbH-MoinMoin.cdx,psf/black,stable,,pkg:github/psf/black@stable
MyBB_Group-MyBB.cdx,/Users/dmk6603/Documents/cloned_repos_oss_swdb/MyBB_Group-MyBB/.github/workflows/branch-mergeability.yml,,,
MyBB_Group-MyBB.cdx,/Users/dmk6603/Documents/cloned_repos_oss_swdb/MyBB_Group-MyBB/.github/workflows/build-package.yml,,,
MyBB_Group-MyBB.cdx,/Users/dmk6603/Documents/cloned_repos_oss_swdb/MyBB_Group-MyBB/.github/workflows/code-style-check.yml,,,
MyBB_Group-MyBB.cdx,/Users/dmk6603/Documents/cloned_repos_oss_swdb/MyBB_Group-MyBB/.github/workflows/php-syntax-check.yml,,,
MyBB_Group-MyBB.cdx,/Users/dmk6603/Documents/cloned_repos_oss_swdb/MyBB_Group-MyBB/.github/workflows/phpunit.yml,,,
MyBB_Group-MyBB.cdx,/Users/dmk6603/Documents/cloned_repos_oss_swdb/MyBB_Group-MyBB/.github/workflows/xml-syntax-check.yml,,,
MyBB_Group-MyBB.cdx,/Users/dmk6603/Documents/cloned_repos_oss_swdb/MyBB_Group-MyBB/composer.lock,,,
MyBB_Group-MyBB.cdx,actions/checkout,v4,,pkg:github/actions/checkout@v4
MyBB_Group-MyBB.cdx,actions/checkout,v2,,pkg:github/actions/checkout@v2
MyBB_Group-MyBB.cdx,actions/upload-artifact,v4,,pkg:github/actions/upload-artifact@v4
MyBB_Group-MyBB.cdx,carbonphp/carbon-doctrine-types,3.2.0,,pkg:composer/carbonphp/carbon-doctrine-types@3.2.0
MyBB_Group-MyBB.cdx,doctrine/inflector,2.0.10,,pkg:composer/doctrine/inflector@2.0.10
MyBB_Group-MyBB.cdx,fruitcake/php-cors,v1.3.0,,pkg:composer/fruitcake/php-cors@v1.3.0
MyBB_Group-MyBB.cdx,guzzlehttp/uri-template,v1.0.4,,pkg:composer/guzzlehttp/uri-template@v1.0.4
MyBB_Group-MyBB.cdx,illuminate/bus,v10.48.28,,pkg:composer/illuminate/bus@v10.48.28
MyBB_Group-MyBB.cdx,illuminate/collections,v10.48.28,,pkg:composer/illuminate/collections@v10.48.28
MyBB_Group-MyBB.cdx,illuminate/conditionable,v10.48.28,,pkg:composer/illuminate/conditionable@v10.48.28
MyBB_Group-MyBB.cdx,illuminate/config,v10.48.28,,pkg:composer/illuminate/config@v10.48.28
MyBB_Group-MyBB.cdx,illuminate/container,v10.48.28,,pkg:composer/illuminate/container@v10.48.28
MyBB_Group-MyBB.cdx,illuminate/contracts,v10.48.28,,pkg:composer/illuminate/contracts@v10.48.28
MyBB_Group-MyBB.cdx,illuminate/events,v10.48.28,,pkg:composer/illuminate/events@v10.48.28
MyBB_Group-MyBB.cdx,illuminate/filesystem,v10.48.28,,pkg:composer/illuminate/filesystem@v10.48.28
MyBB_Group-MyBB.cdx,illuminate/hashing,v10.48.28,,pkg:composer/illuminate/hashing@v10.48.28
MyBB_Group-MyBB.cdx,illuminate/http,v10.48.28,,pkg:composer/illuminate/http@v10.48.28
MyBB_Group-MyBB.cdx,illuminate/macroable,v10.48.28,,pkg:composer/illuminate/macroable@v10.48.28
MyBB_Group-MyBB.cdx,illuminate/pipeline,v10.48.28,,pkg:composer/illuminate/pipeline@v10.48.28
MyBB_Group-MyBB.cdx,illuminate/routing,v10.48.28,,pkg:composer/illuminate/routing@v10.48.28
MyBB_Group-MyBB.cdx,illuminate/session,v10.48.28,,pkg:composer/illuminate/session@v10.48.28
MyBB_Group-MyBB.cdx,illuminate/support,v10.48.28,,pkg:composer/illuminate/support@v10.48.28
MyBB_Group-MyBB.cdx,laravel/helpers,v1.7.2,,pkg:composer/laravel/helpers@v1.7.2
MyBB_Group-MyBB.cdx,nesbot/carbon,2.73.0,,pkg:composer/nesbot/carbon@2.73.0
MyBB_Group-MyBB.cdx,psr/clock,1.0.0,,pkg:composer/psr/clock@1.0.0
MyBB_Group-MyBB.cdx,psr/container,2.0.2,,pkg:composer/psr/container@2.0.2
MyBB_Group-MyBB.cdx,psr/event-dispatcher,1.0.0,,pkg:composer/psr/event-dispatcher@1.0.0
MyBB_Group-MyBB.cdx,psr/log,3.0.2,,pkg:composer/psr/log@3.0.2
MyBB_Group-MyBB.cdx,psr/simple-cache,3.0.0,,pkg:composer/psr/simple-cache@3.0.0
MyBB_Group-MyBB.cdx,scssphp/scssphp,v1.13.0,,pkg:composer/scssphp/scssphp@v1.13.0
MyBB_Group-MyBB.cdx,shivammathur/setup-php,v2,,pkg:github/shivammathur/setup-php@v2
MyBB_Group-MyBB.cdx,symfony/console,v7.3.1,,pkg:composer/symfony/console@v7.3.1
MyBB_Group-MyBB.cdx,symfony/deprecation-contracts,v3.6.0,,pkg:composer/symfony/deprecation-contracts@v3.6.0
MyBB_Group-MyBB.cdx,symfony/error-handler,v7.3.1,,pkg:composer/symfony/error-handler@v7.3.1
MyBB_Group-MyBB.cdx,symfony/event-dispatcher,v7.3.0,,pkg:composer/symfony/event-dispatcher@v7.3.0
MyBB_Group-MyBB.cdx,symfony/event-dispatcher-contracts,v3.6.0,,pkg:composer/symfony/event-dispatcher-contracts@v3.6.0
MyBB_Group-MyBB.cdx,symfony/filesystem,v7.3.0,,pkg:composer/symfony/filesystem@v7.3.0
MyBB_Group-MyBB.cdx,symfony/finder,v6.4.17,,pkg:composer/symfony/finder@v6.4.17
MyBB_Group-MyBB.cdx,symfony/http-foundation,v6.4.29,,pkg:composer/symfony/http-foundation@v6.4.29
MyBB_Group-MyBB.cdx,symfony/http-kernel,v6.4.23,,pkg:composer/symfony/http-kernel@v6.4.23
MyBB_Group-MyBB.cdx,symfony/mime,v6.4.26,,pkg:composer/symfony/mime@v6.4.26
MyBB_Group-MyBB.cdx,symfony/polyfill-ctype,v1.33.0,,pkg:composer/symfony/polyfill-ctype@v1.33.0
MyBB_Group-MyBB.cdx,symfony/polyfill-intl-grapheme,v1.33.0,,pkg:composer/symfony/polyfill-intl-grapheme@v1.33.0
MyBB_Group-MyBB.cdx,symfony/polyfill-intl-idn,v1.33.0,,pkg:composer/symfony/polyfill-intl-idn@v1.33.0
MyBB_Group-MyBB.cdx,symfony/polyfill-intl-normalizer,v1.33.0,,pkg:composer/symfony/polyfill-intl-normalizer@v1.33.0
MyBB_Group-MyBB.cdx,symfony/polyfill-mbstring,v1.33.0,,pkg:composer/symfony/polyfill-mbstring@v1.33.0
MyBB_Group-MyBB.cdx,symfony/polyfill-php80,v1.33.0,,pkg:composer/symfony/polyfill-php80@v1.33.0
MyBB_Group-MyBB.cdx,symfony/polyfill-php83,v1.33.0,,pkg:composer/symfony/polyfill-php83@v1.33.0
MyBB_Group-MyBB.cdx,symfony/routing,v6.4.22,,pkg:composer/symfony/routing@v6.4.22
MyBB_Group-MyBB.cdx,symfony/service-contracts,v3.6.0,,pkg:composer/symfony/service-contracts@v3.6.0
MyBB_Group-MyBB.cdx,symfony/string,v7.3.4,,pkg:composer/symfony/string@v7.3.4
MyBB_Group-MyBB.cdx,symfony/translation,v6.4.23,,pkg:composer/symfony/translation@v6.4.23
MyBB_Group-MyBB.cdx,symfony/translation-contracts,v3.6.0,,pkg:composer/symfony/translation-contracts@v3.6.0
MyBB_Group-MyBB.cdx,symfony/var-dumper,v7.3.1,,pkg:composer/symfony/var-dumper@v7.3.1
MyBB_Group-MyBB.cdx,twig/twig,v3.21.1,,pkg:composer/twig/twig@v3.21.1
MyBB_Group-MyBB.cdx,voku/portable-ascii,2.0.3,,pkg:composer/voku/portable-ascii@2.0.3
NodeBB-NodeBB.cdx,/Users/dmk6603/Documents/cloned_repos_oss_swdb/NodeBB-NodeBB/.github/workflows/docker.yml,,,
NodeBB-NodeBB.cdx,/Users/dmk6603/Documents/cloned_repos_oss_swdb/NodeBB-NodeBB/.github/workflows/test.yaml,,,
NodeBB-NodeBB.cdx,actions/cache,v5,,pkg:github/actions/cache@v5
NodeBB-NodeBB.cdx,actions/checkout,v6,,pkg:github/actions/checkout@v6
NodeBB-NodeBB.cdx,actions/download-artifact,v8,,pkg:github/actions/download-artifact@v8
NodeBB-NodeBB.cdx,actions/setup-node,v6,,pkg:github/actions/setup-node@v6
NodeBB-NodeBB.cdx,actions/upload-artifact,v7,,pkg:github/actions/upload-artifact@v7
NodeBB-NodeBB.cdx,bahmutov/npm-install,v1,,pkg:github/bahmutov/npm-install@v1
NodeBB-NodeBB.cdx,coverallsapp/github-action,v2.3.6,,pkg:github/coverallsapp/github-action@v2.3.6
NodeBB-NodeBB.cdx,docker/build-push-action,v7,,pkg:github/docker/build-push-action@v7
NodeBB-NodeBB.cdx,docker/login-action,v4,,pkg:github/docker/login-action@v4
NodeBB-NodeBB.cdx,docker/metadata-action,v6,,pkg:github/docker/metadata-action@v6
NodeBB-NodeBB.cdx,docker/setup-buildx-action,v4,,pkg:github/docker/setup-buildx-action@v4
PowerDNS-DNS_Server.cdx,./.github/actions/cache,UNKNOWN,,
PowerDNS-DNS_Server.cdx,./.github/actions/normalize-branch-name,UNKNOWN,,
PowerDNS-DNS_Server.cdx,./.github/actions/pip-build-dependencies,UNKNOWN,,
PowerDNS-DNS_Server.cdx,./.github/actions/problem-matchers,UNKNOWN,,
PowerDNS-DNS_Server.cdx,/Users/dmk6603/Documents/cloned_repos_oss_swdb/PowerDNS-DNS_Server/.github/actions/cache/action.yml,,,
PowerDNS-DNS_Server.cdx,/Users/dmk6603/Documents/cloned_repos_oss_swdb/PowerDNS-DNS_Server/.github/workflows/build-and-test-all-releases-dispatch.yml,,,
PowerDNS-DNS_Server.cdx,/Users/dmk6603/Documents/cloned_repos_oss_swdb/PowerDNS-DNS_Server/.github/workflows/build-and-test-all.yml,,,
PowerDNS-DNS_Server.cdx,/Users/dmk6603/Documents/cloned_repos_oss_swdb/PowerDNS-DNS_Server/.github/workflows/build-docker-images-dispatch.yml,,,
PowerDNS-DNS_Server.cdx,/Users/dmk6603/Documents/cloned_repos_oss_swdb/PowerDNS-DNS_Server/.github/workflows/build-docker-images-tags.yml,,,
PowerDNS-DNS_Server.cdx,/Users/dmk6603/Documents/cloned_repos_oss_swdb/PowerDNS-DNS_Server/.github/workflows/build-docker-images.yml,,,
PowerDNS-DNS_Server.cdx,/Users/dmk6603/Documents/cloned_repos_oss_swdb/PowerDNS-DNS_Server/.github/workflows/build-exotic-distributions-packages-dispatch.yml,,,
PowerDNS-DNS_Server.cdx,/Users/dmk6603/Documents/cloned_repos_oss_swdb/PowerDNS-DNS_Server/.github/workflows/build-packages-daily-master.yml,,,
PowerDNS-DNS_Server.cdx,/Users/dmk6603/Documents/cloned_repos_oss_swdb/PowerDNS-DNS_Server/.github/workflows/build-packages-daily-releases.yml,,,
PowerDNS-DNS_Server.cdx,/Users/dmk6603/Documents/cloned_repos_oss_swdb/PowerDNS-DNS_Server/.github/workflows/build-packages.yml,,,
PowerDNS-DNS_Server.cdx,/Users/dmk6603/Documents/cloned_repos_oss_swdb/PowerDNS-DNS_Server/.github/workflows/build-tags.yml,,,
PowerDNS-DNS_Server.cdx,/Users/dmk6603/Documents/cloned_repos_oss_swdb/PowerDNS-DNS_Server/.github/workflows/builder-dispatch.yml,,,
PowerDNS-DNS_Server.cdx,/Users/dmk6603/Documents/cloned_repos_oss_swdb/PowerDNS-DNS_Server/.github/workflows/builder.yml,,,
PowerDNS-DNS_Server.cdx,/Users/dmk6603/Documents/cloned_repos_oss_swdb/PowerDNS-DNS_Server/.github/workflows/check-rust-dependencies-on-pr.yml,,,
PowerDNS-DNS_Server.cdx,/Users/dmk6603/Documents/cloned_repos_oss_swdb/PowerDNS-DNS_Server/.github/workflows/codeql-analysis.yml,,,
PowerDNS-DNS_Server.cdx,/Users/dmk6603/Documents/cloned_repos_oss_swdb/PowerDNS-DNS_Server/.github/workflows/coverity-dispatch.yml,,,
PowerDNS-DNS_Server.cdx,/Users/dmk6603/Documents/cloned_repos_oss_swdb/PowerDNS-DNS_Server/.github/workflows/coverity.yml,,,
PowerDNS-DNS_Server.cdx,/Users/dmk6603/Documents/cloned_repos_oss_swdb/PowerDNS-DNS_Server/.github/workflows/daily-rust-audit.yml,,,
PowerDNS-DNS_Server.cdx,/Users/dmk6603/Documents/cloned_repos_oss_swdb/PowerDNS-DNS_Server/.github/workflows/dco.yml,,,
PowerDNS-DNS_Server.cdx,/Users/dmk6603/Documents/cloned_repos_oss_swdb/PowerDNS-DNS_Server/.github/workflows/docker.yml,,,
PowerDNS-DNS_Server.cdx,/Users/dmk6603/Documents/cloned_repos_oss_swdb/PowerDNS-DNS_Server/.github/workflows/documentation.yml,,,
PowerDNS-DNS_Server.cdx,/Users/dmk6603/Documents/cloned_repos_oss_swdb/PowerDNS-DNS_Server/.github/workflows/formatting.yml,,,
PowerDNS-DNS_Server.cdx,/Users/dmk6603/Documents/cloned_repos_oss_swdb/PowerDNS-DNS_Server/.github/workflows/fuzz.yml,,,
PowerDNS-DNS_Server.cdx,/Users/dmk6603/Documents/cloned_repos_oss_swdb/PowerDNS-DNS_Server/.github/workflows/misc-dailies.yml,,,
PowerDNS-DNS_Server.cdx,/Users/dmk6603/Documents/cloned_repos_oss_swdb/PowerDNS-DNS_Server/.github/workflows/secpoll.yml,,,
PowerDNS-DNS_Server.cdx,/Users/dmk6603/Documents/cloned_repos_oss_swdb/PowerDNS-DNS_Server/.github/workflows/spelling3.yml,,,
PowerDNS-DNS_Server.cdx,/Users/dmk6603/Documents/cloned_repos_oss_swdb/PowerDNS-DNS_Server/.github/workflows/verify-pinned-python-packages.yml,,,
PowerDNS-DNS_Server.cdx,/Users/dmk6603/Documents/cloned_repos_oss_swdb/PowerDNS-DNS_Server/build-scripts/docker/repo-test/requirements.txt,,,
PowerDNS-DNS_Server.cdx,/Users/dmk6603/Documents/cloned_repos_oss_swdb/PowerDNS-DNS_Server/builder-support/requirements.txt,,,
PowerDNS-DNS_Server.cdx,/Users/dmk6603/Documents/cloned_repos_oss_swdb/PowerDNS-DNS_Server/docs/requirements.txt,,,
PowerDNS-DNS_Server.cdx,/Users/dmk6603/Documents/cloned_repos_oss_swdb/PowerDNS-DNS_Server/meson/requirements.txt,,,
PowerDNS-DNS_Server.cdx,/Users/dmk6603/Documents/cloned_repos_oss_swdb/PowerDNS-DNS_Server/modules/remotebackend/requirements.txt,,,
PowerDNS-DNS_Server.cdx,/Users/dmk6603/Documents/cloned_repos_oss_swdb/PowerDNS-DNS_Server/pdns/dnsdistdist/dnsdist-rust-lib/rust/Cargo.lock,,,
PowerDNS-DNS_Server.cdx,/Users/dmk6603/Documents/cloned_repos_oss_swdb/PowerDNS-DNS_Server/pdns/dnsdistdist/docs/requirements.txt,,,
PowerDNS-DNS_Server.cdx,/Users/dmk6603/Documents/cloned_repos_oss_swdb/PowerDNS-DNS_Server/pdns/keyroller/requirements.txt,,,
PowerDNS-DNS_Server.cdx,/Users/dmk6603/Documents/cloned_repos_oss_swdb/PowerDNS-DNS_Server/pdns/recursordist/docs/requirements.txt,,,
PowerDNS-DNS_Server.cdx,/Users/dmk6603/Documents/cloned_repos_oss_swdb/PowerDNS-DNS_Server/pdns/recursordist/rec-rust-lib/rust/Cargo.lock,,,
PowerDNS-DNS_Server.cdx,/Users/dmk6603/Documents/cloned_repos_oss_swdb/PowerDNS-DNS_Server/pdns/requirements.txt,,,
PowerDNS-DNS_Server.cdx,/Users/dmk6603/Documents/cloned_repos_oss_swdb/PowerDNS-DNS_Server/regression-tests.api/requirements.txt,,,
PowerDNS-DNS_Server.cdx,/Users/dmk6603/Documents/cloned_repos_oss_swdb/PowerDNS-DNS_Server/regression-tests.auth-py/requirements.txt,,,
PowerDNS-DNS_Server.cdx,/Users/dmk6603/Documents/cloned_repos_oss_swdb/PowerDNS-DNS_Server/regression-tests.dnsdist/requirements.txt,,,
PowerDNS-DNS_Server.cdx,/Users/dmk6603/Documents/cloned_repos_oss_swdb/PowerDNS-DNS_Server/regression-tests.ixfrdist/requirements.txt,,,
PowerDNS-DNS_Server.cdx,/Users/dmk6603/Documents/cloned_repos_oss_swdb/PowerDNS-DNS_Server/regression-tests.recursor-dnssec/requirements.txt,,,
PowerDNS-DNS_Server.cdx,KineticCafe/actions-dco,1.3.8,,pkg:github/kineticcafe/actions-dco@1.3.8
PowerDNS-DNS_Server.cdx,PowerDNS/pdns/.github/workflows/build-and-test-all.yml,rel/rec-5.4.x,,pkg:github/powerdns/pdns@rel%2Frec-5.4.x#.github/workflows/build-and-test-all.yml
PowerDNS-DNS_Server.cdx,PowerDNS/pdns/.github/workflows/build-and-test-all.yml,rel/rec-5.3.x,,pkg:github/powerdns/pdns@rel%2Frec-5.3.x#.github/workflows/build-and-test-all.yml
PowerDNS-DNS_Server.cdx,PowerDNS/pdns/.github/workflows/build-and-test-all.yml,rel/rec-5.2.x,,pkg:github/powerdns/pdns@rel%2Frec-5.2.x#.github/workflows/build-and-test-all.yml
PowerDNS-DNS_Server.cdx,PowerDNS/pdns/.github/workflows/build-and-test-all.yml,rel/dnsdist-2.0.x,,pkg:github/powerdns/pdns@rel%2Fdnsdist-2.0.x#.github/workflows/build-and-test-all.yml
PowerDNS-DNS_Server.cdx,PowerDNS/pdns/.github/workflows/build-and-test-all.yml,rel/dnsdist-1.9.x,,pkg:github/powerdns/pdns@rel%2Fdnsdist-1.9.x#.github/workflows/build-and-test-all.yml
PowerDNS-DNS_Server.cdx,PowerDNS/pdns/.github/workflows/build-and-test-all.yml,rel/dnsdist-1.8.x,,pkg:github/powerdns/pdns@rel%2Fdnsdist-1.8.x#.github/workflows/build-and-test-all.yml
PowerDNS-DNS_Server.cdx,PowerDNS/pdns/.github/workflows/build-and-test-all.yml,rel/auth-5.0.x,,pkg:github/powerdns/pdns@rel%2Fauth-5.0.x#.github/workflows/build-and-test-all.yml
PowerDNS-DNS_Server.cdx,PowerDNS/pdns/.github/workflows/build-and-test-all.yml,rel/auth-4.9.x,,pkg:github/powerdns/pdns@rel%2Fauth-4.9.x#.github/workflows/build-and-test-all.yml
PowerDNS-DNS_Server.cdx,PowerDNS/pdns/.github/workflows/build-and-test-all.yml,rel/auth-4.8.x,,pkg:github/powerdns/pdns@rel%2Fauth-4.8.x#.github/workflows/build-and-test-all.yml
PowerDNS-DNS_Server.cdx,PowerDNS/pdns/.github/workflows/build-and-test-all.yml,master,,pkg:github/powerdns/pdns@master#.github/workflows/build-and-test-all.yml
PowerDNS-DNS_Server.cdx,PowerDNS/pdns/.github/workflows/build-docker-images.yml,master,,pkg:github/powerdns/pdns@master#.github/workflows/build-docker-images.yml
PowerDNS-DNS_Server.cdx,PowerDNS/pdns/.github/workflows/build-packages.yml,master,,pkg:github/powerdns/pdns@master#.github/workflows/build-packages.yml
PowerDNS-DNS_Server.cdx,PowerDNS/pdns/.github/workflows/builder.yml,master,,pkg:github/powerdns/pdns@master#.github/workflows/builder.yml
PowerDNS-DNS_Server.cdx,PowerDNS/pdns/.github/workflows/coverity.yml,master,,pkg:github/powerdns/pdns@master#.github/workflows/coverity.yml
PowerDNS-DNS_Server.cdx,PowerDNS/pdns/set-ubuntu-mirror,meta,,pkg:github/powerdns/pdns@meta#set-ubuntu-mirror
PowerDNS-DNS_Server.cdx,PowerDNS/pdns/upload-to-pulp,meta,,pkg:github/powerdns/pdns@meta#upload-to-pulp
PowerDNS-DNS_Server.cdx,actions/cache,v5,,pkg:github/actions/cache@v5
PowerDNS-DNS_Server.cdx,actions/checkout,v6,,pkg:github/actions/checkout@v6
PowerDNS-DNS_Server.cdx,actions/download-artifact,v8,,pkg:github/actions/download-artifact@v8
PowerDNS-DNS_Server.cdx,actions/setup-python,v6,,pkg:github/actions/setup-python@v6
PowerDNS-DNS_Server.cdx,actions/upload-artifact,v7,,pkg:github/actions/upload-artifact@v7
PowerDNS-DNS_Server.cdx,aes,0.8.4,,pkg:cargo/aes@0.8.4
PowerDNS-DNS_Server.cdx,aioquic,1.3.0,,pkg:pypi/aioquic@1.3.0
PowerDNS-DNS_Server.cdx,alabaster,1.0.0,,pkg:pypi/alabaster@1.0.0
PowerDNS-DNS_Server.cdx,annotated-types,0.7.0,,pkg:pypi/annotated-types@0.7.0
PowerDNS-DNS_Server.cdx,anstyle,1.0.13,,pkg:cargo/anstyle@1.0.13
PowerDNS-DNS_Server.cdx,appdirs,1.4.4,,pkg:pypi/appdirs@1.4.4
PowerDNS-DNS_Server.cdx,asn1-rs,0.7.1,,pkg:cargo/asn1-rs@0.7.1
PowerDNS-DNS_Server.cdx,asn1-rs-derive,0.6.0,,pkg:cargo/asn1-rs-derive@0.6.0
PowerDNS-DNS_Server.cdx,asn1-rs-impl,0.2.0,,pkg:cargo/asn1-rs-impl@0.2.0
PowerDNS-DNS_Server.cdx,astral-sh/ruff-action,v3,,pkg:github/astral-sh/ruff-action@v3
PowerDNS-DNS_Server.cdx,async-timeout,5.0.1,,pkg:pypi/async-timeout@5.0.1
PowerDNS-DNS_Server.cdx,atomic-waker,1.1.2,,pkg:cargo/atomic-waker@1.1.2
PowerDNS-DNS_Server.cdx,attrs,26.1.0,,pkg:pypi/attrs@26.1.0
PowerDNS-DNS_Server.cdx,attrs,25.4.0,,pkg:pypi/attrs@25.4.0
PowerDNS-DNS_Server.cdx,autocfg,1.5.0,,pkg:cargo/autocfg@1.5.0
PowerDNS-DNS_Server.cdx,automat,25.4.16,,pkg:pypi/automat@25.4.16
PowerDNS-DNS_Server.cdx,aws-actions/configure-aws-credentials,v6,,pkg:github/aws-actions/configure-aws-credentials@v6
PowerDNS-DNS_Server.cdx,babel,2.18.0,,pkg:pypi/babel@2.18.0
PowerDNS-DNS_Server.cdx,base64,0.22.1,,pkg:cargo/base64@0.22.1
PowerDNS-DNS_Server.cdx,base64ct,1.8.3,,pkg:cargo/base64ct@1.8.3
PowerDNS-DNS_Server.cdx,block-buffer,0.10.4,,pkg:cargo/block-buffer@0.10.4
PowerDNS-DNS_Server.cdx,block-padding,0.3.3,,pkg:cargo/block-padding@0.3.3
PowerDNS-DNS_Server.cdx,bytes,1.11.1,,pkg:cargo/bytes@1.11.1
PowerDNS-DNS_Server.cdx,cbc,0.1.2,,pkg:cargo/cbc@0.1.2
PowerDNS-DNS_Server.cdx,cc,1.2.55,,pkg:cargo/cc@1.2.55
PowerDNS-DNS_Server.cdx,cc,1.2.49,,pkg:cargo/cc@1.2.49
PowerDNS-DNS_Server.cdx,cdbx,0.1.2,,pkg:pypi/cdbx@0.1.2
PowerDNS-DNS_Server.cdx,certifi,2026.2.25,,pkg:pypi/certifi@2026.2.25
PowerDNS-DNS_Server.cdx,certifi,2026.1.4,,pkg:pypi/certifi@2026.1.4
PowerDNS-DNS_Server.cdx,cffi,2.0.0,,pkg:pypi/cffi@2.0.0
PowerDNS-DNS_Server.cdx,cfg-if,1.0.4,,pkg:cargo/cfg-if@1.0.4
Simple_Machines-Simple_Machines_Forum.cdx,/Users/dmk6603/Documents/cloned_repos_oss_swdb/Simple_Machines-Simple_Machines_Forum/.github/workflows/crowdin_wf.yml,,,
Simple_Machines-Simple_Machines_Forum.cdx,/Users/dmk6603/Documents/cloned_repos_oss_swdb/Simple_Machines-Simple_Machines_Forum/.github/workflows/crowdin_wf_next.yml,,,
Simple_Machines-Simple_Machines_Forum.cdx,/Users/dmk6603/Documents/cloned_repos_oss_swdb/Simple_Machines-Simple_Machines_Forum/.github/workflows/php-cs-fixer.yml,,,
Simple_Machines-Simple_Machines_Forum.cdx,/Users/dmk6603/Documents/cloned_repos_oss_swdb/Simple_Machines-Simple_Machines_Forum/.github/workflows/php.yml,,,
Simple_Machines-Simple_Machines_Forum.cdx,/Users/dmk6603/Documents/cloned_repos_oss_swdb/Simple_Machines-Simple_Machines_Forum/.github/workflows/update-year.yml,,,
Simple_Machines-Simple_Machines_Forum.cdx,/Users/dmk6603/Documents/cloned_repos_oss_swdb/Simple_Machines-Simple_Machines_Forum/composer.lock,,,
Simple_Machines-Simple_Machines_Forum.cdx,actions/cache,4.2.2,,pkg:github/actions/cache@4.2.2
Simple_Machines-Simple_Machines_Forum.cdx,actions/checkout,4.2.2,,pkg:github/actions/checkout@4.2.2
Simple_Machines-Simple_Machines_Forum.cdx,bjeavons/zxcvbn-php,1.4.2,,pkg:composer/bjeavons/zxcvbn-php@1.4.2
Simple_Machines-Simple_Machines_Forum.cdx,crowdin/github-action,2.6.1,,pkg:github/crowdin/github-action@2.6.1
Simple_Machines-Simple_Machines_Forum.cdx,docker://oskarstark/php-cs-fixer-ga,UNKNOWN,,pkg:github/docker%3A#oskarstark/php-cs-fixer-ga
Simple_Machines-Simple_Machines_Forum.cdx,google/recaptcha,1.3.1,,pkg:composer/google/recaptcha@1.3.1
Simple_Machines-Simple_Machines_Forum.cdx,league/container,4.2.5,,pkg:composer/league/container@4.2.5
Simple_Machines-Simple_Machines_Forum.cdx,matthiasmullie/minify,1.3.75,,pkg:composer/matthiasmullie/minify@1.3.75
Simple_Machines-Simple_Machines_Forum.cdx,matthiasmullie/path-converter,1.1.3,,pkg:composer/matthiasmullie/path-converter@1.1.3
Simple_Machines-Simple_Machines_Forum.cdx,overtrue/phplint,9.6.2,,pkg:github/overtrue/phplint@9.6.2
Simple_Machines-Simple_Machines_Forum.cdx,peter-evans/create-pull-request,7.0.8,,pkg:github/peter-evans/create-pull-request@7.0.8
Simple_Machines-Simple_Machines_Forum.cdx,psr/container,1.1.2,,pkg:composer/psr/container@1.1.2
Simple_Machines-Simple_Machines_Forum.cdx,shivammathur/setup-php,2.32.0,,pkg:github/shivammathur/setup-php@2.32.0
Simple_Machines-Simple_Machines_Forum.cdx,symfony/polyfill-mbstring,v1.33.0,,pkg:composer/symfony/polyfill-mbstring@v1.33.0
Simple_Machines-Simple_Machines_Forum.cdx,tj-actions/changed-files,8cba46e29c11878d930bca7870bb54394d3e8b21,,pkg:github/tj-actions/changed-files@8cba46e29c11878d930bca7870bb54394d3e8b21
The_Apache_Software_Foundation-Apache_Ambari.cdx,/Users/dmk6603/Documents/cloned_repos_oss_swdb/The_Apache_Software_Foundation-Apache_Ambari/ambari-admin/pom.xml,,,
The_Apache_Software_Foundation-Apache_Ambari.cdx,/Users/dmk6603/Documents/cloned_repos_oss_swdb/The_Apache_Software_Foundation-Apache_Ambari/ambari-agent/pom.xml,,,
The_Apache_Software_Foundation-Apache_Ambari.cdx,/Users/dmk6603/Documents/cloned_repos_oss_swdb/The_Apache_Software_Foundation-Apache_Ambari/ambari-funtest/pom.xml,,,
The_Apache_Software_Foundation-Apache_Ambari.cdx,/Users/dmk6603/Documents/cloned_repos_oss_swdb/The_Apache_Software_Foundation-Apache_Ambari/ambari-project/pom.xml,,,
The_Apache_Software_Foundation-Apache_Ambari.cdx,/Users/dmk6603/Documents/cloned_repos_oss_swdb/The_Apache_Software_Foundation-Apache_Ambari/ambari-server-spi/pom.xml,,,
The_Apache_Software_Foundation-Apache_Ambari.cdx,/Users/dmk6603/Documents/cloned_repos_oss_swdb/The_Apache_Software_Foundation-Apache_Ambari/ambari-server/pom.xml,,,
The_Apache_Software_Foundation-Apache_Ambari.cdx,/Users/dmk6603/Documents/cloned_repos_oss_swdb/The_Apache_Software_Foundation-Apache_Ambari/ambari-server/src/main/resources/stack-hooks/before-START/files/fast-hdfs-resource.jar,,,
The_Apache_Software_Foundation-Apache_Ambari.cdx,/Users/dmk6603/Documents/cloned_repos_oss_swdb/The_Apache_Software_Foundation-Apache_Ambari/ambari-serviceadvisor/pom.xml,,,
The_Apache_Software_Foundation-Apache_Ambari.cdx,/Users/dmk6603/Documents/cloned_repos_oss_swdb/The_Apache_Software_Foundation-Apache_Ambari/ambari-utility/pom.xml,,,
The_Apache_Software_Foundation-Apache_Ambari.cdx,/Users/dmk6603/Documents/cloned_repos_oss_swdb/The_Apache_Software_Foundation-Apache_Ambari/ambari-views/examples/auto-cluster-view/pom.xml,,,
The_Apache_Software_Foundation-Apache_Ambari.cdx,/Users/dmk6603/Documents/cloned_repos_oss_swdb/The_Apache_Software_Foundation-Apache_Ambari/ambari-views/examples/calculator-view/pom.xml,,,
The_Apache_Software_Foundation-Apache_Ambari.cdx,/Users/dmk6603/Documents/cloned_repos_oss_swdb/The_Apache_Software_Foundation-Apache_Ambari/ambari-views/examples/cluster-view/pom.xml,,,
The_Apache_Software_Foundation-Apache_Ambari.cdx,/Users/dmk6603/Documents/cloned_repos_oss_swdb/The_Apache_Software_Foundation-Apache_Ambari/ambari-views/examples/favorite-view/pom.xml,,,
The_Apache_Software_Foundation-Apache_Ambari.cdx,/Users/dmk6603/Documents/cloned_repos_oss_swdb/The_Apache_Software_Foundation-Apache_Ambari/ambari-views/examples/hello-servlet-view/pom.xml,,,
The_Apache_Software_Foundation-Apache_Ambari.cdx,/Users/dmk6603/Documents/cloned_repos_oss_swdb/The_Apache_Software_Foundation-Apache_Ambari/ambari-views/examples/hello-spring-view/pom.xml,,,
The_Apache_Software_Foundation-Apache_Ambari.cdx,/Users/dmk6603/Documents/cloned_repos_oss_swdb/The_Apache_Software_Foundation-Apache_Ambari/ambari-views/examples/helloworld-view/pom.xml,,,
The_Apache_Software_Foundation-Apache_Ambari.cdx,/Users/dmk6603/Documents/cloned_repos_oss_swdb/The_Apache_Software_Foundation-Apache_Ambari/ambari-views/examples/phone-list-upgrade-view/pom.xml,,,
The_Apache_Software_Foundation-Apache_Ambari.cdx,/Users/dmk6603/Documents/cloned_repos_oss_swdb/The_Apache_Software_Foundation-Apache_Ambari/ambari-views/examples/phone-list-view/pom.xml,,,
The_Apache_Software_Foundation-Apache_Ambari.cdx,/Users/dmk6603/Documents/cloned_repos_oss_swdb/The_Apache_Software_Foundation-Apache_Ambari/ambari-views/examples/pom.xml,,,
The_Apache_Software_Foundation-Apache_Ambari.cdx,/Users/dmk6603/Documents/cloned_repos_oss_swdb/The_Apache_Software_Foundation-Apache_Ambari/ambari-views/examples/property-validator-view/pom.xml,,,
The_Apache_Software_Foundation-Apache_Ambari.cdx,/Users/dmk6603/Documents/cloned_repos_oss_swdb/The_Apache_Software_Foundation-Apache_Ambari/ambari-views/examples/property-view/pom.xml,,,
The_Apache_Software_Foundation-Apache_Ambari.cdx,/Users/dmk6603/Documents/cloned_repos_oss_swdb/The_Apache_Software_Foundation-Apache_Ambari/ambari-views/examples/restricted-view/pom.xml,,,
The_Apache_Software_Foundation-Apache_Ambari.cdx,/Users/dmk6603/Documents/cloned_repos_oss_swdb/The_Apache_Software_Foundation-Apache_Ambari/ambari-views/examples/simple-view/pom.xml,,,
The_Apache_Software_Foundation-Apache_Ambari.cdx,/Users/dmk6603/Documents/cloned_repos_oss_swdb/The_Apache_Software_Foundation-Apache_Ambari/ambari-views/pom.xml,,,
The_Apache_Software_Foundation-Apache_Ambari.cdx,/Users/dmk6603/Documents/cloned_repos_oss_swdb/The_Apache_Software_Foundation-Apache_Ambari/ambari-web/pom.xml,,,
The_Apache_Software_Foundation-Apache_Ambari.cdx,/Users/dmk6603/Documents/cloned_repos_oss_swdb/The_Apache_Software_Foundation-Apache_Ambari/ambari-web/yarn.lock,,,
The_Apache_Software_Foundation-Apache_Ambari.cdx,/Users/dmk6603/Documents/cloned_repos_oss_swdb/The_Apache_Software_Foundation-Apache_Ambari/contrib/ambari-log4j/pom.xml,,,
The_Apache_Software_Foundation-Apache_Ambari.cdx,/Users/dmk6603/Documents/cloned_repos_oss_swdb/The_Apache_Software_Foundation-Apache_Ambari/contrib/ambari-scom/ambari-scom-server/pom.xml,,,
The_Apache_Software_Foundation-Apache_Ambari.cdx,/Users/dmk6603/Documents/cloned_repos_oss_swdb/The_Apache_Software_Foundation-Apache_Ambari/contrib/ambari-scom/metrics-sink/pom.xml,,,
The_Apache_Software_Foundation-Apache_Ambari.cdx,/Users/dmk6603/Documents/cloned_repos_oss_swdb/The_Apache_Software_Foundation-Apache_Ambari/contrib/ambari-scom/pom.xml,,,
The_Apache_Software_Foundation-Apache_Ambari.cdx,/Users/dmk6603/Documents/cloned_repos_oss_swdb/The_Apache_Software_Foundation-Apache_Ambari/contrib/fast-hdfs-resource/pom.xml,,,
The_Apache_Software_Foundation-Apache_Ambari.cdx,/Users/dmk6603/Documents/cloned_repos_oss_swdb/The_Apache_Software_Foundation-Apache_Ambari/contrib/management-packs/hdf-ambari-mpack/pom.xml,,,
The_Apache_Software_Foundation-Apache_Ambari.cdx,/Users/dmk6603/Documents/cloned_repos_oss_swdb/The_Apache_Software_Foundation-Apache_Ambari/contrib/management-packs/hdf-ambari-mpack/src/main/resources/stacks/HDF/2.0/hooks/before-START/files/fast-hdfs-resource.jar,,,
The_Apache_Software_Foundation-Apache_Ambari.cdx,/Users/dmk6603/Documents/cloned_repos_oss_swdb/The_Apache_Software_Foundation-Apache_Ambari/contrib/management-packs/isilon-onefs-mpack/pom.xml,,,
The_Apache_Software_Foundation-Apache_Ambari.cdx,/Users/dmk6603/Documents/cloned_repos_oss_swdb/The_Apache_Software_Foundation-Apache_Ambari/contrib/management-packs/microsoft-r_mpack/pom.xml,,,
The_Apache_Software_Foundation-Apache_Ambari.cdx,/Users/dmk6603/Documents/cloned_repos_oss_swdb/The_Apache_Software_Foundation-Apache_Ambari/contrib/management-packs/pom.xml,,,
The_Apache_Software_Foundation-Apache_Ambari.cdx,/Users/dmk6603/Documents/cloned_repos_oss_swdb/The_Apache_Software_Foundation-Apache_Ambari/contrib/views/ambari-views-package/pom.xml,,,
The_Apache_Software_Foundation-Apache_Ambari.cdx,/Users/dmk6603/Documents/cloned_repos_oss_swdb/The_Apache_Software_Foundation-Apache_Ambari/contrib/views/capacity-scheduler/pom.xml,,,
The_Apache_Software_Foundation-Apache_Ambari.cdx,/Users/dmk6603/Documents/cloned_repos_oss_swdb/The_Apache_Software_Foundation-Apache_Ambari/contrib/views/capacity-scheduler/src/main/resources/ui/yarn.lock,,,
The_Apache_Software_Foundation-Apache_Ambari.cdx,/Users/dmk6603/Documents/cloned_repos_oss_swdb/The_Apache_Software_Foundation-Apache_Ambari/contrib/views/commons/pom.xml,,,
The_Apache_Software_Foundation-Apache_Ambari.cdx,/Users/dmk6603/Documents/cloned_repos_oss_swdb/The_Apache_Software_Foundation-Apache_Ambari/contrib/views/files/pom.xml,,,
The_Apache_Software_Foundation-Apache_Ambari.cdx,/Users/dmk6603/Documents/cloned_repos_oss_swdb/The_Apache_Software_Foundation-Apache_Ambari/contrib/views/files/src/main/resources/ui/yarn.lock,,,
The_Apache_Software_Foundation-Apache_Ambari.cdx,/Users/dmk6603/Documents/cloned_repos_oss_swdb/The_Apache_Software_Foundation-Apache_Ambari/contrib/views/pig/pom.xml,,,
The_Apache_Software_Foundation-Apache_Ambari.cdx,/Users/dmk6603/Documents/cloned_repos_oss_swdb/The_Apache_Software_Foundation-Apache_Ambari/contrib/views/pig/src/main/resources/ui/pig-web/yarn.lock,,,
The_Apache_Software_Foundation-Apache_Ambari.cdx,/Users/dmk6603/Documents/cloned_repos_oss_swdb/The_Apache_Software_Foundation-Apache_Ambari/contrib/views/pom.xml,,,
The_Apache_Software_Foundation-Apache_Ambari.cdx,/Users/dmk6603/Documents/cloned_repos_oss_swdb/The_Apache_Software_Foundation-Apache_Ambari/contrib/views/utils/pom.xml,,,
The_Apache_Software_Foundation-Apache_Ambari.cdx,/Users/dmk6603/Documents/cloned_repos_oss_swdb/The_Apache_Software_Foundation-Apache_Ambari/contrib/views/wfmanager/pom.xml,,,
The_Apache_Software_Foundation-Apache_Ambari.cdx,/Users/dmk6603/Documents/cloned_repos_oss_swdb/The_Apache_Software_Foundation-Apache_Ambari/contrib/views/wfmanager/src/main/resources/ui/pom.xml,,,
The_Apache_Software_Foundation-Apache_Ambari.cdx,/Users/dmk6603/Documents/cloned_repos_oss_swdb/The_Apache_Software_Foundation-Apache_Ambari/contrib/views/wfmanager/src/main/resources/ui/yarn.lock,,,
The_Apache_Software_Foundation-Apache_Ambari.cdx,/Users/dmk6603/Documents/cloned_repos_oss_swdb/The_Apache_Software_Foundation-Apache_Ambari/docs/pom.xml,,,
The_Apache_Software_Foundation-Apache_Ambari.cdx,/Users/dmk6603/Documents/cloned_repos_oss_swdb/The_Apache_Software_Foundation-Apache_Ambari/pom.xml,,,
The_Apache_Software_Foundation-Apache_Ambari.cdx,/Users/dmk6603/Documents/cloned_repos_oss_swdb/The_Apache_Software_Foundation-Apache_Ambari/setup.py,,,
The_Apache_Software_Foundation-Apache_Ambari.cdx,FastInfoset,1.2.16,com.sun.xml.fastinfoset,pkg:maven/com.sun.xml.fastinfoset/FastInfoset@1.2.16
The_Apache_Software_Foundation-Apache_Ambari.cdx,abab,1.0.3,,pkg:npm/abab@1.0.3
The_Apache_Software_Foundation-Apache_Ambari.cdx,abbrev,1.1.0,,pkg:npm/abbrev@1.1.0
The_Apache_Software_Foundation-Apache_Ambari.cdx,abbrev,1.0.9,,pkg:npm/abbrev@1.0.9
The_Apache_Software_Foundation-Apache_Ambari.cdx,accepts,1.3.3,,pkg:npm/accepts@1.3.3
The_Apache_Software_Foundation-Apache_Ambari.cdx,acorn,4.0.11,,pkg:npm/acorn@4.0.11
The_Apache_Software_Foundation-Apache_Ambari.cdx,acorn-globals,3.1.0,,pkg:npm/acorn-globals@3.1.0
The_Apache_Software_Foundation-Apache_Ambari.cdx,after,0.8.2,,pkg:npm/after@0.8.2
The_Apache_Software_Foundation-Apache_Ambari.cdx,after,0.8.1,,pkg:npm/after@0.8.1
The_Apache_Software_Foundation-Apache_Ambari.cdx,ajv,4.11.8,,pkg:npm/ajv@4.11.8
The_Apache_Software_Foundation-Apache_Ambari.cdx,ajv,4.11.7,,pkg:npm/ajv@4.11.7
The_Apache_Software_Foundation-Apache_Ambari.cdx,align-text,0.1.4,,pkg:npm/align-text@0.1.4
The_Apache_Software_Foundation-Apache_Ambari.cdx,alter,0.2.0,,pkg:npm/alter@0.2.0
The_Apache_Software_Foundation-Apache_Ambari.cdx,ambari,3.1.0.0-SNAPSHOT,,pkg:maven/org.apache.ambari/ambari@3.1.0.0-SNAPSHOT
The_Apache_Software_Foundation-Apache_Ambari.cdx,ambari,2.7.6,,pkg:maven/org.apache.ambari/ambari@2.7.6
The_Apache_Software_Foundation-Apache_Ambari.cdx,ambari-admin,UNKNOWN,,pkg:maven/ambari-admin/ambari-admin
The_Apache_Software_Foundation-Apache_Ambari.cdx,ambari-admin,UNKNOWN,,pkg:maven/org.apache.ambari/ambari-admin
The_Apache_Software_Foundation-Apache_Ambari.cdx,ambari-agent,UNKNOWN,,pkg:maven/org.apache.ambari/ambari-agent
The_Apache_Software_Foundation-Apache_Ambari.cdx,ambari-contrib-mpacks,UNKNOWN,,pkg:maven/org.apache.ambari.contrib.mpacks/ambari-contrib-mpacks
The_Apache_Software_Foundation-Apache_Ambari.cdx,ambari-contrib-views,UNKNOWN,,pkg:maven/org.apache.ambari.contrib.views/ambari-contrib-views
The_Apache_Software_Foundation-Apache_Ambari.cdx,ambari-funtest,UNKNOWN,,pkg:maven/org.apache.ambari/ambari-funtest
The_Apache_Software_Foundation-Apache_Ambari.cdx,ambari-log4j,1.2.1-SNAPSHOT,,pkg:maven/org.apache.ambari/ambari-log4j@1.2.1-SNAPSHOT
The_Apache_Software_Foundation-Apache_Ambari.cdx,ambari-metrics-common,2.7.0.0.0,org.apache.ambari,pkg:maven/org.apache.ambari/ambari-metrics-common@2.7.0.0.0
The_Apache_Software_Foundation-Apache_Ambari.cdx,ambari-project,UNKNOWN,,pkg:maven/org.apache.ambari/ambari-project
The_Apache_Software_Foundation-Apache_Ambari.cdx,ambari-scom-project,1.0.0,,pkg:maven/org.apache.ambari/ambari-scom-project@1.0.0
The_Apache_Software_Foundation-Apache_Ambari.cdx,ambari-scom-server,1.0.0,,pkg:maven/org.apache.ambari/ambari-scom-server@1.0.0
The_Apache_Software_Foundation-Apache_Ambari.cdx,ambari-server,UNKNOWN,,pkg:maven/org.apache.ambari/ambari-server
The_Apache_Software_Foundation-Apache_Ambari.cdx,ambari-server,1.3.0-SNAPSHOT,org.apache.ambari,pkg:maven/org.apache.ambari/ambari-server@1.3.0-SNAPSHOT
The_Apache_Software_Foundation-Apache_Ambari.cdx,ambari-server-spi,UNKNOWN,,pkg:maven/ambari-server-spi/ambari-server-spi
The_Apache_Software_Foundation-Apache_Ambari.cdx,ambari-server-spi,UNKNOWN,,pkg:maven/org.apache.ambari/ambari-server-spi
The_Apache_Software_Foundation-Apache_Ambari.cdx,ambari-serviceadvisor,UNKNOWN,,pkg:maven/org.apache.ambari/ambari-serviceadvisor
The_Apache_Software_Foundation-Apache_Ambari.cdx,ambari-utility,UNKNOWN,,pkg:maven/org.apache.ambari/ambari-utility
The_Apache_Software_Foundation-Apache_Ambari.cdx,ambari-view-examples,UNKNOWN,,pkg:maven/org.apache.ambari/ambari-view-examples
The_Apache_Software_Foundation-Apache_Ambari.cdx,ambari-views,UNKNOWN,,pkg:maven/ambari-views/ambari-views
The_Apache_Software_Foundation-Apache_Ambari.cdx,ambari-views,UNKNOWN,,pkg:maven/org.apache.ambari/ambari-views
The_Apache_Software_Foundation-Apache_Ambari.cdx,ambari-views,2.0.0-SNAPSHOT,org.apache.ambari,pkg:maven/org.apache.ambari/ambari-views@2.0.0-SNAPSHOT
The_Apache_Software_Foundation-Apache_Ambari.cdx,ambari-views-commons,UNKNOWN,,pkg:maven/org.apache.ambari.contrib.views/ambari-views-commons
The_Apache_Software_Foundation-Apache_Ambari.cdx,ambari-views-package,UNKNOWN,,pkg:maven/org.apache.ambari.contrib.views/ambari-views-package
The_Apache_Software_Foundation-Apache_Ambari.cdx,ambari-views-utils,UNKNOWN,,pkg:maven/org.apache.ambari.contrib.views/ambari-views-utils
The_Apache_Software_Foundation-Apache_Ambari.cdx,ambari-web,UNKNOWN,,pkg:maven/org.apache.ambari/ambari-web
The_Apache_Software_Foundation-Apache_Ambari.cdx,amd-name-resolver,0.0.6,,pkg:npm/amd-name-resolver@0.0.6
The_Apache_Software_Foundation-Apache_Ambari.cdx,amd-name-resolver,0.0.5,,pkg:npm/amd-name-resolver@0.0.5
The_Apache_Software_Foundation-Apache_Ambari.cdx,amd-name-resolver,0.0.2,,pkg:npm/amd-name-resolver@0.0.2
The_Apache_Software_Foundation-Apache_Ambari.cdx,amdefine,1.0.1,,pkg:npm/amdefine@1.0.1
The_Apache_Software_Foundation-Apache_Ambari.cdx,ansi,0.3.1,,pkg:npm/ansi@0.3.1
The_Apache_Software_Foundation-Apache_Ambari.cdx,ansi-color,0.2.1,,pkg:npm/ansi-color@0.2.1
The_Apache_Software_Foundation-Apache_Ambari.cdx,ansi-escapes,1.4.0,,pkg:npm/ansi-escapes@1.4.0
The_Apache_Software_Foundation-Apache_Ambari.cdx,ansi-regex,2.1.1,,pkg:npm/ansi-regex@2.1.1
The_Apache_Software_Foundation-Apache_Flink.cdx,./.github/actions/job_init,UNKNOWN,,
The_Apache_Software_Foundation-Apache_Flink.cdx,./.github/actions/run_mvn,UNKNOWN,,
The_Apache_Software_Foundation-Apache_Flink.cdx,./.github/actions/stringify,UNKNOWN,,
The_Apache_Software_Foundation-Apache_Flink.cdx,./.github/workflows/template.flink-ci.yml,UNKNOWN,,
The_Apache_Software_Foundation-Apache_Flink.cdx,./.github/workflows/template.pre-compile-checks.yml,UNKNOWN,,
The_Apache_Software_Foundation-Apache_Flink.cdx,/Users/dmk6603/Documents/cloned_repos_oss_swdb/The_Apache_Software_Foundation-Apache_Flink/.github/actions/job_init/action.yml,,,
The_Apache_Software_Foundation-Apache_Flink.cdx,/Users/dmk6603/Documents/cloned_repos_oss_swdb/The_Apache_Software_Foundation-Apache_Flink/.github/workflows/ci.yml,,,
The_Apache_Software_Foundation-Apache_Flink.cdx,/Users/dmk6603/Documents/cloned_repos_oss_swdb/The_Apache_Software_Foundation-Apache_Flink/.github/workflows/community-review.yml,,,
The_Apache_Software_Foundation-Apache_Flink.cdx,/Users/dmk6603/Documents/cloned_repos_oss_swdb/The_Apache_Software_Foundation-Apache_Flink/.github/workflows/docs-legacy.yml,,,
The_Apache_Software_Foundation-Apache_Flink.cdx,/Users/dmk6603/Documents/cloned_repos_oss_swdb/The_Apache_Software_Foundation-Apache_Flink/.github/workflows/docs.yml,,,
The_Apache_Software_Foundation-Apache_Flink.cdx,/Users/dmk6603/Documents/cloned_repos_oss_swdb/The_Apache_Software_Foundation-Apache_Flink/.github/workflows/nightly-trigger.yml,,,
The_Apache_Software_Foundation-Apache_Flink.cdx,/Users/dmk6603/Documents/cloned_repos_oss_swdb/The_Apache_Software_Foundation-Apache_Flink/.github/workflows/nightly.yml,,,
The_Apache_Software_Foundation-Apache_Flink.cdx,/Users/dmk6603/Documents/cloned_repos_oss_swdb/The_Apache_Software_Foundation-Apache_Flink/.github/workflows/stale.yml,,,
The_Apache_Software_Foundation-Apache_Flink.cdx,/Users/dmk6603/Documents/cloned_repos_oss_swdb/The_Apache_Software_Foundation-Apache_Flink/.github/workflows/template.flink-ci.yml,,,
The_Apache_Software_Foundation-Apache_Flink.cdx,/Users/dmk6603/Documents/cloned_repos_oss_swdb/The_Apache_Software_Foundation-Apache_Flink/.github/workflows/template.pre-compile-checks.yml,,,
The_Apache_Software_Foundation-Apache_Flink.cdx,/Users/dmk6603/Documents/cloned_repos_oss_swdb/The_Apache_Software_Foundation-Apache_Flink/flink-annotations/pom.xml,,,
The_Apache_Software_Foundation-Apache_Flink.cdx,/Users/dmk6603/Documents/cloned_repos_oss_swdb/The_Apache_Software_Foundation-Apache_Flink/flink-architecture-tests/flink-architecture-tests-base/pom.xml,,,
The_Apache_Software_Foundation-Apache_Flink.cdx,/Users/dmk6603/Documents/cloned_repos_oss_swdb/The_Apache_Software_Foundation-Apache_Flink/flink-architecture-tests/flink-architecture-tests-production/pom.xml,,,
The_Apache_Software_Foundation-Apache_Flink.cdx,/Users/dmk6603/Documents/cloned_repos_oss_swdb/The_Apache_Software_Foundation-Apache_Flink/flink-architecture-tests/flink-architecture-tests-test/pom.xml,,,
The_Apache_Software_Foundation-Apache_Flink.cdx,/Users/dmk6603/Documents/cloned_repos_oss_swdb/The_Apache_Software_Foundation-Apache_Flink/flink-architecture-tests/pom.xml,,,
The_Apache_Software_Foundation-Apache_Flink.cdx,/Users/dmk6603/Documents/cloned_repos_oss_swdb/The_Apache_Software_Foundation-Apache_Flink/flink-clients/pom.xml,,,
The_Apache_Software_Foundation-Apache_Flink.cdx,/Users/dmk6603/Documents/cloned_repos_oss_swdb/The_Apache_Software_Foundation-Apache_Flink/flink-connectors/flink-connector-base/pom.xml,,,
The_Apache_Software_Foundation-Apache_Flink.cdx,/Users/dmk6603/Documents/cloned_repos_oss_swdb/The_Apache_Software_Foundation-Apache_Flink/flink-connectors/flink-connector-datagen-test/pom.xml,,,
The_Apache_Software_Foundation-Apache_Flink.cdx,/Users/dmk6603/Documents/cloned_repos_oss_swdb/The_Apache_Software_Foundation-Apache_Flink/flink-connectors/flink-connector-datagen/pom.xml,,,
The_Apache_Software_Foundation-Apache_Flink.cdx,/Users/dmk6603/Documents/cloned_repos_oss_swdb/The_Apache_Software_Foundation-Apache_Flink/flink-connectors/flink-connector-files/pom.xml,,,
The_Apache_Software_Foundation-Apache_Flink.cdx,/Users/dmk6603/Documents/cloned_repos_oss_swdb/The_Apache_Software_Foundation-Apache_Flink/flink-connectors/flink-file-sink-common/pom.xml,,,
The_Apache_Software_Foundation-Apache_Flink.cdx,/Users/dmk6603/Documents/cloned_repos_oss_swdb/The_Apache_Software_Foundation-Apache_Flink/flink-connectors/flink-hadoop-compatibility/pom.xml,,,
The_Apache_Software_Foundation-Apache_Flink.cdx,/Users/dmk6603/Documents/cloned_repos_oss_swdb/The_Apache_Software_Foundation-Apache_Flink/flink-connectors/pom.xml,,,
The_Apache_Software_Foundation-Apache_Flink.cdx,/Users/dmk6603/Documents/cloned_repos_oss_swdb/The_Apache_Software_Foundation-Apache_Flink/flink-container/pom.xml,,,
The_Apache_Software_Foundation-Apache_Flink.cdx,/Users/dmk6603/Documents/cloned_repos_oss_swdb/The_Apache_Software_Foundation-Apache_Flink/flink-core-api/pom.xml,,,
The_Apache_Software_Foundation-Apache_Flink.cdx,/Users/dmk6603/Documents/cloned_repos_oss_swdb/The_Apache_Software_Foundation-Apache_Flink/flink-core/pom.xml,,,
The_Apache_Software_Foundation-Apache_Flink.cdx,/Users/dmk6603/Documents/cloned_repos_oss_swdb/The_Apache_Software_Foundation-Apache_Flink/flink-datastream-api/pom.xml,,,
The_Apache_Software_Foundation-Apache_Flink.cdx,/Users/dmk6603/Documents/cloned_repos_oss_swdb/The_Apache_Software_Foundation-Apache_Flink/flink-datastream/pom.xml,,,
The_Apache_Software_Foundation-Apache_Flink.cdx,/Users/dmk6603/Documents/cloned_repos_oss_swdb/The_Apache_Software_Foundation-Apache_Flink/flink-dist-scala/pom.xml,,,
The_Apache_Software_Foundation-Apache_Flink.cdx,/Users/dmk6603/Documents/cloned_repos_oss_swdb/The_Apache_Software_Foundation-Apache_Flink/flink-dist/pom.xml,,,
The_Apache_Software_Foundation-Apache_Flink.cdx,/Users/dmk6603/Documents/cloned_repos_oss_swdb/The_Apache_Software_Foundation-Apache_Flink/flink-docs/pom.xml,,,
The_Apache_Software_Foundation-Apache_Flink.cdx,/Users/dmk6603/Documents/cloned_repos_oss_swdb/The_Apache_Software_Foundation-Apache_Flink/flink-dstl/flink-dstl-dfs/pom.xml,,,
The_Apache_Software_Foundation-Apache_Flink.cdx,/Users/dmk6603/Documents/cloned_repos_oss_swdb/The_Apache_Software_Foundation-Apache_Flink/flink-dstl/pom.xml,,,
The_Apache_Software_Foundation-Apache_Flink.cdx,/Users/dmk6603/Documents/cloned_repos_oss_swdb/The_Apache_Software_Foundation-Apache_Flink/flink-end-to-end-tests/flink-batch-sql-test/pom.xml,,,
The_Apache_Software_Foundation-Apache_Flink.cdx,/Users/dmk6603/Documents/cloned_repos_oss_swdb/The_Apache_Software_Foundation-Apache_Flink/flink-end-to-end-tests/flink-cli-test/pom.xml,,,
The_Apache_Software_Foundation-Apache_Flink.cdx,/Users/dmk6603/Documents/cloned_repos_oss_swdb/The_Apache_Software_Foundation-Apache_Flink/flink-end-to-end-tests/flink-confluent-schema-registry/pom.xml,,,
The_Apache_Software_Foundation-Apache_Flink.cdx,/Users/dmk6603/Documents/cloned_repos_oss_swdb/The_Apache_Software_Foundation-Apache_Flink/flink-end-to-end-tests/flink-datastream-allround-test/pom.xml,,,
The_Apache_Software_Foundation-Apache_Flink.cdx,/Users/dmk6603/Documents/cloned_repos_oss_swdb/The_Apache_Software_Foundation-Apache_Flink/flink-end-to-end-tests/flink-distributed-cache-via-blob-test/pom.xml,,,
The_Apache_Software_Foundation-Apache_Flink.cdx,/Users/dmk6603/Documents/cloned_repos_oss_swdb/The_Apache_Software_Foundation-Apache_Flink/flink-end-to-end-tests/flink-end-to-end-tests-common/pom.xml,,,
The_Apache_Software_Foundation-Apache_Flink.cdx,/Users/dmk6603/Documents/cloned_repos_oss_swdb/The_Apache_Software_Foundation-Apache_Flink/flink-end-to-end-tests/flink-end-to-end-tests-jdbc-driver/pom.xml,,,
The_Apache_Software_Foundation-Apache_Flink.cdx,/Users/dmk6603/Documents/cloned_repos_oss_swdb/The_Apache_Software_Foundation-Apache_Flink/flink-end-to-end-tests/flink-end-to-end-tests-restclient/pom.xml,,,
The_Apache_Software_Foundation-Apache_Flink.cdx,/Users/dmk6603/Documents/cloned_repos_oss_swdb/The_Apache_Software_Foundation-Apache_Flink/flink-end-to-end-tests/flink-end-to-end-tests-scala/pom.xml,,,
The_Apache_Software_Foundation-Apache_Flink.cdx,/Users/dmk6603/Documents/cloned_repos_oss_swdb/The_Apache_Software_Foundation-Apache_Flink/flink-end-to-end-tests/flink-end-to-end-tests-sql/pom.xml,,,
The_Apache_Software_Foundation-Apache_Flink.cdx,/Users/dmk6603/Documents/cloned_repos_oss_swdb/The_Apache_Software_Foundation-Apache_Flink/flink-end-to-end-tests/flink-end-to-end-tests-table-api/pom.xml,,,
The_Apache_Software_Foundation-Apache_Flink.cdx,/Users/dmk6603/Documents/cloned_repos_oss_swdb/The_Apache_Software_Foundation-Apache_Flink/flink-end-to-end-tests/flink-failure-enricher-test/pom.xml,,,
The_Apache_Software_Foundation-Apache_Flink.cdx,/Users/dmk6603/Documents/cloned_repos_oss_swdb/The_Apache_Software_Foundation-Apache_Flink/flink-end-to-end-tests/flink-file-sink-test/pom.xml,,,
The_Apache_Software_Foundation-Apache_Flink.cdx,/Users/dmk6603/Documents/cloned_repos_oss_swdb/The_Apache_Software_Foundation-Apache_Flink/flink-end-to-end-tests/flink-heavy-deployment-stress-test/pom.xml,,,
The_Apache_Software_Foundation-Apache_Flink.cdx,/Users/dmk6603/Documents/cloned_repos_oss_swdb/The_Apache_Software_Foundation-Apache_Flink/flink-end-to-end-tests/flink-local-recovery-and-allocation-test/pom.xml,,,
The_Apache_Software_Foundation-Apache_Flink.cdx,/Users/dmk6603/Documents/cloned_repos_oss_swdb/The_Apache_Software_Foundation-Apache_Flink/flink-end-to-end-tests/flink-metrics-availability-test/pom.xml,,,
The_Apache_Software_Foundation-Apache_Flink.cdx,/Users/dmk6603/Documents/cloned_repos_oss_swdb/The_Apache_Software_Foundation-Apache_Flink/flink-end-to-end-tests/flink-metrics-reporter-prometheus-test/pom.xml,,,
The_Apache_Software_Foundation-Apache_Flink.cdx,/Users/dmk6603/Documents/cloned_repos_oss_swdb/The_Apache_Software_Foundation-Apache_Flink/flink-end-to-end-tests/flink-netty-shuffle-memory-control-test/pom.xml,,,
The_Apache_Software_Foundation-Apache_Flink.cdx,/Users/dmk6603/Documents/cloned_repos_oss_swdb/The_Apache_Software_Foundation-Apache_Flink/flink-end-to-end-tests/flink-parent-child-classloading-test-lib-package/pom.xml,,,
The_Apache_Software_Foundation-Apache_Flink.cdx,/Users/dmk6603/Documents/cloned_repos_oss_swdb/The_Apache_Software_Foundation-Apache_Flink/flink-end-to-end-tests/flink-parent-child-classloading-test-program/pom.xml,,,
The_Apache_Software_Foundation-Apache_Flink.cdx,/Users/dmk6603/Documents/cloned_repos_oss_swdb/The_Apache_Software_Foundation-Apache_Flink/flink-end-to-end-tests/flink-plugins-test/another-dummy-fs/pom.xml,,,
The_Apache_Software_Foundation-Apache_Flink.cdx,/Users/dmk6603/Documents/cloned_repos_oss_swdb/The_Apache_Software_Foundation-Apache_Flink/flink-end-to-end-tests/flink-plugins-test/dummy-fs/pom.xml,,,
The_Apache_Software_Foundation-Apache_Flink.cdx,/Users/dmk6603/Documents/cloned_repos_oss_swdb/The_Apache_Software_Foundation-Apache_Flink/flink-end-to-end-tests/flink-plugins-test/pom.xml,,,
The_Apache_Software_Foundation-Apache_Flink.cdx,/Users/dmk6603/Documents/cloned_repos_oss_swdb/The_Apache_Software_Foundation-Apache_Flink/flink-end-to-end-tests/flink-python-test/pom.xml,,,
The_Apache_Software_Foundation-Apache_Flink.cdx,/Users/dmk6603/Documents/cloned_repos_oss_swdb/The_Apache_Software_Foundation-Apache_Flink/flink-end-to-end-tests/flink-queryable-state-test/pom.xml,,,
The_Apache_Software_Foundation-Apache_Flink.cdx,/Users/dmk6603/Documents/cloned_repos_oss_swdb/The_Apache_Software_Foundation-Apache_Flink/flink-end-to-end-tests/flink-quickstart-test-dummy-dependency/pom.xml,,,
The_Apache_Software_Foundation-Apache_Flink.cdx,/Users/dmk6603/Documents/cloned_repos_oss_swdb/The_Apache_Software_Foundation-Apache_Flink/flink-end-to-end-tests/flink-quickstart-test/pom.xml,,,
The_Apache_Software_Foundation-Apache_Flink.cdx,/Users/dmk6603/Documents/cloned_repos_oss_swdb/The_Apache_Software_Foundation-Apache_Flink/flink-end-to-end-tests/flink-rocksdb-state-memory-control-test/pom.xml,,,
The_Apache_Software_Foundation-Apache_Flink.cdx,/Users/dmk6603/Documents/cloned_repos_oss_swdb/The_Apache_Software_Foundation-Apache_Flink/flink-end-to-end-tests/flink-sql-client-test/pom.xml,,,
The_Apache_Software_Foundation-Apache_Flink.cdx,/Users/dmk6603/Documents/cloned_repos_oss_swdb/The_Apache_Software_Foundation-Apache_Flink/flink-end-to-end-tests/flink-sql-gateway-test/pom.xml,,,
The_Apache_Software_Foundation-Apache_Flink.cdx,/Users/dmk6603/Documents/cloned_repos_oss_swdb/The_Apache_Software_Foundation-Apache_Flink/flink-end-to-end-tests/flink-state-evolution-test/pom.xml,,,
The_Apache_Software_Foundation-Apache_Flink.cdx,/Users/dmk6603/Documents/cloned_repos_oss_swdb/The_Apache_Software_Foundation-Apache_Flink/flink-end-to-end-tests/flink-stream-sql-test/pom.xml,,,
The_Apache_Software_Foundation-Apache_Flink.cdx,/Users/dmk6603/Documents/cloned_repos_oss_swdb/The_Apache_Software_Foundation-Apache_Flink/flink-end-to-end-tests/flink-stream-state-ttl-test/pom.xml,,,
The_Apache_Software_Foundation-Apache_Flink.cdx,/Users/dmk6603/Documents/cloned_repos_oss_swdb/The_Apache_Software_Foundation-Apache_Flink/flink-end-to-end-tests/flink-stream-stateful-job-upgrade-test/pom.xml,,,
The_Apache_Software_Foundation-Apache_Flink.cdx,/Users/dmk6603/Documents/cloned_repos_oss_swdb/The_Apache_Software_Foundation-Apache_Flink/flink-end-to-end-tests/flink-tpcds-test/pom.xml,,,
The_Apache_Software_Foundation-Apache_Flink.cdx,/Users/dmk6603/Documents/cloned_repos_oss_swdb/The_Apache_Software_Foundation-Apache_Flink/flink-end-to-end-tests/flink-tpch-test/pom.xml,,,
The_Apache_Software_Foundation-Apache_Flink.cdx,/Users/dmk6603/Documents/cloned_repos_oss_swdb/The_Apache_Software_Foundation-Apache_Flink/flink-end-to-end-tests/pom.xml,,,
The_Apache_Software_Foundation-Apache_Flink.cdx,/Users/dmk6603/Documents/cloned_repos_oss_swdb/The_Apache_Software_Foundation-Apache_Flink/flink-examples/flink-examples-build-helper/flink-examples-streaming-state-machine/pom.xml,,,
The_Apache_Software_Foundation-Apache_Flink.cdx,/Users/dmk6603/Documents/cloned_repos_oss_swdb/The_Apache_Software_Foundation-Apache_Flink/flink-examples/flink-examples-build-helper/pom.xml,,,
The_Apache_Software_Foundation-Apache_Flink.cdx,/Users/dmk6603/Documents/cloned_repos_oss_swdb/The_Apache_Software_Foundation-Apache_Flink/flink-examples/flink-examples-streaming/pom.xml,,,
The_Apache_Software_Foundation-Apache_Flink.cdx,/Users/dmk6603/Documents/cloned_repos_oss_swdb/The_Apache_Software_Foundation-Apache_Flink/flink-examples/flink-examples-table/pom.xml,,,
The_Apache_Software_Foundation-Apache_Flink.cdx,/Users/dmk6603/Documents/cloned_repos_oss_swdb/The_Apache_Software_Foundation-Apache_Flink/flink-examples/pom.xml,,,
The_Apache_Software_Foundation-Apache_Flink.cdx,/Users/dmk6603/Documents/cloned_repos_oss_swdb/The_Apache_Software_Foundation-Apache_Flink/flink-external-resources/flink-external-resource-gpu/pom.xml,,,
The_Apache_Software_Foundation-Apache_Flink.cdx,/Users/dmk6603/Documents/cloned_repos_oss_swdb/The_Apache_Software_Foundation-Apache_Flink/flink-external-resources/pom.xml,,,
The_Apache_Software_Foundation-Apache_Flink.cdx,/Users/dmk6603/Documents/cloned_repos_oss_swdb/The_Apache_Software_Foundation-Apache_Flink/flink-filesystems/flink-azure-fs-hadoop/pom.xml,,,
The_Apache_Software_Foundation-Apache_Flink.cdx,/Users/dmk6603/Documents/cloned_repos_oss_swdb/The_Apache_Software_Foundation-Apache_Flink/flink-filesystems/flink-fs-hadoop-shaded/pom.xml,,,
The_Apache_Software_Foundation-Apache_Flink.cdx,/Users/dmk6603/Documents/cloned_repos_oss_swdb/The_Apache_Software_Foundation-Apache_Flink/flink-filesystems/flink-gs-fs-hadoop/pom.xml,,,
The_Apache_Software_Foundation-Apache_Flink.cdx,/Users/dmk6603/Documents/cloned_repos_oss_swdb/The_Apache_Software_Foundation-Apache_Flink/flink-filesystems/flink-hadoop-fs/pom.xml,,,
The_Apache_Software_Foundation-Apache_Flink.cdx,/Users/dmk6603/Documents/cloned_repos_oss_swdb/The_Apache_Software_Foundation-Apache_Flink/flink-filesystems/flink-oss-fs-hadoop/pom.xml,,,
The_Apache_Software_Foundation-Apache_Flink.cdx,/Users/dmk6603/Documents/cloned_repos_oss_swdb/The_Apache_Software_Foundation-Apache_Flink/flink-filesystems/flink-s3-fs-base/pom.xml,,,
The_Apache_Software_Foundation-Apache_Flink.cdx,/Users/dmk6603/Documents/cloned_repos_oss_swdb/The_Apache_Software_Foundation-Apache_Flink/flink-filesystems/flink-s3-fs-hadoop/pom.xml,,,
The_Apache_Software_Foundation-Apache_Flink.cdx,/Users/dmk6603/Documents/cloned_repos_oss_swdb/The_Apache_Software_Foundation-Apache_Flink/flink-filesystems/flink-s3-fs-native/pom.xml,,,
The_Apache_Software_Foundation-Apache_Flink.cdx,/Users/dmk6603/Documents/cloned_repos_oss_swdb/The_Apache_Software_Foundation-Apache_Flink/flink-filesystems/flink-s3-fs-presto/pom.xml,,,
The_Apache_Software_Foundation-Apache_Flink.cdx,/Users/dmk6603/Documents/cloned_repos_oss_swdb/The_Apache_Software_Foundation-Apache_Flink/flink-filesystems/pom.xml,,,
The_Apache_Software_Foundation-Apache_Flink.cdx,/Users/dmk6603/Documents/cloned_repos_oss_swdb/The_Apache_Software_Foundation-Apache_Flink/flink-formats/flink-avro-confluent-registry/pom.xml,,,
The_Apache_Software_Foundation-Apache_Flink.cdx,/Users/dmk6603/Documents/cloned_repos_oss_swdb/The_Apache_Software_Foundation-Apache_Flink/flink-formats/flink-avro/pom.xml,,,
The_Apache_Software_Foundation-Apache_Flink.cdx,/Users/dmk6603/Documents/cloned_repos_oss_swdb/The_Apache_Software_Foundation-Apache_Flink/flink-formats/flink-compress/pom.xml,,,
The_Apache_Software_Foundation-Apache_Flink.cdx,/Users/dmk6603/Documents/cloned_repos_oss_swdb/The_Apache_Software_Foundation-Apache_Flink/flink-formats/flink-csv/pom.xml,,,
The_Apache_Software_Foundation-Apache_Flink.cdx,/Users/dmk6603/Documents/cloned_repos_oss_swdb/The_Apache_Software_Foundation-Apache_Flink/flink-formats/flink-format-common/pom.xml,,,
The_Apache_Software_Foundation-Apache_Flink.cdx,/Users/dmk6603/Documents/cloned_repos_oss_swdb/The_Apache_Software_Foundation-Apache_Flink/flink-formats/flink-hadoop-bulk/pom.xml,,,
The_Apache_Software_Foundation-Apache_Flink.cdx,/Users/dmk6603/Documents/cloned_repos_oss_swdb/The_Apache_Software_Foundation-Apache_Flink/flink-formats/flink-json/pom.xml,,,
The_Apache_Software_Foundation-Apache_Flink.cdx,/Users/dmk6603/Documents/cloned_repos_oss_swdb/The_Apache_Software_Foundation-Apache_Flink/flink-formats/flink-orc-nohive/pom.xml,,,
The_Apache_Software_Foundation-Apache_Flume.cdx,/Users/dmk6603/Documents/cloned_repos_oss_swdb/The_Apache_Software_Foundation-Apache_Flume/.github/workflows/build.yml,,,
The_Apache_Software_Foundation-Apache_Flume.cdx,/Users/dmk6603/Documents/cloned_repos_oss_swdb/The_Apache_Software_Foundation-Apache_Flume/.github/workflows/codeql-analysis.yml,,,
The_Apache_Software_Foundation-Apache_Flume.cdx,/Users/dmk6603/Documents/cloned_repos_oss_swdb/The_Apache_Software_Foundation-Apache_Flume/.github/workflows/develocity-publish-build-scans.yaml,,,
The_Apache_Software_Foundation-Apache_Flume.cdx,/Users/dmk6603/Documents/cloned_repos_oss_swdb/The_Apache_Software_Foundation-Apache_Flume/build-support/pom.xml,,,
The_Apache_Software_Foundation-Apache_Flume.cdx,/Users/dmk6603/Documents/cloned_repos_oss_swdb/The_Apache_Software_Foundation-Apache_Flume/flume-bom/pom.xml,,,
The_Apache_Software_Foundation-Apache_Flume.cdx,/Users/dmk6603/Documents/cloned_repos_oss_swdb/The_Apache_Software_Foundation-Apache_Flume/flume-ng-auth/pom.xml,,,
The_Apache_Software_Foundation-Apache_Flume.cdx,/Users/dmk6603/Documents/cloned_repos_oss_swdb/The_Apache_Software_Foundation-Apache_Flume/flume-ng-channels/flume-file-channel/pom.xml,,,
The_Apache_Software_Foundation-Apache_Flume.cdx,/Users/dmk6603/Documents/cloned_repos_oss_swdb/The_Apache_Software_Foundation-Apache_Flume/flume-ng-channels/flume-spillable-memory-channel/pom.xml,,,
The_Apache_Software_Foundation-Apache_Flume.cdx,/Users/dmk6603/Documents/cloned_repos_oss_swdb/The_Apache_Software_Foundation-Apache_Flume/flume-ng-channels/pom.xml,,,
The_Apache_Software_Foundation-Apache_Flume.cdx,/Users/dmk6603/Documents/cloned_repos_oss_swdb/The_Apache_Software_Foundation-Apache_Flume/flume-ng-clients/flume-ng-log4jappender/pom.xml,,,
The_Apache_Software_Foundation-Apache_Flume.cdx,/Users/dmk6603/Documents/cloned_repos_oss_swdb/The_Apache_Software_Foundation-Apache_Flume/flume-ng-clients/pom.xml,,,
The_Apache_Software_Foundation-Apache_Flume.cdx,/Users/dmk6603/Documents/cloned_repos_oss_swdb/The_Apache_Software_Foundation-Apache_Flume/flume-ng-configfilters/flume-ng-config-filter-api/pom.xml,,,
The_Apache_Software_Foundation-Apache_Flume.cdx,/Users/dmk6603/Documents/cloned_repos_oss_swdb/The_Apache_Software_Foundation-Apache_Flume/flume-ng-configfilters/flume-ng-environment-variable-config-filter/pom.xml,,,
The_Apache_Software_Foundation-Apache_Flume.cdx,/Users/dmk6603/Documents/cloned_repos_oss_swdb/The_Apache_Software_Foundation-Apache_Flume/flume-ng-configfilters/flume-ng-external-process-config-filter/pom.xml,,,
The_Apache_Software_Foundation-Apache_Flume.cdx,/Users/dmk6603/Documents/cloned_repos_oss_swdb/The_Apache_Software_Foundation-Apache_Flume/flume-ng-configfilters/pom.xml,,,
The_Apache_Software_Foundation-Apache_Flume.cdx,/Users/dmk6603/Documents/cloned_repos_oss_swdb/The_Apache_Software_Foundation-Apache_Flume/flume-ng-configuration/pom.xml,,,
The_Apache_Software_Foundation-Apache_Flume.cdx,/Users/dmk6603/Documents/cloned_repos_oss_swdb/The_Apache_Software_Foundation-Apache_Flume/flume-ng-core/pom.xml,,,
The_Apache_Software_Foundation-Apache_Flume.cdx,/Users/dmk6603/Documents/cloned_repos_oss_swdb/The_Apache_Software_Foundation-Apache_Flume/flume-ng-dist/pom.xml,,,
The_Apache_Software_Foundation-Apache_Flume.cdx,/Users/dmk6603/Documents/cloned_repos_oss_swdb/The_Apache_Software_Foundation-Apache_Flume/flume-ng-embedded-agent/pom.xml,,,
The_Apache_Software_Foundation-Apache_Flume.cdx,/Users/dmk6603/Documents/cloned_repos_oss_swdb/The_Apache_Software_Foundation-Apache_Flume/flume-ng-node/pom.xml,,,
The_Apache_Software_Foundation-Apache_Flume.cdx,/Users/dmk6603/Documents/cloned_repos_oss_swdb/The_Apache_Software_Foundation-Apache_Flume/flume-ng-sdk/pom.xml,,,
The_Apache_Software_Foundation-Apache_Flume.cdx,/Users/dmk6603/Documents/cloned_repos_oss_swdb/The_Apache_Software_Foundation-Apache_Flume/flume-ng-sinks/flume-http-sink/pom.xml,,,
The_Apache_Software_Foundation-Apache_Flume.cdx,/Users/dmk6603/Documents/cloned_repos_oss_swdb/The_Apache_Software_Foundation-Apache_Flume/flume-ng-sinks/flume-irc-sink/pom.xml,,,
The_Apache_Software_Foundation-Apache_Flume.cdx,/Users/dmk6603/Documents/cloned_repos_oss_swdb/The_Apache_Software_Foundation-Apache_Flume/flume-ng-sinks/flume-ng-morphline-solr-sink/pom.xml,,,
The_Apache_Software_Foundation-Apache_Flume.cdx,/Users/dmk6603/Documents/cloned_repos_oss_swdb/The_Apache_Software_Foundation-Apache_Flume/flume-ng-sinks/flume-ng-morphline-solr-sink/src/test/resources/test-documents/testJAR.jar,,,
The_Apache_Software_Foundation-Apache_Flume.cdx,/Users/dmk6603/Documents/cloned_repos_oss_swdb/The_Apache_Software_Foundation-Apache_Flume/flume-ng-sinks/flume-ng-morphline-solr-sink/src/test/resources/test-documents/testWAR.war,,,
The_Apache_Software_Foundation-Apache_Flume.cdx,/Users/dmk6603/Documents/cloned_repos_oss_swdb/The_Apache_Software_Foundation-Apache_Flume/flume-ng-sinks/flume-ng-morphline-solr-sink/src/test/resources/test-documents/testWindows-x86-32.exe,,,
The_Apache_Software_Foundation-Apache_Flume.cdx,/Users/dmk6603/Documents/cloned_repos_oss_swdb/The_Apache_Software_Foundation-Apache_Flume/flume-ng-sinks/pom.xml,,,
The_Apache_Software_Foundation-Apache_Flume.cdx,/Users/dmk6603/Documents/cloned_repos_oss_swdb/The_Apache_Software_Foundation-Apache_Flume/flume-ng-sources/flume-jms-source/pom.xml,,,
The_Apache_Software_Foundation-Apache_Flume.cdx,/Users/dmk6603/Documents/cloned_repos_oss_swdb/The_Apache_Software_Foundation-Apache_Flume/flume-ng-sources/flume-scribe-source/pom.xml,,,
The_Apache_Software_Foundation-Apache_Flume.cdx,/Users/dmk6603/Documents/cloned_repos_oss_swdb/The_Apache_Software_Foundation-Apache_Flume/flume-ng-sources/flume-taildir-source/pom.xml,,,
The_Apache_Software_Foundation-Apache_Flume.cdx,/Users/dmk6603/Documents/cloned_repos_oss_swdb/The_Apache_Software_Foundation-Apache_Flume/flume-ng-sources/pom.xml,,,
The_Apache_Software_Foundation-Apache_Flume.cdx,/Users/dmk6603/Documents/cloned_repos_oss_swdb/The_Apache_Software_Foundation-Apache_Flume/flume-ng-tests/pom.xml,,,
The_Apache_Software_Foundation-Apache_Flume.cdx,/Users/dmk6603/Documents/cloned_repos_oss_swdb/The_Apache_Software_Foundation-Apache_Flume/flume-parent/pom.xml,,,
The_Apache_Software_Foundation-Apache_Flume.cdx,/Users/dmk6603/Documents/cloned_repos_oss_swdb/The_Apache_Software_Foundation-Apache_Flume/flume-tools/pom.xml,,,
The_Apache_Software_Foundation-Apache_Flume.cdx,/Users/dmk6603/Documents/cloned_repos_oss_swdb/The_Apache_Software_Foundation-Apache_Flume/pom.xml,,,
The_Apache_Software_Foundation-Apache_Flume.cdx,actions/checkout,v2,,pkg:github/actions/checkout@v2
The_Apache_Software_Foundation-Apache_Flume.cdx,actions/setup-java,v2.3.0,,pkg:github/actions/setup-java@v2.3.0
The_Apache_Software_Foundation-Apache_Flume.cdx,activemq-core,5.7.0,org.apache.activemq,pkg:maven/org.apache.activemq/activemq-core@5.7.0
The_Apache_Software_Foundation-Apache_Flume.cdx,apacheds-jdbm1,2.0.0-M2,org.apache.directory.jdbm,pkg:maven/org.apache.directory.jdbm/apacheds-jdbm1@2.0.0-M2
The_Apache_Software_Foundation-Apache_Flume.cdx,avro,1.11.1,org.apache.avro,pkg:maven/org.apache.avro/avro@1.11.1
The_Apache_Software_Foundation-Apache_Flume.cdx,avro-ipc-netty,1.11.1,org.apache.avro,pkg:maven/org.apache.avro/avro-ipc-netty@1.11.1
The_Apache_Software_Foundation-Apache_Flume.cdx,build-support,1.11.1-SNAPSHOT,,pkg:maven/org.apache.flume/build-support@1.11.1-SNAPSHOT
The_Apache_Software_Foundation-Apache_Flume.cdx,commons-cli,1.5.0,commons-cli,pkg:maven/commons-cli/commons-cli@1.5.0
The_Apache_Software_Foundation-Apache_Flume.cdx,commons-codec,1.15,commons-codec,pkg:maven/commons-codec/commons-codec@1.15
The_Apache_Software_Foundation-Apache_Flume.cdx,commons-collections,3.2.2,commons-collections,pkg:maven/commons-collections/commons-collections@3.2.2
The_Apache_Software_Foundation-Apache_Flume.cdx,commons-compress,1.21,org.apache.commons,pkg:maven/org.apache.commons/commons-compress@1.21
The_Apache_Software_Foundation-Apache_Flume.cdx,commons-io,2.11.0,commons-io,pkg:maven/commons-io/commons-io@2.11.0
The_Apache_Software_Foundation-Apache_Flume.cdx,commons-lang,2.6,commons-lang,pkg:maven/commons-lang/commons-lang@2.6
The_Apache_Software_Foundation-Apache_Flume.cdx,commons-text,1.10.0,org.apache.commons,pkg:maven/org.apache.commons/commons-text@1.10.0
The_Apache_Software_Foundation-Apache_Flume.cdx,curator-framework,5.1.0,org.apache.curator,pkg:maven/org.apache.curator/curator-framework@5.1.0
The_Apache_Software_Foundation-Apache_Flume.cdx,curator-recipes,5.1.0,org.apache.curator,pkg:maven/org.apache.curator/curator-recipes@5.1.0
The_Apache_Software_Foundation-Apache_Flume.cdx,curator-test,5.1.0,org.apache.curator,pkg:maven/org.apache.curator/curator-test@5.1.0
The_Apache_Software_Foundation-Apache_Flume.cdx,fest-reflect,1.4,org.easytesting,pkg:maven/org.easytesting/fest-reflect@1.4
The_Apache_Software_Foundation-Apache_Flume.cdx,flume-dependencies,1.11.1-SNAPSHOT,,pkg:maven/org.apache.flume/flume-dependencies@1.11.1-SNAPSHOT
The_Apache_Software_Foundation-Apache_Flume.cdx,flume-file-channel,1.11.1-SNAPSHOT,,pkg:maven/org.apache.flume.flume-ng-channels/flume-file-channel@1.11.1-SNAPSHOT
The_Apache_Software_Foundation-Apache_Flume.cdx,flume-hadoop-credential-store-config-filter,UNKNOWN,org.apache.flume,pkg:maven/org.apache.flume/flume-hadoop-credential-store-config-filter
The_Apache_Software_Foundation-Apache_Flume.cdx,flume-hbase2-sink,UNKNOWN,org.apache.flume,pkg:maven/org.apache.flume/flume-hbase2-sink
The_Apache_Software_Foundation-Apache_Flume.cdx,flume-hdfs-sink,UNKNOWN,org.apache.flume,pkg:maven/org.apache.flume/flume-hdfs-sink
The_Apache_Software_Foundation-Apache_Flume.cdx,flume-hive-sink,UNKNOWN,org.apache.flume,pkg:maven/org.apache.flume/flume-hive-sink
The_Apache_Software_Foundation-Apache_Flume.cdx,flume-http-sink,UNKNOWN,org.apache.flume.flume-ng-sinks,pkg:maven/org.apache.flume.flume-ng-sinks/flume-http-sink
The_Apache_Software_Foundation-Apache_Flume.cdx,flume-http-sink,1.11.1-SNAPSHOT,,pkg:maven/org.apache.flume.flume-ng-sinks/flume-http-sink@1.11.1-SNAPSHOT
The_Apache_Software_Foundation-Apache_Flume.cdx,flume-irc-sink,UNKNOWN,org.apache.flume.flume-ng-sinks,pkg:maven/org.apache.flume.flume-ng-sinks/flume-irc-sink
The_Apache_Software_Foundation-Apache_Flume.cdx,flume-irc-sink,1.11.1-SNAPSHOT,,pkg:maven/org.apache.flume.flume-ng-sinks/flume-irc-sink@1.11.1-SNAPSHOT
The_Apache_Software_Foundation-Apache_Flume.cdx,flume-jdbc-channel,UNKNOWN,org.apache.flume,pkg:maven/org.apache.flume/flume-jdbc-channel
The_Apache_Software_Foundation-Apache_Flume.cdx,flume-jms-source,UNKNOWN,org.apache.flume.flume-ng-sources,pkg:maven/org.apache.flume.flume-ng-sources/flume-jms-source
The_Apache_Software_Foundation-Apache_Flume.cdx,flume-jms-source,1.11.1-SNAPSHOT,,pkg:maven/org.apache.flume.flume-ng-sources/flume-jms-source@1.11.1-SNAPSHOT
The_Apache_Software_Foundation-Apache_Flume.cdx,flume-kafka-channel,UNKNOWN,org.apache.flume,pkg:maven/org.apache.flume/flume-kafka-channel
The_Apache_Software_Foundation-Apache_Flume.cdx,flume-kafka-sink,UNKNOWN,org.apache.flume,pkg:maven/org.apache.flume/flume-kafka-sink
The_Apache_Software_Foundation-Apache_Flume.cdx,flume-kafka-source,UNKNOWN,org.apache.flume,pkg:maven/org.apache.flume/flume-kafka-source
The_Apache_Software_Foundation-Apache_Flume.cdx,flume-legacy-avro-source,UNKNOWN,org.apache.flume,pkg:maven/org.apache.flume/flume-legacy-avro-source
The_Apache_Software_Foundation-Apache_Flume.cdx,flume-legacy-thrift-source,UNKNOWN,org.apache.flume,pkg:maven/org.apache.flume/flume-legacy-thrift-source
The_Apache_Software_Foundation-Apache_Flume.cdx,flume-ng-auth,1.11.1-SNAPSHOT,,pkg:maven/org.apache.flume/flume-ng-auth@1.11.1-SNAPSHOT
The_Apache_Software_Foundation-Apache_Flume.cdx,flume-ng-channels,1.11.1-SNAPSHOT,,pkg:maven/org.apache.flume/flume-ng-channels@1.11.1-SNAPSHOT
The_Apache_Software_Foundation-Apache_Flume.cdx,flume-ng-clients,1.11.1-SNAPSHOT,,pkg:maven/org.apache.flume/flume-ng-clients@1.11.1-SNAPSHOT
The_Apache_Software_Foundation-Apache_Flume.cdx,flume-ng-config-filter-api,1.11.1-SNAPSHOT,,pkg:maven/org.apache.flume/flume-ng-config-filter-api@1.11.1-SNAPSHOT
The_Apache_Software_Foundation-Apache_Flume.cdx,flume-ng-configfilters,1.11.1-SNAPSHOT,,pkg:maven/org.apache.flume/flume-ng-configfilters@1.11.1-SNAPSHOT
The_Apache_Software_Foundation-Apache_Flume.cdx,flume-ng-configuration,1.11.1-SNAPSHOT,,pkg:maven/org.apache.flume/flume-ng-configuration@1.11.1-SNAPSHOT
The_Apache_Software_Foundation-Apache_Flume.cdx,flume-ng-core,1.11.1-SNAPSHOT,,pkg:maven/org.apache.flume/flume-ng-core@1.11.1-SNAPSHOT
The_Apache_Software_Foundation-Apache_Flume.cdx,flume-ng-dist,1.11.1-SNAPSHOT,,pkg:maven/org.apache.flume/flume-ng-dist@1.11.1-SNAPSHOT
The_Apache_Software_Foundation-Apache_Flume.cdx,flume-ng-embedded-agent,1.11.1-SNAPSHOT,,pkg:maven/org.apache.flume/flume-ng-embedded-agent@1.11.1-SNAPSHOT
The_Apache_Software_Foundation-Apache_Flume.cdx,flume-ng-environment-variable-config-filter,1.11.1-SNAPSHOT,,pkg:maven/org.apache.flume/flume-ng-environment-variable-config-filter@1.11.1-SNAPSHOT
The_Apache_Software_Foundation-Apache_Flume.cdx,flume-ng-external-process-config-filter,1.11.1-SNAPSHOT,,pkg:maven/org.apache.flume/flume-ng-external-process-config-filter@1.11.1-SNAPSHOT
The_Apache_Software_Foundation-Apache_Flume.cdx,flume-ng-log4jappender,UNKNOWN,org.apache.flume.flume-ng-clients,pkg:maven/org.apache.flume.flume-ng-clients/flume-ng-log4jappender
The_Apache_Software_Foundation-Apache_Flume.cdx,flume-ng-log4jappender,1.11.1-SNAPSHOT,,pkg:maven/org.apache.flume.flume-ng-clients/flume-ng-log4jappender@1.11.1-SNAPSHOT
The_Apache_Software_Foundation-Apache_Flume.cdx,flume-ng-morphline-solr-sink,UNKNOWN,org.apache.flume.flume-ng-sinks,pkg:maven/org.apache.flume.flume-ng-sinks/flume-ng-morphline-solr-sink
The_Apache_Software_Foundation-Apache_Flume.cdx,flume-ng-morphline-solr-sink,1.11.1-SNAPSHOT,,pkg:maven/org.apache.flume.flume-ng-sinks/flume-ng-morphline-solr-sink@1.11.1-SNAPSHOT
The_Apache_Software_Foundation-Apache_Flume.cdx,flume-ng-node,1.11.1-SNAPSHOT,,pkg:maven/org.apache.flume/flume-ng-node@1.11.1-SNAPSHOT
The_Apache_Software_Foundation-Apache_Flume.cdx,flume-ng-sdk,1.11.1-SNAPSHOT,,pkg:maven/org.apache.flume/flume-ng-sdk@1.11.1-SNAPSHOT
The_Apache_Software_Foundation-Apache_Flume.cdx,flume-ng-sinks,1.11.1-SNAPSHOT,,pkg:maven/org.apache.flume/flume-ng-sinks@1.11.1-SNAPSHOT
The_Apache_Software_Foundation-Apache_Flume.cdx,flume-ng-sources,1.11.1-SNAPSHOT,,pkg:maven/org.apache.flume/flume-ng-sources@1.11.1-SNAPSHOT
The_Apache_Software_Foundation-Apache_Flume.cdx,flume-ng-tests,1.11.1-SNAPSHOT,,pkg:maven/org.apache.flume/flume-ng-tests@1.11.1-SNAPSHOT
The_Apache_Software_Foundation-Apache_Flume.cdx,flume-parent,1.11.1-SNAPSHOT,,pkg:maven/org.apache.flume/flume-parent@1.11.1-SNAPSHOT
The_Apache_Software_Foundation-Apache_Flume.cdx,flume-project,1.11.1-SNAPSHOT,,pkg:maven/org.apache.flume/flume-project@1.11.1-SNAPSHOT
The_Apache_Software_Foundation-Apache_Flume.cdx,flume-scribe-source,UNKNOWN,org.apache.flume.flume-ng-sources,pkg:maven/org.apache.flume.flume-ng-sources/flume-scribe-source
The_Apache_Software_Foundation-Apache_Flume.cdx,flume-scribe-source,1.11.1-SNAPSHOT,,pkg:maven/org.apache.flume.flume-ng-sources/flume-scribe-source@1.11.1-SNAPSHOT
The_Apache_Software_Foundation-Apache_Flume.cdx,flume-spillable-memory-channel,1.11.1-SNAPSHOT,,pkg:maven/org.apache.flume.flume-ng-channels/flume-spillable-memory-channel@1.11.1-SNAPSHOT
The_Apache_Software_Foundation-Apache_Flume.cdx,flume-taildir-source,UNKNOWN,org.apache.flume.flume-ng-sources,pkg:maven/org.apache.flume.flume-ng-sources/flume-taildir-source
The_Apache_Software_Foundation-Apache_Flume.cdx,flume-taildir-source,1.11.1-SNAPSHOT,,pkg:maven/org.apache.flume.flume-ng-sources/flume-taildir-source@1.11.1-SNAPSHOT
The_Apache_Software_Foundation-Apache_Flume.cdx,flume-tools,UNKNOWN,org.apache.flume,pkg:maven/org.apache.flume/flume-tools
The_Apache_Software_Foundation-Apache_Hadoop.cdx,/Users/dmk6603/Documents/cloned_repos_oss_swdb/The_Apache_Software_Foundation-Apache_Hadoop/.github/workflows/labeler.yml,,,
The_Apache_Software_Foundation-Apache_Hadoop.cdx,/Users/dmk6603/Documents/cloned_repos_oss_swdb/The_Apache_Software_Foundation-Apache_Hadoop/.github/workflows/stale.yml,,,
The_Apache_Software_Foundation-Apache_Hadoop.cdx,/Users/dmk6603/Documents/cloned_repos_oss_swdb/The_Apache_Software_Foundation-Apache_Hadoop/.github/workflows/website.yml,,,
The_Apache_Software_Foundation-Apache_Hadoop.cdx,/Users/dmk6603/Documents/cloned_repos_oss_swdb/The_Apache_Software_Foundation-Apache_Hadoop/dev-support/git-jira-validation/requirements.txt,,,
The_Apache_Software_Foundation-Apache_Hadoop.cdx,/Users/dmk6603/Documents/cloned_repos_oss_swdb/The_Apache_Software_Foundation-Apache_Hadoop/hadoop-assemblies/pom.xml,,,
The_Apache_Software_Foundation-Apache_Hadoop.cdx,/Users/dmk6603/Documents/cloned_repos_oss_swdb/The_Apache_Software_Foundation-Apache_Hadoop/hadoop-build-tools/pom.xml,,,
The_Apache_Software_Foundation-Apache_Hadoop.cdx,/Users/dmk6603/Documents/cloned_repos_oss_swdb/The_Apache_Software_Foundation-Apache_Hadoop/hadoop-client-modules/hadoop-client-api/pom.xml,,,
The_Apache_Software_Foundation-Apache_Hadoop.cdx,/Users/dmk6603/Documents/cloned_repos_oss_swdb/The_Apache_Software_Foundation-Apache_Hadoop/hadoop-client-modules/hadoop-client-check-invariants/pom.xml,,,
The_Apache_Software_Foundation-Apache_Hadoop.cdx,/Users/dmk6603/Documents/cloned_repos_oss_swdb/The_Apache_Software_Foundation-Apache_Hadoop/hadoop-client-modules/hadoop-client-check-test-invariants/pom.xml,,,
The_Apache_Software_Foundation-Apache_Hadoop.cdx,/Users/dmk6603/Documents/cloned_repos_oss_swdb/The_Apache_Software_Foundation-Apache_Hadoop/hadoop-client-modules/hadoop-client-integration-tests/pom.xml,,,
The_Apache_Software_Foundation-Apache_Hadoop.cdx,/Users/dmk6603/Documents/cloned_repos_oss_swdb/The_Apache_Software_Foundation-Apache_Hadoop/hadoop-client-modules/hadoop-client-minicluster/pom.xml,,,
The_Apache_Software_Foundation-Apache_Hadoop.cdx,/Users/dmk6603/Documents/cloned_repos_oss_swdb/The_Apache_Software_Foundation-Apache_Hadoop/hadoop-client-modules/hadoop-client-runtime/pom.xml,,,
The_Apache_Software_Foundation-Apache_Hadoop.cdx,/Users/dmk6603/Documents/cloned_repos_oss_swdb/The_Apache_Software_Foundation-Apache_Hadoop/hadoop-client-modules/hadoop-client/pom.xml,,,
The_Apache_Software_Foundation-Apache_Hadoop.cdx,/Users/dmk6603/Documents/cloned_repos_oss_swdb/The_Apache_Software_Foundation-Apache_Hadoop/hadoop-client-modules/pom.xml,,,
The_Apache_Software_Foundation-Apache_Hadoop.cdx,/Users/dmk6603/Documents/cloned_repos_oss_swdb/The_Apache_Software_Foundation-Apache_Hadoop/hadoop-cloud-storage-project/hadoop-cloud-storage-dist/pom.xml,,,
The_Apache_Software_Foundation-Apache_Hadoop.cdx,/Users/dmk6603/Documents/cloned_repos_oss_swdb/The_Apache_Software_Foundation-Apache_Hadoop/hadoop-cloud-storage-project/hadoop-cloud-storage/pom.xml,,,
The_Apache_Software_Foundation-Apache_Hadoop.cdx,/Users/dmk6603/Documents/cloned_repos_oss_swdb/The_Apache_Software_Foundation-Apache_Hadoop/hadoop-cloud-storage-project/hadoop-cos/pom.xml,,,
The_Apache_Software_Foundation-Apache_Hadoop.cdx,/Users/dmk6603/Documents/cloned_repos_oss_swdb/The_Apache_Software_Foundation-Apache_Hadoop/hadoop-cloud-storage-project/hadoop-gcp/pom.xml,,,
The_Apache_Software_Foundation-Apache_Hadoop.cdx,/Users/dmk6603/Documents/cloned_repos_oss_swdb/The_Apache_Software_Foundation-Apache_Hadoop/hadoop-cloud-storage-project/hadoop-huaweicloud/pom.xml,,,
The_Apache_Software_Foundation-Apache_Hadoop.cdx,/Users/dmk6603/Documents/cloned_repos_oss_swdb/The_Apache_Software_Foundation-Apache_Hadoop/hadoop-cloud-storage-project/hadoop-tos/pom.xml,,,
The_Apache_Software_Foundation-Apache_Hadoop.cdx,/Users/dmk6603/Documents/cloned_repos_oss_swdb/The_Apache_Software_Foundation-Apache_Hadoop/hadoop-cloud-storage-project/pom.xml,,,
The_Apache_Software_Foundation-Apache_Hadoop.cdx,/Users/dmk6603/Documents/cloned_repos_oss_swdb/The_Apache_Software_Foundation-Apache_Hadoop/hadoop-common-project/hadoop-annotations/pom.xml,,,
The_Apache_Software_Foundation-Apache_Hadoop.cdx,/Users/dmk6603/Documents/cloned_repos_oss_swdb/The_Apache_Software_Foundation-Apache_Hadoop/hadoop-common-project/hadoop-auth-examples/pom.xml,,,
The_Apache_Software_Foundation-Apache_Hadoop.cdx,/Users/dmk6603/Documents/cloned_repos_oss_swdb/The_Apache_Software_Foundation-Apache_Hadoop/hadoop-common-project/hadoop-auth/pom.xml,,,
The_Apache_Software_Foundation-Apache_Hadoop.cdx,/Users/dmk6603/Documents/cloned_repos_oss_swdb/The_Apache_Software_Foundation-Apache_Hadoop/hadoop-common-project/hadoop-common/pom.xml,,,
The_Apache_Software_Foundation-Apache_Hadoop.cdx,/Users/dmk6603/Documents/cloned_repos_oss_swdb/The_Apache_Software_Foundation-Apache_Hadoop/hadoop-common-project/hadoop-kms/pom.xml,,,
The_Apache_Software_Foundation-Apache_Hadoop.cdx,/Users/dmk6603/Documents/cloned_repos_oss_swdb/The_Apache_Software_Foundation-Apache_Hadoop/hadoop-common-project/hadoop-minikdc/pom.xml,,,
The_Apache_Software_Foundation-Apache_Hadoop.cdx,/Users/dmk6603/Documents/cloned_repos_oss_swdb/The_Apache_Software_Foundation-Apache_Hadoop/hadoop-common-project/hadoop-nfs/pom.xml,,,
The_Apache_Software_Foundation-Apache_Hadoop.cdx,/Users/dmk6603/Documents/cloned_repos_oss_swdb/The_Apache_Software_Foundation-Apache_Hadoop/hadoop-common-project/hadoop-registry/pom.xml,,,
The_Apache_Software_Foundation-Apache_Hadoop.cdx,/Users/dmk6603/Documents/cloned_repos_oss_swdb/The_Apache_Software_Foundation-Apache_Hadoop/hadoop-common-project/pom.xml,,,
The_Apache_Software_Foundation-Apache_Hadoop.cdx,/Users/dmk6603/Documents/cloned_repos_oss_swdb/The_Apache_Software_Foundation-Apache_Hadoop/hadoop-dist/pom.xml,,,
The_Apache_Software_Foundation-Apache_Hadoop.cdx,/Users/dmk6603/Documents/cloned_repos_oss_swdb/The_Apache_Software_Foundation-Apache_Hadoop/hadoop-hdfs-project/hadoop-hdfs-client/pom.xml,,,
The_Apache_Software_Foundation-Apache_Hadoop.cdx,/Users/dmk6603/Documents/cloned_repos_oss_swdb/The_Apache_Software_Foundation-Apache_Hadoop/hadoop-hdfs-project/hadoop-hdfs-httpfs/pom.xml,,,
The_Apache_Software_Foundation-Apache_Hadoop.cdx,/Users/dmk6603/Documents/cloned_repos_oss_swdb/The_Apache_Software_Foundation-Apache_Hadoop/hadoop-hdfs-project/hadoop-hdfs-native-client/pom.xml,,,
The_Apache_Software_Foundation-Apache_Hadoop.cdx,/Users/dmk6603/Documents/cloned_repos_oss_swdb/The_Apache_Software_Foundation-Apache_Hadoop/hadoop-hdfs-project/hadoop-hdfs-nfs/pom.xml,,,
The_Apache_Software_Foundation-Apache_Hadoop.cdx,/Users/dmk6603/Documents/cloned_repos_oss_swdb/The_Apache_Software_Foundation-Apache_Hadoop/hadoop-hdfs-project/hadoop-hdfs-rbf/pom.xml,,,
The_Apache_Software_Foundation-Apache_Hadoop.cdx,/Users/dmk6603/Documents/cloned_repos_oss_swdb/The_Apache_Software_Foundation-Apache_Hadoop/hadoop-hdfs-project/hadoop-hdfs/pom.xml,,,
The_Apache_Software_Foundation-Apache_Hadoop.cdx,/Users/dmk6603/Documents/cloned_repos_oss_swdb/The_Apache_Software_Foundation-Apache_Hadoop/hadoop-hdfs-project/pom.xml,,,
The_Apache_Software_Foundation-Apache_Hadoop.cdx,/Users/dmk6603/Documents/cloned_repos_oss_swdb/The_Apache_Software_Foundation-Apache_Hadoop/hadoop-mapreduce-project/hadoop-mapreduce-client/hadoop-mapreduce-client-app/pom.xml,,,
The_Apache_Software_Foundation-Apache_Hadoop.cdx,/Users/dmk6603/Documents/cloned_repos_oss_swdb/The_Apache_Software_Foundation-Apache_Hadoop/hadoop-mapreduce-project/hadoop-mapreduce-client/hadoop-mapreduce-client-common/pom.xml,,,
The_Apache_Software_Foundation-Apache_Hadoop.cdx,/Users/dmk6603/Documents/cloned_repos_oss_swdb/The_Apache_Software_Foundation-Apache_Hadoop/hadoop-mapreduce-project/hadoop-mapreduce-client/hadoop-mapreduce-client-core/pom.xml,,,
The_Apache_Software_Foundation-Apache_Hadoop.cdx,/Users/dmk6603/Documents/cloned_repos_oss_swdb/The_Apache_Software_Foundation-Apache_Hadoop/hadoop-mapreduce-project/hadoop-mapreduce-client/hadoop-mapreduce-client-hs-plugins/pom.xml,,,
The_Apache_Software_Foundation-Apache_Hadoop.cdx,/Users/dmk6603/Documents/cloned_repos_oss_swdb/The_Apache_Software_Foundation-Apache_Hadoop/hadoop-mapreduce-project/hadoop-mapreduce-client/hadoop-mapreduce-client-hs/pom.xml,,,
The_Apache_Software_Foundation-Apache_Hadoop.cdx,/Users/dmk6603/Documents/cloned_repos_oss_swdb/The_Apache_Software_Foundation-Apache_Hadoop/hadoop-mapreduce-project/hadoop-mapreduce-client/hadoop-mapreduce-client-jobclient/pom.xml,,,
The_Apache_Software_Foundation-Apache_Hadoop.cdx,/Users/dmk6603/Documents/cloned_repos_oss_swdb/The_Apache_Software_Foundation-Apache_Hadoop/hadoop-mapreduce-project/hadoop-mapreduce-client/hadoop-mapreduce-client-nativetask/pom.xml,,,
The_Apache_Software_Foundation-Apache_Hadoop.cdx,/Users/dmk6603/Documents/cloned_repos_oss_swdb/The_Apache_Software_Foundation-Apache_Hadoop/hadoop-mapreduce-project/hadoop-mapreduce-client/hadoop-mapreduce-client-shuffle/pom.xml,,,
The_Apache_Software_Foundation-Apache_Hadoop.cdx,/Users/dmk6603/Documents/cloned_repos_oss_swdb/The_Apache_Software_Foundation-Apache_Hadoop/hadoop-mapreduce-project/hadoop-mapreduce-client/hadoop-mapreduce-client-uploader/pom.xml,,,
The_Apache_Software_Foundation-Apache_Hadoop.cdx,/Users/dmk6603/Documents/cloned_repos_oss_swdb/The_Apache_Software_Foundation-Apache_Hadoop/hadoop-mapreduce-project/hadoop-mapreduce-client/pom.xml,,,
The_Apache_Software_Foundation-Apache_Hadoop.cdx,/Users/dmk6603/Documents/cloned_repos_oss_swdb/The_Apache_Software_Foundation-Apache_Hadoop/hadoop-mapreduce-project/hadoop-mapreduce-examples/pom.xml,,,
The_Apache_Software_Foundation-Apache_Hadoop.cdx,/Users/dmk6603/Documents/cloned_repos_oss_swdb/The_Apache_Software_Foundation-Apache_Hadoop/hadoop-mapreduce-project/pom.xml,,,
The_Apache_Software_Foundation-Apache_Hadoop.cdx,/Users/dmk6603/Documents/cloned_repos_oss_swdb/The_Apache_Software_Foundation-Apache_Hadoop/hadoop-maven-plugins/pom.xml,,,
The_Apache_Software_Foundation-Apache_Hadoop.cdx,/Users/dmk6603/Documents/cloned_repos_oss_swdb/The_Apache_Software_Foundation-Apache_Hadoop/hadoop-minicluster/pom.xml,,,
The_Apache_Software_Foundation-Apache_Hadoop.cdx,/Users/dmk6603/Documents/cloned_repos_oss_swdb/The_Apache_Software_Foundation-Apache_Hadoop/hadoop-project-dist/pom.xml,,,
The_Apache_Software_Foundation-Apache_Hadoop.cdx,/Users/dmk6603/Documents/cloned_repos_oss_swdb/The_Apache_Software_Foundation-Apache_Hadoop/hadoop-project/pom.xml,,,
The_Apache_Software_Foundation-Apache_Hadoop.cdx,/Users/dmk6603/Documents/cloned_repos_oss_swdb/The_Apache_Software_Foundation-Apache_Hadoop/hadoop-tools/hadoop-aliyun/pom.xml,,,
The_Apache_Software_Foundation-Apache_Hadoop.cdx,/Users/dmk6603/Documents/cloned_repos_oss_swdb/The_Apache_Software_Foundation-Apache_Hadoop/hadoop-tools/hadoop-archive-logs/pom.xml,,,
The_Apache_Software_Foundation-Apache_Hadoop.cdx,/Users/dmk6603/Documents/cloned_repos_oss_swdb/The_Apache_Software_Foundation-Apache_Hadoop/hadoop-tools/hadoop-archives/pom.xml,,,
The_Apache_Software_Foundation-Apache_Hadoop.cdx,/Users/dmk6603/Documents/cloned_repos_oss_swdb/The_Apache_Software_Foundation-Apache_Hadoop/hadoop-tools/hadoop-aws/pom.xml,,,
The_Apache_Software_Foundation-Apache_Hadoop.cdx,/Users/dmk6603/Documents/cloned_repos_oss_swdb/The_Apache_Software_Foundation-Apache_Hadoop/hadoop-tools/hadoop-azure-datalake/pom.xml,,,
The_Apache_Software_Foundation-Apache_Hadoop.cdx,/Users/dmk6603/Documents/cloned_repos_oss_swdb/The_Apache_Software_Foundation-Apache_Hadoop/hadoop-tools/hadoop-azure/pom.xml,,,
The_Apache_Software_Foundation-Apache_Hadoop.cdx,/Users/dmk6603/Documents/cloned_repos_oss_swdb/The_Apache_Software_Foundation-Apache_Hadoop/hadoop-tools/hadoop-benchmark/pom.xml,,,
The_Apache_Software_Foundation-Apache_Hadoop.cdx,/Users/dmk6603/Documents/cloned_repos_oss_swdb/The_Apache_Software_Foundation-Apache_Hadoop/hadoop-tools/hadoop-compat-bench/pom.xml,,,
The_Apache_Software_Foundation-Apache_Hadoop.cdx,/Users/dmk6603/Documents/cloned_repos_oss_swdb/The_Apache_Software_Foundation-Apache_Hadoop/hadoop-tools/hadoop-datajoin/pom.xml,,,
The_Apache_Software_Foundation-Apache_Hadoop.cdx,/Users/dmk6603/Documents/cloned_repos_oss_swdb/The_Apache_Software_Foundation-Apache_Hadoop/hadoop-tools/hadoop-distcp/pom.xml,,,
The_Apache_Software_Foundation-Apache_Hadoop.cdx,/Users/dmk6603/Documents/cloned_repos_oss_swdb/The_Apache_Software_Foundation-Apache_Hadoop/hadoop-tools/hadoop-dynamometer/hadoop-dynamometer-blockgen/pom.xml,,,
The_Apache_Software_Foundation-Apache_Hadoop.cdx,/Users/dmk6603/Documents/cloned_repos_oss_swdb/The_Apache_Software_Foundation-Apache_Hadoop/hadoop-tools/hadoop-dynamometer/hadoop-dynamometer-dist/pom.xml,,,
The_Apache_Software_Foundation-Apache_Hadoop.cdx,/Users/dmk6603/Documents/cloned_repos_oss_swdb/The_Apache_Software_Foundation-Apache_Hadoop/hadoop-tools/hadoop-dynamometer/hadoop-dynamometer-infra/pom.xml,,,
The_Apache_Software_Foundation-Apache_Hadoop.cdx,/Users/dmk6603/Documents/cloned_repos_oss_swdb/The_Apache_Software_Foundation-Apache_Hadoop/hadoop-tools/hadoop-dynamometer/hadoop-dynamometer-workload/pom.xml,,,
The_Apache_Software_Foundation-Apache_Hadoop.cdx,/Users/dmk6603/Documents/cloned_repos_oss_swdb/The_Apache_Software_Foundation-Apache_Hadoop/hadoop-tools/hadoop-dynamometer/pom.xml,,,
The_Apache_Software_Foundation-Apache_Hadoop.cdx,/Users/dmk6603/Documents/cloned_repos_oss_swdb/The_Apache_Software_Foundation-Apache_Hadoop/hadoop-tools/hadoop-extras/pom.xml,,,
The_Apache_Software_Foundation-Apache_Hadoop.cdx,/Users/dmk6603/Documents/cloned_repos_oss_swdb/The_Apache_Software_Foundation-Apache_Hadoop/hadoop-tools/hadoop-federation-balance/pom.xml,,,
The_Apache_Software_Foundation-Apache_Hadoop.cdx,/Users/dmk6603/Documents/cloned_repos_oss_swdb/The_Apache_Software_Foundation-Apache_Hadoop/hadoop-tools/hadoop-fs2img/pom.xml,,,
The_Apache_Software_Foundation-Apache_Hadoop.cdx,/Users/dmk6603/Documents/cloned_repos_oss_swdb/The_Apache_Software_Foundation-Apache_Hadoop/hadoop-tools/hadoop-gridmix/pom.xml,,,
The_Apache_Software_Foundation-Apache_Hadoop.cdx,/Users/dmk6603/Documents/cloned_repos_oss_swdb/The_Apache_Software_Foundation-Apache_Hadoop/hadoop-tools/hadoop-kafka/pom.xml,,,
The_Apache_Software_Foundation-Apache_Hadoop.cdx,/Users/dmk6603/Documents/cloned_repos_oss_swdb/The_Apache_Software_Foundation-Apache_Hadoop/hadoop-tools/hadoop-openstack/pom.xml,,,
The_Apache_Software_Foundation-Apache_Hadoop.cdx,/Users/dmk6603/Documents/cloned_repos_oss_swdb/The_Apache_Software_Foundation-Apache_Hadoop/hadoop-tools/hadoop-pipes/pom.xml,,,
The_Apache_Software_Foundation-Apache_Hadoop.cdx,/Users/dmk6603/Documents/cloned_repos_oss_swdb/The_Apache_Software_Foundation-Apache_Hadoop/hadoop-tools/hadoop-resourceestimator/pom.xml,,,
The_Apache_Software_Foundation-Apache_Hadoop.cdx,/Users/dmk6603/Documents/cloned_repos_oss_swdb/The_Apache_Software_Foundation-Apache_Hadoop/hadoop-tools/hadoop-rumen/pom.xml,,,
The_Apache_Software_Foundation-Apache_Hadoop.cdx,/Users/dmk6603/Documents/cloned_repos_oss_swdb/The_Apache_Software_Foundation-Apache_Hadoop/hadoop-tools/hadoop-sls/pom.xml,,,
The_Apache_Software_Foundation-Apache_Hadoop.cdx,/Users/dmk6603/Documents/cloned_repos_oss_swdb/The_Apache_Software_Foundation-Apache_Hadoop/hadoop-tools/hadoop-streaming/pom.xml,,,
The_Apache_Software_Foundation-Apache_Hadoop.cdx,/Users/dmk6603/Documents/cloned_repos_oss_swdb/The_Apache_Software_Foundation-Apache_Hadoop/hadoop-tools/hadoop-tools-dist/pom.xml,,,
The_Apache_Software_Foundation-Apache_Hadoop.cdx,/Users/dmk6603/Documents/cloned_repos_oss_swdb/The_Apache_Software_Foundation-Apache_Hadoop/hadoop-tools/pom.xml,,,
The_Apache_Software_Foundation-Apache_Hadoop.cdx,/Users/dmk6603/Documents/cloned_repos_oss_swdb/The_Apache_Software_Foundation-Apache_Hadoop/hadoop-yarn-project/hadoop-yarn/hadoop-yarn-api/pom.xml,,,
The_Apache_Software_Foundation-Apache_Hadoop.cdx,/Users/dmk6603/Documents/cloned_repos_oss_swdb/The_Apache_Software_Foundation-Apache_Hadoop/hadoop-yarn-project/hadoop-yarn/hadoop-yarn-applications/hadoop-yarn-applications-catalog/hadoop-yarn-applications-catalog-docker/pom.xml,,,
The_Apache_Software_Foundation-Apache_Hadoop.cdx,/Users/dmk6603/Documents/cloned_repos_oss_swdb/The_Apache_Software_Foundation-Apache_Hadoop/hadoop-yarn-project/hadoop-yarn/hadoop-yarn-applications/hadoop-yarn-applications-catalog/hadoop-yarn-applications-catalog-webapp/pom.xml,,,
The_Apache_Software_Foundation-Apache_Hadoop.cdx,/Users/dmk6603/Documents/cloned_repos_oss_swdb/The_Apache_Software_Foundation-Apache_Hadoop/hadoop-yarn-project/hadoop-yarn/hadoop-yarn-applications/hadoop-yarn-applications-catalog/hadoop-yarn-applications-catalog-webapp/yarn.lock,,,
The_Apache_Software_Foundation-Apache_Hadoop.cdx,/Users/dmk6603/Documents/cloned_repos_oss_swdb/The_Apache_Software_Foundation-Apache_Hadoop/hadoop-yarn-project/hadoop-yarn/hadoop-yarn-applications/hadoop-yarn-applications-catalog/pom.xml,,,
The_Apache_Software_Foundation-Apache_Hadoop.cdx,/Users/dmk6603/Documents/cloned_repos_oss_swdb/The_Apache_Software_Foundation-Apache_Hadoop/hadoop-yarn-project/hadoop-yarn/hadoop-yarn-applications/hadoop-yarn-applications-distributedshell/pom.xml,,,
The_Apache_Software_Foundation-Apache_Hadoop.cdx,/Users/dmk6603/Documents/cloned_repos_oss_swdb/The_Apache_Software_Foundation-Apache_Hadoop/hadoop-yarn-project/hadoop-yarn/hadoop-yarn-applications/hadoop-yarn-applications-mawo/hadoop-yarn-applications-mawo-core/pom.xml,,,
The_Apache_Software_Foundation-Apache_Hadoop.cdx,/Users/dmk6603/Documents/cloned_repos_oss_swdb/The_Apache_Software_Foundation-Apache_Hadoop/hadoop-yarn-project/hadoop-yarn/hadoop-yarn-applications/hadoop-yarn-applications-mawo/pom.xml,,,
The_Apache_Software_Foundation-Apache_Hadoop.cdx,/Users/dmk6603/Documents/cloned_repos_oss_swdb/The_Apache_Software_Foundation-Apache_Hadoop/hadoop-yarn-project/hadoop-yarn/hadoop-yarn-applications/hadoop-yarn-applications-unmanaged-am-launcher/pom.xml,,,
The_Apache_Software_Foundation-Apache_Hadoop.cdx,/Users/dmk6603/Documents/cloned_repos_oss_swdb/The_Apache_Software_Foundation-Apache_Hadoop/hadoop-yarn-project/hadoop-yarn/hadoop-yarn-applications/hadoop-yarn-services/hadoop-yarn-services-api/pom.xml,,,
The_Apache_Software_Foundation-Apache_Hadoop.cdx,/Users/dmk6603/Documents/cloned_repos_oss_swdb/The_Apache_Software_Foundation-Apache_Hadoop/hadoop-yarn-project/hadoop-yarn/hadoop-yarn-applications/hadoop-yarn-services/hadoop-yarn-services-core/pom.xml,,,
The_Apache_Software_Foundation-Apache_Hadoop.cdx,/Users/dmk6603/Documents/cloned_repos_oss_swdb/The_Apache_Software_Foundation-Apache_Hadoop/hadoop-yarn-project/hadoop-yarn/hadoop-yarn-applications/hadoop-yarn-services/pom.xml,,,
The_Apache_Software_Foundation-Apache_Hadoop.cdx,/Users/dmk6603/Documents/cloned_repos_oss_swdb/The_Apache_Software_Foundation-Apache_Hadoop/hadoop-yarn-project/hadoop-yarn/hadoop-yarn-applications/pom.xml,,,
The_Apache_Software_Foundation-Apache_Hadoop.cdx,/Users/dmk6603/Documents/cloned_repos_oss_swdb/The_Apache_Software_Foundation-Apache_Hadoop/hadoop-yarn-project/hadoop-yarn/hadoop-yarn-capacity-scheduler-ui/pom.xml,,,
The_Apache_Software_Foundation-Apache_Hadoop.cdx,/Users/dmk6603/Documents/cloned_repos_oss_swdb/The_Apache_Software_Foundation-Apache_Hadoop/hadoop-yarn-project/hadoop-yarn/hadoop-yarn-capacity-scheduler-ui/src/main/webapp/package-lock.json,,,
The_Apache_Software_Foundation-Apache_Hadoop.cdx,/Users/dmk6603/Documents/cloned_repos_oss_swdb/The_Apache_Software_Foundation-Apache_Hadoop/hadoop-yarn-project/hadoop-yarn/hadoop-yarn-client/pom.xml,,,
The_Apache_Software_Foundation-Apache_Hadoop.cdx,/Users/dmk6603/Documents/cloned_repos_oss_swdb/The_Apache_Software_Foundation-Apache_Hadoop/hadoop-yarn-project/hadoop-yarn/hadoop-yarn-common/pom.xml,,,
The_Apache_Software_Foundation-Apache_Hadoop.cdx,/Users/dmk6603/Documents/cloned_repos_oss_swdb/The_Apache_Software_Foundation-Apache_Hadoop/hadoop-yarn-project/hadoop-yarn/hadoop-yarn-csi/pom.xml,,,
The_Apache_Software_Foundation-Apache_Hadoop_HDFS.cdx,/Users/dmk6603/Documents/cloned_repos_oss_swdb/The_Apache_Software_Foundation-Apache_Hadoop_HDFS/.github/workflows/labeler.yml,,,
The_Apache_Software_Foundation-Apache_Hadoop_HDFS.cdx,/Users/dmk6603/Documents/cloned_repos_oss_swdb/The_Apache_Software_Foundation-Apache_Hadoop_HDFS/.github/workflows/stale.yml,,,
The_Apache_Software_Foundation-Apache_Hadoop_HDFS.cdx,/Users/dmk6603/Documents/cloned_repos_oss_swdb/The_Apache_Software_Foundation-Apache_Hadoop_HDFS/.github/workflows/website.yml,,,
The_Apache_Software_Foundation-Apache_Hadoop_HDFS.cdx,/Users/dmk6603/Documents/cloned_repos_oss_swdb/The_Apache_Software_Foundation-Apache_Hadoop_HDFS/dev-support/git-jira-validation/requirements.txt,,,
The_Apache_Software_Foundation-Apache_Hadoop_HDFS.cdx,/Users/dmk6603/Documents/cloned_repos_oss_swdb/The_Apache_Software_Foundation-Apache_Hadoop_HDFS/hadoop-assemblies/pom.xml,,,
The_Apache_Software_Foundation-Apache_Hadoop_HDFS.cdx,/Users/dmk6603/Documents/cloned_repos_oss_swdb/The_Apache_Software_Foundation-Apache_Hadoop_HDFS/hadoop-build-tools/pom.xml,,,
The_Apache_Software_Foundation-Apache_Hadoop_HDFS.cdx,/Users/dmk6603/Documents/cloned_repos_oss_swdb/The_Apache_Software_Foundation-Apache_Hadoop_HDFS/hadoop-client-modules/hadoop-client-api/pom.xml,,,
The_Apache_Software_Foundation-Apache_Hadoop_HDFS.cdx,/Users/dmk6603/Documents/cloned_repos_oss_swdb/The_Apache_Software_Foundation-Apache_Hadoop_HDFS/hadoop-client-modules/hadoop-client-check-invariants/pom.xml,,,
The_Apache_Software_Foundation-Apache_Hadoop_HDFS.cdx,/Users/dmk6603/Documents/cloned_repos_oss_swdb/The_Apache_Software_Foundation-Apache_Hadoop_HDFS/hadoop-client-modules/hadoop-client-check-test-invariants/pom.xml,,,
The_Apache_Software_Foundation-Apache_Hadoop_HDFS.cdx,/Users/dmk6603/Documents/cloned_repos_oss_swdb/The_Apache_Software_Foundation-Apache_Hadoop_HDFS/hadoop-client-modules/hadoop-client-integration-tests/pom.xml,,,
The_Apache_Software_Foundation-Apache_Hadoop_HDFS.cdx,/Users/dmk6603/Documents/cloned_repos_oss_swdb/The_Apache_Software_Foundation-Apache_Hadoop_HDFS/hadoop-client-modules/hadoop-client-minicluster/pom.xml,,,
The_Apache_Software_Foundation-Apache_Hadoop_HDFS.cdx,/Users/dmk6603/Documents/cloned_repos_oss_swdb/The_Apache_Software_Foundation-Apache_Hadoop_HDFS/hadoop-client-modules/hadoop-client-runtime/pom.xml,,,
The_Apache_Software_Foundation-Apache_Hadoop_HDFS.cdx,/Users/dmk6603/Documents/cloned_repos_oss_swdb/The_Apache_Software_Foundation-Apache_Hadoop_HDFS/hadoop-client-modules/hadoop-client/pom.xml,,,
The_Apache_Software_Foundation-Apache_Hadoop_HDFS.cdx,/Users/dmk6603/Documents/cloned_repos_oss_swdb/The_Apache_Software_Foundation-Apache_Hadoop_HDFS/hadoop-client-modules/pom.xml,,,
The_Apache_Software_Foundation-Apache_Hadoop_HDFS.cdx,/Users/dmk6603/Documents/cloned_repos_oss_swdb/The_Apache_Software_Foundation-Apache_Hadoop_HDFS/hadoop-cloud-storage-project/hadoop-cloud-storage-dist/pom.xml,,,
The_Apache_Software_Foundation-Apache_Hadoop_HDFS.cdx,/Users/dmk6603/Documents/cloned_repos_oss_swdb/The_Apache_Software_Foundation-Apache_Hadoop_HDFS/hadoop-cloud-storage-project/hadoop-cloud-storage/pom.xml,,,
The_Apache_Software_Foundation-Apache_Hadoop_HDFS.cdx,/Users/dmk6603/Documents/cloned_repos_oss_swdb/The_Apache_Software_Foundation-Apache_Hadoop_HDFS/hadoop-cloud-storage-project/hadoop-cos/pom.xml,,,
The_Apache_Software_Foundation-Apache_Hadoop_HDFS.cdx,/Users/dmk6603/Documents/cloned_repos_oss_swdb/The_Apache_Software_Foundation-Apache_Hadoop_HDFS/hadoop-cloud-storage-project/hadoop-gcp/pom.xml,,,
The_Apache_Software_Foundation-Apache_Hadoop_HDFS.cdx,/Users/dmk6603/Documents/cloned_repos_oss_swdb/The_Apache_Software_Foundation-Apache_Hadoop_HDFS/hadoop-cloud-storage-project/hadoop-huaweicloud/pom.xml,,,
The_Apache_Software_Foundation-Apache_Hadoop_HDFS.cdx,/Users/dmk6603/Documents/cloned_repos_oss_swdb/The_Apache_Software_Foundation-Apache_Hadoop_HDFS/hadoop-cloud-storage-project/hadoop-tos/pom.xml,,,
The_Apache_Software_Foundation-Apache_Hadoop_HDFS.cdx,/Users/dmk6603/Documents/cloned_repos_oss_swdb/The_Apache_Software_Foundation-Apache_Hadoop_HDFS/hadoop-cloud-storage-project/pom.xml,,,
The_Apache_Software_Foundation-Apache_Hadoop_HDFS.cdx,/Users/dmk6603/Documents/cloned_repos_oss_swdb/The_Apache_Software_Foundation-Apache_Hadoop_HDFS/hadoop-common-project/hadoop-annotations/pom.xml,,,
The_Apache_Software_Foundation-Apache_Hadoop_HDFS.cdx,/Users/dmk6603/Documents/cloned_repos_oss_swdb/The_Apache_Software_Foundation-Apache_Hadoop_HDFS/hadoop-common-project/hadoop-auth-examples/pom.xml,,,
The_Apache_Software_Foundation-Apache_Hadoop_HDFS.cdx,/Users/dmk6603/Documents/cloned_repos_oss_swdb/The_Apache_Software_Foundation-Apache_Hadoop_HDFS/hadoop-common-project/hadoop-auth/pom.xml,,,
The_Apache_Software_Foundation-Apache_Hadoop_HDFS.cdx,/Users/dmk6603/Documents/cloned_repos_oss_swdb/The_Apache_Software_Foundation-Apache_Hadoop_HDFS/hadoop-common-project/hadoop-common/pom.xml,,,
The_Apache_Software_Foundation-Apache_Hadoop_HDFS.cdx,/Users/dmk6603/Documents/cloned_repos_oss_swdb/The_Apache_Software_Foundation-Apache_Hadoop_HDFS/hadoop-common-project/hadoop-kms/pom.xml,,,
The_Apache_Software_Foundation-Apache_Hadoop_HDFS.cdx,/Users/dmk6603/Documents/cloned_repos_oss_swdb/The_Apache_Software_Foundation-Apache_Hadoop_HDFS/hadoop-common-project/hadoop-minikdc/pom.xml,,,
The_Apache_Software_Foundation-Apache_Hadoop_HDFS.cdx,/Users/dmk6603/Documents/cloned_repos_oss_swdb/The_Apache_Software_Foundation-Apache_Hadoop_HDFS/hadoop-common-project/hadoop-nfs/pom.xml,,,
The_Apache_Software_Foundation-Apache_Hadoop_HDFS.cdx,/Users/dmk6603/Documents/cloned_repos_oss_swdb/The_Apache_Software_Foundation-Apache_Hadoop_HDFS/hadoop-common-project/hadoop-registry/pom.xml,,,
The_Apache_Software_Foundation-Apache_Hadoop_HDFS.cdx,/Users/dmk6603/Documents/cloned_repos_oss_swdb/The_Apache_Software_Foundation-Apache_Hadoop_HDFS/hadoop-common-project/pom.xml,,,
The_Apache_Software_Foundation-Apache_Hadoop_HDFS.cdx,/Users/dmk6603/Documents/cloned_repos_oss_swdb/The_Apache_Software_Foundation-Apache_Hadoop_HDFS/hadoop-dist/pom.xml,,,
The_Apache_Software_Foundation-Apache_Hadoop_HDFS.cdx,/Users/dmk6603/Documents/cloned_repos_oss_swdb/The_Apache_Software_Foundation-Apache_Hadoop_HDFS/hadoop-hdfs-project/hadoop-hdfs-client/pom.xml,,,
The_Apache_Software_Foundation-Apache_Hadoop_HDFS.cdx,/Users/dmk6603/Documents/cloned_repos_oss_swdb/The_Apache_Software_Foundation-Apache_Hadoop_HDFS/hadoop-hdfs-project/hadoop-hdfs-httpfs/pom.xml,,,
The_Apache_Software_Foundation-Apache_Hadoop_HDFS.cdx,/Users/dmk6603/Documents/cloned_repos_oss_swdb/The_Apache_Software_Foundation-Apache_Hadoop_HDFS/hadoop-hdfs-project/hadoop-hdfs-native-client/pom.xml,,,
The_Apache_Software_Foundation-Apache_Hadoop_HDFS.cdx,/Users/dmk6603/Documents/cloned_repos_oss_swdb/The_Apache_Software_Foundation-Apache_Hadoop_HDFS/hadoop-hdfs-project/hadoop-hdfs-nfs/pom.xml,,,
The_Apache_Software_Foundation-Apache_Hadoop_HDFS.cdx,/Users/dmk6603/Documents/cloned_repos_oss_swdb/The_Apache_Software_Foundation-Apache_Hadoop_HDFS/hadoop-hdfs-project/hadoop-hdfs-rbf/pom.xml,,,
The_Apache_Software_Foundation-Apache_Hadoop_HDFS.cdx,/Users/dmk6603/Documents/cloned_repos_oss_swdb/The_Apache_Software_Foundation-Apache_Hadoop_HDFS/hadoop-hdfs-project/hadoop-hdfs/pom.xml,,,
The_Apache_Software_Foundation-Apache_Hadoop_HDFS.cdx,/Users/dmk6603/Documents/cloned_repos_oss_swdb/The_Apache_Software_Foundation-Apache_Hadoop_HDFS/hadoop-hdfs-project/pom.xml,,,
The_Apache_Software_Foundation-Apache_Hadoop_HDFS.cdx,/Users/dmk6603/Documents/cloned_repos_oss_swdb/The_Apache_Software_Foundation-Apache_Hadoop_HDFS/hadoop-mapreduce-project/hadoop-mapreduce-client/hadoop-mapreduce-client-app/pom.xml,,,
The_Apache_Software_Foundation-Apache_Hadoop_HDFS.cdx,/Users/dmk6603/Documents/cloned_repos_oss_swdb/The_Apache_Software_Foundation-Apache_Hadoop_HDFS/hadoop-mapreduce-project/hadoop-mapreduce-client/hadoop-mapreduce-client-common/pom.xml,,,
The_Apache_Software_Foundation-Apache_Hadoop_HDFS.cdx,/Users/dmk6603/Documents/cloned_repos_oss_swdb/The_Apache_Software_Foundation-Apache_Hadoop_HDFS/hadoop-mapreduce-project/hadoop-mapreduce-client/hadoop-mapreduce-client-core/pom.xml,,,
The_Apache_Software_Foundation-Apache_Hadoop_HDFS.cdx,/Users/dmk6603/Documents/cloned_repos_oss_swdb/The_Apache_Software_Foundation-Apache_Hadoop_HDFS/hadoop-mapreduce-project/hadoop-mapreduce-client/hadoop-mapreduce-client-hs-plugins/pom.xml,,,
The_Apache_Software_Foundation-Apache_Hadoop_HDFS.cdx,/Users/dmk6603/Documents/cloned_repos_oss_swdb/The_Apache_Software_Foundation-Apache_Hadoop_HDFS/hadoop-mapreduce-project/hadoop-mapreduce-client/hadoop-mapreduce-client-hs/pom.xml,,,
The_Apache_Software_Foundation-Apache_Hadoop_HDFS.cdx,/Users/dmk6603/Documents/cloned_repos_oss_swdb/The_Apache_Software_Foundation-Apache_Hadoop_HDFS/hadoop-mapreduce-project/hadoop-mapreduce-client/hadoop-mapreduce-client-jobclient/pom.xml,,,
The_Apache_Software_Foundation-Apache_Hadoop_HDFS.cdx,/Users/dmk6603/Documents/cloned_repos_oss_swdb/The_Apache_Software_Foundation-Apache_Hadoop_HDFS/hadoop-mapreduce-project/hadoop-mapreduce-client/hadoop-mapreduce-client-nativetask/pom.xml,,,
The_Apache_Software_Foundation-Apache_Hadoop_HDFS.cdx,/Users/dmk6603/Documents/cloned_repos_oss_swdb/The_Apache_Software_Foundation-Apache_Hadoop_HDFS/hadoop-mapreduce-project/hadoop-mapreduce-client/hadoop-mapreduce-client-shuffle/pom.xml,,,
The_Apache_Software_Foundation-Apache_Hadoop_HDFS.cdx,/Users/dmk6603/Documents/cloned_repos_oss_swdb/The_Apache_Software_Foundation-Apache_Hadoop_HDFS/hadoop-mapreduce-project/hadoop-mapreduce-client/hadoop-mapreduce-client-uploader/pom.xml,,,
The_Apache_Software_Foundation-Apache_Hadoop_HDFS.cdx,/Users/dmk6603/Documents/cloned_repos_oss_swdb/The_Apache_Software_Foundation-Apache_Hadoop_HDFS/hadoop-mapreduce-project/hadoop-mapreduce-client/pom.xml,,,
The_Apache_Software_Foundation-Apache_Hadoop_HDFS.cdx,/Users/dmk6603/Documents/cloned_repos_oss_swdb/The_Apache_Software_Foundation-Apache_Hadoop_HDFS/hadoop-mapreduce-project/hadoop-mapreduce-examples/pom.xml,,,
The_Apache_Software_Foundation-Apache_Hadoop_HDFS.cdx,/Users/dmk6603/Documents/cloned_repos_oss_swdb/The_Apache_Software_Foundation-Apache_Hadoop_HDFS/hadoop-mapreduce-project/pom.xml,,,
The_Apache_Software_Foundation-Apache_Hadoop_HDFS.cdx,/Users/dmk6603/Documents/cloned_repos_oss_swdb/The_Apache_Software_Foundation-Apache_Hadoop_HDFS/hadoop-maven-plugins/pom.xml,,,
The_Apache_Software_Foundation-Apache_Hadoop_HDFS.cdx,/Users/dmk6603/Documents/cloned_repos_oss_swdb/The_Apache_Software_Foundation-Apache_Hadoop_HDFS/hadoop-minicluster/pom.xml,,,
The_Apache_Software_Foundation-Apache_Hadoop_HDFS.cdx,/Users/dmk6603/Documents/cloned_repos_oss_swdb/The_Apache_Software_Foundation-Apache_Hadoop_HDFS/hadoop-project-dist/pom.xml,,,
The_Apache_Software_Foundation-Apache_Hadoop_HDFS.cdx,/Users/dmk6603/Documents/cloned_repos_oss_swdb/The_Apache_Software_Foundation-Apache_Hadoop_HDFS/hadoop-project/pom.xml,,,
The_Apache_Software_Foundation-Apache_Hadoop_HDFS.cdx,/Users/dmk6603/Documents/cloned_repos_oss_swdb/The_Apache_Software_Foundation-Apache_Hadoop_HDFS/hadoop-tools/hadoop-aliyun/pom.xml,,,
The_Apache_Software_Foundation-Apache_Hadoop_HDFS.cdx,/Users/dmk6603/Documents/cloned_repos_oss_swdb/The_Apache_Software_Foundation-Apache_Hadoop_HDFS/hadoop-tools/hadoop-archive-logs/pom.xml,,,
The_Apache_Software_Foundation-Apache_Hadoop_HDFS.cdx,/Users/dmk6603/Documents/cloned_repos_oss_swdb/The_Apache_Software_Foundation-Apache_Hadoop_HDFS/hadoop-tools/hadoop-archives/pom.xml,,,
The_Apache_Software_Foundation-Apache_Hadoop_HDFS.cdx,/Users/dmk6603/Documents/cloned_repos_oss_swdb/The_Apache_Software_Foundation-Apache_Hadoop_HDFS/hadoop-tools/hadoop-aws/pom.xml,,,
The_Apache_Software_Foundation-Apache_Hadoop_HDFS.cdx,/Users/dmk6603/Documents/cloned_repos_oss_swdb/The_Apache_Software_Foundation-Apache_Hadoop_HDFS/hadoop-tools/hadoop-azure-datalake/pom.xml,,,
The_Apache_Software_Foundation-Apache_Hadoop_HDFS.cdx,/Users/dmk6603/Documents/cloned_repos_oss_swdb/The_Apache_Software_Foundation-Apache_Hadoop_HDFS/hadoop-tools/hadoop-azure/pom.xml,,,
The_Apache_Software_Foundation-Apache_Hadoop_HDFS.cdx,/Users/dmk6603/Documents/cloned_repos_oss_swdb/The_Apache_Software_Foundation-Apache_Hadoop_HDFS/hadoop-tools/hadoop-benchmark/pom.xml,,,
The_Apache_Software_Foundation-Apache_Hadoop_HDFS.cdx,/Users/dmk6603/Documents/cloned_repos_oss_swdb/The_Apache_Software_Foundation-Apache_Hadoop_HDFS/hadoop-tools/hadoop-compat-bench/pom.xml,,,
The_Apache_Software_Foundation-Apache_Hadoop_HDFS.cdx,/Users/dmk6603/Documents/cloned_repos_oss_swdb/The_Apache_Software_Foundation-Apache_Hadoop_HDFS/hadoop-tools/hadoop-datajoin/pom.xml,,,
The_Apache_Software_Foundation-Apache_Hadoop_HDFS.cdx,/Users/dmk6603/Documents/cloned_repos_oss_swdb/The_Apache_Software_Foundation-Apache_Hadoop_HDFS/hadoop-tools/hadoop-distcp/pom.xml,,,
The_Apache_Software_Foundation-Apache_Hadoop_HDFS.cdx,/Users/dmk6603/Documents/cloned_repos_oss_swdb/The_Apache_Software_Foundation-Apache_Hadoop_HDFS/hadoop-tools/hadoop-dynamometer/hadoop-dynamometer-blockgen/pom.xml,,,
The_Apache_Software_Foundation-Apache_Hadoop_HDFS.cdx,/Users/dmk6603/Documents/cloned_repos_oss_swdb/The_Apache_Software_Foundation-Apache_Hadoop_HDFS/hadoop-tools/hadoop-dynamometer/hadoop-dynamometer-dist/pom.xml,,,
The_Apache_Software_Foundation-Apache_Hadoop_HDFS.cdx,/Users/dmk6603/Documents/cloned_repos_oss_swdb/The_Apache_Software_Foundation-Apache_Hadoop_HDFS/hadoop-tools/hadoop-dynamometer/hadoop-dynamometer-infra/pom.xml,,,
The_Apache_Software_Foundation-Apache_Hadoop_HDFS.cdx,/Users/dmk6603/Documents/cloned_repos_oss_swdb/The_Apache_Software_Foundation-Apache_Hadoop_HDFS/hadoop-tools/hadoop-dynamometer/hadoop-dynamometer-workload/pom.xml,,,
The_Apache_Software_Foundation-Apache_Hadoop_HDFS.cdx,/Users/dmk6603/Documents/cloned_repos_oss_swdb/The_Apache_Software_Foundation-Apache_Hadoop_HDFS/hadoop-tools/hadoop-dynamometer/pom.xml,,,
The_Apache_Software_Foundation-Apache_Hadoop_HDFS.cdx,/Users/dmk6603/Documents/cloned_repos_oss_swdb/The_Apache_Software_Foundation-Apache_Hadoop_HDFS/hadoop-tools/hadoop-extras/pom.xml,,,
The_Apache_Software_Foundation-Apache_Hadoop_HDFS.cdx,/Users/dmk6603/Documents/cloned_repos_oss_swdb/The_Apache_Software_Foundation-Apache_Hadoop_HDFS/hadoop-tools/hadoop-federation-balance/pom.xml,,,
The_Apache_Software_Foundation-Apache_Hadoop_HDFS.cdx,/Users/dmk6603/Documents/cloned_repos_oss_swdb/The_Apache_Software_Foundation-Apache_Hadoop_HDFS/hadoop-tools/hadoop-fs2img/pom.xml,,,
The_Apache_Software_Foundation-Apache_Hadoop_HDFS.cdx,/Users/dmk6603/Documents/cloned_repos_oss_swdb/The_Apache_Software_Foundation-Apache_Hadoop_HDFS/hadoop-tools/hadoop-gridmix/pom.xml,,,
The_Apache_Software_Foundation-Apache_Hadoop_HDFS.cdx,/Users/dmk6603/Documents/cloned_repos_oss_swdb/The_Apache_Software_Foundation-Apache_Hadoop_HDFS/hadoop-tools/hadoop-kafka/pom.xml,,,
The_Apache_Software_Foundation-Apache_Hadoop_HDFS.cdx,/Users/dmk6603/Documents/cloned_repos_oss_swdb/The_Apache_Software_Foundation-Apache_Hadoop_HDFS/hadoop-tools/hadoop-openstack/pom.xml,,,
The_Apache_Software_Foundation-Apache_Hadoop_HDFS.cdx,/Users/dmk6603/Documents/cloned_repos_oss_swdb/The_Apache_Software_Foundation-Apache_Hadoop_HDFS/hadoop-tools/hadoop-pipes/pom.xml,,,
The_Apache_Software_Foundation-Apache_Hadoop_HDFS.cdx,/Users/dmk6603/Documents/cloned_repos_oss_swdb/The_Apache_Software_Foundation-Apache_Hadoop_HDFS/hadoop-tools/hadoop-resourceestimator/pom.xml,,,
The_Apache_Software_Foundation-Apache_Hadoop_HDFS.cdx,/Users/dmk6603/Documents/cloned_repos_oss_swdb/The_Apache_Software_Foundation-Apache_Hadoop_HDFS/hadoop-tools/hadoop-rumen/pom.xml,,,
The_Apache_Software_Foundation-Apache_Hadoop_HDFS.cdx,/Users/dmk6603/Documents/cloned_repos_oss_swdb/The_Apache_Software_Foundation-Apache_Hadoop_HDFS/hadoop-tools/hadoop-sls/pom.xml,,,
The_Apache_Software_Foundation-Apache_Hadoop_HDFS.cdx,/Users/dmk6603/Documents/cloned_repos_oss_swdb/The_Apache_Software_Foundation-Apache_Hadoop_HDFS/hadoop-tools/hadoop-streaming/pom.xml,,,
The_Apache_Software_Foundation-Apache_Hadoop_HDFS.cdx,/Users/dmk6603/Documents/cloned_repos_oss_swdb/The_Apache_Software_Foundation-Apache_Hadoop_HDFS/hadoop-tools/hadoop-tools-dist/pom.xml,,,
The_Apache_Software_Foundation-Apache_Hadoop_HDFS.cdx,/Users/dmk6603/Documents/cloned_repos_oss_swdb/The_Apache_Software_Foundation-Apache_Hadoop_HDFS/hadoop-tools/pom.xml,,,
The_Apache_Software_Foundation-Apache_Hadoop_HDFS.cdx,/Users/dmk6603/Documents/cloned_repos_oss_swdb/The_Apache_Software_Foundation-Apache_Hadoop_HDFS/hadoop-yarn-project/hadoop-yarn/hadoop-yarn-api/pom.xml,,,
The_Apache_Software_Foundation-Apache_Hadoop_HDFS.cdx,/Users/dmk6603/Documents/cloned_repos_oss_swdb/The_Apache_Software_Foundation-Apache_Hadoop_HDFS/hadoop-yarn-project/hadoop-yarn/hadoop-yarn-applications/hadoop-yarn-applications-catalog/hadoop-yarn-applications-catalog-docker/pom.xml,,,
The_Apache_Software_Foundation-Apache_Hadoop_HDFS.cdx,/Users/dmk6603/Documents/cloned_repos_oss_swdb/The_Apache_Software_Foundation-Apache_Hadoop_HDFS/hadoop-yarn-project/hadoop-yarn/hadoop-yarn-applications/hadoop-yarn-applications-catalog/hadoop-yarn-applications-catalog-webapp/pom.xml,,,
The_Apache_Software_Foundation-Apache_Hadoop_HDFS.cdx,/Users/dmk6603/Documents/cloned_repos_oss_swdb/The_Apache_Software_Foundation-Apache_Hadoop_HDFS/hadoop-yarn-project/hadoop-yarn/hadoop-yarn-applications/hadoop-yarn-applications-catalog/hadoop-yarn-applications-catalog-webapp/yarn.lock,,,
The_Apache_Software_Foundation-Apache_Hadoop_HDFS.cdx,/Users/dmk6603/Documents/cloned_repos_oss_swdb/The_Apache_Software_Foundation-Apache_Hadoop_HDFS/hadoop-yarn-project/hadoop-yarn/hadoop-yarn-applications/hadoop-yarn-applications-catalog/pom.xml,,,
The_Apache_Software_Foundation-Apache_Hadoop_HDFS.cdx,/Users/dmk6603/Documents/cloned_repos_oss_swdb/The_Apache_Software_Foundation-Apache_Hadoop_HDFS/hadoop-yarn-project/hadoop-yarn/hadoop-yarn-applications/hadoop-yarn-applications-distributedshell/pom.xml,,,
The_Apache_Software_Foundation-Apache_Hadoop_HDFS.cdx,/Users/dmk6603/Documents/cloned_repos_oss_swdb/The_Apache_Software_Foundation-Apache_Hadoop_HDFS/hadoop-yarn-project/hadoop-yarn/hadoop-yarn-applications/hadoop-yarn-applications-mawo/hadoop-yarn-applications-mawo-core/pom.xml,,,
The_Apache_Software_Foundation-Apache_Hadoop_HDFS.cdx,/Users/dmk6603/Documents/cloned_repos_oss_swdb/The_Apache_Software_Foundation-Apache_Hadoop_HDFS/hadoop-yarn-project/hadoop-yarn/hadoop-yarn-applications/hadoop-yarn-applications-mawo/pom.xml,,,
The_Apache_Software_Foundation-Apache_Hadoop_HDFS.cdx,/Users/dmk6603/Documents/cloned_repos_oss_swdb/The_Apache_Software_Foundation-Apache_Hadoop_HDFS/hadoop-yarn-project/hadoop-yarn/hadoop-yarn-applications/hadoop-yarn-applications-unmanaged-am-launcher/pom.xml,,,
The_Apache_Software_Foundation-Apache_Hadoop_HDFS.cdx,/Users/dmk6603/Documents/cloned_repos_oss_swdb/The_Apache_Software_Foundation-Apache_Hadoop_HDFS/hadoop-yarn-project/hadoop-yarn/hadoop-yarn-applications/hadoop-yarn-services/hadoop-yarn-services-api/pom.xml,,,
The_Apache_Software_Foundation-Apache_Hadoop_HDFS.cdx,/Users/dmk6603/Documents/cloned_repos_oss_swdb/The_Apache_Software_Foundation-Apache_Hadoop_HDFS/hadoop-yarn-project/hadoop-yarn/hadoop-yarn-applications/hadoop-yarn-services/hadoop-yarn-services-core/pom.xml,,,
The_Apache_Software_Foundation-Apache_Hadoop_HDFS.cdx,/Users/dmk6603/Documents/cloned_repos_oss_swdb/The_Apache_Software_Foundation-Apache_Hadoop_HDFS/hadoop-yarn-project/hadoop-yarn/hadoop-yarn-applications/hadoop-yarn-services/pom.xml,,,
The_Apache_Software_Foundation-Apache_Hadoop_HDFS.cdx,/Users/dmk6603/Documents/cloned_repos_oss_swdb/The_Apache_Software_Foundation-Apache_Hadoop_HDFS/hadoop-yarn-project/hadoop-yarn/hadoop-yarn-applications/pom.xml,,,
The_Apache_Software_Foundation-Apache_Hadoop_HDFS.cdx,/Users/dmk6603/Documents/cloned_repos_oss_swdb/The_Apache_Software_Foundation-Apache_Hadoop_HDFS/hadoop-yarn-project/hadoop-yarn/hadoop-yarn-capacity-scheduler-ui/pom.xml,,,
The_Apache_Software_Foundation-Apache_Hadoop_HDFS.cdx,/Users/dmk6603/Documents/cloned_repos_oss_swdb/The_Apache_Software_Foundation-Apache_Hadoop_HDFS/hadoop-yarn-project/hadoop-yarn/hadoop-yarn-capacity-scheduler-ui/src/main/webapp/package-lock.json,,,
The_Apache_Software_Foundation-Apache_Hadoop_HDFS.cdx,/Users/dmk6603/Documents/cloned_repos_oss_swdb/The_Apache_Software_Foundation-Apache_Hadoop_HDFS/hadoop-yarn-project/hadoop-yarn/hadoop-yarn-client/pom.xml,,,
The_Apache_Software_Foundation-Apache_Hadoop_HDFS.cdx,/Users/dmk6603/Documents/cloned_repos_oss_swdb/The_Apache_Software_Foundation-Apache_Hadoop_HDFS/hadoop-yarn-project/hadoop-yarn/hadoop-yarn-common/pom.xml,,,
The_Apache_Software_Foundation-Apache_Hadoop_HDFS.cdx,/Users/dmk6603/Documents/cloned_repos_oss_swdb/The_Apache_Software_Foundation-Apache_Hadoop_HDFS/hadoop-yarn-project/hadoop-yarn/hadoop-yarn-csi/pom.xml,,,
The_Apache_Software_Foundation-Apache_Hadoop_MapReduce.cdx,/Users/dmk6603/Documents/cloned_repos_oss_swdb/The_Apache_Software_Foundation-Apache_Hadoop_MapReduce/.github/workflows/labeler.yml,,,
The_Apache_Software_Foundation-Apache_Hadoop_MapReduce.cdx,/Users/dmk6603/Documents/cloned_repos_oss_swdb/The_Apache_Software_Foundation-Apache_Hadoop_MapReduce/.github/workflows/stale.yml,,,
The_Apache_Software_Foundation-Apache_Hadoop_MapReduce.cdx,/Users/dmk6603/Documents/cloned_repos_oss_swdb/The_Apache_Software_Foundation-Apache_Hadoop_MapReduce/.github/workflows/website.yml,,,
The_Apache_Software_Foundation-Apache_Hadoop_MapReduce.cdx,/Users/dmk6603/Documents/cloned_repos_oss_swdb/The_Apache_Software_Foundation-Apache_Hadoop_MapReduce/dev-support/git-jira-validation/requirements.txt,,,
The_Apache_Software_Foundation-Apache_Hadoop_MapReduce.cdx,/Users/dmk6603/Documents/cloned_repos_oss_swdb/The_Apache_Software_Foundation-Apache_Hadoop_MapReduce/hadoop-assemblies/pom.xml,,,
The_Apache_Software_Foundation-Apache_Hadoop_MapReduce.cdx,/Users/dmk6603/Documents/cloned_repos_oss_swdb/The_Apache_Software_Foundation-Apache_Hadoop_MapReduce/hadoop-build-tools/pom.xml,,,
The_Apache_Software_Foundation-Apache_Hadoop_MapReduce.cdx,/Users/dmk6603/Documents/cloned_repos_oss_swdb/The_Apache_Software_Foundation-Apache_Hadoop_MapReduce/hadoop-client-modules/hadoop-client-api/pom.xml,,,
The_Apache_Software_Foundation-Apache_Hadoop_MapReduce.cdx,/Users/dmk6603/Documents/cloned_repos_oss_swdb/The_Apache_Software_Foundation-Apache_Hadoop_MapReduce/hadoop-client-modules/hadoop-client-check-invariants/pom.xml,,,
The_Apache_Software_Foundation-Apache_Hadoop_MapReduce.cdx,/Users/dmk6603/Documents/cloned_repos_oss_swdb/The_Apache_Software_Foundation-Apache_Hadoop_MapReduce/hadoop-client-modules/hadoop-client-check-test-invariants/pom.xml,,,
The_Apache_Software_Foundation-Apache_Hadoop_MapReduce.cdx,/Users/dmk6603/Documents/cloned_repos_oss_swdb/The_Apache_Software_Foundation-Apache_Hadoop_MapReduce/hadoop-client-modules/hadoop-client-integration-tests/pom.xml,,,
The_Apache_Software_Foundation-Apache_Hadoop_MapReduce.cdx,/Users/dmk6603/Documents/cloned_repos_oss_swdb/The_Apache_Software_Foundation-Apache_Hadoop_MapReduce/hadoop-client-modules/hadoop-client-minicluster/pom.xml,,,
The_Apache_Software_Foundation-Apache_Hadoop_MapReduce.cdx,/Users/dmk6603/Documents/cloned_repos_oss_swdb/The_Apache_Software_Foundation-Apache_Hadoop_MapReduce/hadoop-client-modules/hadoop-client-runtime/pom.xml,,,
The_Apache_Software_Foundation-Apache_Hadoop_MapReduce.cdx,/Users/dmk6603/Documents/cloned_repos_oss_swdb/The_Apache_Software_Foundation-Apache_Hadoop_MapReduce/hadoop-client-modules/hadoop-client/pom.xml,,,
The_Apache_Software_Foundation-Apache_Hadoop_MapReduce.cdx,/Users/dmk6603/Documents/cloned_repos_oss_swdb/The_Apache_Software_Foundation-Apache_Hadoop_MapReduce/hadoop-client-modules/pom.xml,,,
The_Apache_Software_Foundation-Apache_Hadoop_MapReduce.cdx,/Users/dmk6603/Documents/cloned_repos_oss_swdb/The_Apache_Software_Foundation-Apache_Hadoop_MapReduce/hadoop-cloud-storage-project/hadoop-cloud-storage-dist/pom.xml,,,
The_Apache_Software_Foundation-Apache_Hadoop_MapReduce.cdx,/Users/dmk6603/Documents/cloned_repos_oss_swdb/The_Apache_Software_Foundation-Apache_Hadoop_MapReduce/hadoop-cloud-storage-project/hadoop-cloud-storage/pom.xml,,,
The_Apache_Software_Foundation-Apache_Hadoop_MapReduce.cdx,/Users/dmk6603/Documents/cloned_repos_oss_swdb/The_Apache_Software_Foundation-Apache_Hadoop_MapReduce/hadoop-cloud-storage-project/hadoop-cos/pom.xml,,,
The_Apache_Software_Foundation-Apache_Hadoop_MapReduce.cdx,/Users/dmk6603/Documents/cloned_repos_oss_swdb/The_Apache_Software_Foundation-Apache_Hadoop_MapReduce/hadoop-cloud-storage-project/hadoop-gcp/pom.xml,,,
The_Apache_Software_Foundation-Apache_Hadoop_MapReduce.cdx,/Users/dmk6603/Documents/cloned_repos_oss_swdb/The_Apache_Software_Foundation-Apache_Hadoop_MapReduce/hadoop-cloud-storage-project/hadoop-huaweicloud/pom.xml,,,
The_Apache_Software_Foundation-Apache_Hadoop_MapReduce.cdx,/Users/dmk6603/Documents/cloned_repos_oss_swdb/The_Apache_Software_Foundation-Apache_Hadoop_MapReduce/hadoop-cloud-storage-project/hadoop-tos/pom.xml,,,
The_Apache_Software_Foundation-Apache_Hadoop_MapReduce.cdx,/Users/dmk6603/Documents/cloned_repos_oss_swdb/The_Apache_Software_Foundation-Apache_Hadoop_MapReduce/hadoop-cloud-storage-project/pom.xml,,,
The_Apache_Software_Foundation-Apache_Hadoop_MapReduce.cdx,/Users/dmk6603/Documents/cloned_repos_oss_swdb/The_Apache_Software_Foundation-Apache_Hadoop_MapReduce/hadoop-common-project/hadoop-annotations/pom.xml,,,
The_Apache_Software_Foundation-Apache_Hadoop_MapReduce.cdx,/Users/dmk6603/Documents/cloned_repos_oss_swdb/The_Apache_Software_Foundation-Apache_Hadoop_MapReduce/hadoop-common-project/hadoop-auth-examples/pom.xml,,,
The_Apache_Software_Foundation-Apache_Hadoop_MapReduce.cdx,/Users/dmk6603/Documents/cloned_repos_oss_swdb/The_Apache_Software_Foundation-Apache_Hadoop_MapReduce/hadoop-common-project/hadoop-auth/pom.xml,,,
The_Apache_Software_Foundation-Apache_Hadoop_MapReduce.cdx,/Users/dmk6603/Documents/cloned_repos_oss_swdb/The_Apache_Software_Foundation-Apache_Hadoop_MapReduce/hadoop-common-project/hadoop-common/pom.xml,,,
The_Apache_Software_Foundation-Apache_Hadoop_MapReduce.cdx,/Users/dmk6603/Documents/cloned_repos_oss_swdb/The_Apache_Software_Foundation-Apache_Hadoop_MapReduce/hadoop-common-project/hadoop-kms/pom.xml,,,
The_Apache_Software_Foundation-Apache_Hadoop_MapReduce.cdx,/Users/dmk6603/Documents/cloned_repos_oss_swdb/The_Apache_Software_Foundation-Apache_Hadoop_MapReduce/hadoop-common-project/hadoop-minikdc/pom.xml,,,
The_Apache_Software_Foundation-Apache_Hadoop_MapReduce.cdx,/Users/dmk6603/Documents/cloned_repos_oss_swdb/The_Apache_Software_Foundation-Apache_Hadoop_MapReduce/hadoop-common-project/hadoop-nfs/pom.xml,,,
The_Apache_Software_Foundation-Apache_Hadoop_MapReduce.cdx,/Users/dmk6603/Documents/cloned_repos_oss_swdb/The_Apache_Software_Foundation-Apache_Hadoop_MapReduce/hadoop-common-project/hadoop-registry/pom.xml,,,
The_Apache_Software_Foundation-Apache_Hadoop_MapReduce.cdx,/Users/dmk6603/Documents/cloned_repos_oss_swdb/The_Apache_Software_Foundation-Apache_Hadoop_MapReduce/hadoop-common-project/pom.xml,,,
The_Apache_Software_Foundation-Apache_Hadoop_MapReduce.cdx,/Users/dmk6603/Documents/cloned_repos_oss_swdb/The_Apache_Software_Foundation-Apache_Hadoop_MapReduce/hadoop-dist/pom.xml,,,
The_Apache_Software_Foundation-Apache_Hadoop_MapReduce.cdx,/Users/dmk6603/Documents/cloned_repos_oss_swdb/The_Apache_Software_Foundation-Apache_Hadoop_MapReduce/hadoop-hdfs-project/hadoop-hdfs-client/pom.xml,,,
The_Apache_Software_Foundation-Apache_Hadoop_MapReduce.cdx,/Users/dmk6603/Documents/cloned_repos_oss_swdb/The_Apache_Software_Foundation-Apache_Hadoop_MapReduce/hadoop-hdfs-project/hadoop-hdfs-httpfs/pom.xml,,,
The_Apache_Software_Foundation-Apache_Hadoop_MapReduce.cdx,/Users/dmk6603/Documents/cloned_repos_oss_swdb/The_Apache_Software_Foundation-Apache_Hadoop_MapReduce/hadoop-hdfs-project/hadoop-hdfs-native-client/pom.xml,,,
The_Apache_Software_Foundation-Apache_Hadoop_MapReduce.cdx,/Users/dmk6603/Documents/cloned_repos_oss_swdb/The_Apache_Software_Foundation-Apache_Hadoop_MapReduce/hadoop-hdfs-project/hadoop-hdfs-nfs/pom.xml,,,
The_Apache_Software_Foundation-Apache_Hadoop_MapReduce.cdx,/Users/dmk6603/Documents/cloned_repos_oss_swdb/The_Apache_Software_Foundation-Apache_Hadoop_MapReduce/hadoop-hdfs-project/hadoop-hdfs-rbf/pom.xml,,,
The_Apache_Software_Foundation-Apache_Hadoop_MapReduce.cdx,/Users/dmk6603/Documents/cloned_repos_oss_swdb/The_Apache_Software_Foundation-Apache_Hadoop_MapReduce/hadoop-hdfs-project/hadoop-hdfs/pom.xml,,,
The_Apache_Software_Foundation-Apache_Hadoop_MapReduce.cdx,/Users/dmk6603/Documents/cloned_repos_oss_swdb/The_Apache_Software_Foundation-Apache_Hadoop_MapReduce/hadoop-hdfs-project/pom.xml,,,
The_Apache_Software_Foundation-Apache_Hadoop_MapReduce.cdx,/Users/dmk6603/Documents/cloned_repos_oss_swdb/The_Apache_Software_Foundation-Apache_Hadoop_MapReduce/hadoop-mapreduce-project/hadoop-mapreduce-client/hadoop-mapreduce-client-app/pom.xml,,,
The_Apache_Software_Foundation-Apache_Hadoop_MapReduce.cdx,/Users/dmk6603/Documents/cloned_repos_oss_swdb/The_Apache_Software_Foundation-Apache_Hadoop_MapReduce/hadoop-mapreduce-project/hadoop-mapreduce-client/hadoop-mapreduce-client-common/pom.xml,,,
The_Apache_Software_Foundation-Apache_Hadoop_MapReduce.cdx,/Users/dmk6603/Documents/cloned_repos_oss_swdb/The_Apache_Software_Foundation-Apache_Hadoop_MapReduce/hadoop-mapreduce-project/hadoop-mapreduce-client/hadoop-mapreduce-client-core/pom.xml,,,
The_Apache_Software_Foundation-Apache_Hadoop_MapReduce.cdx,/Users/dmk6603/Documents/cloned_repos_oss_swdb/The_Apache_Software_Foundation-Apache_Hadoop_MapReduce/hadoop-mapreduce-project/hadoop-mapreduce-client/hadoop-mapreduce-client-hs-plugins/pom.xml,,,
The_Apache_Software_Foundation-Apache_Hadoop_MapReduce.cdx,/Users/dmk6603/Documents/cloned_repos_oss_swdb/The_Apache_Software_Foundation-Apache_Hadoop_MapReduce/hadoop-mapreduce-project/hadoop-mapreduce-client/hadoop-mapreduce-client-hs/pom.xml,,,
The_Apache_Software_Foundation-Apache_Hadoop_MapReduce.cdx,/Users/dmk6603/Documents/cloned_repos_oss_swdb/The_Apache_Software_Foundation-Apache_Hadoop_MapReduce/hadoop-mapreduce-project/hadoop-mapreduce-client/hadoop-mapreduce-client-jobclient/pom.xml,,,
The_Apache_Software_Foundation-Apache_Hadoop_MapReduce.cdx,/Users/dmk6603/Documents/cloned_repos_oss_swdb/The_Apache_Software_Foundation-Apache_Hadoop_MapReduce/hadoop-mapreduce-project/hadoop-mapreduce-client/hadoop-mapreduce-client-nativetask/pom.xml,,,
The_Apache_Software_Foundation-Apache_Hadoop_MapReduce.cdx,/Users/dmk6603/Documents/cloned_repos_oss_swdb/The_Apache_Software_Foundation-Apache_Hadoop_MapReduce/hadoop-mapreduce-project/hadoop-mapreduce-client/hadoop-mapreduce-client-shuffle/pom.xml,,,
The_Apache_Software_Foundation-Apache_Hadoop_MapReduce.cdx,/Users/dmk6603/Documents/cloned_repos_oss_swdb/The_Apache_Software_Foundation-Apache_Hadoop_MapReduce/hadoop-mapreduce-project/hadoop-mapreduce-client/hadoop-mapreduce-client-uploader/pom.xml,,,
The_Apache_Software_Foundation-Apache_Hadoop_MapReduce.cdx,/Users/dmk6603/Documents/cloned_repos_oss_swdb/The_Apache_Software_Foundation-Apache_Hadoop_MapReduce/hadoop-mapreduce-project/hadoop-mapreduce-client/pom.xml,,,
The_Apache_Software_Foundation-Apache_Hadoop_MapReduce.cdx,/Users/dmk6603/Documents/cloned_repos_oss_swdb/The_Apache_Software_Foundation-Apache_Hadoop_MapReduce/hadoop-mapreduce-project/hadoop-mapreduce-examples/pom.xml,,,
The_Apache_Software_Foundation-Apache_Hadoop_MapReduce.cdx,/Users/dmk6603/Documents/cloned_repos_oss_swdb/The_Apache_Software_Foundation-Apache_Hadoop_MapReduce/hadoop-mapreduce-project/pom.xml,,,
The_Apache_Software_Foundation-Apache_Hadoop_MapReduce.cdx,/Users/dmk6603/Documents/cloned_repos_oss_swdb/The_Apache_Software_Foundation-Apache_Hadoop_MapReduce/hadoop-maven-plugins/pom.xml,,,
The_Apache_Software_Foundation-Apache_Hadoop_MapReduce.cdx,/Users/dmk6603/Documents/cloned_repos_oss_swdb/The_Apache_Software_Foundation-Apache_Hadoop_MapReduce/hadoop-minicluster/pom.xml,,,
The_Apache_Software_Foundation-Apache_Hadoop_MapReduce.cdx,/Users/dmk6603/Documents/cloned_repos_oss_swdb/The_Apache_Software_Foundation-Apache_Hadoop_MapReduce/hadoop-project-dist/pom.xml,,,
The_Apache_Software_Foundation-Apache_Hadoop_MapReduce.cdx,/Users/dmk6603/Documents/cloned_repos_oss_swdb/The_Apache_Software_Foundation-Apache_Hadoop_MapReduce/hadoop-project/pom.xml,,,
The_Apache_Software_Foundation-Apache_Hadoop_MapReduce.cdx,/Users/dmk6603/Documents/cloned_repos_oss_swdb/The_Apache_Software_Foundation-Apache_Hadoop_MapReduce/hadoop-tools/hadoop-aliyun/pom.xml,,,
The_Apache_Software_Foundation-Apache_Hadoop_MapReduce.cdx,/Users/dmk6603/Documents/cloned_repos_oss_swdb/The_Apache_Software_Foundation-Apache_Hadoop_MapReduce/hadoop-tools/hadoop-archive-logs/pom.xml,,,
The_Apache_Software_Foundation-Apache_Hadoop_MapReduce.cdx,/Users/dmk6603/Documents/cloned_repos_oss_swdb/The_Apache_Software_Foundation-Apache_Hadoop_MapReduce/hadoop-tools/hadoop-archives/pom.xml,,,
The_Apache_Software_Foundation-Apache_Hadoop_MapReduce.cdx,/Users/dmk6603/Documents/cloned_repos_oss_swdb/The_Apache_Software_Foundation-Apache_Hadoop_MapReduce/hadoop-tools/hadoop-aws/pom.xml,,,
The_Apache_Software_Foundation-Apache_Hadoop_MapReduce.cdx,/Users/dmk6603/Documents/cloned_repos_oss_swdb/The_Apache_Software_Foundation-Apache_Hadoop_MapReduce/hadoop-tools/hadoop-azure-datalake/pom.xml,,,
The_Apache_Software_Foundation-Apache_Hadoop_MapReduce.cdx,/Users/dmk6603/Documents/cloned_repos_oss_swdb/The_Apache_Software_Foundation-Apache_Hadoop_MapReduce/hadoop-tools/hadoop-azure/pom.xml,,,
The_Apache_Software_Foundation-Apache_Hadoop_MapReduce.cdx,/Users/dmk6603/Documents/cloned_repos_oss_swdb/The_Apache_Software_Foundation-Apache_Hadoop_MapReduce/hadoop-tools/hadoop-benchmark/pom.xml,,,
The_Apache_Software_Foundation-Apache_Hadoop_MapReduce.cdx,/Users/dmk6603/Documents/cloned_repos_oss_swdb/The_Apache_Software_Foundation-Apache_Hadoop_MapReduce/hadoop-tools/hadoop-compat-bench/pom.xml,,,
The_Apache_Software_Foundation-Apache_Hadoop_MapReduce.cdx,/Users/dmk6603/Documents/cloned_repos_oss_swdb/The_Apache_Software_Foundation-Apache_Hadoop_MapReduce/hadoop-tools/hadoop-datajoin/pom.xml,,,
The_Apache_Software_Foundation-Apache_Hadoop_MapReduce.cdx,/Users/dmk6603/Documents/cloned_repos_oss_swdb/The_Apache_Software_Foundation-Apache_Hadoop_MapReduce/hadoop-tools/hadoop-distcp/pom.xml,,,
The_Apache_Software_Foundation-Apache_Hadoop_MapReduce.cdx,/Users/dmk6603/Documents/cloned_repos_oss_swdb/The_Apache_Software_Foundation-Apache_Hadoop_MapReduce/hadoop-tools/hadoop-dynamometer/hadoop-dynamometer-blockgen/pom.xml,,,
The_Apache_Software_Foundation-Apache_Hadoop_MapReduce.cdx,/Users/dmk6603/Documents/cloned_repos_oss_swdb/The_Apache_Software_Foundation-Apache_Hadoop_MapReduce/hadoop-tools/hadoop-dynamometer/hadoop-dynamometer-dist/pom.xml,,,
The_Apache_Software_Foundation-Apache_Hadoop_MapReduce.cdx,/Users/dmk6603/Documents/cloned_repos_oss_swdb/The_Apache_Software_Foundation-Apache_Hadoop_MapReduce/hadoop-tools/hadoop-dynamometer/hadoop-dynamometer-infra/pom.xml,,,
The_Apache_Software_Foundation-Apache_Hadoop_MapReduce.cdx,/Users/dmk6603/Documents/cloned_repos_oss_swdb/The_Apache_Software_Foundation-Apache_Hadoop_MapReduce/hadoop-tools/hadoop-dynamometer/hadoop-dynamometer-workload/pom.xml,,,
The_Apache_Software_Foundation-Apache_Hadoop_MapReduce.cdx,/Users/dmk6603/Documents/cloned_repos_oss_swdb/The_Apache_Software_Foundation-Apache_Hadoop_MapReduce/hadoop-tools/hadoop-dynamometer/pom.xml,,,
The_Apache_Software_Foundation-Apache_Hadoop_MapReduce.cdx,/Users/dmk6603/Documents/cloned_repos_oss_swdb/The_Apache_Software_Foundation-Apache_Hadoop_MapReduce/hadoop-tools/hadoop-extras/pom.xml,,,
The_Apache_Software_Foundation-Apache_Hadoop_MapReduce.cdx,/Users/dmk6603/Documents/cloned_repos_oss_swdb/The_Apache_Software_Foundation-Apache_Hadoop_MapReduce/hadoop-tools/hadoop-federation-balance/pom.xml,,,
The_Apache_Software_Foundation-Apache_Hadoop_MapReduce.cdx,/Users/dmk6603/Documents/cloned_repos_oss_swdb/The_Apache_Software_Foundation-Apache_Hadoop_MapReduce/hadoop-tools/hadoop-fs2img/pom.xml,,,
The_Apache_Software_Foundation-Apache_Hadoop_MapReduce.cdx,/Users/dmk6603/Documents/cloned_repos_oss_swdb/The_Apache_Software_Foundation-Apache_Hadoop_MapReduce/hadoop-tools/hadoop-gridmix/pom.xml,,,
The_Apache_Software_Foundation-Apache_Hadoop_MapReduce.cdx,/Users/dmk6603/Documents/cloned_repos_oss_swdb/The_Apache_Software_Foundation-Apache_Hadoop_MapReduce/hadoop-tools/hadoop-kafka/pom.xml,,,
The_Apache_Software_Foundation-Apache_Hadoop_MapReduce.cdx,/Users/dmk6603/Documents/cloned_repos_oss_swdb/The_Apache_Software_Foundation-Apache_Hadoop_MapReduce/hadoop-tools/hadoop-openstack/pom.xml,,,
The_Apache_Software_Foundation-Apache_Hadoop_MapReduce.cdx,/Users/dmk6603/Documents/cloned_repos_oss_swdb/The_Apache_Software_Foundation-Apache_Hadoop_MapReduce/hadoop-tools/hadoop-pipes/pom.xml,,,
The_Apache_Software_Foundation-Apache_Hadoop_MapReduce.cdx,/Users/dmk6603/Documents/cloned_repos_oss_swdb/The_Apache_Software_Foundation-Apache_Hadoop_MapReduce/hadoop-tools/hadoop-resourceestimator/pom.xml,,,
The_Apache_Software_Foundation-Apache_Hadoop_MapReduce.cdx,/Users/dmk6603/Documents/cloned_repos_oss_swdb/The_Apache_Software_Foundation-Apache_Hadoop_MapReduce/hadoop-tools/hadoop-rumen/pom.xml,,,
The_Apache_Software_Foundation-Apache_Hadoop_MapReduce.cdx,/Users/dmk6603/Documents/cloned_repos_oss_swdb/The_Apache_Software_Foundation-Apache_Hadoop_MapReduce/hadoop-tools/hadoop-sls/pom.xml,,,
The_Apache_Software_Foundation-Apache_Hadoop_MapReduce.cdx,/Users/dmk6603/Documents/cloned_repos_oss_swdb/The_Apache_Software_Foundation-Apache_Hadoop_MapReduce/hadoop-tools/hadoop-streaming/pom.xml,,,
The_Apache_Software_Foundation-Apache_Hadoop_MapReduce.cdx,/Users/dmk6603/Documents/cloned_repos_oss_swdb/The_Apache_Software_Foundation-Apache_Hadoop_MapReduce/hadoop-tools/hadoop-tools-dist/pom.xml,,,
The_Apache_Software_Foundation-Apache_Hadoop_MapReduce.cdx,/Users/dmk6603/Documents/cloned_repos_oss_swdb/The_Apache_Software_Foundation-Apache_Hadoop_MapReduce/hadoop-tools/pom.xml,,,
The_Apache_Software_Foundation-Apache_Hadoop_MapReduce.cdx,/Users/dmk6603/Documents/cloned_repos_oss_swdb/The_Apache_Software_Foundation-Apache_Hadoop_MapReduce/hadoop-yarn-project/hadoop-yarn/hadoop-yarn-api/pom.xml,,,
The_Apache_Software_Foundation-Apache_Hadoop_MapReduce.cdx,/Users/dmk6603/Documents/cloned_repos_oss_swdb/The_Apache_Software_Foundation-Apache_Hadoop_MapReduce/hadoop-yarn-project/hadoop-yarn/hadoop-yarn-applications/hadoop-yarn-applications-catalog/hadoop-yarn-applications-catalog-docker/pom.xml,,,
The_Apache_Software_Foundation-Apache_Hadoop_MapReduce.cdx,/Users/dmk6603/Documents/cloned_repos_oss_swdb/The_Apache_Software_Foundation-Apache_Hadoop_MapReduce/hadoop-yarn-project/hadoop-yarn/hadoop-yarn-applications/hadoop-yarn-applications-catalog/hadoop-yarn-applications-catalog-webapp/pom.xml,,,
The_Apache_Software_Foundation-Apache_Hadoop_MapReduce.cdx,/Users/dmk6603/Documents/cloned_repos_oss_swdb/The_Apache_Software_Foundation-Apache_Hadoop_MapReduce/hadoop-yarn-project/hadoop-yarn/hadoop-yarn-applications/hadoop-yarn-applications-catalog/hadoop-yarn-applications-catalog-webapp/yarn.lock,,,
The_Apache_Software_Foundation-Apache_Hadoop_MapReduce.cdx,/Users/dmk6603/Documents/cloned_repos_oss_swdb/The_Apache_Software_Foundation-Apache_Hadoop_MapReduce/hadoop-yarn-project/hadoop-yarn/hadoop-yarn-applications/hadoop-yarn-applications-catalog/pom.xml,,,
The_Apache_Software_Foundation-Apache_Hadoop_MapReduce.cdx,/Users/dmk6603/Documents/cloned_repos_oss_swdb/The_Apache_Software_Foundation-Apache_Hadoop_MapReduce/hadoop-yarn-project/hadoop-yarn/hadoop-yarn-applications/hadoop-yarn-applications-distributedshell/pom.xml,,,
The_Apache_Software_Foundation-Apache_Hadoop_MapReduce.cdx,/Users/dmk6603/Documents/cloned_repos_oss_swdb/The_Apache_Software_Foundation-Apache_Hadoop_MapReduce/hadoop-yarn-project/hadoop-yarn/hadoop-yarn-applications/hadoop-yarn-applications-mawo/hadoop-yarn-applications-mawo-core/pom.xml,,,
The_Apache_Software_Foundation-Apache_Hadoop_MapReduce.cdx,/Users/dmk6603/Documents/cloned_repos_oss_swdb/The_Apache_Software_Foundation-Apache_Hadoop_MapReduce/hadoop-yarn-project/hadoop-yarn/hadoop-yarn-applications/hadoop-yarn-applications-mawo/pom.xml,,,
The_Apache_Software_Foundation-Apache_Hadoop_MapReduce.cdx,/Users/dmk6603/Documents/cloned_repos_oss_swdb/The_Apache_Software_Foundation-Apache_Hadoop_MapReduce/hadoop-yarn-project/hadoop-yarn/hadoop-yarn-applications/hadoop-yarn-applications-unmanaged-am-launcher/pom.xml,,,
The_Apache_Software_Foundation-Apache_Hadoop_MapReduce.cdx,/Users/dmk6603/Documents/cloned_repos_oss_swdb/The_Apache_Software_Foundation-Apache_Hadoop_MapReduce/hadoop-yarn-project/hadoop-yarn/hadoop-yarn-applications/hadoop-yarn-services/hadoop-yarn-services-api/pom.xml,,,
The_Apache_Software_Foundation-Apache_Hadoop_MapReduce.cdx,/Users/dmk6603/Documents/cloned_repos_oss_swdb/The_Apache_Software_Foundation-Apache_Hadoop_MapReduce/hadoop-yarn-project/hadoop-yarn/hadoop-yarn-applications/hadoop-yarn-services/hadoop-yarn-services-core/pom.xml,,,
The_Apache_Software_Foundation-Apache_Hadoop_MapReduce.cdx,/Users/dmk6603/Documents/cloned_repos_oss_swdb/The_Apache_Software_Foundation-Apache_Hadoop_MapReduce/hadoop-yarn-project/hadoop-yarn/hadoop-yarn-applications/hadoop-yarn-services/pom.xml,,,
The_Apache_Software_Foundation-Apache_Hadoop_MapReduce.cdx,/Users/dmk6603/Documents/cloned_repos_oss_swdb/The_Apache_Software_Foundation-Apache_Hadoop_MapReduce/hadoop-yarn-project/hadoop-yarn/hadoop-yarn-applications/pom.xml,,,
The_Apache_Software_Foundation-Apache_Hadoop_MapReduce.cdx,/Users/dmk6603/Documents/cloned_repos_oss_swdb/The_Apache_Software_Foundation-Apache_Hadoop_MapReduce/hadoop-yarn-project/hadoop-yarn/hadoop-yarn-capacity-scheduler-ui/pom.xml,,,
The_Apache_Software_Foundation-Apache_Hadoop_MapReduce.cdx,/Users/dmk6603/Documents/cloned_repos_oss_swdb/The_Apache_Software_Foundation-Apache_Hadoop_MapReduce/hadoop-yarn-project/hadoop-yarn/hadoop-yarn-capacity-scheduler-ui/src/main/webapp/package-lock.json,,,
The_Apache_Software_Foundation-Apache_Hadoop_MapReduce.cdx,/Users/dmk6603/Documents/cloned_repos_oss_swdb/The_Apache_Software_Foundation-Apache_Hadoop_MapReduce/hadoop-yarn-project/hadoop-yarn/hadoop-yarn-client/pom.xml,,,
The_Apache_Software_Foundation-Apache_Hadoop_MapReduce.cdx,/Users/dmk6603/Documents/cloned_repos_oss_swdb/The_Apache_Software_Foundation-Apache_Hadoop_MapReduce/hadoop-yarn-project/hadoop-yarn/hadoop-yarn-common/pom.xml,,,
The_Apache_Software_Foundation-Apache_Hadoop_MapReduce.cdx,/Users/dmk6603/Documents/cloned_repos_oss_swdb/The_Apache_Software_Foundation-Apache_Hadoop_MapReduce/hadoop-yarn-project/hadoop-yarn/hadoop-yarn-csi/pom.xml,,,
The_Apache_Software_Foundation-Apache_Kafka.cdx,./.github/actions/gh-api-approve-run,UNKNOWN,,
The_Apache_Software_Foundation-Apache_Kafka.cdx,./.github/actions/gh-api-update-status,UNKNOWN,,
The_Apache_Software_Foundation-Apache_Kafka.cdx,./.github/actions/run-gradle,UNKNOWN,,
The_Apache_Software_Foundation-Apache_Kafka.cdx,./.github/actions/setup-gradle,UNKNOWN,,
The_Apache_Software_Foundation-Apache_Kafka.cdx,./.github/actions/setup-python,UNKNOWN,,
The_Apache_Software_Foundation-Apache_Kafka.cdx,./.github/workflows/build.yml,UNKNOWN,,
The_Apache_Software_Foundation-Apache_Kafka.cdx,/Users/dmk6603/Documents/cloned_repos_oss_swdb/The_Apache_Software_Foundation-Apache_Kafka/.github/actions/run-gradle/action.yml,,,
The_Apache_Software_Foundation-Apache_Kafka.cdx,/Users/dmk6603/Documents/cloned_repos_oss_swdb/The_Apache_Software_Foundation-Apache_Kafka/.github/actions/setup-gradle/action.yml,,,
The_Apache_Software_Foundation-Apache_Kafka.cdx,/Users/dmk6603/Documents/cloned_repos_oss_swdb/The_Apache_Software_Foundation-Apache_Kafka/.github/actions/setup-python/action.yml,,,
The_Apache_Software_Foundation-Apache_Kafka.cdx,/Users/dmk6603/Documents/cloned_repos_oss_swdb/The_Apache_Software_Foundation-Apache_Kafka/.github/scripts/requirements.txt,,,
The_Apache_Software_Foundation-Apache_Kafka.cdx,/Users/dmk6603/Documents/cloned_repos_oss_swdb/The_Apache_Software_Foundation-Apache_Kafka/.github/workflows/build.yml,,,
The_Apache_Software_Foundation-Apache_Kafka.cdx,/Users/dmk6603/Documents/cloned_repos_oss_swdb/The_Apache_Software_Foundation-Apache_Kafka/.github/workflows/ci-complete.yml,,,
The_Apache_Software_Foundation-Apache_Kafka.cdx,/Users/dmk6603/Documents/cloned_repos_oss_swdb/The_Apache_Software_Foundation-Apache_Kafka/.github/workflows/ci.yml,,,
The_Apache_Software_Foundation-Apache_Kafka.cdx,/Users/dmk6603/Documents/cloned_repos_oss_swdb/The_Apache_Software_Foundation-Apache_Kafka/.github/workflows/deflake.yml,,,
The_Apache_Software_Foundation-Apache_Kafka.cdx,/Users/dmk6603/Documents/cloned_repos_oss_swdb/The_Apache_Software_Foundation-Apache_Kafka/.github/workflows/docker_build_and_test.yml,,,
The_Apache_Software_Foundation-Apache_Kafka.cdx,/Users/dmk6603/Documents/cloned_repos_oss_swdb/The_Apache_Software_Foundation-Apache_Kafka/.github/workflows/docker_official_image_build_and_test.yml,,,
The_Apache_Software_Foundation-Apache_Kafka.cdx,/Users/dmk6603/Documents/cloned_repos_oss_swdb/The_Apache_Software_Foundation-Apache_Kafka/.github/workflows/docker_promote.yml,,,
The_Apache_Software_Foundation-Apache_Kafka.cdx,/Users/dmk6603/Documents/cloned_repos_oss_swdb/The_Apache_Software_Foundation-Apache_Kafka/.github/workflows/docker_rc_release.yml,,,
The_Apache_Software_Foundation-Apache_Kafka.cdx,/Users/dmk6603/Documents/cloned_repos_oss_swdb/The_Apache_Software_Foundation-Apache_Kafka/.github/workflows/docker_scan.yml,,,
The_Apache_Software_Foundation-Apache_Kafka.cdx,/Users/dmk6603/Documents/cloned_repos_oss_swdb/The_Apache_Software_Foundation-Apache_Kafka/.github/workflows/generate-reports.yml,,,
The_Apache_Software_Foundation-Apache_Kafka.cdx,/Users/dmk6603/Documents/cloned_repos_oss_swdb/The_Apache_Software_Foundation-Apache_Kafka/.github/workflows/pr-labeled.yml,,,
The_Apache_Software_Foundation-Apache_Kafka.cdx,/Users/dmk6603/Documents/cloned_repos_oss_swdb/The_Apache_Software_Foundation-Apache_Kafka/.github/workflows/pr-labels-cron.yml,,,
The_Apache_Software_Foundation-Apache_Kafka.cdx,/Users/dmk6603/Documents/cloned_repos_oss_swdb/The_Apache_Software_Foundation-Apache_Kafka/.github/workflows/pr-linter.yml,,,
The_Apache_Software_Foundation-Apache_Kafka.cdx,/Users/dmk6603/Documents/cloned_repos_oss_swdb/The_Apache_Software_Foundation-Apache_Kafka/.github/workflows/pr-reviewed.yml,,,
The_Apache_Software_Foundation-Apache_Kafka.cdx,/Users/dmk6603/Documents/cloned_repos_oss_swdb/The_Apache_Software_Foundation-Apache_Kafka/.github/workflows/pr-update.yml,,,
The_Apache_Software_Foundation-Apache_Kafka.cdx,/Users/dmk6603/Documents/cloned_repos_oss_swdb/The_Apache_Software_Foundation-Apache_Kafka/.github/workflows/prepare_docker_official_image_source.yml,,,
The_Apache_Software_Foundation-Apache_Kafka.cdx,/Users/dmk6603/Documents/cloned_repos_oss_swdb/The_Apache_Software_Foundation-Apache_Kafka/.github/workflows/stale.yml,,,
The_Apache_Software_Foundation-Apache_Kafka.cdx,/Users/dmk6603/Documents/cloned_repos_oss_swdb/The_Apache_Software_Foundation-Apache_Kafka/.github/workflows/workflow-requested.yml,,,
The_Apache_Software_Foundation-Apache_Kafka.cdx,/Users/dmk6603/Documents/cloned_repos_oss_swdb/The_Apache_Software_Foundation-Apache_Kafka/committer-tools/requirements.txt,,,
The_Apache_Software_Foundation-Apache_Kafka.cdx,/Users/dmk6603/Documents/cloned_repos_oss_swdb/The_Apache_Software_Foundation-Apache_Kafka/release/requirements.txt,,,
The_Apache_Software_Foundation-Apache_Kafka.cdx,/Users/dmk6603/Documents/cloned_repos_oss_swdb/The_Apache_Software_Foundation-Apache_Kafka/streams/quickstart/java/pom.xml,,,
The_Apache_Software_Foundation-Apache_Kafka.cdx,/Users/dmk6603/Documents/cloned_repos_oss_swdb/The_Apache_Software_Foundation-Apache_Kafka/streams/quickstart/java/src/main/resources/archetype-resources/pom.xml,,,
The_Apache_Software_Foundation-Apache_Kafka.cdx,/Users/dmk6603/Documents/cloned_repos_oss_swdb/The_Apache_Software_Foundation-Apache_Kafka/streams/quickstart/pom.xml,,,
The_Apache_Software_Foundation-Apache_Kafka.cdx,/Users/dmk6603/Documents/cloned_repos_oss_swdb/The_Apache_Software_Foundation-Apache_Kafka/tests/docker/requirements.txt,,,
The_Apache_Software_Foundation-Apache_Kafka.cdx,/Users/dmk6603/Documents/cloned_repos_oss_swdb/The_Apache_Software_Foundation-Apache_Kafka/tests/setup.py,,,
The_Apache_Software_Foundation-Apache_Kafka.cdx,actions/checkout,v5,,pkg:github/actions/checkout@v5
The_Apache_Software_Foundation-Apache_Kafka.cdx,actions/download-artifact,v5,,pkg:github/actions/download-artifact@v5
The_Apache_Software_Foundation-Apache_Kafka.cdx,actions/github-script,v8,,pkg:github/actions/github-script@v8
The_Apache_Software_Foundation-Apache_Kafka.cdx,actions/labeler,v6,,pkg:github/actions/labeler@v6
The_Apache_Software_Foundation-Apache_Kafka.cdx,actions/setup-java,v5,,pkg:github/actions/setup-java@v5
The_Apache_Software_Foundation-Apache_Kafka.cdx,actions/setup-python,v6,,pkg:github/actions/setup-python@v6
The_Apache_Software_Foundation-Apache_Kafka.cdx,actions/stale,v10,,pkg:github/actions/stale@v10
The_Apache_Software_Foundation-Apache_Kafka.cdx,actions/upload-artifact,v4,,pkg:github/actions/upload-artifact@v4
The_Apache_Software_Foundation-Apache_Kafka.cdx,aquasecurity/trivy-action,v0.33.1,,pkg:github/aquasecurity/trivy-action@v0.33.1
The_Apache_Software_Foundation-Apache_Kafka.cdx,beautifulsoup4,4.12.3,,pkg:pypi/beautifulsoup4@4.12.3
The_Apache_Software_Foundation-Apache_Kafka.cdx,docker/login-action,v3.6.0,,pkg:github/docker/login-action@v3.6.0
The_Apache_Software_Foundation-Apache_Kafka.cdx,docker/setup-buildx-action,v3.11.1,,pkg:github/docker/setup-buildx-action@v3.11.1
The_Apache_Software_Foundation-Apache_Kafka.cdx,docker/setup-qemu-action,v3.7.0,,pkg:github/docker/setup-qemu-action@v3.7.0
The_Apache_Software_Foundation-Apache_Kafka.cdx,ducktape,0.14.0,,pkg:pypi/ducktape@0.14.0
The_Apache_Software_Foundation-Apache_Kafka.cdx,gradle/actions/setup-gradle,4d9f0ba0025fe599b4ebab900eb7f3a1d93ef4c2,,pkg:github/gradle/actions@4d9f0ba0025fe599b4ebab900eb7f3a1d93ef4c2#setup-gradle
The_Apache_Software_Foundation-Apache_Kafka.cdx,jira,3.8.0,,pkg:pypi/jira@3.8.0
The_Apache_Software_Foundation-Apache_Kafka.cdx,jproperties,2.1.1,,pkg:pypi/jproperties@2.1.1
The_Apache_Software_Foundation-Apache_Kafka.cdx,kafka-streams,4.4.0-SNAPSHOT,org.apache.kafka,pkg:maven/org.apache.kafka/kafka-streams@4.4.0-SNAPSHOT
The_Apache_Software_Foundation-Apache_Kafka.cdx,mock,5.1.0,,pkg:pypi/mock@5.1.0
The_Apache_Software_Foundation-Apache_Kafka.cdx,psutil,5.7.2,,pkg:pypi/psutil@5.7.2
The_Apache_Software_Foundation-Apache_Kafka.cdx,pygithub,2.4.0,,pkg:pypi/pygithub@2.4.0
The_Apache_Software_Foundation-Apache_Kafka.cdx,pytest,8.3.3,,pkg:pypi/pytest@8.3.3
The_Apache_Software_Foundation-Apache_Kafka.cdx,pytz,2024.2,,pkg:pypi/pytz@2024.2
The_Apache_Software_Foundation-Apache_Kafka.cdx,requests,2.32.4,,pkg:pypi/requests@2.32.4
The_Apache_Software_Foundation-Apache_Kafka.cdx,ruamel-yaml,0.18.6,,pkg:pypi/ruamel-yaml@0.18.6
The_Apache_Software_Foundation-Apache_Kafka.cdx,slf4j-reload4j,2.0.16,org.slf4j,pkg:maven/org.slf4j/slf4j-reload4j@2.0.16
The_Apache_Software_Foundation-Apache_Kafka.cdx,streams-quickstart,4.4.0-SNAPSHOT,,pkg:maven/org.apache.kafka/streams-quickstart@4.4.0-SNAPSHOT
The_Apache_Software_Foundation-Apache_Kafka.cdx,streams-quickstart-java,4.4.0-SNAPSHOT,,pkg:maven/org.apache.kafka/streams-quickstart-java@4.4.0-SNAPSHOT
The_Apache_Software_Foundation-Apache_Kylin.cdx,/Users/dmk6603/Documents/cloned_repos_oss_swdb/The_Apache_Software_Foundation-Apache_Kylin/pom.xml,,,
The_Apache_Software_Foundation-Apache_Kylin.cdx,/Users/dmk6603/Documents/cloned_repos_oss_swdb/The_Apache_Software_Foundation-Apache_Kylin/src/assembly/pom.xml,,,
The_Apache_Software_Foundation-Apache_Kylin.cdx,/Users/dmk6603/Documents/cloned_repos_oss_swdb/The_Apache_Software_Foundation-Apache_Kylin/src/common-booter/pom.xml,,,
The_Apache_Software_Foundation-Apache_Kylin.cdx,/Users/dmk6603/Documents/cloned_repos_oss_swdb/The_Apache_Software_Foundation-Apache_Kylin/src/common-server/pom.xml,,,
The_Apache_Software_Foundation-Apache_Kylin.cdx,/Users/dmk6603/Documents/cloned_repos_oss_swdb/The_Apache_Software_Foundation-Apache_Kylin/src/common-service/pom.xml,,,
The_Apache_Software_Foundation-Apache_Kylin.cdx,/Users/dmk6603/Documents/cloned_repos_oss_swdb/The_Apache_Software_Foundation-Apache_Kylin/src/core-common/pom.xml,,,
The_Apache_Software_Foundation-Apache_Kylin.cdx,/Users/dmk6603/Documents/cloned_repos_oss_swdb/The_Apache_Software_Foundation-Apache_Kylin/src/core-job/pom.xml,,,
The_Apache_Software_Foundation-Apache_Kylin.cdx,/Users/dmk6603/Documents/cloned_repos_oss_swdb/The_Apache_Software_Foundation-Apache_Kylin/src/core-metadata/pom.xml,,,
The_Apache_Software_Foundation-Apache_Kylin.cdx,/Users/dmk6603/Documents/cloned_repos_oss_swdb/The_Apache_Software_Foundation-Apache_Kylin/src/core-metrics/pom.xml,,,
The_Apache_Software_Foundation-Apache_Kylin.cdx,/Users/dmk6603/Documents/cloned_repos_oss_swdb/The_Apache_Software_Foundation-Apache_Kylin/src/core-storage/pom.xml,,,
The_Apache_Software_Foundation-Apache_Kylin.cdx,/Users/dmk6603/Documents/cloned_repos_oss_swdb/The_Apache_Software_Foundation-Apache_Kylin/src/data-loading-booter/pom.xml,,,
The_Apache_Software_Foundation-Apache_Kylin.cdx,/Users/dmk6603/Documents/cloned_repos_oss_swdb/The_Apache_Software_Foundation-Apache_Kylin/src/data-loading-server/pom.xml,,,
The_Apache_Software_Foundation-Apache_Kylin.cdx,/Users/dmk6603/Documents/cloned_repos_oss_swdb/The_Apache_Software_Foundation-Apache_Kylin/src/data-loading-service/pom.xml,,,
The_Apache_Software_Foundation-Apache_Kylin.cdx,/Users/dmk6603/Documents/cloned_repos_oss_swdb/The_Apache_Software_Foundation-Apache_Kylin/src/datasource-sdk/pom.xml,,,
The_Apache_Software_Foundation-Apache_Kylin.cdx,/Users/dmk6603/Documents/cloned_repos_oss_swdb/The_Apache_Software_Foundation-Apache_Kylin/src/datasource-service/pom.xml,,,
The_Apache_Software_Foundation-Apache_Kylin.cdx,/Users/dmk6603/Documents/cloned_repos_oss_swdb/The_Apache_Software_Foundation-Apache_Kylin/src/distributed-lock-ext/pom.xml,,,
The_Apache_Software_Foundation-Apache_Kylin.cdx,/Users/dmk6603/Documents/cloned_repos_oss_swdb/The_Apache_Software_Foundation-Apache_Kylin/src/examples/test_case_data/localmeta/jars/custom_parser.jar,,,
The_Apache_Software_Foundation-Apache_Kylin.cdx,/Users/dmk6603/Documents/cloned_repos_oss_swdb/The_Apache_Software_Foundation-Apache_Kylin/src/jdbc/pom.xml,,,
The_Apache_Software_Foundation-Apache_Kylin.cdx,/Users/dmk6603/Documents/cloned_repos_oss_swdb/The_Apache_Software_Foundation-Apache_Kylin/src/job-service/pom.xml,,,
The_Apache_Software_Foundation-Apache_Kylin.cdx,/Users/dmk6603/Documents/cloned_repos_oss_swdb/The_Apache_Software_Foundation-Apache_Kylin/src/kylin-it/pom.xml,,,
The_Apache_Software_Foundation-Apache_Kylin.cdx,/Users/dmk6603/Documents/cloned_repos_oss_swdb/The_Apache_Software_Foundation-Apache_Kylin/src/kylin-server-it/pom.xml,,,
The_Apache_Software_Foundation-Apache_Kylin.cdx,/Users/dmk6603/Documents/cloned_repos_oss_swdb/The_Apache_Software_Foundation-Apache_Kylin/src/metadata-server/pom.xml,,,
The_Apache_Software_Foundation-Apache_Kylin.cdx,/Users/dmk6603/Documents/cloned_repos_oss_swdb/The_Apache_Software_Foundation-Apache_Kylin/src/modeling-service/pom.xml,,,
The_Apache_Software_Foundation-Apache_Kylin.cdx,/Users/dmk6603/Documents/cloned_repos_oss_swdb/The_Apache_Software_Foundation-Apache_Kylin/src/ops-booter/pom.xml,,,
The_Apache_Software_Foundation-Apache_Kylin.cdx,/Users/dmk6603/Documents/cloned_repos_oss_swdb/The_Apache_Software_Foundation-Apache_Kylin/src/ops-server/pom.xml,,,
The_Apache_Software_Foundation-Apache_Kylin.cdx,/Users/dmk6603/Documents/cloned_repos_oss_swdb/The_Apache_Software_Foundation-Apache_Kylin/src/ops-service/pom.xml,,,
The_Apache_Software_Foundation-Apache_Kylin.cdx,/Users/dmk6603/Documents/cloned_repos_oss_swdb/The_Apache_Software_Foundation-Apache_Kylin/src/query-booter/pom.xml,,,
The_Apache_Software_Foundation-Apache_Kylin.cdx,/Users/dmk6603/Documents/cloned_repos_oss_swdb/The_Apache_Software_Foundation-Apache_Kylin/src/query-common/pom.xml,,,
The_Apache_Software_Foundation-Apache_Kylin.cdx,/Users/dmk6603/Documents/cloned_repos_oss_swdb/The_Apache_Software_Foundation-Apache_Kylin/src/query-server/pom.xml,,,
The_Apache_Software_Foundation-Apache_Kylin.cdx,/Users/dmk6603/Documents/cloned_repos_oss_swdb/The_Apache_Software_Foundation-Apache_Kylin/src/query-service/pom.xml,,,
The_Apache_Software_Foundation-Apache_Kylin.cdx,/Users/dmk6603/Documents/cloned_repos_oss_swdb/The_Apache_Software_Foundation-Apache_Kylin/src/query/pom.xml,,,
The_Apache_Software_Foundation-Apache_Kylin.cdx,/Users/dmk6603/Documents/cloned_repos_oss_swdb/The_Apache_Software_Foundation-Apache_Kylin/src/rec-booter/pom.xml,,,
The_Apache_Software_Foundation-Apache_Kylin.cdx,/Users/dmk6603/Documents/cloned_repos_oss_swdb/The_Apache_Software_Foundation-Apache_Kylin/src/rec-server/pom.xml,,,
The_Apache_Software_Foundation-Apache_Kylin.cdx,/Users/dmk6603/Documents/cloned_repos_oss_swdb/The_Apache_Software_Foundation-Apache_Kylin/src/rec-service/pom.xml,,,
The_Apache_Software_Foundation-Apache_Kylin.cdx,/Users/dmk6603/Documents/cloned_repos_oss_swdb/The_Apache_Software_Foundation-Apache_Kylin/src/server/pom.xml,,,
The_Apache_Software_Foundation-Apache_Kylin.cdx,/Users/dmk6603/Documents/cloned_repos_oss_swdb/The_Apache_Software_Foundation-Apache_Kylin/src/source-hive/pom.xml,,,
The_Apache_Software_Foundation-Apache_Kylin.cdx,/Users/dmk6603/Documents/cloned_repos_oss_swdb/The_Apache_Software_Foundation-Apache_Kylin/src/spark-project/engine-build-sdk/pom.xml,,,
The_Apache_Software_Foundation-Apache_Kylin.cdx,/Users/dmk6603/Documents/cloned_repos_oss_swdb/The_Apache_Software_Foundation-Apache_Kylin/src/spark-project/engine-spark/pom.xml,,,
The_Apache_Software_Foundation-Apache_Kylin.cdx,/Users/dmk6603/Documents/cloned_repos_oss_swdb/The_Apache_Software_Foundation-Apache_Kylin/src/spark-project/kylin-internal-catalog/pom.xml,,,
The_Apache_Software_Foundation-Apache_Kylin.cdx,/Users/dmk6603/Documents/cloned_repos_oss_swdb/The_Apache_Software_Foundation-Apache_Kylin/src/spark-project/kylin-soft-affinity-cache-hadoop3/pom.xml,,,
The_Apache_Software_Foundation-Apache_Kylin.cdx,/Users/dmk6603/Documents/cloned_repos_oss_swdb/The_Apache_Software_Foundation-Apache_Kylin/src/spark-project/kylin-soft-affinity-cache/pom.xml,,,
The_Apache_Software_Foundation-Apache_Kylin.cdx,/Users/dmk6603/Documents/cloned_repos_oss_swdb/The_Apache_Software_Foundation-Apache_Kylin/src/spark-project/source-jdbc/pom.xml,,,
The_Apache_Software_Foundation-Apache_Kylin.cdx,/Users/dmk6603/Documents/cloned_repos_oss_swdb/The_Apache_Software_Foundation-Apache_Kylin/src/spark-project/sparder/pom.xml,,,
The_Apache_Software_Foundation-Apache_Kylin.cdx,/Users/dmk6603/Documents/cloned_repos_oss_swdb/The_Apache_Software_Foundation-Apache_Kylin/src/spark-project/spark-common/pom.xml,,,
The_Apache_Software_Foundation-Apache_Kylin.cdx,/Users/dmk6603/Documents/cloned_repos_oss_swdb/The_Apache_Software_Foundation-Apache_Kylin/src/spark-project/spark-it/pom.xml,,,
The_Apache_Software_Foundation-Apache_Kylin.cdx,/Users/dmk6603/Documents/cloned_repos_oss_swdb/The_Apache_Software_Foundation-Apache_Kylin/src/streaming-sdk/pom.xml,,,
The_Apache_Software_Foundation-Apache_Kylin.cdx,/Users/dmk6603/Documents/cloned_repos_oss_swdb/The_Apache_Software_Foundation-Apache_Kylin/src/streaming-service/pom.xml,,,
The_Apache_Software_Foundation-Apache_Kylin.cdx,/Users/dmk6603/Documents/cloned_repos_oss_swdb/The_Apache_Software_Foundation-Apache_Kylin/src/streaming/pom.xml,,,
The_Apache_Software_Foundation-Apache_Kylin.cdx,/Users/dmk6603/Documents/cloned_repos_oss_swdb/The_Apache_Software_Foundation-Apache_Kylin/src/tool/pom.xml,,,
The_Apache_Software_Foundation-Apache_Kylin.cdx,LatencyUtils,2.0.3,org.latencyutils,pkg:maven/org.latencyutils/LatencyUtils@2.0.3
The_Apache_Software_Foundation-Apache_Kylin.cdx,RoaringBitmap,0.9.2-kylin-r4,org.roaringbitmap,pkg:maven/org.roaringbitmap/RoaringBitmap@0.9.2-kylin-r4
The_Apache_Software_Foundation-Apache_Kylin.cdx,alluxio-shaded-client,2.7.4,org.alluxio,pkg:maven/org.alluxio/alluxio-shaded-client@2.7.4
The_Apache_Software_Foundation-Apache_Kylin.cdx,arthas-spring-boot-starter,3.6.8,com.taobao.arthas,pkg:maven/com.taobao.arthas/arthas-spring-boot-starter@3.6.8
The_Apache_Software_Foundation-Apache_Kylin.cdx,aspectjrt,1.8.9,org.aspectj,pkg:maven/org.aspectj/aspectjrt@1.8.9
The_Apache_Software_Foundation-Apache_Kylin.cdx,aspectjweaver,1.8.9,org.aspectj,pkg:maven/org.aspectj/aspectjweaver@1.8.9
The_Apache_Software_Foundation-Apache_Kylin.cdx,assertj-core,3.11.1,org.assertj,pkg:maven/org.assertj/assertj-core@3.11.1
The_Apache_Software_Foundation-Apache_Kylin.cdx,avatica,1.22.0,org.apache.calcite.avatica,pkg:maven/org.apache.calcite.avatica/avatica@1.22.0
The_Apache_Software_Foundation-Apache_Kylin.cdx,avatica,1.16.0,org.apache.calcite.avatica,pkg:maven/org.apache.calcite.avatica/avatica@1.16.0
The_Apache_Software_Foundation-Apache_Kylin.cdx,avatica-core,1.22.0,org.apache.calcite.avatica,pkg:maven/org.apache.calcite.avatica/avatica-core@1.22.0
The_Apache_Software_Foundation-Apache_Kylin.cdx,awaitility,3.0.0,org.awaitility,pkg:maven/org.awaitility/awaitility@3.0.0
The_Apache_Software_Foundation-Apache_Kylin.cdx,aws-java-sdk-s3,1.11.791,com.amazonaws,pkg:maven/com.amazonaws/aws-java-sdk-s3@1.11.791
The_Apache_Software_Foundation-Apache_Kylin.cdx,backends-clickhouse,1.3.0-kylin-250110,org.apache.gluten,pkg:maven/org.apache.gluten/backends-clickhouse@1.3.0-kylin-250110
The_Apache_Software_Foundation-Apache_Kylin.cdx,caffeine,UNKNOWN,com.github.ben-manes.caffeine,pkg:maven/com.github.ben-manes.caffeine/caffeine
The_Apache_Software_Foundation-Apache_Kylin.cdx,calcite-core,1.30.0-kylin-5.x-r3,org.apache.calcite,pkg:maven/org.apache.calcite/calcite-core@1.30.0-kylin-5.x-r3
The_Apache_Software_Foundation-Apache_Kylin.cdx,calcite-linq4j,1.30.0-kylin-5.x-r3,org.apache.calcite,pkg:maven/org.apache.calcite/calcite-linq4j@1.30.0-kylin-5.x-r3
The_Apache_Software_Foundation-Apache_Kylin.cdx,celeborn-client-spark-3-shaded_2.12,0.3.0-incubating,org.apache.celeborn,pkg:maven/org.apache.celeborn/celeborn-client-spark-3-shaded_2.12@0.3.0-incubating
The_Apache_Software_Foundation-Apache_Kylin.cdx,commons-beanutils,1.9.4,commons-beanutils,pkg:maven/commons-beanutils/commons-beanutils@1.9.4
The_Apache_Software_Foundation-Apache_Kylin.cdx,commons-beanutils,1.9.4,commons-beanutils,pkg:maven/commons-beanutils/commons-beanutils@1.9.4
The_Apache_Software_Foundation-Apache_Kylin.cdx,commons-cli,1.3.1,commons-cli,pkg:maven/commons-cli/commons-cli@1.3.1
The_Apache_Software_Foundation-Apache_Kylin.cdx,commons-cli,1.2,commons-cli,pkg:maven/commons-cli/commons-cli@1.2
The_Apache_Software_Foundation-Apache_Kylin.cdx,commons-codec,1.13,commons-codec,pkg:maven/commons-codec/commons-codec@1.13
The_Apache_Software_Foundation-Apache_Kylin.cdx,commons-collections,3.2.2,commons-collections,pkg:maven/commons-collections/commons-collections@3.2.2
The_Apache_Software_Foundation-Apache_Kylin.cdx,commons-collections,3.2.2,commons-collections,pkg:maven/commons-collections/commons-collections@3.2.2
The_Apache_Software_Foundation-Apache_Kylin.cdx,commons-collections4,4.2,org.apache.commons,pkg:maven/org.apache.commons/commons-collections4@4.2
The_Apache_Software_Foundation-Apache_Kylin.cdx,commons-compiler,3.1.6,org.codehaus.janino,pkg:maven/org.codehaus.janino/commons-compiler@3.1.6
The_Apache_Software_Foundation-Apache_Kylin.cdx,commons-dbcp2,2.9.0,org.apache.commons,pkg:maven/org.apache.commons/commons-dbcp2@2.9.0
The_Apache_Software_Foundation-Apache_Kylin.cdx,commons-email,1.5,org.apache.commons,pkg:maven/org.apache.commons/commons-email@1.5
The_Apache_Software_Foundation-Apache_Kylin.cdx,commons-fileupload,1.5,commons-fileupload,pkg:maven/commons-fileupload/commons-fileupload@1.5
The_Apache_Software_Foundation-Apache_Kylin.cdx,commons-io,2.7,commons-io,pkg:maven/commons-io/commons-io@2.7
The_Apache_Software_Foundation-Apache_Kylin.cdx,commons-lang3,3.12.0,org.apache.commons,pkg:maven/org.apache.commons/commons-lang3@3.12.0
The_Apache_Software_Foundation-Apache_Kylin.cdx,commons-logging,1.2,commons-logging,pkg:maven/commons-logging/commons-logging@1.2
The_Apache_Software_Foundation-Apache_Kylin.cdx,curator-client,2.12.0-kylin-r5,org.apache.curator,pkg:maven/org.apache.curator/curator-client@2.12.0-kylin-r5
The_Apache_Software_Foundation-Apache_Kylin.cdx,curator-framework,2.12.0-kylin-r5,org.apache.curator,pkg:maven/org.apache.curator/curator-framework@2.12.0-kylin-r5
The_Apache_Software_Foundation-Apache_Kylin.cdx,curator-recipes,2.12.0-kylin-r5,org.apache.curator,pkg:maven/org.apache.curator/curator-recipes@2.12.0-kylin-r5
The_Apache_Software_Foundation-Apache_Kylin.cdx,curator-test,2.12.0-kylin-r5,org.apache.curator,pkg:maven/org.apache.curator/curator-test@2.12.0-kylin-r5
The_Apache_Software_Foundation-Apache_Kylin.cdx,curator-x-discovery,2.12.0-kylin-r5,org.apache.curator,pkg:maven/org.apache.curator/curator-x-discovery@2.12.0-kylin-r5
The_Apache_Software_Foundation-Apache_Kylin.cdx,custom_parser,UNKNOWN,,pkg:maven/custom_parser/custom_parser
The_Apache_Software_Foundation-Apache_Kylin.cdx,dbunit,2.5.2,org.dbunit,pkg:maven/org.dbunit/dbunit@2.5.2
The_Apache_Software_Foundation-Apache_Kylin.cdx,delta-core_2.12,2.3.0,io.delta,pkg:maven/io.delta/delta-core_2.12@2.3.0
The_Apache_Software_Foundation-Apache_Kylin.cdx,delta-standalone_2.12,0.6.0,io.delta,pkg:maven/io.delta/delta-standalone_2.12@0.6.0
The_Apache_Software_Foundation-Apache_Kylin.cdx,disruptor,3.4.2,com.lmax,pkg:maven/com.lmax/disruptor@3.4.2
The_Apache_Software_Foundation-Apache_Kylin.cdx,distributed-lock-ext,5.0.4-SNAPSHOT,,pkg:maven/org.apache.kylin/distributed-lock-ext@5.0.4-SNAPSHOT
The_Apache_Software_Foundation-Apache_Kylin.cdx,ehcache,2.10.9.2,net.sf.ehcache,pkg:maven/net.sf.ehcache/ehcache@2.10.9.2
The_Apache_Software_Foundation-Apache_Kylin.cdx,embedded-redis,0.6,com.github.kstyrc,pkg:maven/com.github.kstyrc/embedded-redis@0.6
The_Apache_Software_Foundation-Apache_Kylin.cdx,error_prone_annotations,2.3.4,com.google.errorprone,pkg:maven/com.google.errorprone/error_prone_annotations@2.3.4
The_Apache_Software_Foundation-Apache_Kylin.cdx,fastutil,7.0.13,it.unimi.dsi,pkg:maven/it.unimi.dsi/fastutil@7.0.13
The_Apache_Software_Foundation-Apache_Kylin.cdx,freemarker,2.3.31,org.freemarker,pkg:maven/org.freemarker/freemarker@2.3.31
The_Apache_Software_Foundation-Apache_Kylin.cdx,gluten-iceberg,1.3.0-kylin-250110,org.apache.gluten,pkg:maven/org.apache.gluten/gluten-iceberg@1.3.0-kylin-250110
The_Apache_Software_Foundation-Apache_Kylin.cdx,gluten-substrait,1.3.0-kylin-250110,org.apache.gluten,pkg:maven/org.apache.gluten/gluten-substrait@1.3.0-kylin-250110
The_Apache_Software_Foundation-Apache_Kylin.cdx,gluten-ui,1.3.0-kylin-250110,org.apache.gluten,pkg:maven/org.apache.gluten/gluten-ui@1.3.0-kylin-250110
The_Apache_Software_Foundation-Apache_NiFi.cdx,/Users/dmk6603/Documents/cloned_repos_oss_swdb/The_Apache_Software_Foundation-Apache_NiFi/.github/workflows/ci-workflow.yml,,,
The_Apache_Software_Foundation-Apache_NiFi.cdx,/Users/dmk6603/Documents/cloned_repos_oss_swdb/The_Apache_Software_Foundation-Apache_NiFi/.github/workflows/code-compliance.yml,,,
The_Apache_Software_Foundation-Apache_NiFi.cdx,/Users/dmk6603/Documents/cloned_repos_oss_swdb/The_Apache_Software_Foundation-Apache_NiFi/.github/workflows/code-coverage.yml,,,
The_Apache_Software_Foundation-Apache_NiFi.cdx,/Users/dmk6603/Documents/cloned_repos_oss_swdb/The_Apache_Software_Foundation-Apache_NiFi/.github/workflows/docker-tests.yml,,,
The_Apache_Software_Foundation-Apache_NiFi.cdx,/Users/dmk6603/Documents/cloned_repos_oss_swdb/The_Apache_Software_Foundation-Apache_NiFi/.github/workflows/integration-tests.yml,,,
The_Apache_Software_Foundation-Apache_NiFi.cdx,/Users/dmk6603/Documents/cloned_repos_oss_swdb/The_Apache_Software_Foundation-Apache_NiFi/.github/workflows/stale.yml,,,
The_Apache_Software_Foundation-Apache_NiFi.cdx,/Users/dmk6603/Documents/cloned_repos_oss_swdb/The_Apache_Software_Foundation-Apache_NiFi/.github/workflows/system-tests.yml,,,
The_Apache_Software_Foundation-Apache_NiFi.cdx,/Users/dmk6603/Documents/cloned_repos_oss_swdb/The_Apache_Software_Foundation-Apache_NiFi/c2/c2-client-bundle/c2-client-api/pom.xml,,,
The_Apache_Software_Foundation-Apache_NiFi.cdx,/Users/dmk6603/Documents/cloned_repos_oss_swdb/The_Apache_Software_Foundation-Apache_NiFi/c2/c2-client-bundle/c2-client-base/pom.xml,,,
The_Apache_Software_Foundation-Apache_NiFi.cdx,/Users/dmk6603/Documents/cloned_repos_oss_swdb/The_Apache_Software_Foundation-Apache_NiFi/c2/c2-client-bundle/c2-client-http/pom.xml,,,
The_Apache_Software_Foundation-Apache_NiFi.cdx,/Users/dmk6603/Documents/cloned_repos_oss_swdb/The_Apache_Software_Foundation-Apache_NiFi/c2/c2-client-bundle/c2-client-service/pom.xml,,,
The_Apache_Software_Foundation-Apache_NiFi.cdx,/Users/dmk6603/Documents/cloned_repos_oss_swdb/The_Apache_Software_Foundation-Apache_NiFi/c2/c2-client-bundle/pom.xml,,,
The_Apache_Software_Foundation-Apache_NiFi.cdx,/Users/dmk6603/Documents/cloned_repos_oss_swdb/The_Apache_Software_Foundation-Apache_NiFi/c2/c2-protocol/c2-protocol-api/pom.xml,,,
The_Apache_Software_Foundation-Apache_NiFi.cdx,/Users/dmk6603/Documents/cloned_repos_oss_swdb/The_Apache_Software_Foundation-Apache_NiFi/c2/c2-protocol/c2-protocol-component-api/pom.xml,,,
The_Apache_Software_Foundation-Apache_NiFi.cdx,/Users/dmk6603/Documents/cloned_repos_oss_swdb/The_Apache_Software_Foundation-Apache_NiFi/c2/c2-protocol/pom.xml,,,
The_Apache_Software_Foundation-Apache_NiFi.cdx,/Users/dmk6603/Documents/cloned_repos_oss_swdb/The_Apache_Software_Foundation-Apache_NiFi/c2/pom.xml,,,
The_Apache_Software_Foundation-Apache_NiFi.cdx,/Users/dmk6603/Documents/cloned_repos_oss_swdb/The_Apache_Software_Foundation-Apache_NiFi/minifi/minifi-assembly/pom.xml,,,
The_Apache_Software_Foundation-Apache_NiFi.cdx,/Users/dmk6603/Documents/cloned_repos_oss_swdb/The_Apache_Software_Foundation-Apache_NiFi/minifi/minifi-bom/pom.xml,,,
The_Apache_Software_Foundation-Apache_NiFi.cdx,/Users/dmk6603/Documents/cloned_repos_oss_swdb/The_Apache_Software_Foundation-Apache_NiFi/minifi/minifi-bootstrap/pom.xml,,,
The_Apache_Software_Foundation-Apache_NiFi.cdx,/Users/dmk6603/Documents/cloned_repos_oss_swdb/The_Apache_Software_Foundation-Apache_NiFi/minifi/minifi-commons/minifi-commons-api/pom.xml,,,
The_Apache_Software_Foundation-Apache_NiFi.cdx,/Users/dmk6603/Documents/cloned_repos_oss_swdb/The_Apache_Software_Foundation-Apache_NiFi/minifi/minifi-commons/minifi-commons-framework/pom.xml,,,
The_Apache_Software_Foundation-Apache_NiFi.cdx,/Users/dmk6603/Documents/cloned_repos_oss_swdb/The_Apache_Software_Foundation-Apache_NiFi/minifi/minifi-commons/minifi-commons-utils/pom.xml,,,
The_Apache_Software_Foundation-Apache_NiFi.cdx,/Users/dmk6603/Documents/cloned_repos_oss_swdb/The_Apache_Software_Foundation-Apache_NiFi/minifi/minifi-commons/minifi-flow-status-report/pom.xml,,,
The_Apache_Software_Foundation-Apache_NiFi.cdx,/Users/dmk6603/Documents/cloned_repos_oss_swdb/The_Apache_Software_Foundation-Apache_NiFi/minifi/minifi-commons/pom.xml,,,
The_Apache_Software_Foundation-Apache_NiFi.cdx,/Users/dmk6603/Documents/cloned_repos_oss_swdb/The_Apache_Software_Foundation-Apache_NiFi/minifi/minifi-docker/pom.xml,,,
The_Apache_Software_Foundation-Apache_NiFi.cdx,/Users/dmk6603/Documents/cloned_repos_oss_swdb/The_Apache_Software_Foundation-Apache_NiFi/minifi/minifi-docs/pom.xml,,,
The_Apache_Software_Foundation-Apache_NiFi.cdx,/Users/dmk6603/Documents/cloned_repos_oss_swdb/The_Apache_Software_Foundation-Apache_NiFi/minifi/minifi-integration-tests/pom.xml,,,
The_Apache_Software_Foundation-Apache_NiFi.cdx,/Users/dmk6603/Documents/cloned_repos_oss_swdb/The_Apache_Software_Foundation-Apache_NiFi/minifi/minifi-nar-bundles/minifi-framework-bundle/minifi-framework-nar/pom.xml,,,
The_Apache_Software_Foundation-Apache_NiFi.cdx,/Users/dmk6603/Documents/cloned_repos_oss_swdb/The_Apache_Software_Foundation-Apache_NiFi/minifi/minifi-nar-bundles/minifi-framework-bundle/minifi-framework/minifi-framework-api/pom.xml,,,
The_Apache_Software_Foundation-Apache_NiFi.cdx,/Users/dmk6603/Documents/cloned_repos_oss_swdb/The_Apache_Software_Foundation-Apache_NiFi/minifi/minifi-nar-bundles/minifi-framework-bundle/minifi-framework/minifi-framework-core/pom.xml,,,
The_Apache_Software_Foundation-Apache_NiFi.cdx,/Users/dmk6603/Documents/cloned_repos_oss_swdb/The_Apache_Software_Foundation-Apache_NiFi/minifi/minifi-nar-bundles/minifi-framework-bundle/minifi-framework/minifi-nar-unloader/pom.xml,,,
The_Apache_Software_Foundation-Apache_NiFi.cdx,/Users/dmk6603/Documents/cloned_repos_oss_swdb/The_Apache_Software_Foundation-Apache_NiFi/minifi/minifi-nar-bundles/minifi-framework-bundle/minifi-framework/minifi-properties-loader/pom.xml,,,
The_Apache_Software_Foundation-Apache_NiFi.cdx,/Users/dmk6603/Documents/cloned_repos_oss_swdb/The_Apache_Software_Foundation-Apache_NiFi/minifi/minifi-nar-bundles/minifi-framework-bundle/minifi-framework/minifi-resources/pom.xml,,,
The_Apache_Software_Foundation-Apache_NiFi.cdx,/Users/dmk6603/Documents/cloned_repos_oss_swdb/The_Apache_Software_Foundation-Apache_NiFi/minifi/minifi-nar-bundles/minifi-framework-bundle/minifi-framework/minifi-runtime/pom.xml,,,
The_Apache_Software_Foundation-Apache_NiFi.cdx,/Users/dmk6603/Documents/cloned_repos_oss_swdb/The_Apache_Software_Foundation-Apache_NiFi/minifi/minifi-nar-bundles/minifi-framework-bundle/minifi-framework/minifi-server/pom.xml,,,
The_Apache_Software_Foundation-Apache_NiFi.cdx,/Users/dmk6603/Documents/cloned_repos_oss_swdb/The_Apache_Software_Foundation-Apache_NiFi/minifi/minifi-nar-bundles/minifi-framework-bundle/minifi-framework/pom.xml,,,
The_Apache_Software_Foundation-Apache_NiFi.cdx,/Users/dmk6603/Documents/cloned_repos_oss_swdb/The_Apache_Software_Foundation-Apache_NiFi/minifi/minifi-nar-bundles/minifi-framework-bundle/minifi-server-nar/pom.xml,,,
The_Apache_Software_Foundation-Apache_NiFi.cdx,/Users/dmk6603/Documents/cloned_repos_oss_swdb/The_Apache_Software_Foundation-Apache_NiFi/minifi/minifi-nar-bundles/minifi-framework-bundle/pom.xml,,,
The_Apache_Software_Foundation-Apache_NiFi.cdx,/Users/dmk6603/Documents/cloned_repos_oss_swdb/The_Apache_Software_Foundation-Apache_NiFi/minifi/minifi-nar-bundles/minifi-provenance-repository-bundle/minifi-provenance-repositories/pom.xml,,,
The_Apache_Software_Foundation-Apache_NiFi.cdx,/Users/dmk6603/Documents/cloned_repos_oss_swdb/The_Apache_Software_Foundation-Apache_NiFi/minifi/minifi-nar-bundles/minifi-provenance-repository-bundle/minifi-provenance-repository-nar/pom.xml,,,
The_Apache_Software_Foundation-Apache_NiFi.cdx,/Users/dmk6603/Documents/cloned_repos_oss_swdb/The_Apache_Software_Foundation-Apache_NiFi/minifi/minifi-nar-bundles/minifi-provenance-repository-bundle/pom.xml,,,
The_Apache_Software_Foundation-Apache_NiFi.cdx,/Users/dmk6603/Documents/cloned_repos_oss_swdb/The_Apache_Software_Foundation-Apache_NiFi/minifi/minifi-nar-bundles/minifi-standard-nar/pom.xml,,,
The_Apache_Software_Foundation-Apache_NiFi.cdx,/Users/dmk6603/Documents/cloned_repos_oss_swdb/The_Apache_Software_Foundation-Apache_NiFi/minifi/minifi-nar-bundles/minifi-update-attribute-nar/pom.xml,,,
The_Apache_Software_Foundation-Apache_NiFi.cdx,/Users/dmk6603/Documents/cloned_repos_oss_swdb/The_Apache_Software_Foundation-Apache_NiFi/minifi/minifi-nar-bundles/pom.xml,,,
The_Apache_Software_Foundation-Apache_NiFi.cdx,/Users/dmk6603/Documents/cloned_repos_oss_swdb/The_Apache_Software_Foundation-Apache_NiFi/minifi/minifi-toolkit/minifi-toolkit-assembly/pom.xml,,,
The_Apache_Software_Foundation-Apache_NiFi.cdx,/Users/dmk6603/Documents/cloned_repos_oss_swdb/The_Apache_Software_Foundation-Apache_NiFi/minifi/minifi-toolkit/minifi-toolkit-configuration/pom.xml,,,
The_Apache_Software_Foundation-Apache_NiFi.cdx,/Users/dmk6603/Documents/cloned_repos_oss_swdb/The_Apache_Software_Foundation-Apache_NiFi/minifi/minifi-toolkit/minifi-toolkit-schema/pom.xml,,,
The_Apache_Software_Foundation-Apache_NiFi.cdx,/Users/dmk6603/Documents/cloned_repos_oss_swdb/The_Apache_Software_Foundation-Apache_NiFi/minifi/minifi-toolkit/pom.xml,,,
The_Apache_Software_Foundation-Apache_NiFi.cdx,/Users/dmk6603/Documents/cloned_repos_oss_swdb/The_Apache_Software_Foundation-Apache_NiFi/minifi/pom.xml,,,
The_Apache_Software_Foundation-Apache_NiFi.cdx,/Users/dmk6603/Documents/cloned_repos_oss_swdb/The_Apache_Software_Foundation-Apache_NiFi/nifi-assembly/pom.xml,,,
The_Apache_Software_Foundation-Apache_NiFi.cdx,/Users/dmk6603/Documents/cloned_repos_oss_swdb/The_Apache_Software_Foundation-Apache_NiFi/nifi-bom/pom.xml,,,
The_Apache_Software_Foundation-Apache_NiFi.cdx,/Users/dmk6603/Documents/cloned_repos_oss_swdb/The_Apache_Software_Foundation-Apache_NiFi/nifi-bootstrap/pom.xml,,,
The_Apache_Software_Foundation-Apache_NiFi.cdx,/Users/dmk6603/Documents/cloned_repos_oss_swdb/The_Apache_Software_Foundation-Apache_NiFi/nifi-code-coverage/pom.xml,,,
The_Apache_Software_Foundation-Apache_NiFi.cdx,/Users/dmk6603/Documents/cloned_repos_oss_swdb/The_Apache_Software_Foundation-Apache_NiFi/nifi-commons/nifi-build/pom.xml,,,
The_Apache_Software_Foundation-Apache_NiFi.cdx,/Users/dmk6603/Documents/cloned_repos_oss_swdb/The_Apache_Software_Foundation-Apache_NiFi/nifi-commons/nifi-calcite-utils/pom.xml,,,
The_Apache_Software_Foundation-Apache_NiFi.cdx,/Users/dmk6603/Documents/cloned_repos_oss_swdb/The_Apache_Software_Foundation-Apache_NiFi/nifi-commons/nifi-connector-common/pom.xml,,,
The_Apache_Software_Foundation-Apache_NiFi.cdx,/Users/dmk6603/Documents/cloned_repos_oss_swdb/The_Apache_Software_Foundation-Apache_NiFi/nifi-commons/nifi-content-viewer-utils/pom.xml,,,
The_Apache_Software_Foundation-Apache_NiFi.cdx,/Users/dmk6603/Documents/cloned_repos_oss_swdb/The_Apache_Software_Foundation-Apache_NiFi/nifi-commons/nifi-custom-ui-utils/pom.xml,,,
The_Apache_Software_Foundation-Apache_NiFi.cdx,/Users/dmk6603/Documents/cloned_repos_oss_swdb/The_Apache_Software_Foundation-Apache_NiFi/nifi-commons/nifi-data-provenance-utils/pom.xml,,,
The_Apache_Software_Foundation-Apache_NiFi.cdx,/Users/dmk6603/Documents/cloned_repos_oss_swdb/The_Apache_Software_Foundation-Apache_NiFi/nifi-commons/nifi-deprecation-log/pom.xml,,,
The_Apache_Software_Foundation-Apache_NiFi.cdx,/Users/dmk6603/Documents/cloned_repos_oss_swdb/The_Apache_Software_Foundation-Apache_NiFi/nifi-commons/nifi-expression-language/pom.xml,,,
The_Apache_Software_Foundation-Apache_NiFi.cdx,/Users/dmk6603/Documents/cloned_repos_oss_swdb/The_Apache_Software_Foundation-Apache_NiFi/nifi-commons/nifi-flow-encryptor/pom.xml,,,
The_Apache_Software_Foundation-Apache_NiFi.cdx,/Users/dmk6603/Documents/cloned_repos_oss_swdb/The_Apache_Software_Foundation-Apache_NiFi/nifi-commons/nifi-flowfile-packager/pom.xml,,,
The_Apache_Software_Foundation-Apache_NiFi.cdx,/Users/dmk6603/Documents/cloned_repos_oss_swdb/The_Apache_Software_Foundation-Apache_NiFi/nifi-commons/nifi-hashicorp-vault-api/pom.xml,,,
The_Apache_Software_Foundation-Apache_NiFi.cdx,/Users/dmk6603/Documents/cloned_repos_oss_swdb/The_Apache_Software_Foundation-Apache_NiFi/nifi-commons/nifi-hashicorp-vault/pom.xml,,,
The_Apache_Software_Foundation-Apache_NiFi.cdx,/Users/dmk6603/Documents/cloned_repos_oss_swdb/The_Apache_Software_Foundation-Apache_NiFi/nifi-commons/nifi-hl7-query-language/pom.xml,,,
The_Apache_Software_Foundation-Apache_NiFi.cdx,/Users/dmk6603/Documents/cloned_repos_oss_swdb/The_Apache_Software_Foundation-Apache_NiFi/nifi-commons/nifi-jetty-configuration/pom.xml,,,
The_Apache_Software_Foundation-Apache_NiFi.cdx,/Users/dmk6603/Documents/cloned_repos_oss_swdb/The_Apache_Software_Foundation-Apache_NiFi/nifi-commons/nifi-json-schema-api/pom.xml,,,
The_Apache_Software_Foundation-Apache_NiFi.cdx,/Users/dmk6603/Documents/cloned_repos_oss_swdb/The_Apache_Software_Foundation-Apache_NiFi/nifi-commons/nifi-json-schema-shared/pom.xml,,,
The_Apache_Software_Foundation-Apache_NiFi.cdx,/Users/dmk6603/Documents/cloned_repos_oss_swdb/The_Apache_Software_Foundation-Apache_NiFi/nifi-commons/nifi-json-utils/pom.xml,,,
The_Apache_Software_Foundation-Apache_NiFi.cdx,/Users/dmk6603/Documents/cloned_repos_oss_swdb/The_Apache_Software_Foundation-Apache_NiFi/nifi-commons/nifi-kubernetes-client/pom.xml,,,
The_Apache_Software_Foundation-Apache_NiFi.cdx,/Users/dmk6603/Documents/cloned_repos_oss_swdb/The_Apache_Software_Foundation-Apache_NiFi/nifi-commons/nifi-metrics/pom.xml,,,
The_Apache_Software_Foundation-Apache_NiFi.cdx,/Users/dmk6603/Documents/cloned_repos_oss_swdb/The_Apache_Software_Foundation-Apache_NiFi/nifi-commons/nifi-parameter/pom.xml,,,
The_Apache_Software_Foundation-Apache_NiFi.cdx,/Users/dmk6603/Documents/cloned_repos_oss_swdb/The_Apache_Software_Foundation-Apache_NiFi/nifi-commons/nifi-per-process-group-logging/pom.xml,,,
The_Apache_Software_Foundation-Apache_NiFi.cdx,/Users/dmk6603/Documents/cloned_repos_oss_swdb/The_Apache_Software_Foundation-Apache_NiFi/nifi-commons/nifi-properties/pom.xml,,,
The_Apache_Software_Foundation-Apache_NiFi.cdx,/Users/dmk6603/Documents/cloned_repos_oss_swdb/The_Apache_Software_Foundation-Apache_NiFi/nifi-commons/nifi-property-encryptor/pom.xml,,,
The_Apache_Software_Foundation-Apache_NiFi.cdx,/Users/dmk6603/Documents/cloned_repos_oss_swdb/The_Apache_Software_Foundation-Apache_NiFi/nifi-commons/nifi-property-utils/pom.xml,,,
The_Apache_Software_Foundation-Apache_NiFi.cdx,/Users/dmk6603/Documents/cloned_repos_oss_swdb/The_Apache_Software_Foundation-Apache_NiFi/nifi-commons/nifi-record-path/pom.xml,,,
The_Apache_Software_Foundation-Apache_NiFi.cdx,/Users/dmk6603/Documents/cloned_repos_oss_swdb/The_Apache_Software_Foundation-Apache_NiFi/nifi-commons/nifi-record/pom.xml,,,
The_Apache_Software_Foundation-Apache_NiFi.cdx,/Users/dmk6603/Documents/cloned_repos_oss_swdb/The_Apache_Software_Foundation-Apache_NiFi/nifi-commons/nifi-schema-utils/pom.xml,,,
The_Apache_Software_Foundation-Apache_NiFi.cdx,/Users/dmk6603/Documents/cloned_repos_oss_swdb/The_Apache_Software_Foundation-Apache_NiFi/nifi-commons/nifi-security-cert-builder/pom.xml,,,
The_Apache_Software_Foundation-Apache_NiFi.cdx,/Users/dmk6603/Documents/cloned_repos_oss_swdb/The_Apache_Software_Foundation-Apache_NiFi/nifi-commons/nifi-security-cert/pom.xml,,,
The_Apache_Software_Foundation-Apache_NiFi.cdx,/Users/dmk6603/Documents/cloned_repos_oss_swdb/The_Apache_Software_Foundation-Apache_NiFi/nifi-commons/nifi-security-crypto-key/pom.xml,,,
The_Apache_Software_Foundation-Apache_NiFi.cdx,/Users/dmk6603/Documents/cloned_repos_oss_swdb/The_Apache_Software_Foundation-Apache_NiFi/nifi-commons/nifi-security-identity/pom.xml,,,
The_Apache_Software_Foundation-Apache_NiFi.cdx,/Users/dmk6603/Documents/cloned_repos_oss_swdb/The_Apache_Software_Foundation-Apache_NiFi/nifi-commons/nifi-security-kerberos-api/pom.xml,,,
The_Apache_Software_Foundation-Apache_NiFi.cdx,/Users/dmk6603/Documents/cloned_repos_oss_swdb/The_Apache_Software_Foundation-Apache_NiFi/nifi-commons/nifi-security-kerberos/pom.xml,,,
The_Apache_Software_Foundation-Apache_NiFi.cdx,/Users/dmk6603/Documents/cloned_repos_oss_swdb/The_Apache_Software_Foundation-Apache_NiFi/nifi-commons/nifi-security-proxied-entity/pom.xml,,,
The_Apache_Software_Foundation-Apache_NiFi.cdx,/Users/dmk6603/Documents/cloned_repos_oss_swdb/The_Apache_Software_Foundation-Apache_NiFi/nifi-commons/nifi-security-ssl/pom.xml,,,
The_Apache_Software_Foundation-Apache_NiFi.cdx,/Users/dmk6603/Documents/cloned_repos_oss_swdb/The_Apache_Software_Foundation-Apache_NiFi/nifi-commons/nifi-security-utils-api/pom.xml,,,
The_Apache_Software_Foundation-Apache_NiFi.cdx,/Users/dmk6603/Documents/cloned_repos_oss_swdb/The_Apache_Software_Foundation-Apache_NiFi/nifi-commons/nifi-single-user-utils/pom.xml,,,
The_Apache_Software_Foundation-Apache_NiFi.cdx,/Users/dmk6603/Documents/cloned_repos_oss_swdb/The_Apache_Software_Foundation-Apache_NiFi/nifi-commons/nifi-site-to-site-client/pom.xml,,,
The_Apache_Software_Foundation-Apache_NiFi.cdx,/Users/dmk6603/Documents/cloned_repos_oss_swdb/The_Apache_Software_Foundation-Apache_NiFi/nifi-commons/nifi-swagger-integration/pom.xml,,,
The_Apache_Software_Foundation-Apache_NiFi.cdx,/Users/dmk6603/Documents/cloned_repos_oss_swdb/The_Apache_Software_Foundation-Apache_NiFi/nifi-commons/nifi-utils/pom.xml,,,
The_Apache_Software_Foundation-Apache_NiFi.cdx,/Users/dmk6603/Documents/cloned_repos_oss_swdb/The_Apache_Software_Foundation-Apache_NiFi/nifi-commons/nifi-utils/src/test/resources/TestClassLoaderUtils/TestSuccess.jar,,,
The_Apache_Software_Foundation-Apache_NiFi.cdx,/Users/dmk6603/Documents/cloned_repos_oss_swdb/The_Apache_Software_Foundation-Apache_NiFi/nifi-commons/nifi-uuid5/pom.xml,,,
The_Apache_Software_Foundation-Apache_NiFi.cdx,/Users/dmk6603/Documents/cloned_repos_oss_swdb/The_Apache_Software_Foundation-Apache_NiFi/nifi-commons/nifi-web-client-api/pom.xml,,,
The_Apache_Software_Foundation-Apache_NiFi.cdx,/Users/dmk6603/Documents/cloned_repos_oss_swdb/The_Apache_Software_Foundation-Apache_NiFi/nifi-commons/nifi-web-client/pom.xml,,,
The_Apache_Software_Foundation-Apache_NiFi.cdx,/Users/dmk6603/Documents/cloned_repos_oss_swdb/The_Apache_Software_Foundation-Apache_NiFi/nifi-commons/nifi-web-servlet-shared/pom.xml,,,
The_Apache_Software_Foundation-Apache_NiFi.cdx,/Users/dmk6603/Documents/cloned_repos_oss_swdb/The_Apache_Software_Foundation-Apache_NiFi/nifi-commons/nifi-write-ahead-log/pom.xml,,,
The_Apache_Software_Foundation-Apache_NiFi.cdx,/Users/dmk6603/Documents/cloned_repos_oss_swdb/The_Apache_Software_Foundation-Apache_NiFi/nifi-commons/nifi-xml-processing/pom.xml,,,
The_Apache_Software_Foundation-Apache_Oozie.cdx,/Users/dmk6603/Documents/cloned_repos_oss_swdb/The_Apache_Software_Foundation-Apache_Oozie/client/pom.xml,,,
The_Apache_Software_Foundation-Apache_Oozie.cdx,/Users/dmk6603/Documents/cloned_repos_oss_swdb/The_Apache_Software_Foundation-Apache_Oozie/core/pom.xml,,,
The_Apache_Software_Foundation-Apache_Oozie.cdx,/Users/dmk6603/Documents/cloned_repos_oss_swdb/The_Apache_Software_Foundation-Apache_Oozie/distro/pom.xml,,,
The_Apache_Software_Foundation-Apache_Oozie.cdx,/Users/dmk6603/Documents/cloned_repos_oss_swdb/The_Apache_Software_Foundation-Apache_Oozie/docs/pom.xml,,,
The_Apache_Software_Foundation-Apache_Oozie.cdx,/Users/dmk6603/Documents/cloned_repos_oss_swdb/The_Apache_Software_Foundation-Apache_Oozie/examples/pom.xml,,,
The_Apache_Software_Foundation-Apache_Oozie.cdx,/Users/dmk6603/Documents/cloned_repos_oss_swdb/The_Apache_Software_Foundation-Apache_Oozie/fluent-job/fluent-job-api/pom.xml,,,
The_Apache_Software_Foundation-Apache_Oozie.cdx,/Users/dmk6603/Documents/cloned_repos_oss_swdb/The_Apache_Software_Foundation-Apache_Oozie/fluent-job/fluent-job-client/pom.xml,,,
The_Apache_Software_Foundation-Apache_Oozie.cdx,/Users/dmk6603/Documents/cloned_repos_oss_swdb/The_Apache_Software_Foundation-Apache_Oozie/fluent-job/pom.xml,,,
The_Apache_Software_Foundation-Apache_Oozie.cdx,/Users/dmk6603/Documents/cloned_repos_oss_swdb/The_Apache_Software_Foundation-Apache_Oozie/minitest/pom.xml,,,
The_Apache_Software_Foundation-Apache_Oozie.cdx,/Users/dmk6603/Documents/cloned_repos_oss_swdb/The_Apache_Software_Foundation-Apache_Oozie/pom.xml,,,
The_Apache_Software_Foundation-Apache_Oozie.cdx,/Users/dmk6603/Documents/cloned_repos_oss_swdb/The_Apache_Software_Foundation-Apache_Oozie/server/pom.xml,,,
The_Apache_Software_Foundation-Apache_Oozie.cdx,/Users/dmk6603/Documents/cloned_repos_oss_swdb/The_Apache_Software_Foundation-Apache_Oozie/sharelib/distcp/pom.xml,,,
The_Apache_Software_Foundation-Apache_Oozie.cdx,/Users/dmk6603/Documents/cloned_repos_oss_swdb/The_Apache_Software_Foundation-Apache_Oozie/sharelib/git/pom.xml,,,
The_Apache_Software_Foundation-Apache_Oozie.cdx,/Users/dmk6603/Documents/cloned_repos_oss_swdb/The_Apache_Software_Foundation-Apache_Oozie/sharelib/hcatalog/pom.xml,,,
The_Apache_Software_Foundation-Apache_Oozie.cdx,/Users/dmk6603/Documents/cloned_repos_oss_swdb/The_Apache_Software_Foundation-Apache_Oozie/sharelib/hive/pom.xml,,,
The_Apache_Software_Foundation-Apache_Oozie.cdx,/Users/dmk6603/Documents/cloned_repos_oss_swdb/The_Apache_Software_Foundation-Apache_Oozie/sharelib/hive2/pom.xml,,,
The_Apache_Software_Foundation-Apache_Oozie.cdx,/Users/dmk6603/Documents/cloned_repos_oss_swdb/The_Apache_Software_Foundation-Apache_Oozie/sharelib/oozie/pom.xml,,,
The_Apache_Software_Foundation-Apache_Oozie.cdx,/Users/dmk6603/Documents/cloned_repos_oss_swdb/The_Apache_Software_Foundation-Apache_Oozie/sharelib/pig/pom.xml,,,
The_Apache_Software_Foundation-Apache_Oozie.cdx,/Users/dmk6603/Documents/cloned_repos_oss_swdb/The_Apache_Software_Foundation-Apache_Oozie/sharelib/pom.xml,,,
The_Apache_Software_Foundation-Apache_Oozie.cdx,/Users/dmk6603/Documents/cloned_repos_oss_swdb/The_Apache_Software_Foundation-Apache_Oozie/sharelib/spark/pom.xml,,,
The_Apache_Software_Foundation-Apache_Oozie.cdx,/Users/dmk6603/Documents/cloned_repos_oss_swdb/The_Apache_Software_Foundation-Apache_Oozie/sharelib/sqoop/pom.xml,,,
The_Apache_Software_Foundation-Apache_Oozie.cdx,/Users/dmk6603/Documents/cloned_repos_oss_swdb/The_Apache_Software_Foundation-Apache_Oozie/sharelib/streaming/pom.xml,,,
The_Apache_Software_Foundation-Apache_Oozie.cdx,/Users/dmk6603/Documents/cloned_repos_oss_swdb/The_Apache_Software_Foundation-Apache_Oozie/tools/pom.xml,,,
The_Apache_Software_Foundation-Apache_Oozie.cdx,/Users/dmk6603/Documents/cloned_repos_oss_swdb/The_Apache_Software_Foundation-Apache_Oozie/webapp/pom.xml,,,
The_Apache_Software_Foundation-Apache_Oozie.cdx,/Users/dmk6603/Documents/cloned_repos_oss_swdb/The_Apache_Software_Foundation-Apache_Oozie/zookeeper-security-tests/pom.xml,,,
The_Apache_Software_Foundation-Apache_Oozie.cdx,activemq-broker,5.15.9,org.apache.activemq,pkg:maven/org.apache.activemq/activemq-broker@5.15.9
The_Apache_Software_Foundation-Apache_Oozie.cdx,activemq-client,5.15.9,org.apache.activemq,pkg:maven/org.apache.activemq/activemq-client@5.15.9
The_Apache_Software_Foundation-Apache_Oozie.cdx,activemq-kahadb-store,5.15.9,org.apache.activemq,pkg:maven/org.apache.activemq/activemq-kahadb-store@5.15.9
The_Apache_Software_Foundation-Apache_Oozie.cdx,aggdesigner-algorithm,6.0,net.hydromatic,pkg:maven/net.hydromatic/aggdesigner-algorithm@6.0
The_Apache_Software_Foundation-Apache_Oozie.cdx,antlr-runtime,3.4,org.antlr,pkg:maven/org.antlr/antlr-runtime@3.4
The_Apache_Software_Foundation-Apache_Oozie.cdx,apache-jsp,9.4.44.v20210927,org.eclipse.jetty,pkg:maven/org.eclipse.jetty/apache-jsp@9.4.44.v20210927
The_Apache_Software_Foundation-Apache_Oozie.cdx,apache-jsp,8.0.33,org.mortbay.jasper,pkg:maven/org.mortbay.jasper/apache-jsp@8.0.33
The_Apache_Software_Foundation-Apache_Oozie.cdx,apache-log4j-extras,1.2.17,log4j,pkg:maven/log4j/apache-log4j-extras@1.2.17
The_Apache_Software_Foundation-Apache_Oozie.cdx,automaton,1.11-8,dk.brics.automaton,pkg:maven/dk.brics.automaton/automaton@1.11-8
The_Apache_Software_Foundation-Apache_Oozie.cdx,avro,1.8.2,org.apache.avro,pkg:maven/org.apache.avro/avro@1.8.2
The_Apache_Software_Foundation-Apache_Oozie.cdx,commons-cli,1.2,commons-cli,pkg:maven/commons-cli/commons-cli@1.2
The_Apache_Software_Foundation-Apache_Oozie.cdx,commons-dbcp,1.4,commons-dbcp,pkg:maven/commons-dbcp/commons-dbcp@1.4
The_Apache_Software_Foundation-Apache_Oozie.cdx,commons-io,2.11.0,commons-io,pkg:maven/commons-io/commons-io@2.11.0
The_Apache_Software_Foundation-Apache_Oozie.cdx,commons-jexl,2.1.1,org.apache.commons,pkg:maven/org.apache.commons/commons-jexl@2.1.1
The_Apache_Software_Foundation-Apache_Oozie.cdx,commons-lang3,3.3.2,org.apache.commons,pkg:maven/org.apache.commons/commons-lang3@3.3.2
The_Apache_Software_Foundation-Apache_Oozie.cdx,commons-logging,1.1,commons-logging,pkg:maven/commons-logging/commons-logging@1.1
The_Apache_Software_Foundation-Apache_Oozie.cdx,curator-client,2.5.0,org.apache.curator,pkg:maven/org.apache.curator/curator-client@2.5.0
The_Apache_Software_Foundation-Apache_Oozie.cdx,curator-framework,2.5.0,org.apache.curator,pkg:maven/org.apache.curator/curator-framework@2.5.0
The_Apache_Software_Foundation-Apache_Oozie.cdx,curator-recipes,2.5.0,org.apache.curator,pkg:maven/org.apache.curator/curator-recipes@2.5.0
The_Apache_Software_Foundation-Apache_Oozie.cdx,curator-test,2.5.0,org.apache.curator,pkg:maven/org.apache.curator/curator-test@2.5.0
The_Apache_Software_Foundation-Apache_Oozie.cdx,curator-x-discovery,2.5.0,org.apache.curator,pkg:maven/org.apache.curator/curator-x-discovery@2.5.0
The_Apache_Software_Foundation-Apache_Oozie.cdx,derby,10.14.2.0,org.apache.derby,pkg:maven/org.apache.derby/derby@10.14.2.0
The_Apache_Software_Foundation-Apache_Oozie.cdx,dozer-core,6.4.1,com.github.dozermapper,pkg:maven/com.github.dozermapper/dozer-core@6.4.1
The_Apache_Software_Foundation-Apache_Oozie.cdx,ehcache-core,2.6.3,net.sf.ehcache,pkg:maven/net.sf.ehcache/ehcache-core@2.6.3
The_Apache_Software_Foundation-Apache_Oozie.cdx,gmetric4j,1.0.7,info.ganglia.gmetric4j,pkg:maven/info.ganglia.gmetric4j/gmetric4j@1.0.7
The_Apache_Software_Foundation-Apache_Oozie.cdx,graphviz-java,0.7.0,guru.nidi,pkg:maven/guru.nidi/graphviz-java@0.7.0
The_Apache_Software_Foundation-Apache_Oozie.cdx,greenmail,1.3.1b,com.icegreen,pkg:maven/com.icegreen/greenmail@1.3.1b
The_Apache_Software_Foundation-Apache_Oozie.cdx,gson,2.8.5,com.google.code.gson,pkg:maven/com.google.code.gson/gson@2.8.5
The_Apache_Software_Foundation-Apache_Oozie.cdx,guava,14.0.1,com.google.guava,pkg:maven/com.google.guava/guava@14.0.1
The_Apache_Software_Foundation-Apache_Oozie.cdx,guava,11.0.2,com.google.guava,pkg:maven/com.google.guava/guava@11.0.2
The_Apache_Software_Foundation-Apache_Oozie.cdx,guice,3.0,com.google.inject,pkg:maven/com.google.inject/guice@3.0
The_Apache_Software_Foundation-Apache_Oozie.cdx,hadoop-annotations,2.8.5,org.apache.hadoop,pkg:maven/org.apache.hadoop/hadoop-annotations@2.8.5
The_Apache_Software_Foundation-Apache_Oozie.cdx,hadoop-auth,2.8.5,org.apache.hadoop,pkg:maven/org.apache.hadoop/hadoop-auth@2.8.5
The_Apache_Software_Foundation-Apache_Oozie.cdx,hadoop-aws,2.8.5,org.apache.hadoop,pkg:maven/org.apache.hadoop/hadoop-aws@2.8.5
The_Apache_Software_Foundation-Apache_Oozie.cdx,hadoop-client,2.8.5,org.apache.hadoop,pkg:maven/org.apache.hadoop/hadoop-client@2.8.5
The_Apache_Software_Foundation-Apache_Oozie.cdx,hadoop-common,2.8.5,org.apache.hadoop,pkg:maven/org.apache.hadoop/hadoop-common@2.8.5
The_Apache_Software_Foundation-Apache_Oozie.cdx,hadoop-distcp,2.8.5,org.apache.hadoop,pkg:maven/org.apache.hadoop/hadoop-distcp@2.8.5
The_Apache_Software_Foundation-Apache_Oozie.cdx,hadoop-hdfs,2.8.5,org.apache.hadoop,pkg:maven/org.apache.hadoop/hadoop-hdfs@2.8.5
The_Apache_Software_Foundation-Apache_Oozie.cdx,hadoop-mapreduce-client-core,2.8.5,org.apache.hadoop,pkg:maven/org.apache.hadoop/hadoop-mapreduce-client-core@2.8.5
The_Apache_Software_Foundation-Apache_Oozie.cdx,hadoop-minicluster,2.8.5,org.apache.hadoop,pkg:maven/org.apache.hadoop/hadoop-minicluster@2.8.5
The_Apache_Software_Foundation-Apache_Oozie.cdx,hadoop-minikdc,2.8.5,org.apache.hadoop,pkg:maven/org.apache.hadoop/hadoop-minikdc@2.8.5
The_Apache_Software_Foundation-Apache_Oozie.cdx,hadoop-streaming,2.8.5,org.apache.hadoop,pkg:maven/org.apache.hadoop/hadoop-streaming@2.8.5
The_Apache_Software_Foundation-Apache_Oozie.cdx,hadoop-yarn-api,2.8.5,org.apache.hadoop,pkg:maven/org.apache.hadoop/hadoop-yarn-api@2.8.5
The_Apache_Software_Foundation-Apache_Oozie.cdx,hadoop-yarn-common,2.8.5,org.apache.hadoop,pkg:maven/org.apache.hadoop/hadoop-yarn-common@2.8.5
The_Apache_Software_Foundation-Apache_Oozie.cdx,hamcrest-all,1.3,org.hamcrest,pkg:maven/org.hamcrest/hamcrest-all@1.3
The_Apache_Software_Foundation-Apache_Oozie.cdx,hbase-client,1.2.3,org.apache.hbase,pkg:maven/org.apache.hbase/hbase-client@1.2.3
The_Apache_Software_Foundation-Apache_Oozie.cdx,hive-beeline,1.2.2,org.apache.hive,pkg:maven/org.apache.hive/hive-beeline@1.2.2
The_Apache_Software_Foundation-Apache_Oozie.cdx,hive-cli,1.2.2,org.apache.hive,pkg:maven/org.apache.hive/hive-cli@1.2.2
The_Apache_Software_Foundation-Apache_Oozie.cdx,hive-exec,1.2.2,org.apache.hive,pkg:maven/org.apache.hive/hive-exec@1.2.2
The_Apache_Software_Foundation-Apache_Oozie.cdx,hive-hcatalog-pig-adapter,1.2.2,org.apache.hive.hcatalog,pkg:maven/org.apache.hive.hcatalog/hive-hcatalog-pig-adapter@1.2.2
The_Apache_Software_Foundation-Apache_Oozie.cdx,hive-hcatalog-server-extensions,1.2.2,org.apache.hive.hcatalog,pkg:maven/org.apache.hive.hcatalog/hive-hcatalog-server-extensions@1.2.2
The_Apache_Software_Foundation-Apache_Oozie.cdx,hive-jdbc,1.2.2,org.apache.hive,pkg:maven/org.apache.hive/hive-jdbc@1.2.2
The_Apache_Software_Foundation-Apache_Oozie.cdx,hive-webhcat-java-client,1.2.2,org.apache.hive.hcatalog,pkg:maven/org.apache.hive.hcatalog/hive-webhcat-java-client@1.2.2
The_Apache_Software_Foundation-Apache_Oozie.cdx,hsqldb,1.8.0.10,hsqldb,pkg:maven/hsqldb/hsqldb@1.8.0.10
The_Apache_Software_Foundation-Apache_Oozie.cdx,httpclient,4.3.6,org.apache.httpcomponents,pkg:maven/org.apache.httpcomponents/httpclient@4.3.6
The_Apache_Software_Foundation-Apache_Oozie.cdx,httpcore,4.3.3,org.apache.httpcomponents,pkg:maven/org.apache.httpcomponents/httpcore@4.3.3
The_Apache_Software_Foundation-Apache_Oozie.cdx,jackson-annotations,2.6.7,com.fasterxml.jackson.core,pkg:maven/com.fasterxml.jackson.core/jackson-annotations@2.6.7
The_Apache_Software_Foundation-Apache_Oozie.cdx,jackson-core,2.6.7,com.fasterxml.jackson.core,pkg:maven/com.fasterxml.jackson.core/jackson-core@2.6.7
The_Apache_Software_Foundation-Apache_Oozie.cdx,jackson-databind,2.6.7.5,com.fasterxml.jackson.core,pkg:maven/com.fasterxml.jackson.core/jackson-databind@2.6.7.5
The_Apache_Software_Foundation-Apache_Oozie.cdx,javax.servlet-api,3.0.1,javax.servlet,pkg:maven/javax.servlet/javax.servlet-api@3.0.1
The_Apache_Software_Foundation-Apache_Oozie.cdx,jaxb-api,2.3.0,javax.xml.bind,pkg:maven/javax.xml.bind/jaxb-api@2.3.0
The_Apache_Software_Foundation-Apache_Oozie.cdx,jaxb2-basics,1.11.1,org.jvnet.jaxb2_commons,pkg:maven/org.jvnet.jaxb2_commons/jaxb2-basics@1.11.1
The_Apache_Software_Foundation-Apache_Oozie.cdx,jcip-annotations,1.0,net.jcip,pkg:maven/net.jcip/jcip-annotations@1.0
The_Apache_Software_Foundation-Apache_Oozie.cdx,jdom2,2.0.6.1,org.jdom,pkg:maven/org.jdom/jdom2@2.0.6.1
The_Apache_Software_Foundation-Apache_Oozie.cdx,jetty-annotations,9.4.44.v20210927,org.eclipse.jetty,pkg:maven/org.eclipse.jetty/jetty-annotations@9.4.44.v20210927
The_Apache_Software_Foundation-Apache_Oozie.cdx,jetty-http,9.4.44.v20210927,org.eclipse.jetty,pkg:maven/org.eclipse.jetty/jetty-http@9.4.44.v20210927
The_Apache_Software_Foundation-Apache_Oozie.cdx,jetty-plus,9.4.44.v20210927,org.eclipse.jetty,pkg:maven/org.eclipse.jetty/jetty-plus@9.4.44.v20210927
The_Apache_Software_Foundation-Apache_Oozie.cdx,jetty-rewrite,9.4.44.v20210927,org.eclipse.jetty,pkg:maven/org.eclipse.jetty/jetty-rewrite@9.4.44.v20210927
The_Apache_Software_Foundation-Apache_Oozie.cdx,jetty-runner,9.4.44.v20210927,org.eclipse.jetty,pkg:maven/org.eclipse.jetty/jetty-runner@9.4.44.v20210927
The_Apache_Software_Foundation-Apache_Oozie.cdx,jetty-server,9.4.44.v20210927,org.eclipse.jetty,pkg:maven/org.eclipse.jetty/jetty-server@9.4.44.v20210927
The_Apache_Software_Foundation-Apache_Oozie.cdx,jetty-servlet,9.4.44.v20210927,org.eclipse.jetty,pkg:maven/org.eclipse.jetty/jetty-servlet@9.4.44.v20210927
The_Apache_Software_Foundation-Apache_Oozie.cdx,jetty-util,9.4.44.v20210927,org.eclipse.jetty,pkg:maven/org.eclipse.jetty/jetty-util@9.4.44.v20210927
The_Apache_Software_Foundation-Apache_Oozie.cdx,jetty-webapp,9.4.44.v20210927,org.eclipse.jetty,pkg:maven/org.eclipse.jetty/jetty-webapp@9.4.44.v20210927
The_Apache_Software_Foundation-Apache_Oozie.cdx,jline,2.12,jline,pkg:maven/jline/jline@2.12
The_Apache_Software_Foundation-Apache_Oozie.cdx,jline,0.9.94,jline,pkg:maven/jline/jline@0.9.94
The_Apache_Software_Foundation-Apache_Phoenix.cdx,/Users/dmk6603/Documents/cloned_repos_oss_swdb/The_Apache_Software_Foundation-Apache_Phoenix/phoenix-assembly/pom.xml,,,
The_Apache_Software_Foundation-Apache_Phoenix.cdx,/Users/dmk6603/Documents/cloned_repos_oss_swdb/The_Apache_Software_Foundation-Apache_Phoenix/phoenix-client-parent/phoenix-client-embedded/pom.xml,,,
The_Apache_Software_Foundation-Apache_Phoenix.cdx,/Users/dmk6603/Documents/cloned_repos_oss_swdb/The_Apache_Software_Foundation-Apache_Phoenix/phoenix-client-parent/pom.xml,,,
The_Apache_Software_Foundation-Apache_Phoenix.cdx,/Users/dmk6603/Documents/cloned_repos_oss_swdb/The_Apache_Software_Foundation-Apache_Phoenix/phoenix-core-client/pom.xml,,,
The_Apache_Software_Foundation-Apache_Phoenix.cdx,/Users/dmk6603/Documents/cloned_repos_oss_swdb/The_Apache_Software_Foundation-Apache_Phoenix/phoenix-core-server/pom.xml,,,
The_Apache_Software_Foundation-Apache_Phoenix.cdx,/Users/dmk6603/Documents/cloned_repos_oss_swdb/The_Apache_Software_Foundation-Apache_Phoenix/phoenix-core/pom.xml,,,
The_Apache_Software_Foundation-Apache_Phoenix.cdx,/Users/dmk6603/Documents/cloned_repos_oss_swdb/The_Apache_Software_Foundation-Apache_Phoenix/phoenix-hbase-compat-2.5.0/pom.xml,,,
The_Apache_Software_Foundation-Apache_Phoenix.cdx,/Users/dmk6603/Documents/cloned_repos_oss_swdb/The_Apache_Software_Foundation-Apache_Phoenix/phoenix-hbase-compat-2.5.4/pom.xml,,,
The_Apache_Software_Foundation-Apache_Phoenix.cdx,/Users/dmk6603/Documents/cloned_repos_oss_swdb/The_Apache_Software_Foundation-Apache_Phoenix/phoenix-hbase-compat-2.6.0/pom.xml,,,
The_Apache_Software_Foundation-Apache_Phoenix.cdx,/Users/dmk6603/Documents/cloned_repos_oss_swdb/The_Apache_Software_Foundation-Apache_Phoenix/phoenix-hbase-compat-2.6.4/pom.xml,,,
The_Apache_Software_Foundation-Apache_Phoenix.cdx,/Users/dmk6603/Documents/cloned_repos_oss_swdb/The_Apache_Software_Foundation-Apache_Phoenix/phoenix-mapreduce-byo-shaded-hbase/pom.xml,,,
The_Apache_Software_Foundation-Apache_Phoenix.cdx,/Users/dmk6603/Documents/cloned_repos_oss_swdb/The_Apache_Software_Foundation-Apache_Phoenix/phoenix-pherf/pom.xml,,,
The_Apache_Software_Foundation-Apache_Phoenix.cdx,/Users/dmk6603/Documents/cloned_repos_oss_swdb/The_Apache_Software_Foundation-Apache_Phoenix/phoenix-tracing-webapp/pom.xml,,,
The_Apache_Software_Foundation-Apache_Phoenix.cdx,/Users/dmk6603/Documents/cloned_repos_oss_swdb/The_Apache_Software_Foundation-Apache_Phoenix/pom.xml,,,
The_Apache_Software_Foundation-Apache_Phoenix.cdx,HdrHistogram,2.1.12,org.hdrhistogram,pkg:maven/org.hdrhistogram/HdrHistogram@2.1.12
The_Apache_Software_Foundation-Apache_Phoenix.cdx,activation,1.1,javax.activation,pkg:maven/javax.activation/activation@1.1
The_Apache_Software_Foundation-Apache_Phoenix.cdx,antlr-runtime,3.5.2,org.antlr,pkg:maven/org.antlr/antlr-runtime@3.5.2
The_Apache_Software_Foundation-Apache_Phoenix.cdx,bson,5.3.1,org.mongodb,pkg:maven/org.mongodb/bson@5.3.1
The_Apache_Software_Foundation-Apache_Phoenix.cdx,byte-buddy,1.15.11,net.bytebuddy,pkg:maven/net.bytebuddy/byte-buddy@1.15.11
The_Apache_Software_Foundation-Apache_Phoenix.cdx,byte-buddy-agent,1.15.11,net.bytebuddy,pkg:maven/net.bytebuddy/byte-buddy-agent@1.15.11
The_Apache_Software_Foundation-Apache_Phoenix.cdx,commons-codec,1.16.0,commons-codec,pkg:maven/commons-codec/commons-codec@1.16.0
The_Apache_Software_Foundation-Apache_Phoenix.cdx,commons-compress,1.26.0,org.apache.commons,pkg:maven/org.apache.commons/commons-compress@1.26.0
The_Apache_Software_Foundation-Apache_Phoenix.cdx,commons-configuration2,2.10.1,org.apache.commons,pkg:maven/org.apache.commons/commons-configuration2@2.10.1
The_Apache_Software_Foundation-Apache_Phoenix.cdx,commons-csv,1.0,org.apache.commons,pkg:maven/org.apache.commons/commons-csv@1.0
The_Apache_Software_Foundation-Apache_Phoenix.cdx,commons-io,2.18.0,commons-io,pkg:maven/commons-io/commons-io@2.18.0
The_Apache_Software_Foundation-Apache_Phoenix.cdx,commons-lang3,3.18.0,org.apache.commons,pkg:maven/org.apache.commons/commons-lang3@3.18.0
The_Apache_Software_Foundation-Apache_Phoenix.cdx,commons-math3,3.3,org.apache.commons,pkg:maven/org.apache.commons/commons-math3@3.3
The_Apache_Software_Foundation-Apache_Phoenix.cdx,curator-client,4.2.0,org.apache.curator,pkg:maven/org.apache.curator/curator-client@4.2.0
The_Apache_Software_Foundation-Apache_Phoenix.cdx,curator-framework,4.2.0,org.apache.curator,pkg:maven/org.apache.curator/curator-framework@4.2.0
The_Apache_Software_Foundation-Apache_Phoenix.cdx,curator-recipes,4.2.0,org.apache.curator,pkg:maven/org.apache.curator/curator-recipes@4.2.0
The_Apache_Software_Foundation-Apache_Phoenix.cdx,diffutils,1.2.1,com.googlecode.java-diff-utils,pkg:maven/com.googlecode.java-diff-utils/diffutils@1.2.1
The_Apache_Software_Foundation-Apache_Phoenix.cdx,disruptor,3.3.6,com.lmax,pkg:maven/com.lmax/disruptor@3.3.6
The_Apache_Software_Foundation-Apache_Phoenix.cdx,findbugs-annotations,1.3.9-1,com.github.stephenc.findbugs,pkg:maven/com.github.stephenc.findbugs/findbugs-annotations@1.3.9-1
The_Apache_Software_Foundation-Apache_Phoenix.cdx,gson,2.13.1,com.google.code.gson,pkg:maven/com.google.code.gson/gson@2.13.1
The_Apache_Software_Foundation-Apache_Phoenix.cdx,guava,11.0.2,com.google.guava,pkg:maven/com.google.guava/guava@11.0.2
The_Apache_Software_Foundation-Apache_Phoenix.cdx,guice,5.1.0,com.google.inject,pkg:maven/com.google.inject/guice@5.1.0
The_Apache_Software_Foundation-Apache_Phoenix.cdx,hadoop-annotations,3.4.2,org.apache.hadoop,pkg:maven/org.apache.hadoop/hadoop-annotations@3.4.2
The_Apache_Software_Foundation-Apache_Phoenix.cdx,hadoop-auth,3.4.2,org.apache.hadoop,pkg:maven/org.apache.hadoop/hadoop-auth@3.4.2
The_Apache_Software_Foundation-Apache_Phoenix.cdx,hadoop-client,3.4.2,org.apache.hadoop,pkg:maven/org.apache.hadoop/hadoop-client@3.4.2
The_Apache_Software_Foundation-Apache_Phoenix.cdx,hadoop-common,3.4.2,org.apache.hadoop,pkg:maven/org.apache.hadoop/hadoop-common@3.4.2
The_Apache_Software_Foundation-Apache_Phoenix.cdx,hadoop-distcp,3.4.2,org.apache.hadoop,pkg:maven/org.apache.hadoop/hadoop-distcp@3.4.2
The_Apache_Software_Foundation-Apache_Phoenix.cdx,hadoop-hdfs,3.4.2,org.apache.hadoop,pkg:maven/org.apache.hadoop/hadoop-hdfs@3.4.2
The_Apache_Software_Foundation-Apache_Phoenix.cdx,hadoop-hdfs-client,3.4.2,org.apache.hadoop,pkg:maven/org.apache.hadoop/hadoop-hdfs-client@3.4.2
The_Apache_Software_Foundation-Apache_Phoenix.cdx,hadoop-mapreduce-client-common,3.4.2,org.apache.hadoop,pkg:maven/org.apache.hadoop/hadoop-mapreduce-client-common@3.4.2
The_Apache_Software_Foundation-Apache_Phoenix.cdx,hadoop-mapreduce-client-core,3.4.2,org.apache.hadoop,pkg:maven/org.apache.hadoop/hadoop-mapreduce-client-core@3.4.2
The_Apache_Software_Foundation-Apache_Phoenix.cdx,hadoop-mapreduce-client-jobclient,3.4.2,org.apache.hadoop,pkg:maven/org.apache.hadoop/hadoop-mapreduce-client-jobclient@3.4.2
The_Apache_Software_Foundation-Apache_Phoenix.cdx,hadoop-minikdc,3.4.2,org.apache.hadoop,pkg:maven/org.apache.hadoop/hadoop-minikdc@3.4.2
The_Apache_Software_Foundation-Apache_Phoenix.cdx,hadoop-yarn-api,3.4.2,org.apache.hadoop,pkg:maven/org.apache.hadoop/hadoop-yarn-api@3.4.2
The_Apache_Software_Foundation-Apache_Phoenix.cdx,hbase-client,UNKNOWN,org.apache.hbase,pkg:maven/org.apache.hbase/hbase-client
The_Apache_Software_Foundation-Apache_Phoenix.cdx,hbase-client,2.6.4-hadoop3,org.apache.hbase,pkg:maven/org.apache.hbase/hbase-client@2.6.4-hadoop3
The_Apache_Software_Foundation-Apache_Phoenix.cdx,hbase-client,2.6.0-hadoop3,org.apache.hbase,pkg:maven/org.apache.hbase/hbase-client@2.6.0-hadoop3
The_Apache_Software_Foundation-Apache_Phoenix.cdx,hbase-client,2.5.4-hadoop3,org.apache.hbase,pkg:maven/org.apache.hbase/hbase-client@2.5.4-hadoop3
The_Apache_Software_Foundation-Apache_Phoenix.cdx,hbase-client,2.5.3-hadoop3,org.apache.hbase,pkg:maven/org.apache.hbase/hbase-client@2.5.3-hadoop3
The_Apache_Software_Foundation-Apache_Phoenix.cdx,hbase-common,UNKNOWN,org.apache.hbase,pkg:maven/org.apache.hbase/hbase-common
The_Apache_Software_Foundation-Apache_Phoenix.cdx,hbase-common,2.6.4-hadoop3,org.apache.hbase,pkg:maven/org.apache.hbase/hbase-common@2.6.4-hadoop3
The_Apache_Software_Foundation-Apache_Phoenix.cdx,hbase-common,2.6.0-hadoop3,org.apache.hbase,pkg:maven/org.apache.hbase/hbase-common@2.6.0-hadoop3
The_Apache_Software_Foundation-Apache_Phoenix.cdx,hbase-common,2.5.4-hadoop3,org.apache.hbase,pkg:maven/org.apache.hbase/hbase-common@2.5.4-hadoop3
The_Apache_Software_Foundation-Apache_Phoenix.cdx,hbase-common,2.5.3-hadoop3,org.apache.hbase,pkg:maven/org.apache.hbase/hbase-common@2.5.3-hadoop3
The_Apache_Software_Foundation-Apache_Phoenix.cdx,hbase-endpoint,UNKNOWN,org.apache.hbase,pkg:maven/org.apache.hbase/hbase-endpoint
The_Apache_Software_Foundation-Apache_Phoenix.cdx,hbase-hadoop-compat,UNKNOWN,org.apache.hbase,pkg:maven/org.apache.hbase/hbase-hadoop-compat
The_Apache_Software_Foundation-Apache_Phoenix.cdx,hbase-hadoop-compat,2.6.4-hadoop3,org.apache.hbase,pkg:maven/org.apache.hbase/hbase-hadoop-compat@2.6.4-hadoop3
The_Apache_Software_Foundation-Apache_Phoenix.cdx,hbase-hadoop-compat,2.6.0-hadoop3,org.apache.hbase,pkg:maven/org.apache.hbase/hbase-hadoop-compat@2.6.0-hadoop3
The_Apache_Software_Foundation-Apache_Phoenix.cdx,hbase-hadoop-compat,2.5.4-hadoop3,org.apache.hbase,pkg:maven/org.apache.hbase/hbase-hadoop-compat@2.5.4-hadoop3
The_Apache_Software_Foundation-Apache_Phoenix.cdx,hbase-hadoop-compat,2.5.3-hadoop3,org.apache.hbase,pkg:maven/org.apache.hbase/hbase-hadoop-compat@2.5.3-hadoop3
The_Apache_Software_Foundation-Apache_Phoenix.cdx,hbase-hadoop2-compat,UNKNOWN,org.apache.hbase,pkg:maven/org.apache.hbase/hbase-hadoop2-compat
The_Apache_Software_Foundation-Apache_Phoenix.cdx,hbase-hadoop2-compat,2.6.4-hadoop3,org.apache.hbase,pkg:maven/org.apache.hbase/hbase-hadoop2-compat@2.6.4-hadoop3
The_Apache_Software_Foundation-Apache_Phoenix.cdx,hbase-hadoop2-compat,2.6.0-hadoop3,org.apache.hbase,pkg:maven/org.apache.hbase/hbase-hadoop2-compat@2.6.0-hadoop3
The_Apache_Software_Foundation-Apache_Phoenix.cdx,hbase-hadoop2-compat,2.5.4-hadoop3,org.apache.hbase,pkg:maven/org.apache.hbase/hbase-hadoop2-compat@2.5.4-hadoop3
The_Apache_Software_Foundation-Apache_Phoenix.cdx,hbase-hadoop2-compat,2.5.3-hadoop3,org.apache.hbase,pkg:maven/org.apache.hbase/hbase-hadoop2-compat@2.5.3-hadoop3
The_Apache_Software_Foundation-Apache_Phoenix.cdx,hbase-it,UNKNOWN,org.apache.hbase,pkg:maven/org.apache.hbase/hbase-it
The_Apache_Software_Foundation-Apache_Phoenix.cdx,hbase-mapreduce,UNKNOWN,org.apache.hbase,pkg:maven/org.apache.hbase/hbase-mapreduce
The_Apache_Software_Foundation-Apache_Phoenix.cdx,hbase-metrics,UNKNOWN,org.apache.hbase,pkg:maven/org.apache.hbase/hbase-metrics
The_Apache_Software_Foundation-Apache_Phoenix.cdx,hbase-metrics,2.6.4-hadoop3,org.apache.hbase,pkg:maven/org.apache.hbase/hbase-metrics@2.6.4-hadoop3
The_Apache_Software_Foundation-Apache_Phoenix.cdx,hbase-metrics,2.6.0-hadoop3,org.apache.hbase,pkg:maven/org.apache.hbase/hbase-metrics@2.6.0-hadoop3
The_Apache_Software_Foundation-Apache_Phoenix.cdx,hbase-metrics,2.5.4-hadoop3,org.apache.hbase,pkg:maven/org.apache.hbase/hbase-metrics@2.5.4-hadoop3
The_Apache_Software_Foundation-Apache_Phoenix.cdx,hbase-metrics,2.5.3-hadoop3,org.apache.hbase,pkg:maven/org.apache.hbase/hbase-metrics@2.5.3-hadoop3
The_Apache_Software_Foundation-Apache_Phoenix.cdx,hbase-metrics-api,UNKNOWN,org.apache.hbase,pkg:maven/org.apache.hbase/hbase-metrics-api
The_Apache_Software_Foundation-Apache_Phoenix.cdx,hbase-metrics-api,2.6.4-hadoop3,org.apache.hbase,pkg:maven/org.apache.hbase/hbase-metrics-api@2.6.4-hadoop3
The_Apache_Software_Foundation-Apache_Phoenix.cdx,hbase-metrics-api,2.6.0-hadoop3,org.apache.hbase,pkg:maven/org.apache.hbase/hbase-metrics-api@2.6.0-hadoop3
The_Apache_Software_Foundation-Apache_Phoenix.cdx,hbase-metrics-api,2.5.4-hadoop3,org.apache.hbase,pkg:maven/org.apache.hbase/hbase-metrics-api@2.5.4-hadoop3
The_Apache_Software_Foundation-Apache_Phoenix.cdx,hbase-metrics-api,2.5.3-hadoop3,org.apache.hbase,pkg:maven/org.apache.hbase/hbase-metrics-api@2.5.3-hadoop3
The_Apache_Software_Foundation-Apache_Phoenix.cdx,hbase-protocol,UNKNOWN,org.apache.hbase,pkg:maven/org.apache.hbase/hbase-protocol
The_Apache_Software_Foundation-Apache_Phoenix.cdx,hbase-protocol,2.6.4-hadoop3,org.apache.hbase,pkg:maven/org.apache.hbase/hbase-protocol@2.6.4-hadoop3
The_Apache_Software_Foundation-Apache_Phoenix.cdx,hbase-protocol,2.6.0-hadoop3,org.apache.hbase,pkg:maven/org.apache.hbase/hbase-protocol@2.6.0-hadoop3
The_Apache_Software_Foundation-Apache_Phoenix.cdx,hbase-protocol,2.5.4-hadoop3,org.apache.hbase,pkg:maven/org.apache.hbase/hbase-protocol@2.5.4-hadoop3
The_Apache_Software_Foundation-Apache_Phoenix.cdx,hbase-protocol,2.5.3-hadoop3,org.apache.hbase,pkg:maven/org.apache.hbase/hbase-protocol@2.5.3-hadoop3
The_Apache_Software_Foundation-Apache_Phoenix.cdx,hbase-protocol-shaded,UNKNOWN,org.apache.hbase,pkg:maven/org.apache.hbase/hbase-protocol-shaded
The_Apache_Software_Foundation-Apache_Phoenix.cdx,hbase-protocol-shaded,2.6.4-hadoop3,org.apache.hbase,pkg:maven/org.apache.hbase/hbase-protocol-shaded@2.6.4-hadoop3
The_Apache_Software_Foundation-Apache_Phoenix.cdx,hbase-protocol-shaded,2.6.0-hadoop3,org.apache.hbase,pkg:maven/org.apache.hbase/hbase-protocol-shaded@2.6.0-hadoop3
The_Apache_Software_Foundation-Apache_Phoenix.cdx,hbase-protocol-shaded,2.5.4-hadoop3,org.apache.hbase,pkg:maven/org.apache.hbase/hbase-protocol-shaded@2.5.4-hadoop3
The_Apache_Software_Foundation-Apache_Phoenix.cdx,hbase-protocol-shaded,2.5.3-hadoop3,org.apache.hbase,pkg:maven/org.apache.hbase/hbase-protocol-shaded@2.5.3-hadoop3
The_Apache_Software_Foundation-Apache_Phoenix.cdx,hbase-replication,UNKNOWN,org.apache.hbase,pkg:maven/org.apache.hbase/hbase-replication
The_Apache_Software_Foundation-Apache_Phoenix.cdx,hbase-server,UNKNOWN,org.apache.hbase,pkg:maven/org.apache.hbase/hbase-server
The_Apache_Software_Foundation-Apache_Phoenix.cdx,hbase-server,2.6.4-hadoop3,org.apache.hbase,pkg:maven/org.apache.hbase/hbase-server@2.6.4-hadoop3
The_Apache_Software_Foundation-Apache_Phoenix.cdx,hbase-server,2.6.0-hadoop3,org.apache.hbase,pkg:maven/org.apache.hbase/hbase-server@2.6.0-hadoop3
The_Apache_Software_Foundation-Apache_Phoenix.cdx,hbase-server,2.5.4-hadoop3,org.apache.hbase,pkg:maven/org.apache.hbase/hbase-server@2.5.4-hadoop3
The_Apache_Software_Foundation-Apache_Phoenix.cdx,hbase-server,2.5.3-hadoop3,org.apache.hbase,pkg:maven/org.apache.hbase/hbase-server@2.5.3-hadoop3
The_Apache_Software_Foundation-Apache_Phoenix.cdx,hbase-shaded-miscellaneous,4.1.7,org.apache.hbase.thirdparty,pkg:maven/org.apache.hbase.thirdparty/hbase-shaded-miscellaneous@4.1.7
The_Apache_Software_Foundation-Apache_Phoenix.cdx,hbase-shaded-netty,4.1.7,org.apache.hbase.thirdparty,pkg:maven/org.apache.hbase.thirdparty/hbase-shaded-netty@4.1.7
The_Apache_Software_Foundation-Apache_Phoenix.cdx,hbase-shaded-protobuf,4.1.7,org.apache.hbase.thirdparty,pkg:maven/org.apache.hbase.thirdparty/hbase-shaded-protobuf@4.1.7
The_Apache_Software_Foundation-Apache_Pig.cdx,/Users/dmk6603/Documents/cloned_repos_oss_swdb/The_Apache_Software_Foundation-Apache_Pig/ivy/ant-contrib-1.0b3.jar,,,
The_Apache_Software_Foundation-Apache_Pig.cdx,/Users/dmk6603/Documents/cloned_repos_oss_swdb/The_Apache_Software_Foundation-Apache_Pig/shade/roaringbitmap/pom.xml,,,
The_Apache_Software_Foundation-Apache_Pig.cdx,/Users/dmk6603/Documents/cloned_repos_oss_swdb/The_Apache_Software_Foundation-Apache_Pig/test/e2e/pig/lib/hadoop-examples.jar,,,
The_Apache_Software_Foundation-Apache_Pig.cdx,/Users/dmk6603/Documents/cloned_repos_oss_swdb/The_Apache_Software_Foundation-Apache_Pig/test/e2e/pig/lib/hadoop-streaming.jar,,,
The_Apache_Software_Foundation-Apache_Pig.cdx,/Users/dmk6603/Documents/cloned_repos_oss_swdb/The_Apache_Software_Foundation-Apache_Pig/test/org/apache/pig/test/data/TestWordCount.jar,,,
The_Apache_Software_Foundation-Apache_Pig.cdx,/Users/dmk6603/Documents/cloned_repos_oss_swdb/The_Apache_Software_Foundation-Apache_Pig/test/org/apache/pig/test/data/pigtestloader.jar,,,
The_Apache_Software_Foundation-Apache_Pig.cdx,/Users/dmk6603/Documents/cloned_repos_oss_swdb/The_Apache_Software_Foundation-Apache_Pig/test/perf/pigmix/lib/sdsuLibJKD12.jar,,,
The_Apache_Software_Foundation-Apache_Pig.cdx,RoaringBitmap,0.7.14,org.roaringbitmap,pkg:maven/org.roaringbitmap/RoaringBitmap@0.7.14
The_Apache_Software_Foundation-Apache_Pig.cdx,RoaringBitmap-shaded,0.7.14,,pkg:maven/org.apache.pig/RoaringBitmap-shaded@0.7.14
The_Apache_Software_Foundation-Apache_Pig.cdx,TestWordCount,UNKNOWN,,pkg:maven/TestWordCount/TestWordCount
The_Apache_Software_Foundation-Apache_Pig.cdx,ant-contrib,1.0b3,,pkg:maven/ant-contrib/ant-contrib@1.0b3
The_Apache_Software_Foundation-Apache_Pig.cdx,hadoop-examples,UNKNOWN,,pkg:maven/org/apache/hadoop/examples/ExampleDriver/hadoop-examples
The_Apache_Software_Foundation-Apache_Pig.cdx,hadoop-streaming,UNKNOWN,,pkg:maven/org.apache.hadoop.streaming.HadoopStreaming/hadoop-streaming
The_Apache_Software_Foundation-Apache_Pig.cdx,pigtestloader,UNKNOWN,,pkg:maven/pigtestloader/pigtestloader
The_Apache_Software_Foundation-Apache_Pig.cdx,sdsuLibJKD12,UNKNOWN,,pkg:maven/sdsuLibJKD12/sdsuLibJKD12
The_Apache_Software_Foundation-Apache_Spark.cdx,./.github/workflows/build_and_test.yml,UNKNOWN,,
The_Apache_Software_Foundation-Apache_Spark.cdx,./.github/workflows/maven_test.yml,UNKNOWN,,
The_Apache_Software_Foundation-Apache_Spark.cdx,./.github/workflows/python_hosted_runner_test.yml,UNKNOWN,,
The_Apache_Software_Foundation-Apache_Spark.cdx,/Users/dmk6603/Documents/cloned_repos_oss_swdb/The_Apache_Software_Foundation-Apache_Spark/.github/workflows/benchmark.yml,,,
The_Apache_Software_Foundation-Apache_Spark.cdx,/Users/dmk6603/Documents/cloned_repos_oss_swdb/The_Apache_Software_Foundation-Apache_Spark/.github/workflows/build_and_test.yml,,,
The_Apache_Software_Foundation-Apache_Spark.cdx,/Users/dmk6603/Documents/cloned_repos_oss_swdb/The_Apache_Software_Foundation-Apache_Spark/.github/workflows/build_branch35.yml,,,
The_Apache_Software_Foundation-Apache_Spark.cdx,/Users/dmk6603/Documents/cloned_repos_oss_swdb/The_Apache_Software_Foundation-Apache_Spark/.github/workflows/build_branch35_python.yml,,,
The_Apache_Software_Foundation-Apache_Spark.cdx,/Users/dmk6603/Documents/cloned_repos_oss_swdb/The_Apache_Software_Foundation-Apache_Spark/.github/workflows/build_branch40.yml,,,
The_Apache_Software_Foundation-Apache_Spark.cdx,/Users/dmk6603/Documents/cloned_repos_oss_swdb/The_Apache_Software_Foundation-Apache_Spark/.github/workflows/build_branch40_java21.yml,,,
The_Apache_Software_Foundation-Apache_Spark.cdx,/Users/dmk6603/Documents/cloned_repos_oss_swdb/The_Apache_Software_Foundation-Apache_Spark/.github/workflows/build_branch40_maven.yml,,,
The_Apache_Software_Foundation-Apache_Spark.cdx,/Users/dmk6603/Documents/cloned_repos_oss_swdb/The_Apache_Software_Foundation-Apache_Spark/.github/workflows/build_branch40_maven_java21.yml,,,
The_Apache_Software_Foundation-Apache_Spark.cdx,/Users/dmk6603/Documents/cloned_repos_oss_swdb/The_Apache_Software_Foundation-Apache_Spark/.github/workflows/build_branch40_non_ansi.yml,,,
The_Apache_Software_Foundation-Apache_Spark.cdx,/Users/dmk6603/Documents/cloned_repos_oss_swdb/The_Apache_Software_Foundation-Apache_Spark/.github/workflows/build_branch40_python.yml,,,
The_Apache_Software_Foundation-Apache_Spark.cdx,/Users/dmk6603/Documents/cloned_repos_oss_swdb/The_Apache_Software_Foundation-Apache_Spark/.github/workflows/build_branch40_python_pypy3.10.yml,,,
The_Apache_Software_Foundation-Apache_Spark.cdx,/Users/dmk6603/Documents/cloned_repos_oss_swdb/The_Apache_Software_Foundation-Apache_Spark/.github/workflows/build_branch41.yml,,,
The_Apache_Software_Foundation-Apache_Spark.cdx,/Users/dmk6603/Documents/cloned_repos_oss_swdb/The_Apache_Software_Foundation-Apache_Spark/.github/workflows/build_branch41_java21.yml,,,
The_Apache_Software_Foundation-Apache_Spark.cdx,/Users/dmk6603/Documents/cloned_repos_oss_swdb/The_Apache_Software_Foundation-Apache_Spark/.github/workflows/build_branch41_maven.yml,,,
The_Apache_Software_Foundation-Apache_Spark.cdx,/Users/dmk6603/Documents/cloned_repos_oss_swdb/The_Apache_Software_Foundation-Apache_Spark/.github/workflows/build_branch41_maven_java21.yml,,,
The_Apache_Software_Foundation-Apache_Spark.cdx,/Users/dmk6603/Documents/cloned_repos_oss_swdb/The_Apache_Software_Foundation-Apache_Spark/.github/workflows/build_branch41_non_ansi.yml,,,
The_Apache_Software_Foundation-Apache_Spark.cdx,/Users/dmk6603/Documents/cloned_repos_oss_swdb/The_Apache_Software_Foundation-Apache_Spark/.github/workflows/build_branch41_python.yml,,,
The_Apache_Software_Foundation-Apache_Spark.cdx,/Users/dmk6603/Documents/cloned_repos_oss_swdb/The_Apache_Software_Foundation-Apache_Spark/.github/workflows/build_branch41_python_3.14.yml,,,
The_Apache_Software_Foundation-Apache_Spark.cdx,/Users/dmk6603/Documents/cloned_repos_oss_swdb/The_Apache_Software_Foundation-Apache_Spark/.github/workflows/build_branch41_python_pypy3.10.yml,,,
The_Apache_Software_Foundation-Apache_Spark.cdx,/Users/dmk6603/Documents/cloned_repos_oss_swdb/The_Apache_Software_Foundation-Apache_Spark/.github/workflows/build_coverage.yml,,,
The_Apache_Software_Foundation-Apache_Spark.cdx,/Users/dmk6603/Documents/cloned_repos_oss_swdb/The_Apache_Software_Foundation-Apache_Spark/.github/workflows/build_infra_images_cache.yml,,,
The_Apache_Software_Foundation-Apache_Spark.cdx,/Users/dmk6603/Documents/cloned_repos_oss_swdb/The_Apache_Software_Foundation-Apache_Spark/.github/workflows/build_java21.yml,,,
The_Apache_Software_Foundation-Apache_Spark.cdx,/Users/dmk6603/Documents/cloned_repos_oss_swdb/The_Apache_Software_Foundation-Apache_Spark/.github/workflows/build_java25.yml,,,
The_Apache_Software_Foundation-Apache_Spark.cdx,/Users/dmk6603/Documents/cloned_repos_oss_swdb/The_Apache_Software_Foundation-Apache_Spark/.github/workflows/build_main.yml,,,
The_Apache_Software_Foundation-Apache_Spark.cdx,/Users/dmk6603/Documents/cloned_repos_oss_swdb/The_Apache_Software_Foundation-Apache_Spark/.github/workflows/build_maven.yml,,,
The_Apache_Software_Foundation-Apache_Spark.cdx,/Users/dmk6603/Documents/cloned_repos_oss_swdb/The_Apache_Software_Foundation-Apache_Spark/.github/workflows/build_maven_java21.yml,,,
The_Apache_Software_Foundation-Apache_Spark.cdx,/Users/dmk6603/Documents/cloned_repos_oss_swdb/The_Apache_Software_Foundation-Apache_Spark/.github/workflows/build_maven_java21_arm.yml,,,
The_Apache_Software_Foundation-Apache_Spark.cdx,/Users/dmk6603/Documents/cloned_repos_oss_swdb/The_Apache_Software_Foundation-Apache_Spark/.github/workflows/build_maven_java21_macos26.yml,,,
The_Apache_Software_Foundation-Apache_Spark.cdx,/Users/dmk6603/Documents/cloned_repos_oss_swdb/The_Apache_Software_Foundation-Apache_Spark/.github/workflows/build_maven_java25.yml,,,
The_Apache_Software_Foundation-Apache_Spark.cdx,/Users/dmk6603/Documents/cloned_repos_oss_swdb/The_Apache_Software_Foundation-Apache_Spark/.github/workflows/build_non_ansi.yml,,,
The_Apache_Software_Foundation-Apache_Spark.cdx,/Users/dmk6603/Documents/cloned_repos_oss_swdb/The_Apache_Software_Foundation-Apache_Spark/.github/workflows/build_python_3.10.yml,,,
The_Apache_Software_Foundation-Apache_Spark.cdx,/Users/dmk6603/Documents/cloned_repos_oss_swdb/The_Apache_Software_Foundation-Apache_Spark/.github/workflows/build_python_3.11.yml,,,
The_Apache_Software_Foundation-Apache_Spark.cdx,/Users/dmk6603/Documents/cloned_repos_oss_swdb/The_Apache_Software_Foundation-Apache_Spark/.github/workflows/build_python_3.12_arm.yml,,,
The_Apache_Software_Foundation-Apache_Spark.cdx,/Users/dmk6603/Documents/cloned_repos_oss_swdb/The_Apache_Software_Foundation-Apache_Spark/.github/workflows/build_python_3.12_classic_only.yml,,,
The_Apache_Software_Foundation-Apache_Spark.cdx,/Users/dmk6603/Documents/cloned_repos_oss_swdb/The_Apache_Software_Foundation-Apache_Spark/.github/workflows/build_python_3.12_macos26.yml,,,
The_Apache_Software_Foundation-Apache_Spark.cdx,/Users/dmk6603/Documents/cloned_repos_oss_swdb/The_Apache_Software_Foundation-Apache_Spark/.github/workflows/build_python_3.12_pandas_3.yml,,,
The_Apache_Software_Foundation-Apache_Spark.cdx,/Users/dmk6603/Documents/cloned_repos_oss_swdb/The_Apache_Software_Foundation-Apache_Spark/.github/workflows/build_python_3.13.yml,,,
The_Apache_Software_Foundation-Apache_Spark.cdx,/Users/dmk6603/Documents/cloned_repos_oss_swdb/The_Apache_Software_Foundation-Apache_Spark/.github/workflows/build_python_3.14.yml,,,
The_Apache_Software_Foundation-Apache_Spark.cdx,/Users/dmk6603/Documents/cloned_repos_oss_swdb/The_Apache_Software_Foundation-Apache_Spark/.github/workflows/build_python_3.14_nogil.yml,,,
The_Apache_Software_Foundation-Apache_Spark.cdx,/Users/dmk6603/Documents/cloned_repos_oss_swdb/The_Apache_Software_Foundation-Apache_Spark/.github/workflows/build_python_connect.yml,,,
The_Apache_Software_Foundation-Apache_Spark.cdx,/Users/dmk6603/Documents/cloned_repos_oss_swdb/The_Apache_Software_Foundation-Apache_Spark/.github/workflows/build_python_connect40.yml,,,
The_Apache_Software_Foundation-Apache_Spark.cdx,/Users/dmk6603/Documents/cloned_repos_oss_swdb/The_Apache_Software_Foundation-Apache_Spark/.github/workflows/build_python_minimum.yml,,,
The_Apache_Software_Foundation-Apache_Spark.cdx,/Users/dmk6603/Documents/cloned_repos_oss_swdb/The_Apache_Software_Foundation-Apache_Spark/.github/workflows/build_python_ps_minimum.yml,,,
The_Apache_Software_Foundation-Apache_Spark.cdx,/Users/dmk6603/Documents/cloned_repos_oss_swdb/The_Apache_Software_Foundation-Apache_Spark/.github/workflows/build_rockdb_as_ui_backend.yml,,,
The_Apache_Software_Foundation-Apache_Spark.cdx,/Users/dmk6603/Documents/cloned_repos_oss_swdb/The_Apache_Software_Foundation-Apache_Spark/.github/workflows/build_sparkr_window.yml,,,
The_Apache_Software_Foundation-Apache_Spark.cdx,/Users/dmk6603/Documents/cloned_repos_oss_swdb/The_Apache_Software_Foundation-Apache_Spark/.github/workflows/build_uds.yml,,,
The_Apache_Software_Foundation-Apache_Spark.cdx,/Users/dmk6603/Documents/cloned_repos_oss_swdb/The_Apache_Software_Foundation-Apache_Spark/.github/workflows/maven_test.yml,,,
The_Apache_Software_Foundation-Apache_Spark.cdx,/Users/dmk6603/Documents/cloned_repos_oss_swdb/The_Apache_Software_Foundation-Apache_Spark/.github/workflows/notify_test_workflow.yml,,,
The_Apache_Software_Foundation-Apache_Spark.cdx,/Users/dmk6603/Documents/cloned_repos_oss_swdb/The_Apache_Software_Foundation-Apache_Spark/.github/workflows/pages.yml,,,
The_Apache_Software_Foundation-Apache_Spark.cdx,/Users/dmk6603/Documents/cloned_repos_oss_swdb/The_Apache_Software_Foundation-Apache_Spark/.github/workflows/publish_snapshot.yml,,,
The_Apache_Software_Foundation-Apache_Spark.cdx,/Users/dmk6603/Documents/cloned_repos_oss_swdb/The_Apache_Software_Foundation-Apache_Spark/.github/workflows/python_hosted_runner_test.yml,,,
The_Apache_Software_Foundation-Apache_Spark.cdx,/Users/dmk6603/Documents/cloned_repos_oss_swdb/The_Apache_Software_Foundation-Apache_Spark/.github/workflows/release.yml,,,
The_Apache_Software_Foundation-Apache_Spark.cdx,/Users/dmk6603/Documents/cloned_repos_oss_swdb/The_Apache_Software_Foundation-Apache_Spark/.github/workflows/stale.yml,,,
The_Apache_Software_Foundation-Apache_Spark.cdx,/Users/dmk6603/Documents/cloned_repos_oss_swdb/The_Apache_Software_Foundation-Apache_Spark/.github/workflows/test_report.yml,,,
The_Apache_Software_Foundation-Apache_Spark.cdx,/Users/dmk6603/Documents/cloned_repos_oss_swdb/The_Apache_Software_Foundation-Apache_Spark/.github/workflows/update_build_status.yml,,,
The_Apache_Software_Foundation-Apache_Spark.cdx,/Users/dmk6603/Documents/cloned_repos_oss_swdb/The_Apache_Software_Foundation-Apache_Spark/R/pkg/DESCRIPTION,,,
The_Apache_Software_Foundation-Apache_Spark.cdx,/Users/dmk6603/Documents/cloned_repos_oss_swdb/The_Apache_Software_Foundation-Apache_Spark/assembly/pom.xml,,,
The_Apache_Software_Foundation-Apache_Spark.cdx,/Users/dmk6603/Documents/cloned_repos_oss_swdb/The_Apache_Software_Foundation-Apache_Spark/common/kvstore/pom.xml,,,
The_Apache_Software_Foundation-Apache_Spark.cdx,/Users/dmk6603/Documents/cloned_repos_oss_swdb/The_Apache_Software_Foundation-Apache_Spark/common/network-common/pom.xml,,,
The_Apache_Software_Foundation-Apache_Spark.cdx,/Users/dmk6603/Documents/cloned_repos_oss_swdb/The_Apache_Software_Foundation-Apache_Spark/common/network-shuffle/pom.xml,,,
The_Apache_Software_Foundation-Apache_Spark.cdx,/Users/dmk6603/Documents/cloned_repos_oss_swdb/The_Apache_Software_Foundation-Apache_Spark/common/network-yarn/pom.xml,,,
The_Apache_Software_Foundation-Apache_Spark.cdx,/Users/dmk6603/Documents/cloned_repos_oss_swdb/The_Apache_Software_Foundation-Apache_Spark/common/sketch/pom.xml,,,
The_Apache_Software_Foundation-Apache_Spark.cdx,/Users/dmk6603/Documents/cloned_repos_oss_swdb/The_Apache_Software_Foundation-Apache_Spark/common/tags/pom.xml,,,
The_Apache_Software_Foundation-Apache_Spark.cdx,/Users/dmk6603/Documents/cloned_repos_oss_swdb/The_Apache_Software_Foundation-Apache_Spark/common/unsafe/pom.xml,,,
The_Apache_Software_Foundation-Apache_Spark.cdx,/Users/dmk6603/Documents/cloned_repos_oss_swdb/The_Apache_Software_Foundation-Apache_Spark/common/utils-java/pom.xml,,,
The_Apache_Software_Foundation-Apache_Spark.cdx,/Users/dmk6603/Documents/cloned_repos_oss_swdb/The_Apache_Software_Foundation-Apache_Spark/common/utils/pom.xml,,,
The_Apache_Software_Foundation-Apache_Spark.cdx,/Users/dmk6603/Documents/cloned_repos_oss_swdb/The_Apache_Software_Foundation-Apache_Spark/common/variant/pom.xml,,,
The_Apache_Software_Foundation-Apache_Spark.cdx,/Users/dmk6603/Documents/cloned_repos_oss_swdb/The_Apache_Software_Foundation-Apache_Spark/connector/avro/pom.xml,,,
The_Apache_Software_Foundation-Apache_Spark.cdx,/Users/dmk6603/Documents/cloned_repos_oss_swdb/The_Apache_Software_Foundation-Apache_Spark/connector/docker-integration-tests/pom.xml,,,
The_Apache_Software_Foundation-Apache_Spark.cdx,/Users/dmk6603/Documents/cloned_repos_oss_swdb/The_Apache_Software_Foundation-Apache_Spark/connector/kafka-0-10-assembly/pom.xml,,,
The_Apache_Software_Foundation-Apache_Spark.cdx,/Users/dmk6603/Documents/cloned_repos_oss_swdb/The_Apache_Software_Foundation-Apache_Spark/connector/kafka-0-10-sql/pom.xml,,,
The_Apache_Software_Foundation-Apache_Spark.cdx,/Users/dmk6603/Documents/cloned_repos_oss_swdb/The_Apache_Software_Foundation-Apache_Spark/connector/kafka-0-10-token-provider/pom.xml,,,
The_Apache_Software_Foundation-Apache_Spark.cdx,/Users/dmk6603/Documents/cloned_repos_oss_swdb/The_Apache_Software_Foundation-Apache_Spark/connector/kafka-0-10/pom.xml,,,
The_Apache_Software_Foundation-Apache_Spark.cdx,/Users/dmk6603/Documents/cloned_repos_oss_swdb/The_Apache_Software_Foundation-Apache_Spark/connector/kinesis-asl-assembly/pom.xml,,,
The_Apache_Software_Foundation-Apache_Spark.cdx,/Users/dmk6603/Documents/cloned_repos_oss_swdb/The_Apache_Software_Foundation-Apache_Spark/connector/kinesis-asl/pom.xml,,,
The_Apache_Software_Foundation-Apache_Spark.cdx,/Users/dmk6603/Documents/cloned_repos_oss_swdb/The_Apache_Software_Foundation-Apache_Spark/connector/profiler/pom.xml,,,
The_Apache_Software_Foundation-Apache_Spark.cdx,/Users/dmk6603/Documents/cloned_repos_oss_swdb/The_Apache_Software_Foundation-Apache_Spark/connector/protobuf/pom.xml,,,
The_Apache_Software_Foundation-Apache_Spark.cdx,/Users/dmk6603/Documents/cloned_repos_oss_swdb/The_Apache_Software_Foundation-Apache_Spark/connector/spark-ganglia-lgpl/pom.xml,,,
The_Apache_Software_Foundation-Apache_Spark.cdx,/Users/dmk6603/Documents/cloned_repos_oss_swdb/The_Apache_Software_Foundation-Apache_Spark/core/pom.xml,,,
The_Apache_Software_Foundation-Apache_Spark.cdx,/Users/dmk6603/Documents/cloned_repos_oss_swdb/The_Apache_Software_Foundation-Apache_Spark/core/src/test/resources/TestHelloV2_2.13.jar,,,
The_Apache_Software_Foundation-Apache_Spark.cdx,/Users/dmk6603/Documents/cloned_repos_oss_swdb/The_Apache_Software_Foundation-Apache_Spark/core/src/test/resources/TestHelloV3_2.13.jar,,,
The_Apache_Software_Foundation-Apache_Spark.cdx,/Users/dmk6603/Documents/cloned_repos_oss_swdb/The_Apache_Software_Foundation-Apache_Spark/core/src/test/resources/TestUDTF.jar,,,
The_Apache_Software_Foundation-Apache_Spark.cdx,/Users/dmk6603/Documents/cloned_repos_oss_swdb/The_Apache_Software_Foundation-Apache_Spark/data/artifact-tests/junitLargeJar.jar,,,
The_Apache_Software_Foundation-Apache_Spark.cdx,/Users/dmk6603/Documents/cloned_repos_oss_swdb/The_Apache_Software_Foundation-Apache_Spark/data/artifact-tests/smallJar.jar,,,
The_Apache_Software_Foundation-Apache_Spark.cdx,/Users/dmk6603/Documents/cloned_repos_oss_swdb/The_Apache_Software_Foundation-Apache_Spark/dev/package-lock.json,,,
The_Apache_Software_Foundation-Apache_Spark.cdx,/Users/dmk6603/Documents/cloned_repos_oss_swdb/The_Apache_Software_Foundation-Apache_Spark/dev/requirements.txt,,,
The_Apache_Software_Foundation-Apache_Spark.cdx,/Users/dmk6603/Documents/cloned_repos_oss_swdb/The_Apache_Software_Foundation-Apache_Spark/docs/Gemfile.lock,,,
The_Apache_Software_Foundation-Apache_Spark.cdx,/Users/dmk6603/Documents/cloned_repos_oss_swdb/The_Apache_Software_Foundation-Apache_Spark/examples/pom.xml,,,
The_Apache_Software_Foundation-Apache_Spark.cdx,/Users/dmk6603/Documents/cloned_repos_oss_swdb/The_Apache_Software_Foundation-Apache_Spark/graphx/pom.xml,,,
The_Apache_Software_Foundation-Apache_Spark.cdx,/Users/dmk6603/Documents/cloned_repos_oss_swdb/The_Apache_Software_Foundation-Apache_Spark/hadoop-cloud/pom.xml,,,
The_Apache_Software_Foundation-Apache_Spark.cdx,/Users/dmk6603/Documents/cloned_repos_oss_swdb/The_Apache_Software_Foundation-Apache_Spark/launcher/pom.xml,,,
The_Apache_Software_Foundation-Apache_Spark.cdx,/Users/dmk6603/Documents/cloned_repos_oss_swdb/The_Apache_Software_Foundation-Apache_Spark/mllib-local/pom.xml,,,
The_Apache_Software_Foundation-Apache_Spark.cdx,/Users/dmk6603/Documents/cloned_repos_oss_swdb/The_Apache_Software_Foundation-Apache_Spark/mllib/pom.xml,,,
The_Apache_Software_Foundation-Apache_Spark.cdx,/Users/dmk6603/Documents/cloned_repos_oss_swdb/The_Apache_Software_Foundation-Apache_Spark/pom.xml,,,
The_Apache_Software_Foundation-Apache_Spark.cdx,/Users/dmk6603/Documents/cloned_repos_oss_swdb/The_Apache_Software_Foundation-Apache_Spark/repl/pom.xml,,,
The_Apache_Software_Foundation-Apache_Spark.cdx,/Users/dmk6603/Documents/cloned_repos_oss_swdb/The_Apache_Software_Foundation-Apache_Spark/resource-managers/kubernetes/core/pom.xml,,,
The_Apache_Software_Foundation-Apache_Spark.cdx,/Users/dmk6603/Documents/cloned_repos_oss_swdb/The_Apache_Software_Foundation-Apache_Spark/resource-managers/kubernetes/integration-tests/pom.xml,,,
The_Apache_Software_Foundation-Apache_Spark_Streaming.cdx,./.github/workflows/build_and_test.yml,UNKNOWN,,
The_Apache_Software_Foundation-Apache_Spark_Streaming.cdx,./.github/workflows/maven_test.yml,UNKNOWN,,
The_Apache_Software_Foundation-Apache_Spark_Streaming.cdx,./.github/workflows/python_hosted_runner_test.yml,UNKNOWN,,
The_Apache_Software_Foundation-Apache_Spark_Streaming.cdx,/Users/dmk6603/Documents/cloned_repos_oss_swdb/The_Apache_Software_Foundation-Apache_Spark_Streaming/.github/workflows/benchmark.yml,,,
The_Apache_Software_Foundation-Apache_Spark_Streaming.cdx,/Users/dmk6603/Documents/cloned_repos_oss_swdb/The_Apache_Software_Foundation-Apache_Spark_Streaming/.github/workflows/build_and_test.yml,,,
The_Apache_Software_Foundation-Apache_Spark_Streaming.cdx,/Users/dmk6603/Documents/cloned_repos_oss_swdb/The_Apache_Software_Foundation-Apache_Spark_Streaming/.github/workflows/build_branch35.yml,,,
The_Apache_Software_Foundation-Apache_Spark_Streaming.cdx,/Users/dmk6603/Documents/cloned_repos_oss_swdb/The_Apache_Software_Foundation-Apache_Spark_Streaming/.github/workflows/build_branch35_python.yml,,,
The_Apache_Software_Foundation-Apache_Spark_Streaming.cdx,/Users/dmk6603/Documents/cloned_repos_oss_swdb/The_Apache_Software_Foundation-Apache_Spark_Streaming/.github/workflows/build_branch40.yml,,,
The_Apache_Software_Foundation-Apache_Spark_Streaming.cdx,/Users/dmk6603/Documents/cloned_repos_oss_swdb/The_Apache_Software_Foundation-Apache_Spark_Streaming/.github/workflows/build_branch40_java21.yml,,,
The_Apache_Software_Foundation-Apache_Spark_Streaming.cdx,/Users/dmk6603/Documents/cloned_repos_oss_swdb/The_Apache_Software_Foundation-Apache_Spark_Streaming/.github/workflows/build_branch40_maven.yml,,,
The_Apache_Software_Foundation-Apache_Spark_Streaming.cdx,/Users/dmk6603/Documents/cloned_repos_oss_swdb/The_Apache_Software_Foundation-Apache_Spark_Streaming/.github/workflows/build_branch40_maven_java21.yml,,,
The_Apache_Software_Foundation-Apache_Spark_Streaming.cdx,/Users/dmk6603/Documents/cloned_repos_oss_swdb/The_Apache_Software_Foundation-Apache_Spark_Streaming/.github/workflows/build_branch40_non_ansi.yml,,,
The_Apache_Software_Foundation-Apache_Spark_Streaming.cdx,/Users/dmk6603/Documents/cloned_repos_oss_swdb/The_Apache_Software_Foundation-Apache_Spark_Streaming/.github/workflows/build_branch40_python.yml,,,
The_Apache_Software_Foundation-Apache_Spark_Streaming.cdx,/Users/dmk6603/Documents/cloned_repos_oss_swdb/The_Apache_Software_Foundation-Apache_Spark_Streaming/.github/workflows/build_branch40_python_pypy3.10.yml,,,
The_Apache_Software_Foundation-Apache_Spark_Streaming.cdx,/Users/dmk6603/Documents/cloned_repos_oss_swdb/The_Apache_Software_Foundation-Apache_Spark_Streaming/.github/workflows/build_branch41.yml,,,
The_Apache_Software_Foundation-Apache_Spark_Streaming.cdx,/Users/dmk6603/Documents/cloned_repos_oss_swdb/The_Apache_Software_Foundation-Apache_Spark_Streaming/.github/workflows/build_branch41_java21.yml,,,
The_Apache_Software_Foundation-Apache_Spark_Streaming.cdx,/Users/dmk6603/Documents/cloned_repos_oss_swdb/The_Apache_Software_Foundation-Apache_Spark_Streaming/.github/workflows/build_branch41_maven.yml,,,
The_Apache_Software_Foundation-Apache_Spark_Streaming.cdx,/Users/dmk6603/Documents/cloned_repos_oss_swdb/The_Apache_Software_Foundation-Apache_Spark_Streaming/.github/workflows/build_branch41_maven_java21.yml,,,
The_Apache_Software_Foundation-Apache_Spark_Streaming.cdx,/Users/dmk6603/Documents/cloned_repos_oss_swdb/The_Apache_Software_Foundation-Apache_Spark_Streaming/.github/workflows/build_branch41_non_ansi.yml,,,
The_Apache_Software_Foundation-Apache_Spark_Streaming.cdx,/Users/dmk6603/Documents/cloned_repos_oss_swdb/The_Apache_Software_Foundation-Apache_Spark_Streaming/.github/workflows/build_branch41_python.yml,,,
The_Apache_Software_Foundation-Apache_Spark_Streaming.cdx,/Users/dmk6603/Documents/cloned_repos_oss_swdb/The_Apache_Software_Foundation-Apache_Spark_Streaming/.github/workflows/build_branch41_python_3.14.yml,,,
The_Apache_Software_Foundation-Apache_Spark_Streaming.cdx,/Users/dmk6603/Documents/cloned_repos_oss_swdb/The_Apache_Software_Foundation-Apache_Spark_Streaming/.github/workflows/build_branch41_python_pypy3.10.yml,,,
The_Apache_Software_Foundation-Apache_Spark_Streaming.cdx,/Users/dmk6603/Documents/cloned_repos_oss_swdb/The_Apache_Software_Foundation-Apache_Spark_Streaming/.github/workflows/build_coverage.yml,,,
The_Apache_Software_Foundation-Apache_Spark_Streaming.cdx,/Users/dmk6603/Documents/cloned_repos_oss_swdb/The_Apache_Software_Foundation-Apache_Spark_Streaming/.github/workflows/build_infra_images_cache.yml,,,
The_Apache_Software_Foundation-Apache_Spark_Streaming.cdx,/Users/dmk6603/Documents/cloned_repos_oss_swdb/The_Apache_Software_Foundation-Apache_Spark_Streaming/.github/workflows/build_java21.yml,,,
The_Apache_Software_Foundation-Apache_Spark_Streaming.cdx,/Users/dmk6603/Documents/cloned_repos_oss_swdb/The_Apache_Software_Foundation-Apache_Spark_Streaming/.github/workflows/build_java25.yml,,,
The_Apache_Software_Foundation-Apache_Spark_Streaming.cdx,/Users/dmk6603/Documents/cloned_repos_oss_swdb/The_Apache_Software_Foundation-Apache_Spark_Streaming/.github/workflows/build_main.yml,,,
The_Apache_Software_Foundation-Apache_Spark_Streaming.cdx,/Users/dmk6603/Documents/cloned_repos_oss_swdb/The_Apache_Software_Foundation-Apache_Spark_Streaming/.github/workflows/build_maven.yml,,,
The_Apache_Software_Foundation-Apache_Spark_Streaming.cdx,/Users/dmk6603/Documents/cloned_repos_oss_swdb/The_Apache_Software_Foundation-Apache_Spark_Streaming/.github/workflows/build_maven_java21.yml,,,
The_Apache_Software_Foundation-Apache_Spark_Streaming.cdx,/Users/dmk6603/Documents/cloned_repos_oss_swdb/The_Apache_Software_Foundation-Apache_Spark_Streaming/.github/workflows/build_maven_java21_arm.yml,,,
The_Apache_Software_Foundation-Apache_Spark_Streaming.cdx,/Users/dmk6603/Documents/cloned_repos_oss_swdb/The_Apache_Software_Foundation-Apache_Spark_Streaming/.github/workflows/build_maven_java21_macos26.yml,,,
The_Apache_Software_Foundation-Apache_Spark_Streaming.cdx,/Users/dmk6603/Documents/cloned_repos_oss_swdb/The_Apache_Software_Foundation-Apache_Spark_Streaming/.github/workflows/build_maven_java25.yml,,,
The_Apache_Software_Foundation-Apache_Spark_Streaming.cdx,/Users/dmk6603/Documents/cloned_repos_oss_swdb/The_Apache_Software_Foundation-Apache_Spark_Streaming/.github/workflows/build_non_ansi.yml,,,
The_Apache_Software_Foundation-Apache_Spark_Streaming.cdx,/Users/dmk6603/Documents/cloned_repos_oss_swdb/The_Apache_Software_Foundation-Apache_Spark_Streaming/.github/workflows/build_python_3.10.yml,,,
The_Apache_Software_Foundation-Apache_Spark_Streaming.cdx,/Users/dmk6603/Documents/cloned_repos_oss_swdb/The_Apache_Software_Foundation-Apache_Spark_Streaming/.github/workflows/build_python_3.11.yml,,,
The_Apache_Software_Foundation-Apache_Spark_Streaming.cdx,/Users/dmk6603/Documents/cloned_repos_oss_swdb/The_Apache_Software_Foundation-Apache_Spark_Streaming/.github/workflows/build_python_3.12_arm.yml,,,
The_Apache_Software_Foundation-Apache_Spark_Streaming.cdx,/Users/dmk6603/Documents/cloned_repos_oss_swdb/The_Apache_Software_Foundation-Apache_Spark_Streaming/.github/workflows/build_python_3.12_classic_only.yml,,,
The_Apache_Software_Foundation-Apache_Spark_Streaming.cdx,/Users/dmk6603/Documents/cloned_repos_oss_swdb/The_Apache_Software_Foundation-Apache_Spark_Streaming/.github/workflows/build_python_3.12_macos26.yml,,,
The_Apache_Software_Foundation-Apache_Spark_Streaming.cdx,/Users/dmk6603/Documents/cloned_repos_oss_swdb/The_Apache_Software_Foundation-Apache_Spark_Streaming/.github/workflows/build_python_3.12_pandas_3.yml,,,
The_Apache_Software_Foundation-Apache_Spark_Streaming.cdx,/Users/dmk6603/Documents/cloned_repos_oss_swdb/The_Apache_Software_Foundation-Apache_Spark_Streaming/.github/workflows/build_python_3.13.yml,,,
The_Apache_Software_Foundation-Apache_Spark_Streaming.cdx,/Users/dmk6603/Documents/cloned_repos_oss_swdb/The_Apache_Software_Foundation-Apache_Spark_Streaming/.github/workflows/build_python_3.14.yml,,,
The_Apache_Software_Foundation-Apache_Spark_Streaming.cdx,/Users/dmk6603/Documents/cloned_repos_oss_swdb/The_Apache_Software_Foundation-Apache_Spark_Streaming/.github/workflows/build_python_3.14_nogil.yml,,,
The_Apache_Software_Foundation-Apache_Spark_Streaming.cdx,/Users/dmk6603/Documents/cloned_repos_oss_swdb/The_Apache_Software_Foundation-Apache_Spark_Streaming/.github/workflows/build_python_connect.yml,,,
The_Apache_Software_Foundation-Apache_Spark_Streaming.cdx,/Users/dmk6603/Documents/cloned_repos_oss_swdb/The_Apache_Software_Foundation-Apache_Spark_Streaming/.github/workflows/build_python_connect40.yml,,,
The_Apache_Software_Foundation-Apache_Spark_Streaming.cdx,/Users/dmk6603/Documents/cloned_repos_oss_swdb/The_Apache_Software_Foundation-Apache_Spark_Streaming/.github/workflows/build_python_minimum.yml,,,
The_Apache_Software_Foundation-Apache_Spark_Streaming.cdx,/Users/dmk6603/Documents/cloned_repos_oss_swdb/The_Apache_Software_Foundation-Apache_Spark_Streaming/.github/workflows/build_python_ps_minimum.yml,,,
The_Apache_Software_Foundation-Apache_Spark_Streaming.cdx,/Users/dmk6603/Documents/cloned_repos_oss_swdb/The_Apache_Software_Foundation-Apache_Spark_Streaming/.github/workflows/build_rockdb_as_ui_backend.yml,,,
The_Apache_Software_Foundation-Apache_Spark_Streaming.cdx,/Users/dmk6603/Documents/cloned_repos_oss_swdb/The_Apache_Software_Foundation-Apache_Spark_Streaming/.github/workflows/build_sparkr_window.yml,,,
The_Apache_Software_Foundation-Apache_Spark_Streaming.cdx,/Users/dmk6603/Documents/cloned_repos_oss_swdb/The_Apache_Software_Foundation-Apache_Spark_Streaming/.github/workflows/build_uds.yml,,,
The_Apache_Software_Foundation-Apache_Spark_Streaming.cdx,/Users/dmk6603/Documents/cloned_repos_oss_swdb/The_Apache_Software_Foundation-Apache_Spark_Streaming/.github/workflows/maven_test.yml,,,
The_Apache_Software_Foundation-Apache_Spark_Streaming.cdx,/Users/dmk6603/Documents/cloned_repos_oss_swdb/The_Apache_Software_Foundation-Apache_Spark_Streaming/.github/workflows/notify_test_workflow.yml,,,
The_Apache_Software_Foundation-Apache_Spark_Streaming.cdx,/Users/dmk6603/Documents/cloned_repos_oss_swdb/The_Apache_Software_Foundation-Apache_Spark_Streaming/.github/workflows/pages.yml,,,
The_Apache_Software_Foundation-Apache_Spark_Streaming.cdx,/Users/dmk6603/Documents/cloned_repos_oss_swdb/The_Apache_Software_Foundation-Apache_Spark_Streaming/.github/workflows/publish_snapshot.yml,,,
The_Apache_Software_Foundation-Apache_Spark_Streaming.cdx,/Users/dmk6603/Documents/cloned_repos_oss_swdb/The_Apache_Software_Foundation-Apache_Spark_Streaming/.github/workflows/python_hosted_runner_test.yml,,,
The_Apache_Software_Foundation-Apache_Spark_Streaming.cdx,/Users/dmk6603/Documents/cloned_repos_oss_swdb/The_Apache_Software_Foundation-Apache_Spark_Streaming/.github/workflows/release.yml,,,
The_Apache_Software_Foundation-Apache_Spark_Streaming.cdx,/Users/dmk6603/Documents/cloned_repos_oss_swdb/The_Apache_Software_Foundation-Apache_Spark_Streaming/.github/workflows/stale.yml,,,
The_Apache_Software_Foundation-Apache_Spark_Streaming.cdx,/Users/dmk6603/Documents/cloned_repos_oss_swdb/The_Apache_Software_Foundation-Apache_Spark_Streaming/.github/workflows/test_report.yml,,,
The_Apache_Software_Foundation-Apache_Spark_Streaming.cdx,/Users/dmk6603/Documents/cloned_repos_oss_swdb/The_Apache_Software_Foundation-Apache_Spark_Streaming/.github/workflows/update_build_status.yml,,,
The_Apache_Software_Foundation-Apache_Spark_Streaming.cdx,/Users/dmk6603/Documents/cloned_repos_oss_swdb/The_Apache_Software_Foundation-Apache_Spark_Streaming/R/pkg/DESCRIPTION,,,
The_Apache_Software_Foundation-Apache_Spark_Streaming.cdx,/Users/dmk6603/Documents/cloned_repos_oss_swdb/The_Apache_Software_Foundation-Apache_Spark_Streaming/assembly/pom.xml,,,
The_Apache_Software_Foundation-Apache_Spark_Streaming.cdx,/Users/dmk6603/Documents/cloned_repos_oss_swdb/The_Apache_Software_Foundation-Apache_Spark_Streaming/common/kvstore/pom.xml,,,
The_Apache_Software_Foundation-Apache_Spark_Streaming.cdx,/Users/dmk6603/Documents/cloned_repos_oss_swdb/The_Apache_Software_Foundation-Apache_Spark_Streaming/common/network-common/pom.xml,,,
The_Apache_Software_Foundation-Apache_Spark_Streaming.cdx,/Users/dmk6603/Documents/cloned_repos_oss_swdb/The_Apache_Software_Foundation-Apache_Spark_Streaming/common/network-shuffle/pom.xml,,,
The_Apache_Software_Foundation-Apache_Spark_Streaming.cdx,/Users/dmk6603/Documents/cloned_repos_oss_swdb/The_Apache_Software_Foundation-Apache_Spark_Streaming/common/network-yarn/pom.xml,,,
The_Apache_Software_Foundation-Apache_Spark_Streaming.cdx,/Users/dmk6603/Documents/cloned_repos_oss_swdb/The_Apache_Software_Foundation-Apache_Spark_Streaming/common/sketch/pom.xml,,,
The_Apache_Software_Foundation-Apache_Spark_Streaming.cdx,/Users/dmk6603/Documents/cloned_repos_oss_swdb/The_Apache_Software_Foundation-Apache_Spark_Streaming/common/tags/pom.xml,,,
The_Apache_Software_Foundation-Apache_Spark_Streaming.cdx,/Users/dmk6603/Documents/cloned_repos_oss_swdb/The_Apache_Software_Foundation-Apache_Spark_Streaming/common/unsafe/pom.xml,,,
The_Apache_Software_Foundation-Apache_Spark_Streaming.cdx,/Users/dmk6603/Documents/cloned_repos_oss_swdb/The_Apache_Software_Foundation-Apache_Spark_Streaming/common/utils-java/pom.xml,,,
The_Apache_Software_Foundation-Apache_Spark_Streaming.cdx,/Users/dmk6603/Documents/cloned_repos_oss_swdb/The_Apache_Software_Foundation-Apache_Spark_Streaming/common/utils/pom.xml,,,
The_Apache_Software_Foundation-Apache_Spark_Streaming.cdx,/Users/dmk6603/Documents/cloned_repos_oss_swdb/The_Apache_Software_Foundation-Apache_Spark_Streaming/common/variant/pom.xml,,,
The_Apache_Software_Foundation-Apache_Spark_Streaming.cdx,/Users/dmk6603/Documents/cloned_repos_oss_swdb/The_Apache_Software_Foundation-Apache_Spark_Streaming/connector/avro/pom.xml,,,
The_Apache_Software_Foundation-Apache_Spark_Streaming.cdx,/Users/dmk6603/Documents/cloned_repos_oss_swdb/The_Apache_Software_Foundation-Apache_Spark_Streaming/connector/docker-integration-tests/pom.xml,,,
The_Apache_Software_Foundation-Apache_Spark_Streaming.cdx,/Users/dmk6603/Documents/cloned_repos_oss_swdb/The_Apache_Software_Foundation-Apache_Spark_Streaming/connector/kafka-0-10-assembly/pom.xml,,,
The_Apache_Software_Foundation-Apache_Spark_Streaming.cdx,/Users/dmk6603/Documents/cloned_repos_oss_swdb/The_Apache_Software_Foundation-Apache_Spark_Streaming/connector/kafka-0-10-sql/pom.xml,,,
The_Apache_Software_Foundation-Apache_Spark_Streaming.cdx,/Users/dmk6603/Documents/cloned_repos_oss_swdb/The_Apache_Software_Foundation-Apache_Spark_Streaming/connector/kafka-0-10-token-provider/pom.xml,,,
The_Apache_Software_Foundation-Apache_Spark_Streaming.cdx,/Users/dmk6603/Documents/cloned_repos_oss_swdb/The_Apache_Software_Foundation-Apache_Spark_Streaming/connector/kafka-0-10/pom.xml,,,
The_Apache_Software_Foundation-Apache_Spark_Streaming.cdx,/Users/dmk6603/Documents/cloned_repos_oss_swdb/The_Apache_Software_Foundation-Apache_Spark_Streaming/connector/kinesis-asl-assembly/pom.xml,,,
The_Apache_Software_Foundation-Apache_Spark_Streaming.cdx,/Users/dmk6603/Documents/cloned_repos_oss_swdb/The_Apache_Software_Foundation-Apache_Spark_Streaming/connector/kinesis-asl/pom.xml,,,
The_Apache_Software_Foundation-Apache_Spark_Streaming.cdx,/Users/dmk6603/Documents/cloned_repos_oss_swdb/The_Apache_Software_Foundation-Apache_Spark_Streaming/connector/profiler/pom.xml,,,
The_Apache_Software_Foundation-Apache_Spark_Streaming.cdx,/Users/dmk6603/Documents/cloned_repos_oss_swdb/The_Apache_Software_Foundation-Apache_Spark_Streaming/connector/protobuf/pom.xml,,,
The_Apache_Software_Foundation-Apache_Spark_Streaming.cdx,/Users/dmk6603/Documents/cloned_repos_oss_swdb/The_Apache_Software_Foundation-Apache_Spark_Streaming/connector/spark-ganglia-lgpl/pom.xml,,,
The_Apache_Software_Foundation-Apache_Spark_Streaming.cdx,/Users/dmk6603/Documents/cloned_repos_oss_swdb/The_Apache_Software_Foundation-Apache_Spark_Streaming/core/pom.xml,,,
The_Apache_Software_Foundation-Apache_Spark_Streaming.cdx,/Users/dmk6603/Documents/cloned_repos_oss_swdb/The_Apache_Software_Foundation-Apache_Spark_Streaming/core/src/test/resources/TestHelloV2_2.13.jar,,,
The_Apache_Software_Foundation-Apache_Spark_Streaming.cdx,/Users/dmk6603/Documents/cloned_repos_oss_swdb/The_Apache_Software_Foundation-Apache_Spark_Streaming/core/src/test/resources/TestHelloV3_2.13.jar,,,
The_Apache_Software_Foundation-Apache_Spark_Streaming.cdx,/Users/dmk6603/Documents/cloned_repos_oss_swdb/The_Apache_Software_Foundation-Apache_Spark_Streaming/core/src/test/resources/TestUDTF.jar,,,
The_Apache_Software_Foundation-Apache_Spark_Streaming.cdx,/Users/dmk6603/Documents/cloned_repos_oss_swdb/The_Apache_Software_Foundation-Apache_Spark_Streaming/data/artifact-tests/junitLargeJar.jar,,,
The_Apache_Software_Foundation-Apache_Spark_Streaming.cdx,/Users/dmk6603/Documents/cloned_repos_oss_swdb/The_Apache_Software_Foundation-Apache_Spark_Streaming/data/artifact-tests/smallJar.jar,,,
The_Apache_Software_Foundation-Apache_Spark_Streaming.cdx,/Users/dmk6603/Documents/cloned_repos_oss_swdb/The_Apache_Software_Foundation-Apache_Spark_Streaming/dev/package-lock.json,,,
The_Apache_Software_Foundation-Apache_Spark_Streaming.cdx,/Users/dmk6603/Documents/cloned_repos_oss_swdb/The_Apache_Software_Foundation-Apache_Spark_Streaming/dev/requirements.txt,,,
The_Apache_Software_Foundation-Apache_Spark_Streaming.cdx,/Users/dmk6603/Documents/cloned_repos_oss_swdb/The_Apache_Software_Foundation-Apache_Spark_Streaming/docs/Gemfile.lock,,,
The_Apache_Software_Foundation-Apache_Spark_Streaming.cdx,/Users/dmk6603/Documents/cloned_repos_oss_swdb/The_Apache_Software_Foundation-Apache_Spark_Streaming/examples/pom.xml,,,
The_Apache_Software_Foundation-Apache_Spark_Streaming.cdx,/Users/dmk6603/Documents/cloned_repos_oss_swdb/The_Apache_Software_Foundation-Apache_Spark_Streaming/graphx/pom.xml,,,
The_Apache_Software_Foundation-Apache_Spark_Streaming.cdx,/Users/dmk6603/Documents/cloned_repos_oss_swdb/The_Apache_Software_Foundation-Apache_Spark_Streaming/hadoop-cloud/pom.xml,,,
The_Apache_Software_Foundation-Apache_Spark_Streaming.cdx,/Users/dmk6603/Documents/cloned_repos_oss_swdb/The_Apache_Software_Foundation-Apache_Spark_Streaming/launcher/pom.xml,,,
The_Apache_Software_Foundation-Apache_Spark_Streaming.cdx,/Users/dmk6603/Documents/cloned_repos_oss_swdb/The_Apache_Software_Foundation-Apache_Spark_Streaming/mllib-local/pom.xml,,,
The_Apache_Software_Foundation-Apache_Spark_Streaming.cdx,/Users/dmk6603/Documents/cloned_repos_oss_swdb/The_Apache_Software_Foundation-Apache_Spark_Streaming/mllib/pom.xml,,,
The_Apache_Software_Foundation-Apache_Spark_Streaming.cdx,/Users/dmk6603/Documents/cloned_repos_oss_swdb/The_Apache_Software_Foundation-Apache_Spark_Streaming/pom.xml,,,
The_Apache_Software_Foundation-Apache_Spark_Streaming.cdx,/Users/dmk6603/Documents/cloned_repos_oss_swdb/The_Apache_Software_Foundation-Apache_Spark_Streaming/repl/pom.xml,,,
The_Apache_Software_Foundation-Apache_Spark_Streaming.cdx,/Users/dmk6603/Documents/cloned_repos_oss_swdb/The_Apache_Software_Foundation-Apache_Spark_Streaming/resource-managers/kubernetes/core/pom.xml,,,
The_Apache_Software_Foundation-Apache_Spark_Streaming.cdx,/Users/dmk6603/Documents/cloned_repos_oss_swdb/The_Apache_Software_Foundation-Apache_Spark_Streaming/resource-managers/kubernetes/integration-tests/pom.xml,,,
The_Apache_Software_Foundation-Apache_Storm.cdx,/Users/dmk6603/Documents/cloned_repos_oss_swdb/The_Apache_Software_Foundation-Apache_Storm/.github/workflows/maven.yaml,,,
The_Apache_Software_Foundation-Apache_Storm.cdx,/Users/dmk6603/Documents/cloned_repos_oss_swdb/The_Apache_Software_Foundation-Apache_Storm/.github/workflows/nightlies.yaml,,,
The_Apache_Software_Foundation-Apache_Storm.cdx,/Users/dmk6603/Documents/cloned_repos_oss_swdb/The_Apache_Software_Foundation-Apache_Storm/.github/workflows/snapshots.yaml,,,
The_Apache_Software_Foundation-Apache_Storm.cdx,/Users/dmk6603/Documents/cloned_repos_oss_swdb/The_Apache_Software_Foundation-Apache_Storm/dev-tools/gitact/requirements.txt,,,
The_Apache_Software_Foundation-Apache_Storm.cdx,/Users/dmk6603/Documents/cloned_repos_oss_swdb/The_Apache_Software_Foundation-Apache_Storm/examples/storm-hdfs-examples/pom.xml,,,
The_Apache_Software_Foundation-Apache_Storm.cdx,/Users/dmk6603/Documents/cloned_repos_oss_swdb/The_Apache_Software_Foundation-Apache_Storm/examples/storm-jdbc-examples/pom.xml,,,
The_Apache_Software_Foundation-Apache_Storm.cdx,/Users/dmk6603/Documents/cloned_repos_oss_swdb/The_Apache_Software_Foundation-Apache_Storm/examples/storm-jms-examples/pom.xml,,,
The_Apache_Software_Foundation-Apache_Storm.cdx,/Users/dmk6603/Documents/cloned_repos_oss_swdb/The_Apache_Software_Foundation-Apache_Storm/examples/storm-kafka-client-examples/pom.xml,,,
The_Apache_Software_Foundation-Apache_Storm.cdx,/Users/dmk6603/Documents/cloned_repos_oss_swdb/The_Apache_Software_Foundation-Apache_Storm/examples/storm-loadgen/pom.xml,,,
The_Apache_Software_Foundation-Apache_Storm.cdx,/Users/dmk6603/Documents/cloned_repos_oss_swdb/The_Apache_Software_Foundation-Apache_Storm/examples/storm-perf/pom.xml,,,
The_Apache_Software_Foundation-Apache_Storm.cdx,/Users/dmk6603/Documents/cloned_repos_oss_swdb/The_Apache_Software_Foundation-Apache_Storm/examples/storm-redis-examples/pom.xml,,,
The_Apache_Software_Foundation-Apache_Storm.cdx,/Users/dmk6603/Documents/cloned_repos_oss_swdb/The_Apache_Software_Foundation-Apache_Storm/examples/storm-starter/pom.xml,,,
The_Apache_Software_Foundation-Apache_Storm.cdx,/Users/dmk6603/Documents/cloned_repos_oss_swdb/The_Apache_Software_Foundation-Apache_Storm/external/storm-autocreds/pom.xml,,,
The_Apache_Software_Foundation-Apache_Storm.cdx,/Users/dmk6603/Documents/cloned_repos_oss_swdb/The_Apache_Software_Foundation-Apache_Storm/external/storm-blobstore-migration/pom.xml,,,
The_Apache_Software_Foundation-Apache_Storm.cdx,/Users/dmk6603/Documents/cloned_repos_oss_swdb/The_Apache_Software_Foundation-Apache_Storm/external/storm-hdfs-blobstore/pom.xml,,,
The_Apache_Software_Foundation-Apache_Storm.cdx,/Users/dmk6603/Documents/cloned_repos_oss_swdb/The_Apache_Software_Foundation-Apache_Storm/external/storm-hdfs-oci/pom.xml,,,
The_Apache_Software_Foundation-Apache_Storm.cdx,/Users/dmk6603/Documents/cloned_repos_oss_swdb/The_Apache_Software_Foundation-Apache_Storm/external/storm-hdfs/pom.xml,,,
The_Apache_Software_Foundation-Apache_Storm.cdx,/Users/dmk6603/Documents/cloned_repos_oss_swdb/The_Apache_Software_Foundation-Apache_Storm/external/storm-jdbc/pom.xml,,,
The_Apache_Software_Foundation-Apache_Storm.cdx,/Users/dmk6603/Documents/cloned_repos_oss_swdb/The_Apache_Software_Foundation-Apache_Storm/external/storm-jms/pom.xml,,,
The_Apache_Software_Foundation-Apache_Storm.cdx,/Users/dmk6603/Documents/cloned_repos_oss_swdb/The_Apache_Software_Foundation-Apache_Storm/external/storm-kafka-client/pom.xml,,,
The_Apache_Software_Foundation-Apache_Storm.cdx,/Users/dmk6603/Documents/cloned_repos_oss_swdb/The_Apache_Software_Foundation-Apache_Storm/external/storm-kafka-migration/pom.xml,,,
The_Apache_Software_Foundation-Apache_Storm.cdx,/Users/dmk6603/Documents/cloned_repos_oss_swdb/The_Apache_Software_Foundation-Apache_Storm/external/storm-kafka-monitor/pom.xml,,,
The_Apache_Software_Foundation-Apache_Storm.cdx,/Users/dmk6603/Documents/cloned_repos_oss_swdb/The_Apache_Software_Foundation-Apache_Storm/external/storm-metrics-prometheus/pom.xml,,,
The_Apache_Software_Foundation-Apache_Storm.cdx,/Users/dmk6603/Documents/cloned_repos_oss_swdb/The_Apache_Software_Foundation-Apache_Storm/external/storm-metrics/pom.xml,,,
The_Apache_Software_Foundation-Apache_Storm.cdx,/Users/dmk6603/Documents/cloned_repos_oss_swdb/The_Apache_Software_Foundation-Apache_Storm/external/storm-redis/pom.xml,,,
The_Apache_Software_Foundation-Apache_Storm.cdx,/Users/dmk6603/Documents/cloned_repos_oss_swdb/The_Apache_Software_Foundation-Apache_Storm/flux/flux-core/pom.xml,,,
The_Apache_Software_Foundation-Apache_Storm.cdx,/Users/dmk6603/Documents/cloned_repos_oss_swdb/The_Apache_Software_Foundation-Apache_Storm/flux/flux-examples/pom.xml,,,
The_Apache_Software_Foundation-Apache_Storm.cdx,/Users/dmk6603/Documents/cloned_repos_oss_swdb/The_Apache_Software_Foundation-Apache_Storm/flux/flux-wrappers/pom.xml,,,
The_Apache_Software_Foundation-Apache_Storm.cdx,/Users/dmk6603/Documents/cloned_repos_oss_swdb/The_Apache_Software_Foundation-Apache_Storm/flux/pom.xml,,,
The_Apache_Software_Foundation-Apache_Storm.cdx,/Users/dmk6603/Documents/cloned_repos_oss_swdb/The_Apache_Software_Foundation-Apache_Storm/integration-test/pom.xml,,,
The_Apache_Software_Foundation-Apache_Storm.cdx,/Users/dmk6603/Documents/cloned_repos_oss_swdb/The_Apache_Software_Foundation-Apache_Storm/pom.xml,,,
The_Apache_Software_Foundation-Apache_Storm.cdx,/Users/dmk6603/Documents/cloned_repos_oss_swdb/The_Apache_Software_Foundation-Apache_Storm/storm-buildtools/maven-shade-clojure-transformer/pom.xml,,,
The_Apache_Software_Foundation-Apache_Storm.cdx,/Users/dmk6603/Documents/cloned_repos_oss_swdb/The_Apache_Software_Foundation-Apache_Storm/storm-buildtools/storm-maven-plugins/pom.xml,,,
The_Apache_Software_Foundation-Apache_Storm.cdx,/Users/dmk6603/Documents/cloned_repos_oss_swdb/The_Apache_Software_Foundation-Apache_Storm/storm-checkstyle/pom.xml,,,
The_Apache_Software_Foundation-Apache_Storm.cdx,/Users/dmk6603/Documents/cloned_repos_oss_swdb/The_Apache_Software_Foundation-Apache_Storm/storm-client/pom.xml,,,
The_Apache_Software_Foundation-Apache_Storm.cdx,/Users/dmk6603/Documents/cloned_repos_oss_swdb/The_Apache_Software_Foundation-Apache_Storm/storm-clojure-test/pom.xml,,,
The_Apache_Software_Foundation-Apache_Storm.cdx,/Users/dmk6603/Documents/cloned_repos_oss_swdb/The_Apache_Software_Foundation-Apache_Storm/storm-clojure/pom.xml,,,
The_Apache_Software_Foundation-Apache_Storm.cdx,/Users/dmk6603/Documents/cloned_repos_oss_swdb/The_Apache_Software_Foundation-Apache_Storm/storm-core/pom.xml,,,
The_Apache_Software_Foundation-Apache_Storm.cdx,/Users/dmk6603/Documents/cloned_repos_oss_swdb/The_Apache_Software_Foundation-Apache_Storm/storm-dist/binary/final-package/pom.xml,,,
The_Apache_Software_Foundation-Apache_Storm.cdx,/Users/dmk6603/Documents/cloned_repos_oss_swdb/The_Apache_Software_Foundation-Apache_Storm/storm-dist/binary/pom.xml,,,
The_Apache_Software_Foundation-Apache_Storm.cdx,/Users/dmk6603/Documents/cloned_repos_oss_swdb/The_Apache_Software_Foundation-Apache_Storm/storm-dist/binary/storm-autocreds-bin/pom.xml,,,
The_Apache_Software_Foundation-Apache_Storm.cdx,/Users/dmk6603/Documents/cloned_repos_oss_swdb/The_Apache_Software_Foundation-Apache_Storm/storm-dist/binary/storm-client-bin/pom.xml,,,
The_Apache_Software_Foundation-Apache_Storm.cdx,/Users/dmk6603/Documents/cloned_repos_oss_swdb/The_Apache_Software_Foundation-Apache_Storm/storm-dist/binary/storm-kafka-monitor-bin/pom.xml,,,
The_Apache_Software_Foundation-Apache_Storm.cdx,/Users/dmk6603/Documents/cloned_repos_oss_swdb/The_Apache_Software_Foundation-Apache_Storm/storm-dist/binary/storm-submit-tools-bin/pom.xml,,,
The_Apache_Software_Foundation-Apache_Storm.cdx,/Users/dmk6603/Documents/cloned_repos_oss_swdb/The_Apache_Software_Foundation-Apache_Storm/storm-dist/binary/storm-webapp-bin/pom.xml,,,
The_Apache_Software_Foundation-Apache_Storm.cdx,/Users/dmk6603/Documents/cloned_repos_oss_swdb/The_Apache_Software_Foundation-Apache_Storm/storm-dist/source/pom.xml,,,
The_Apache_Software_Foundation-Apache_Storm.cdx,/Users/dmk6603/Documents/cloned_repos_oss_swdb/The_Apache_Software_Foundation-Apache_Storm/storm-multilang/javascript/pom.xml,,,
The_Apache_Software_Foundation-Apache_Storm.cdx,/Users/dmk6603/Documents/cloned_repos_oss_swdb/The_Apache_Software_Foundation-Apache_Storm/storm-multilang/python/pom.xml,,,
The_Apache_Software_Foundation-Apache_Storm.cdx,/Users/dmk6603/Documents/cloned_repos_oss_swdb/The_Apache_Software_Foundation-Apache_Storm/storm-multilang/ruby/pom.xml,,,
The_Apache_Software_Foundation-Apache_Storm.cdx,/Users/dmk6603/Documents/cloned_repos_oss_swdb/The_Apache_Software_Foundation-Apache_Storm/storm-server/pom.xml,,,
The_Apache_Software_Foundation-Apache_Storm.cdx,/Users/dmk6603/Documents/cloned_repos_oss_swdb/The_Apache_Software_Foundation-Apache_Storm/storm-server/src/test/resources/localizer/localtestwithsymlink.jar,,,
The_Apache_Software_Foundation-Apache_Storm.cdx,/Users/dmk6603/Documents/cloned_repos_oss_swdb/The_Apache_Software_Foundation-Apache_Storm/storm-shaded-deps/pom.xml,,,
The_Apache_Software_Foundation-Apache_Storm.cdx,/Users/dmk6603/Documents/cloned_repos_oss_swdb/The_Apache_Software_Foundation-Apache_Storm/storm-submit-tools/pom.xml,,,
The_Apache_Software_Foundation-Apache_Storm.cdx,/Users/dmk6603/Documents/cloned_repos_oss_swdb/The_Apache_Software_Foundation-Apache_Storm/storm-webapp/package-lock.json,,,
The_Apache_Software_Foundation-Apache_Storm.cdx,/Users/dmk6603/Documents/cloned_repos_oss_swdb/The_Apache_Software_Foundation-Apache_Storm/storm-webapp/pom.xml,,,
The_Apache_Software_Foundation-Apache_Storm.cdx,@popperjs/core,2.11.8,,pkg:npm/%40popperjs/core@2.11.8
The_Apache_Software_Foundation-Apache_Storm.cdx,HdrHistogram,2.2.2,org.hdrhistogram,pkg:maven/org.hdrhistogram/HdrHistogram@2.2.2
The_Apache_Software_Foundation-Apache_Storm.cdx,HikariCP,7.0.2,com.zaxxer,pkg:maven/com.zaxxer/HikariCP@7.0.2
The_Apache_Software_Foundation-Apache_Storm.cdx,actions/cache,v5.0.4,,pkg:github/actions/cache@v5.0.4
The_Apache_Software_Foundation-Apache_Storm.cdx,actions/checkout,v6.0.2,,pkg:github/actions/checkout@v6.0.2
The_Apache_Software_Foundation-Apache_Storm.cdx,actions/setup-java,v5.2.0,,pkg:github/actions/setup-java@v5.2.0
The_Apache_Software_Foundation-Apache_Storm.cdx,actions/setup-node,v6.3.0,,pkg:github/actions/setup-node@v6.3.0
The_Apache_Software_Foundation-Apache_Storm.cdx,actions/setup-python,v6.2.0,,pkg:github/actions/setup-python@v6.2.0
The_Apache_Software_Foundation-Apache_Storm.cdx,activemq-all,6.2.1,org.apache.activemq,pkg:maven/org.apache.activemq/activemq-all@6.2.1
The_Apache_Software_Foundation-Apache_Storm.cdx,activemq-client,6.2.1,org.apache.activemq,pkg:maven/org.apache.activemq/activemq-client@6.2.1
The_Apache_Software_Foundation-Apache_Storm.cdx,apache-storm-bin,2.8.6-SNAPSHOT,,pkg:maven/org.apache.storm/apache-storm-bin@2.8.6-SNAPSHOT
The_Apache_Software_Foundation-Apache_Storm.cdx,apache-storm-source,2.8.6-SNAPSHOT,,pkg:maven/org.apache.storm/apache-storm-source@2.8.6-SNAPSHOT
The_Apache_Software_Foundation-Apache_Storm.cdx,argparse,2.0.1,,pkg:npm/argparse@2.0.1
The_Apache_Software_Foundation-Apache_Storm.cdx,auto-service,1.1.1,com.google.auto.service,pkg:maven/com.google.auto.service/auto-service@1.1.1
The_Apache_Software_Foundation-Apache_Storm.cdx,avro,1.12.1,org.apache.avro,pkg:maven/org.apache.avro/avro@1.12.1
The_Apache_Software_Foundation-Apache_Storm.cdx,awaitility,4.3.0,org.awaitility,pkg:maven/org.awaitility/awaitility@4.3.0
The_Apache_Software_Foundation-Apache_Storm.cdx,bcpkix-jdk18on,1.83,org.bouncycastle,pkg:maven/org.bouncycastle/bcpkix-jdk18on@1.83
The_Apache_Software_Foundation-Apache_Storm.cdx,blobstore-migrator,2.8.6-SNAPSHOT,,pkg:maven/org.apache.storm/blobstore-migrator@2.8.6-SNAPSHOT
The_Apache_Software_Foundation-Apache_Storm.cdx,bootstrap,5.3.8,,pkg:npm/bootstrap@5.3.8
The_Apache_Software_Foundation-Apache_Storm.cdx,burnett01/rsync-deployments,0dc935cdecc5f5e571865e60d2a6cdc673704823,,pkg:github/burnett01/rsync-deployments@0dc935cdecc5f5e571865e60d2a6cdc673704823
The_Apache_Software_Foundation-Apache_Storm.cdx,carbonite,1.6.0,org.clojars.bipinprasad,pkg:maven/org.clojars.bipinprasad/carbonite@1.6.0
The_Apache_Software_Foundation-Apache_Storm.cdx,clojure,1.12.4,org.clojure,pkg:maven/org.clojure/clojure@1.12.4
The_Apache_Software_Foundation-Apache_Storm.cdx,commons-cli,1.11.0,commons-cli,pkg:maven/commons-cli/commons-cli@1.11.0
The_Apache_Software_Foundation-Apache_Storm.cdx,commons-codec,1.21.0,commons-codec,pkg:maven/commons-codec/commons-codec@1.21.0
The_Apache_Software_Foundation-Apache_Storm.cdx,commons-collections,3.2.2,commons-collections,pkg:maven/commons-collections/commons-collections@3.2.2
The_Apache_Software_Foundation-Apache_Storm.cdx,commons-collections4,4.5.0,org.apache.commons,pkg:maven/org.apache.commons/commons-collections4@4.5.0
The_Apache_Software_Foundation-Apache_Storm.cdx,commons-compress,1.28.0,org.apache.commons,pkg:maven/org.apache.commons/commons-compress@1.28.0
The_Apache_Software_Foundation-Apache_Storm.cdx,commons-configuration2,2.13.0,org.apache.commons,pkg:maven/org.apache.commons/commons-configuration2@2.13.0
The_Apache_Software_Foundation-Apache_Storm.cdx,commons-exec,1.6.0,org.apache.commons,pkg:maven/org.apache.commons/commons-exec@1.6.0
The_Apache_Software_Foundation-Apache_Storm.cdx,commons-fileupload,1.6.0,commons-fileupload,pkg:maven/commons-fileupload/commons-fileupload@1.6.0
The_Apache_Software_Foundation-Apache_Storm.cdx,commons-io,2.21.0,commons-io,pkg:maven/commons-io/commons-io@2.21.0
The_Apache_Software_Foundation-Apache_Storm.cdx,commons-lang3,3.20.0,org.apache.commons,pkg:maven/org.apache.commons/commons-lang3@3.20.0
The_Apache_Software_Foundation-Apache_Storm.cdx,conjure,2.2.0,org.clojars.runa,pkg:maven/org.clojars.runa/conjure@2.2.0
The_Apache_Software_Foundation-Apache_Storm.cdx,curator-client,5.9.0,org.apache.curator,pkg:maven/org.apache.curator/curator-client@5.9.0
The_Apache_Software_Foundation-Apache_Storm.cdx,curator-framework,5.9.0,org.apache.curator,pkg:maven/org.apache.curator/curator-framework@5.9.0
The_Apache_Software_Foundation-Apache_Storm.cdx,curator-recipes,5.9.0,org.apache.curator,pkg:maven/org.apache.curator/curator-recipes@5.9.0
The_Apache_Software_Foundation-Apache_Storm.cdx,curator-test,5.9.0,org.apache.curator,pkg:maven/org.apache.curator/curator-test@5.9.0
The_Apache_Software_Foundation-Apache_Storm.cdx,cytoscape,3.33.1,,pkg:npm/cytoscape@3.33.1
The_Apache_Software_Foundation-Apache_Storm.cdx,cytoscape-dagre,2.5.0,,pkg:npm/cytoscape-dagre@2.5.0
The_Apache_Software_Foundation-Apache_Storm.cdx,dagre,0.8.5,,pkg:npm/dagre@0.8.5
The_Apache_Software_Foundation-Apache_Storm.cdx,datatables.net,2.3.7,,pkg:npm/datatables.net@2.3.7
The_Apache_Software_Foundation-Apache_Storm.cdx,datatables.net-bs5,2.3.7,,pkg:npm/datatables.net-bs5@2.3.7
The_Apache_Software_Foundation-Apache_Storm.cdx,datatables.net-dt,2.3.7,,pkg:npm/datatables.net-dt@2.3.7
The_Apache_Software_Foundation-Apache_Storm.cdx,domurl,2.3.4,,pkg:npm/domurl@2.3.4
The_Apache_Software_Foundation-Apache_Storm.cdx,dropwizard-assets,5.0.1,io.dropwizard,pkg:maven/io.dropwizard/dropwizard-assets@5.0.1
The_Apache_Software_Foundation-Apache_Tez.cdx,/Users/dmk6603/Documents/cloned_repos_oss_swdb/The_Apache_Software_Foundation-Apache_Tez/.github/workflows/build.yml,,,
The_Apache_Software_Foundation-Apache_Tez.cdx,/Users/dmk6603/Documents/cloned_repos_oss_swdb/The_Apache_Software_Foundation-Apache_Tez/docs/pom.xml,,,
The_Apache_Software_Foundation-Apache_Tez.cdx,/Users/dmk6603/Documents/cloned_repos_oss_swdb/The_Apache_Software_Foundation-Apache_Tez/hadoop-shim-impls/hadoop-shim-2.7/pom.xml,,,
The_Apache_Software_Foundation-Apache_Tez.cdx,/Users/dmk6603/Documents/cloned_repos_oss_swdb/The_Apache_Software_Foundation-Apache_Tez/hadoop-shim-impls/hadoop-shim-2.8/pom.xml,,,
The_Apache_Software_Foundation-Apache_Tez.cdx,/Users/dmk6603/Documents/cloned_repos_oss_swdb/The_Apache_Software_Foundation-Apache_Tez/hadoop-shim-impls/pom.xml,,,
The_Apache_Software_Foundation-Apache_Tez.cdx,/Users/dmk6603/Documents/cloned_repos_oss_swdb/The_Apache_Software_Foundation-Apache_Tez/hadoop-shim/pom.xml,,,
The_Apache_Software_Foundation-Apache_Tez.cdx,/Users/dmk6603/Documents/cloned_repos_oss_swdb/The_Apache_Software_Foundation-Apache_Tez/pom.xml,,,
The_Apache_Software_Foundation-Apache_Tez.cdx,/Users/dmk6603/Documents/cloned_repos_oss_swdb/The_Apache_Software_Foundation-Apache_Tez/tez-api/pom.xml,,,
The_Apache_Software_Foundation-Apache_Tez.cdx,/Users/dmk6603/Documents/cloned_repos_oss_swdb/The_Apache_Software_Foundation-Apache_Tez/tez-build-tools/pom.xml,,,
The_Apache_Software_Foundation-Apache_Tez.cdx,/Users/dmk6603/Documents/cloned_repos_oss_swdb/The_Apache_Software_Foundation-Apache_Tez/tez-common/pom.xml,,,
The_Apache_Software_Foundation-Apache_Tez.cdx,/Users/dmk6603/Documents/cloned_repos_oss_swdb/The_Apache_Software_Foundation-Apache_Tez/tez-dag/pom.xml,,,
The_Apache_Software_Foundation-Apache_Tez.cdx,/Users/dmk6603/Documents/cloned_repos_oss_swdb/The_Apache_Software_Foundation-Apache_Tez/tez-dist/pom.xml,,,
The_Apache_Software_Foundation-Apache_Tez.cdx,/Users/dmk6603/Documents/cloned_repos_oss_swdb/The_Apache_Software_Foundation-Apache_Tez/tez-examples/pom.xml,,,
The_Apache_Software_Foundation-Apache_Tez.cdx,/Users/dmk6603/Documents/cloned_repos_oss_swdb/The_Apache_Software_Foundation-Apache_Tez/tez-ext-service-tests/pom.xml,,,
The_Apache_Software_Foundation-Apache_Tez.cdx,/Users/dmk6603/Documents/cloned_repos_oss_swdb/The_Apache_Software_Foundation-Apache_Tez/tez-mapreduce/pom.xml,,,
The_Apache_Software_Foundation-Apache_Tez.cdx,/Users/dmk6603/Documents/cloned_repos_oss_swdb/The_Apache_Software_Foundation-Apache_Tez/tez-plugins/pom.xml,,,
The_Apache_Software_Foundation-Apache_Tez.cdx,/Users/dmk6603/Documents/cloned_repos_oss_swdb/The_Apache_Software_Foundation-Apache_Tez/tez-plugins/tez-aux-services/pom.xml,,,
The_Apache_Software_Foundation-Apache_Tez.cdx,/Users/dmk6603/Documents/cloned_repos_oss_swdb/The_Apache_Software_Foundation-Apache_Tez/tez-plugins/tez-history-parser/pom.xml,,,
The_Apache_Software_Foundation-Apache_Tez.cdx,/Users/dmk6603/Documents/cloned_repos_oss_swdb/The_Apache_Software_Foundation-Apache_Tez/tez-plugins/tez-protobuf-history-plugin/pom.xml,,,
The_Apache_Software_Foundation-Apache_Tez.cdx,/Users/dmk6603/Documents/cloned_repos_oss_swdb/The_Apache_Software_Foundation-Apache_Tez/tez-plugins/tez-yarn-timeline-cache-plugin/pom.xml,,,
The_Apache_Software_Foundation-Apache_Tez.cdx,/Users/dmk6603/Documents/cloned_repos_oss_swdb/The_Apache_Software_Foundation-Apache_Tez/tez-plugins/tez-yarn-timeline-history-with-acls/pom.xml,,,
The_Apache_Software_Foundation-Apache_Tez.cdx,/Users/dmk6603/Documents/cloned_repos_oss_swdb/The_Apache_Software_Foundation-Apache_Tez/tez-plugins/tez-yarn-timeline-history-with-fs/pom.xml,,,
The_Apache_Software_Foundation-Apache_Tez.cdx,/Users/dmk6603/Documents/cloned_repos_oss_swdb/The_Apache_Software_Foundation-Apache_Tez/tez-plugins/tez-yarn-timeline-history/pom.xml,,,
The_Apache_Software_Foundation-Apache_Tez.cdx,/Users/dmk6603/Documents/cloned_repos_oss_swdb/The_Apache_Software_Foundation-Apache_Tez/tez-runtime-internals/pom.xml,,,
The_Apache_Software_Foundation-Apache_Tez.cdx,/Users/dmk6603/Documents/cloned_repos_oss_swdb/The_Apache_Software_Foundation-Apache_Tez/tez-runtime-library/pom.xml,,,
The_Apache_Software_Foundation-Apache_Tez.cdx,/Users/dmk6603/Documents/cloned_repos_oss_swdb/The_Apache_Software_Foundation-Apache_Tez/tez-tests/pom.xml,,,
The_Apache_Software_Foundation-Apache_Tez.cdx,/Users/dmk6603/Documents/cloned_repos_oss_swdb/The_Apache_Software_Foundation-Apache_Tez/tez-tools/analyzers/job-analyzer/pom.xml,,,
The_Apache_Software_Foundation-Apache_Tez.cdx,/Users/dmk6603/Documents/cloned_repos_oss_swdb/The_Apache_Software_Foundation-Apache_Tez/tez-tools/analyzers/pom.xml,,,
The_Apache_Software_Foundation-Apache_Tez.cdx,/Users/dmk6603/Documents/cloned_repos_oss_swdb/The_Apache_Software_Foundation-Apache_Tez/tez-tools/pom.xml,,,
The_Apache_Software_Foundation-Apache_Tez.cdx,/Users/dmk6603/Documents/cloned_repos_oss_swdb/The_Apache_Software_Foundation-Apache_Tez/tez-tools/tez-javadoc-tools/pom.xml,,,
The_Apache_Software_Foundation-Apache_Tez.cdx,/Users/dmk6603/Documents/cloned_repos_oss_swdb/The_Apache_Software_Foundation-Apache_Tez/tez-tools/tez-tfile-parser/pom.xml,,,
The_Apache_Software_Foundation-Apache_Tez.cdx,/Users/dmk6603/Documents/cloned_repos_oss_swdb/The_Apache_Software_Foundation-Apache_Tez/tez-ui/pom.xml,,,
The_Apache_Software_Foundation-Apache_Tez.cdx,/Users/dmk6603/Documents/cloned_repos_oss_swdb/The_Apache_Software_Foundation-Apache_Tez/tez-ui/src/main/webapp/yarn.lock,,,
The_Apache_Software_Foundation-Apache_Tez.cdx,RoaringBitmap,1.2.1,org.roaringbitmap,pkg:maven/org.roaringbitmap/RoaringBitmap@1.2.1
The_Apache_Software_Foundation-Apache_Tez.cdx,abbrev,1.1.0,,pkg:npm/abbrev@1.1.0
The_Apache_Software_Foundation-Apache_Tez.cdx,abbrev,1.0.9,,pkg:npm/abbrev@1.0.9
The_Apache_Software_Foundation-Apache_Tez.cdx,accepts,1.3.3,,pkg:npm/accepts@1.3.3
The_Apache_Software_Foundation-Apache_Tez.cdx,acorn,4.0.11,,pkg:npm/acorn@4.0.11
The_Apache_Software_Foundation-Apache_Tez.cdx,actions/checkout,v2,,pkg:github/actions/checkout@v2
The_Apache_Software_Foundation-Apache_Tez.cdx,actions/setup-java,v1,,pkg:github/actions/setup-java@v1
The_Apache_Software_Foundation-Apache_Tez.cdx,after,0.8.1,,pkg:npm/after@0.8.1
The_Apache_Software_Foundation-Apache_Tez.cdx,align-text,0.1.4,,pkg:npm/align-text@0.1.4
The_Apache_Software_Foundation-Apache_Tez.cdx,alter,0.2.0,,pkg:npm/alter@0.2.0
The_Apache_Software_Foundation-Apache_Tez.cdx,amd-name-resolver,0.0.2,,pkg:npm/amd-name-resolver@0.0.2
The_Apache_Software_Foundation-Apache_Tez.cdx,amdefine,1.0.1,,pkg:npm/amdefine@1.0.1
The_Apache_Software_Foundation-Apache_Tez.cdx,ansi,0.3.1,,pkg:npm/ansi@0.3.1
The_Apache_Software_Foundation-Apache_Tez.cdx,ansi-regex,2.1.1,,pkg:npm/ansi-regex@2.1.1
The_Apache_Software_Foundation-Apache_Tez.cdx,ansi-regex,1.1.1,,pkg:npm/ansi-regex@1.1.1
The_Apache_Software_Foundation-Apache_Tez.cdx,ansi-regex,0.2.1,,pkg:npm/ansi-regex@0.2.1
The_Apache_Software_Foundation-Apache_Tez.cdx,ansi-styles,2.2.1,,pkg:npm/ansi-styles@2.2.1
The_Apache_Software_Foundation-Apache_Tez.cdx,ansi-styles,1.1.0,,pkg:npm/ansi-styles@1.1.0
The_Apache_Software_Foundation-Apache_Tez.cdx,ansi-styles,1.0.0,,pkg:npm/ansi-styles@1.0.0
The_Apache_Software_Foundation-Apache_Tez.cdx,ansicolors,0.3.2,,pkg:npm/ansicolors@0.3.2
The_Apache_Software_Foundation-Apache_Tez.cdx,ansicolors,0.2.1,,pkg:npm/ansicolors@0.2.1
The_Apache_Software_Foundation-Apache_Tez.cdx,ansistyles,0.1.3,,pkg:npm/ansistyles@0.1.3
The_Apache_Software_Foundation-Apache_Tez.cdx,anymatch,1.3.0,,pkg:npm/anymatch@1.3.0
The_Apache_Software_Foundation-Apache_Tez.cdx,archy,1.0.0,,pkg:npm/archy@1.0.0
The_Apache_Software_Foundation-Apache_Tez.cdx,are-we-there-yet,1.1.2,,pkg:npm/are-we-there-yet@1.1.2
The_Apache_Software_Foundation-Apache_Tez.cdx,are-we-there-yet,1.0.6,,pkg:npm/are-we-there-yet@1.0.6
The_Apache_Software_Foundation-Apache_Tez.cdx,argparse,1.0.9,,pkg:npm/argparse@1.0.9
The_Apache_Software_Foundation-Apache_Tez.cdx,arr-diff,2.0.0,,pkg:npm/arr-diff@2.0.0
The_Apache_Software_Foundation-Apache_Tez.cdx,arr-flatten,1.0.1,,pkg:npm/arr-flatten@1.0.1
The_Apache_Software_Foundation-Apache_Tez.cdx,array-equal,1.0.0,,pkg:npm/array-equal@1.0.0
The_Apache_Software_Foundation-Apache_Tez.cdx,array-flatten,1.1.1,,pkg:npm/array-flatten@1.1.1
The_Apache_Software_Foundation-Apache_Tez.cdx,array-index,1.0.0,,pkg:npm/array-index@1.0.0
The_Apache_Software_Foundation-Apache_Tez.cdx,array-unique,0.2.1,,pkg:npm/array-unique@0.2.1
The_Apache_Software_Foundation-Apache_Tez.cdx,arraybuffer.slice,0.0.6,,pkg:npm/arraybuffer.slice@0.0.6
The_Apache_Software_Foundation-Apache_Tez.cdx,arrify,1.0.1,,pkg:npm/arrify@1.0.1
The_Apache_Software_Foundation-Apache_Tez.cdx,asap,2.0.5,,pkg:npm/asap@2.0.5
The_Apache_Software_Foundation-Apache_Tez.cdx,asn1,0.2.3,,pkg:npm/asn1@0.2.3
The_Apache_Software_Foundation-Apache_Tez.cdx,asn1,0.1.11,,pkg:npm/asn1@0.1.11
The_Apache_Software_Foundation-Apache_Tez.cdx,assert-plus,1.0.0,,pkg:npm/assert-plus@1.0.0
The_Apache_Software_Foundation-Apache_Tez.cdx,assert-plus,0.2.0,,pkg:npm/assert-plus@0.2.0
The_Apache_Software_Foundation-Apache_Tez.cdx,assert-plus,0.1.5,,pkg:npm/assert-plus@0.1.5
The_Apache_Software_Foundation-Apache_Tez.cdx,ast-traverse,0.1.1,,pkg:npm/ast-traverse@0.1.1
The_Apache_Software_Foundation-Apache_Tez.cdx,ast-types,0.9.6,,pkg:npm/ast-types@0.9.6
The_Apache_Software_Foundation-Apache_Tez.cdx,ast-types,0.8.12,,pkg:npm/ast-types@0.8.12
The_Apache_Software_Foundation-Apache_Tez.cdx,async,2.6.4,,pkg:npm/async@2.6.4
The_Apache_Software_Foundation-Apache_Tez.cdx,async,1.5.2,,pkg:npm/async@1.5.2
The_Apache_Software_Foundation-Apache_Tez.cdx,async,0.9.0,,pkg:npm/async@0.9.0
The_Apache_Software_Foundation-Apache_Tez.cdx,async,0.8.0,,pkg:npm/async@0.8.0
The_Apache_Software_Foundation-Apache_Tez.cdx,async,0.2.10,,pkg:npm/async@0.2.10
The_Apache_Software_Foundation-Apache_Tez.cdx,async-disk-cache,1.3.1,,pkg:npm/async-disk-cache@1.3.1
The_Apache_Software_Foundation-Apache_Tez.cdx,async-http-client,2.12.4,org.asynchttpclient,pkg:maven/org.asynchttpclient/async-http-client@2.12.4
The_Apache_Software_Foundation-Apache_Tez.cdx,async-some,1.0.2,,pkg:npm/async-some@1.0.2
The_Apache_Software_Foundation-Apache_Tez.cdx,aws-sign2,0.6.0,,pkg:npm/aws-sign2@0.6.0
The_Apache_Software_Foundation-Apache_Tez.cdx,aws4,1.6.0,,pkg:npm/aws4@1.6.0
The_Apache_Software_Foundation-Apache_Tez.cdx,babel-core,5.8.38,,pkg:npm/babel-core@5.8.38
The_Apache_Software_Foundation-Apache_Tez.cdx,babel-plugin-constant-folding,1.0.1,,pkg:npm/babel-plugin-constant-folding@1.0.1
The_Apache_Software_Foundation-Apache_Tez.cdx,babel-plugin-dead-code-elimination,1.0.2,,pkg:npm/babel-plugin-dead-code-elimination@1.0.2
The_Apache_Software_Foundation-Apache_Tez.cdx,babel-plugin-eval,1.0.1,,pkg:npm/babel-plugin-eval@1.0.1
The_Apache_Software_Foundation-Apache_Tez.cdx,babel-plugin-htmlbars-inline-precompile,0.0.5,,pkg:npm/babel-plugin-htmlbars-inline-precompile@0.0.5
The_Apache_Software_Foundation-Apache_Tez.cdx,babel-plugin-inline-environment-variables,1.0.1,,pkg:npm/babel-plugin-inline-environment-variables@1.0.1
The_Apache_Software_Foundation-Apache_Tez.cdx,babel-plugin-jscript,1.0.4,,pkg:npm/babel-plugin-jscript@1.0.4
The_Apache_Software_Foundation-Apache_Tez.cdx,babel-plugin-member-expression-literals,1.0.1,,pkg:npm/babel-plugin-member-expression-literals@1.0.1
The_Apache_Software_Foundation-Apache_Tez.cdx,babel-plugin-property-literals,1.0.1,,pkg:npm/babel-plugin-property-literals@1.0.1
The_Apache_Software_Foundation-Apache_Tez.cdx,babel-plugin-proto-to-assign,1.0.4,,pkg:npm/babel-plugin-proto-to-assign@1.0.4
The_Apache_Software_Foundation-Apache_Tez.cdx,babel-plugin-react-constant-elements,1.0.3,,pkg:npm/babel-plugin-react-constant-elements@1.0.3
The_Apache_Software_Foundation-Apache_Tez.cdx,babel-plugin-react-display-name,1.0.3,,pkg:npm/babel-plugin-react-display-name@1.0.3
The_Apache_Software_Foundation-Apache_Tez.cdx,babel-plugin-remove-console,1.0.1,,pkg:npm/babel-plugin-remove-console@1.0.1
The_Apache_Software_Foundation-Apache_YARN.cdx,/Users/dmk6603/Documents/cloned_repos_oss_swdb/The_Apache_Software_Foundation-Apache_YARN/.github/workflows/labeler.yml,,,
The_Apache_Software_Foundation-Apache_YARN.cdx,/Users/dmk6603/Documents/cloned_repos_oss_swdb/The_Apache_Software_Foundation-Apache_YARN/.github/workflows/stale.yml,,,
The_Apache_Software_Foundation-Apache_YARN.cdx,/Users/dmk6603/Documents/cloned_repos_oss_swdb/The_Apache_Software_Foundation-Apache_YARN/.github/workflows/website.yml,,,
The_Apache_Software_Foundation-Apache_YARN.cdx,/Users/dmk6603/Documents/cloned_repos_oss_swdb/The_Apache_Software_Foundation-Apache_YARN/dev-support/git-jira-validation/requirements.txt,,,
The_Apache_Software_Foundation-Apache_YARN.cdx,/Users/dmk6603/Documents/cloned_repos_oss_swdb/The_Apache_Software_Foundation-Apache_YARN/hadoop-assemblies/pom.xml,,,
The_Apache_Software_Foundation-Apache_YARN.cdx,/Users/dmk6603/Documents/cloned_repos_oss_swdb/The_Apache_Software_Foundation-Apache_YARN/hadoop-build-tools/pom.xml,,,
The_Apache_Software_Foundation-Apache_YARN.cdx,/Users/dmk6603/Documents/cloned_repos_oss_swdb/The_Apache_Software_Foundation-Apache_YARN/hadoop-client-modules/hadoop-client-api/pom.xml,,,
The_Apache_Software_Foundation-Apache_YARN.cdx,/Users/dmk6603/Documents/cloned_repos_oss_swdb/The_Apache_Software_Foundation-Apache_YARN/hadoop-client-modules/hadoop-client-check-invariants/pom.xml,,,
The_Apache_Software_Foundation-Apache_YARN.cdx,/Users/dmk6603/Documents/cloned_repos_oss_swdb/The_Apache_Software_Foundation-Apache_YARN/hadoop-client-modules/hadoop-client-check-test-invariants/pom.xml,,,
The_Apache_Software_Foundation-Apache_YARN.cdx,/Users/dmk6603/Documents/cloned_repos_oss_swdb/The_Apache_Software_Foundation-Apache_YARN/hadoop-client-modules/hadoop-client-integration-tests/pom.xml,,,
The_Apache_Software_Foundation-Apache_YARN.cdx,/Users/dmk6603/Documents/cloned_repos_oss_swdb/The_Apache_Software_Foundation-Apache_YARN/hadoop-client-modules/hadoop-client-minicluster/pom.xml,,,
The_Apache_Software_Foundation-Apache_YARN.cdx,/Users/dmk6603/Documents/cloned_repos_oss_swdb/The_Apache_Software_Foundation-Apache_YARN/hadoop-client-modules/hadoop-client-runtime/pom.xml,,,
The_Apache_Software_Foundation-Apache_YARN.cdx,/Users/dmk6603/Documents/cloned_repos_oss_swdb/The_Apache_Software_Foundation-Apache_YARN/hadoop-client-modules/hadoop-client/pom.xml,,,
The_Apache_Software_Foundation-Apache_YARN.cdx,/Users/dmk6603/Documents/cloned_repos_oss_swdb/The_Apache_Software_Foundation-Apache_YARN/hadoop-client-modules/pom.xml,,,
The_Apache_Software_Foundation-Apache_YARN.cdx,/Users/dmk6603/Documents/cloned_repos_oss_swdb/The_Apache_Software_Foundation-Apache_YARN/hadoop-cloud-storage-project/hadoop-cloud-storage-dist/pom.xml,,,
The_Apache_Software_Foundation-Apache_YARN.cdx,/Users/dmk6603/Documents/cloned_repos_oss_swdb/The_Apache_Software_Foundation-Apache_YARN/hadoop-cloud-storage-project/hadoop-cloud-storage/pom.xml,,,
The_Apache_Software_Foundation-Apache_YARN.cdx,/Users/dmk6603/Documents/cloned_repos_oss_swdb/The_Apache_Software_Foundation-Apache_YARN/hadoop-cloud-storage-project/hadoop-cos/pom.xml,,,
The_Apache_Software_Foundation-Apache_YARN.cdx,/Users/dmk6603/Documents/cloned_repos_oss_swdb/The_Apache_Software_Foundation-Apache_YARN/hadoop-cloud-storage-project/hadoop-gcp/pom.xml,,,
The_Apache_Software_Foundation-Apache_YARN.cdx,/Users/dmk6603/Documents/cloned_repos_oss_swdb/The_Apache_Software_Foundation-Apache_YARN/hadoop-cloud-storage-project/hadoop-huaweicloud/pom.xml,,,
The_Apache_Software_Foundation-Apache_YARN.cdx,/Users/dmk6603/Documents/cloned_repos_oss_swdb/The_Apache_Software_Foundation-Apache_YARN/hadoop-cloud-storage-project/hadoop-tos/pom.xml,,,
The_Apache_Software_Foundation-Apache_YARN.cdx,/Users/dmk6603/Documents/cloned_repos_oss_swdb/The_Apache_Software_Foundation-Apache_YARN/hadoop-cloud-storage-project/pom.xml,,,
The_Apache_Software_Foundation-Apache_YARN.cdx,/Users/dmk6603/Documents/cloned_repos_oss_swdb/The_Apache_Software_Foundation-Apache_YARN/hadoop-common-project/hadoop-annotations/pom.xml,,,
The_Apache_Software_Foundation-Apache_YARN.cdx,/Users/dmk6603/Documents/cloned_repos_oss_swdb/The_Apache_Software_Foundation-Apache_YARN/hadoop-common-project/hadoop-auth-examples/pom.xml,,,
The_Apache_Software_Foundation-Apache_YARN.cdx,/Users/dmk6603/Documents/cloned_repos_oss_swdb/The_Apache_Software_Foundation-Apache_YARN/hadoop-common-project/hadoop-auth/pom.xml,,,
The_Apache_Software_Foundation-Apache_YARN.cdx,/Users/dmk6603/Documents/cloned_repos_oss_swdb/The_Apache_Software_Foundation-Apache_YARN/hadoop-common-project/hadoop-common/pom.xml,,,
The_Apache_Software_Foundation-Apache_YARN.cdx,/Users/dmk6603/Documents/cloned_repos_oss_swdb/The_Apache_Software_Foundation-Apache_YARN/hadoop-common-project/hadoop-kms/pom.xml,,,
The_Apache_Software_Foundation-Apache_YARN.cdx,/Users/dmk6603/Documents/cloned_repos_oss_swdb/The_Apache_Software_Foundation-Apache_YARN/hadoop-common-project/hadoop-minikdc/pom.xml,,,
The_Apache_Software_Foundation-Apache_YARN.cdx,/Users/dmk6603/Documents/cloned_repos_oss_swdb/The_Apache_Software_Foundation-Apache_YARN/hadoop-common-project/hadoop-nfs/pom.xml,,,
The_Apache_Software_Foundation-Apache_YARN.cdx,/Users/dmk6603/Documents/cloned_repos_oss_swdb/The_Apache_Software_Foundation-Apache_YARN/hadoop-common-project/hadoop-registry/pom.xml,,,
The_Apache_Software_Foundation-Apache_YARN.cdx,/Users/dmk6603/Documents/cloned_repos_oss_swdb/The_Apache_Software_Foundation-Apache_YARN/hadoop-common-project/pom.xml,,,
The_Apache_Software_Foundation-Apache_YARN.cdx,/Users/dmk6603/Documents/cloned_repos_oss_swdb/The_Apache_Software_Foundation-Apache_YARN/hadoop-dist/pom.xml,,,
The_Apache_Software_Foundation-Apache_YARN.cdx,/Users/dmk6603/Documents/cloned_repos_oss_swdb/The_Apache_Software_Foundation-Apache_YARN/hadoop-hdfs-project/hadoop-hdfs-client/pom.xml,,,
The_Apache_Software_Foundation-Apache_YARN.cdx,/Users/dmk6603/Documents/cloned_repos_oss_swdb/The_Apache_Software_Foundation-Apache_YARN/hadoop-hdfs-project/hadoop-hdfs-httpfs/pom.xml,,,
The_Apache_Software_Foundation-Apache_YARN.cdx,/Users/dmk6603/Documents/cloned_repos_oss_swdb/The_Apache_Software_Foundation-Apache_YARN/hadoop-hdfs-project/hadoop-hdfs-native-client/pom.xml,,,
The_Apache_Software_Foundation-Apache_YARN.cdx,/Users/dmk6603/Documents/cloned_repos_oss_swdb/The_Apache_Software_Foundation-Apache_YARN/hadoop-hdfs-project/hadoop-hdfs-nfs/pom.xml,,,
The_Apache_Software_Foundation-Apache_YARN.cdx,/Users/dmk6603/Documents/cloned_repos_oss_swdb/The_Apache_Software_Foundation-Apache_YARN/hadoop-hdfs-project/hadoop-hdfs-rbf/pom.xml,,,
The_Apache_Software_Foundation-Apache_YARN.cdx,/Users/dmk6603/Documents/cloned_repos_oss_swdb/The_Apache_Software_Foundation-Apache_YARN/hadoop-hdfs-project/hadoop-hdfs/pom.xml,,,
The_Apache_Software_Foundation-Apache_YARN.cdx,/Users/dmk6603/Documents/cloned_repos_oss_swdb/The_Apache_Software_Foundation-Apache_YARN/hadoop-hdfs-project/pom.xml,,,
The_Apache_Software_Foundation-Apache_YARN.cdx,/Users/dmk6603/Documents/cloned_repos_oss_swdb/The_Apache_Software_Foundation-Apache_YARN/hadoop-mapreduce-project/hadoop-mapreduce-client/hadoop-mapreduce-client-app/pom.xml,,,
The_Apache_Software_Foundation-Apache_YARN.cdx,/Users/dmk6603/Documents/cloned_repos_oss_swdb/The_Apache_Software_Foundation-Apache_YARN/hadoop-mapreduce-project/hadoop-mapreduce-client/hadoop-mapreduce-client-common/pom.xml,,,
The_Apache_Software_Foundation-Apache_YARN.cdx,/Users/dmk6603/Documents/cloned_repos_oss_swdb/The_Apache_Software_Foundation-Apache_YARN/hadoop-mapreduce-project/hadoop-mapreduce-client/hadoop-mapreduce-client-core/pom.xml,,,
The_Apache_Software_Foundation-Apache_YARN.cdx,/Users/dmk6603/Documents/cloned_repos_oss_swdb/The_Apache_Software_Foundation-Apache_YARN/hadoop-mapreduce-project/hadoop-mapreduce-client/hadoop-mapreduce-client-hs-plugins/pom.xml,,,
The_Apache_Software_Foundation-Apache_YARN.cdx,/Users/dmk6603/Documents/cloned_repos_oss_swdb/The_Apache_Software_Foundation-Apache_YARN/hadoop-mapreduce-project/hadoop-mapreduce-client/hadoop-mapreduce-client-hs/pom.xml,,,
The_Apache_Software_Foundation-Apache_YARN.cdx,/Users/dmk6603/Documents/cloned_repos_oss_swdb/The_Apache_Software_Foundation-Apache_YARN/hadoop-mapreduce-project/hadoop-mapreduce-client/hadoop-mapreduce-client-jobclient/pom.xml,,,
The_Apache_Software_Foundation-Apache_YARN.cdx,/Users/dmk6603/Documents/cloned_repos_oss_swdb/The_Apache_Software_Foundation-Apache_YARN/hadoop-mapreduce-project/hadoop-mapreduce-client/hadoop-mapreduce-client-nativetask/pom.xml,,,
The_Apache_Software_Foundation-Apache_YARN.cdx,/Users/dmk6603/Documents/cloned_repos_oss_swdb/The_Apache_Software_Foundation-Apache_YARN/hadoop-mapreduce-project/hadoop-mapreduce-client/hadoop-mapreduce-client-shuffle/pom.xml,,,
The_Apache_Software_Foundation-Apache_YARN.cdx,/Users/dmk6603/Documents/cloned_repos_oss_swdb/The_Apache_Software_Foundation-Apache_YARN/hadoop-mapreduce-project/hadoop-mapreduce-client/hadoop-mapreduce-client-uploader/pom.xml,,,
The_Apache_Software_Foundation-Apache_YARN.cdx,/Users/dmk6603/Documents/cloned_repos_oss_swdb/The_Apache_Software_Foundation-Apache_YARN/hadoop-mapreduce-project/hadoop-mapreduce-client/pom.xml,,,
The_Apache_Software_Foundation-Apache_YARN.cdx,/Users/dmk6603/Documents/cloned_repos_oss_swdb/The_Apache_Software_Foundation-Apache_YARN/hadoop-mapreduce-project/hadoop-mapreduce-examples/pom.xml,,,
The_Apache_Software_Foundation-Apache_YARN.cdx,/Users/dmk6603/Documents/cloned_repos_oss_swdb/The_Apache_Software_Foundation-Apache_YARN/hadoop-mapreduce-project/pom.xml,,,
The_Apache_Software_Foundation-Apache_YARN.cdx,/Users/dmk6603/Documents/cloned_repos_oss_swdb/The_Apache_Software_Foundation-Apache_YARN/hadoop-maven-plugins/pom.xml,,,
The_Apache_Software_Foundation-Apache_YARN.cdx,/Users/dmk6603/Documents/cloned_repos_oss_swdb/The_Apache_Software_Foundation-Apache_YARN/hadoop-minicluster/pom.xml,,,
The_Apache_Software_Foundation-Apache_YARN.cdx,/Users/dmk6603/Documents/cloned_repos_oss_swdb/The_Apache_Software_Foundation-Apache_YARN/hadoop-project-dist/pom.xml,,,
The_Apache_Software_Foundation-Apache_YARN.cdx,/Users/dmk6603/Documents/cloned_repos_oss_swdb/The_Apache_Software_Foundation-Apache_YARN/hadoop-project/pom.xml,,,
The_Apache_Software_Foundation-Apache_YARN.cdx,/Users/dmk6603/Documents/cloned_repos_oss_swdb/The_Apache_Software_Foundation-Apache_YARN/hadoop-tools/hadoop-aliyun/pom.xml,,,
The_Apache_Software_Foundation-Apache_YARN.cdx,/Users/dmk6603/Documents/cloned_repos_oss_swdb/The_Apache_Software_Foundation-Apache_YARN/hadoop-tools/hadoop-archive-logs/pom.xml,,,
The_Apache_Software_Foundation-Apache_YARN.cdx,/Users/dmk6603/Documents/cloned_repos_oss_swdb/The_Apache_Software_Foundation-Apache_YARN/hadoop-tools/hadoop-archives/pom.xml,,,
The_Apache_Software_Foundation-Apache_YARN.cdx,/Users/dmk6603/Documents/cloned_repos_oss_swdb/The_Apache_Software_Foundation-Apache_YARN/hadoop-tools/hadoop-aws/pom.xml,,,
The_Apache_Software_Foundation-Apache_YARN.cdx,/Users/dmk6603/Documents/cloned_repos_oss_swdb/The_Apache_Software_Foundation-Apache_YARN/hadoop-tools/hadoop-azure-datalake/pom.xml,,,
The_Apache_Software_Foundation-Apache_YARN.cdx,/Users/dmk6603/Documents/cloned_repos_oss_swdb/The_Apache_Software_Foundation-Apache_YARN/hadoop-tools/hadoop-azure/pom.xml,,,
The_Apache_Software_Foundation-Apache_YARN.cdx,/Users/dmk6603/Documents/cloned_repos_oss_swdb/The_Apache_Software_Foundation-Apache_YARN/hadoop-tools/hadoop-benchmark/pom.xml,,,
The_Apache_Software_Foundation-Apache_YARN.cdx,/Users/dmk6603/Documents/cloned_repos_oss_swdb/The_Apache_Software_Foundation-Apache_YARN/hadoop-tools/hadoop-compat-bench/pom.xml,,,
The_Apache_Software_Foundation-Apache_YARN.cdx,/Users/dmk6603/Documents/cloned_repos_oss_swdb/The_Apache_Software_Foundation-Apache_YARN/hadoop-tools/hadoop-datajoin/pom.xml,,,
The_Apache_Software_Foundation-Apache_YARN.cdx,/Users/dmk6603/Documents/cloned_repos_oss_swdb/The_Apache_Software_Foundation-Apache_YARN/hadoop-tools/hadoop-distcp/pom.xml,,,
The_Apache_Software_Foundation-Apache_YARN.cdx,/Users/dmk6603/Documents/cloned_repos_oss_swdb/The_Apache_Software_Foundation-Apache_YARN/hadoop-tools/hadoop-dynamometer/hadoop-dynamometer-blockgen/pom.xml,,,
The_Apache_Software_Foundation-Apache_YARN.cdx,/Users/dmk6603/Documents/cloned_repos_oss_swdb/The_Apache_Software_Foundation-Apache_YARN/hadoop-tools/hadoop-dynamometer/hadoop-dynamometer-dist/pom.xml,,,
The_Apache_Software_Foundation-Apache_YARN.cdx,/Users/dmk6603/Documents/cloned_repos_oss_swdb/The_Apache_Software_Foundation-Apache_YARN/hadoop-tools/hadoop-dynamometer/hadoop-dynamometer-infra/pom.xml,,,
The_Apache_Software_Foundation-Apache_YARN.cdx,/Users/dmk6603/Documents/cloned_repos_oss_swdb/The_Apache_Software_Foundation-Apache_YARN/hadoop-tools/hadoop-dynamometer/hadoop-dynamometer-workload/pom.xml,,,
The_Apache_Software_Foundation-Apache_YARN.cdx,/Users/dmk6603/Documents/cloned_repos_oss_swdb/The_Apache_Software_Foundation-Apache_YARN/hadoop-tools/hadoop-dynamometer/pom.xml,,,
The_Apache_Software_Foundation-Apache_YARN.cdx,/Users/dmk6603/Documents/cloned_repos_oss_swdb/The_Apache_Software_Foundation-Apache_YARN/hadoop-tools/hadoop-extras/pom.xml,,,
The_Apache_Software_Foundation-Apache_YARN.cdx,/Users/dmk6603/Documents/cloned_repos_oss_swdb/The_Apache_Software_Foundation-Apache_YARN/hadoop-tools/hadoop-federation-balance/pom.xml,,,
The_Apache_Software_Foundation-Apache_YARN.cdx,/Users/dmk6603/Documents/cloned_repos_oss_swdb/The_Apache_Software_Foundation-Apache_YARN/hadoop-tools/hadoop-fs2img/pom.xml,,,
The_Apache_Software_Foundation-Apache_YARN.cdx,/Users/dmk6603/Documents/cloned_repos_oss_swdb/The_Apache_Software_Foundation-Apache_YARN/hadoop-tools/hadoop-gridmix/pom.xml,,,
The_Apache_Software_Foundation-Apache_YARN.cdx,/Users/dmk6603/Documents/cloned_repos_oss_swdb/The_Apache_Software_Foundation-Apache_YARN/hadoop-tools/hadoop-kafka/pom.xml,,,
The_Apache_Software_Foundation-Apache_YARN.cdx,/Users/dmk6603/Documents/cloned_repos_oss_swdb/The_Apache_Software_Foundation-Apache_YARN/hadoop-tools/hadoop-openstack/pom.xml,,,
The_Apache_Software_Foundation-Apache_YARN.cdx,/Users/dmk6603/Documents/cloned_repos_oss_swdb/The_Apache_Software_Foundation-Apache_YARN/hadoop-tools/hadoop-pipes/pom.xml,,,
The_Apache_Software_Foundation-Apache_YARN.cdx,/Users/dmk6603/Documents/cloned_repos_oss_swdb/The_Apache_Software_Foundation-Apache_YARN/hadoop-tools/hadoop-resourceestimator/pom.xml,,,
The_Apache_Software_Foundation-Apache_YARN.cdx,/Users/dmk6603/Documents/cloned_repos_oss_swdb/The_Apache_Software_Foundation-Apache_YARN/hadoop-tools/hadoop-rumen/pom.xml,,,
The_Apache_Software_Foundation-Apache_YARN.cdx,/Users/dmk6603/Documents/cloned_repos_oss_swdb/The_Apache_Software_Foundation-Apache_YARN/hadoop-tools/hadoop-sls/pom.xml,,,
The_Apache_Software_Foundation-Apache_YARN.cdx,/Users/dmk6603/Documents/cloned_repos_oss_swdb/The_Apache_Software_Foundation-Apache_YARN/hadoop-tools/hadoop-streaming/pom.xml,,,
The_Apache_Software_Foundation-Apache_YARN.cdx,/Users/dmk6603/Documents/cloned_repos_oss_swdb/The_Apache_Software_Foundation-Apache_YARN/hadoop-tools/hadoop-tools-dist/pom.xml,,,
The_Apache_Software_Foundation-Apache_YARN.cdx,/Users/dmk6603/Documents/cloned_repos_oss_swdb/The_Apache_Software_Foundation-Apache_YARN/hadoop-tools/pom.xml,,,
The_Apache_Software_Foundation-Apache_YARN.cdx,/Users/dmk6603/Documents/cloned_repos_oss_swdb/The_Apache_Software_Foundation-Apache_YARN/hadoop-yarn-project/hadoop-yarn/hadoop-yarn-api/pom.xml,,,
The_Apache_Software_Foundation-Apache_YARN.cdx,/Users/dmk6603/Documents/cloned_repos_oss_swdb/The_Apache_Software_Foundation-Apache_YARN/hadoop-yarn-project/hadoop-yarn/hadoop-yarn-applications/hadoop-yarn-applications-catalog/hadoop-yarn-applications-catalog-docker/pom.xml,,,
The_Apache_Software_Foundation-Apache_YARN.cdx,/Users/dmk6603/Documents/cloned_repos_oss_swdb/The_Apache_Software_Foundation-Apache_YARN/hadoop-yarn-project/hadoop-yarn/hadoop-yarn-applications/hadoop-yarn-applications-catalog/hadoop-yarn-applications-catalog-webapp/pom.xml,,,
The_Apache_Software_Foundation-Apache_YARN.cdx,/Users/dmk6603/Documents/cloned_repos_oss_swdb/The_Apache_Software_Foundation-Apache_YARN/hadoop-yarn-project/hadoop-yarn/hadoop-yarn-applications/hadoop-yarn-applications-catalog/hadoop-yarn-applications-catalog-webapp/yarn.lock,,,
The_Apache_Software_Foundation-Apache_YARN.cdx,/Users/dmk6603/Documents/cloned_repos_oss_swdb/The_Apache_Software_Foundation-Apache_YARN/hadoop-yarn-project/hadoop-yarn/hadoop-yarn-applications/hadoop-yarn-applications-catalog/pom.xml,,,
The_Apache_Software_Foundation-Apache_YARN.cdx,/Users/dmk6603/Documents/cloned_repos_oss_swdb/The_Apache_Software_Foundation-Apache_YARN/hadoop-yarn-project/hadoop-yarn/hadoop-yarn-applications/hadoop-yarn-applications-distributedshell/pom.xml,,,
The_Apache_Software_Foundation-Apache_YARN.cdx,/Users/dmk6603/Documents/cloned_repos_oss_swdb/The_Apache_Software_Foundation-Apache_YARN/hadoop-yarn-project/hadoop-yarn/hadoop-yarn-applications/hadoop-yarn-applications-mawo/hadoop-yarn-applications-mawo-core/pom.xml,,,
The_Apache_Software_Foundation-Apache_YARN.cdx,/Users/dmk6603/Documents/cloned_repos_oss_swdb/The_Apache_Software_Foundation-Apache_YARN/hadoop-yarn-project/hadoop-yarn/hadoop-yarn-applications/hadoop-yarn-applications-mawo/pom.xml,,,
The_Apache_Software_Foundation-Apache_YARN.cdx,/Users/dmk6603/Documents/cloned_repos_oss_swdb/The_Apache_Software_Foundation-Apache_YARN/hadoop-yarn-project/hadoop-yarn/hadoop-yarn-applications/hadoop-yarn-applications-unmanaged-am-launcher/pom.xml,,,
The_Apache_Software_Foundation-Apache_YARN.cdx,/Users/dmk6603/Documents/cloned_repos_oss_swdb/The_Apache_Software_Foundation-Apache_YARN/hadoop-yarn-project/hadoop-yarn/hadoop-yarn-applications/hadoop-yarn-services/hadoop-yarn-services-api/pom.xml,,,
The_Apache_Software_Foundation-Apache_YARN.cdx,/Users/dmk6603/Documents/cloned_repos_oss_swdb/The_Apache_Software_Foundation-Apache_YARN/hadoop-yarn-project/hadoop-yarn/hadoop-yarn-applications/hadoop-yarn-services/hadoop-yarn-services-core/pom.xml,,,
The_Apache_Software_Foundation-Apache_YARN.cdx,/Users/dmk6603/Documents/cloned_repos_oss_swdb/The_Apache_Software_Foundation-Apache_YARN/hadoop-yarn-project/hadoop-yarn/hadoop-yarn-applications/hadoop-yarn-services/pom.xml,,,
The_Apache_Software_Foundation-Apache_YARN.cdx,/Users/dmk6603/Documents/cloned_repos_oss_swdb/The_Apache_Software_Foundation-Apache_YARN/hadoop-yarn-project/hadoop-yarn/hadoop-yarn-applications/pom.xml,,,
The_Apache_Software_Foundation-Apache_YARN.cdx,/Users/dmk6603/Documents/cloned_repos_oss_swdb/The_Apache_Software_Foundation-Apache_YARN/hadoop-yarn-project/hadoop-yarn/hadoop-yarn-capacity-scheduler-ui/pom.xml,,,
The_Apache_Software_Foundation-Apache_YARN.cdx,/Users/dmk6603/Documents/cloned_repos_oss_swdb/The_Apache_Software_Foundation-Apache_YARN/hadoop-yarn-project/hadoop-yarn/hadoop-yarn-capacity-scheduler-ui/src/main/webapp/package-lock.json,,,
The_Apache_Software_Foundation-Apache_YARN.cdx,/Users/dmk6603/Documents/cloned_repos_oss_swdb/The_Apache_Software_Foundation-Apache_YARN/hadoop-yarn-project/hadoop-yarn/hadoop-yarn-client/pom.xml,,,
The_Apache_Software_Foundation-Apache_YARN.cdx,/Users/dmk6603/Documents/cloned_repos_oss_swdb/The_Apache_Software_Foundation-Apache_YARN/hadoop-yarn-project/hadoop-yarn/hadoop-yarn-common/pom.xml,,,
The_Apache_Software_Foundation-Apache_YARN.cdx,/Users/dmk6603/Documents/cloned_repos_oss_swdb/The_Apache_Software_Foundation-Apache_YARN/hadoop-yarn-project/hadoop-yarn/hadoop-yarn-csi/pom.xml,,,
mediaelementjs_com-MediaElement_js.cdx,/Users/dmk6603/Documents/cloned_repos_oss_swdb/mediaelementjs_com-MediaElement_js/package-lock.json,,,
mediaelementjs_com-MediaElement_js.cdx,dom-walk,0.1.1,,pkg:npm/dom-walk@0.1.1
mediaelementjs_com-MediaElement_js.cdx,global,4.3.2,,pkg:npm/global@4.3.2
mediaelementjs_com-MediaElement_js.cdx,mediaelement,7.1.0,,pkg:npm/mediaelement@7.1.0
mediaelementjs_com-MediaElement_js.cdx,min-document,2.19.0,,pkg:npm/min-document@2.19.0
mediaelementjs_com-MediaElement_js.cdx,process,0.5.2,,pkg:npm/process@0.5.2
mediaelementjs_com-MediaElement_js.cdx,svg4everybody,2.1.9,,pkg:npm/svg4everybody@2.1.9
phpBB-phpBB.cdx,/Users/dmk6603/Documents/cloned_repos_oss_swdb/phpBB-phpBB/.github/workflows/check_merge_to_master.yml,,,
phpBB-phpBB.cdx,/Users/dmk6603/Documents/cloned_repos_oss_swdb/phpBB-phpBB/.github/workflows/merge_3.3.x_to_master.yml,,,
phpBB-phpBB.cdx,/Users/dmk6603/Documents/cloned_repos_oss_swdb/phpBB-phpBB/.github/workflows/tests.yml,,,
phpBB-phpBB.cdx,/Users/dmk6603/Documents/cloned_repos_oss_swdb/phpBB-phpBB/composer.phar,,,
phpBB-phpBB.cdx,/Users/dmk6603/Documents/cloned_repos_oss_swdb/phpBB-phpBB/package-lock.json,,,
phpBB-phpBB.cdx,/Users/dmk6603/Documents/cloned_repos_oss_swdb/phpBB-phpBB/phpBB/composer.lock,,,
phpBB-phpBB.cdx,actions/cache,v4,,pkg:github/actions/cache@v4
phpBB-phpBB.cdx,actions/checkout,v4,,pkg:github/actions/checkout@v4
phpBB-phpBB.cdx,actions/checkout,v3,,pkg:github/actions/checkout@v3
phpBB-phpBB.cdx,actions/create-github-app-token,v1,,pkg:github/actions/create-github-app-token@v1
phpBB-phpBB.cdx,actions/setup-node,v6,,pkg:github/actions/setup-node@v6
phpBB-phpBB.cdx,bantu/ini-get-wrapper,v1.0.1,,pkg:composer/bantu/ini-get-wrapper@v1.0.1
phpBB-phpBB.cdx,brick/math,0.12.3,,pkg:composer/brick/math@0.12.3
phpBB-phpBB.cdx,carlos-mg89/oauth,0.8.17,,pkg:composer/carlos-mg89/oauth@0.8.17
phpBB-phpBB.cdx,composer,2.9.3,,pkg:generic/composer@2.9.3
phpBB-phpBB.cdx,composer/ca-bundle,1.5.10,,pkg:composer/composer/ca-bundle@1.5.10
phpBB-phpBB.cdx,composer/class-map-generator,1.7.1,,pkg:composer/composer/class-map-generator@1.7.1
phpBB-phpBB.cdx,composer/composer,2.9.3,,pkg:composer/composer/composer@2.9.3
phpBB-phpBB.cdx,composer/installers,v2.3.0,,pkg:composer/composer/installers@v2.3.0
phpBB-phpBB.cdx,composer/metadata-minifier,1.0.0,,pkg:composer/composer/metadata-minifier@1.0.0
phpBB-phpBB.cdx,composer/package-versions-deprecated,1.11.99.5,,pkg:composer/composer/package-versions-deprecated@1.11.99.5
phpBB-phpBB.cdx,composer/pcre,3.3.2,,pkg:composer/composer/pcre@3.3.2
phpBB-phpBB.cdx,composer/semver,3.4.4,,pkg:composer/composer/semver@3.4.4
phpBB-phpBB.cdx,composer/spdx-licenses,1.5.9,,pkg:composer/composer/spdx-licenses@1.5.9
phpBB-phpBB.cdx,composer/xdebug-handler,3.0.5,,pkg:composer/composer/xdebug-handler@3.0.5
phpBB-phpBB.cdx,doctrine/dbal,3.10.4,,pkg:composer/doctrine/dbal@3.10.4
phpBB-phpBB.cdx,doctrine/deprecations,1.1.5,,pkg:composer/doctrine/deprecations@1.1.5
phpBB-phpBB.cdx,doctrine/event-manager,2.0.1,,pkg:composer/doctrine/event-manager@2.0.1
phpBB-phpBB.cdx,doctrine/lexer,3.0.1,,pkg:composer/doctrine/lexer@3.0.1
phpBB-phpBB.cdx,egulias/email-validator,4.0.4,,pkg:composer/egulias/email-validator@4.0.4
phpBB-phpBB.cdx,google/recaptcha,1.3.1,,pkg:composer/google/recaptcha@1.3.1
phpBB-phpBB.cdx,guzzlehttp/guzzle,7.10.0,,pkg:composer/guzzlehttp/guzzle@7.10.0
phpBB-phpBB.cdx,guzzlehttp/promises,2.3.0,,pkg:composer/guzzlehttp/promises@2.3.0
phpBB-phpBB.cdx,guzzlehttp/psr7,2.8.0,,pkg:composer/guzzlehttp/psr7@2.8.0
phpBB-phpBB.cdx,justinrainbow/json-schema,6.6.3,,pkg:composer/justinrainbow/json-schema@6.6.3
phpBB-phpBB.cdx,marc-mabe/php-enum,v4.7.2,,pkg:composer/marc-mabe/php-enum@v4.7.2
phpBB-phpBB.cdx,marc1706/fast-image-size,v1.1.7,,pkg:composer/marc1706/fast-image-size@v1.1.7
phpBB-phpBB.cdx,minishlink/web-push,v8.0.0,,pkg:composer/minishlink/web-push@v8.0.0
phpBB-phpBB.cdx,nick-fields/retry,v3,,pkg:github/nick-fields/retry@v3
phpBB-phpBB.cdx,paragonie/constant_time_encoding,v3.1.3,,pkg:composer/paragonie/constant_time_encoding@v3.1.3
phpBB-phpBB.cdx,paragonie/sodium_compat,v2.5.0,,pkg:composer/paragonie/sodium_compat@v2.5.0
phpBB-phpBB.cdx,peter-evans/create-or-update-comment,v4,,pkg:github/peter-evans/create-or-update-comment@v4
phpBB-phpBB.cdx,peter-evans/find-comment,v3,,pkg:github/peter-evans/find-comment@v3
phpBB-phpBB.cdx,phpbb,4.0.0-dev,,pkg:npm/phpbb@4.0.0-dev
phpBB-phpBB.cdx,psr/cache,3.0.0,,pkg:composer/psr/cache@3.0.0
phpBB-phpBB.cdx,psr/clock,1.0.0,,pkg:composer/psr/clock@1.0.0
phpBB-phpBB.cdx,psr/container,2.0.2,,pkg:composer/psr/container@2.0.2
phpBB-phpBB.cdx,psr/event-dispatcher,1.0.0,,pkg:composer/psr/event-dispatcher@1.0.0
phpBB-phpBB.cdx,psr/http-client,1.0.3,,pkg:composer/psr/http-client@1.0.3
phpBB-phpBB.cdx,psr/http-factory,1.1.0,,pkg:composer/psr/http-factory@1.1.0
phpBB-phpBB.cdx,psr/http-message,2.0,,pkg:composer/psr/http-message@2.0
phpBB-phpBB.cdx,psr/log,3.0.2,,pkg:composer/psr/log@3.0.2
phpBB-phpBB.cdx,ralouphie/getallheaders,3.0.3,,pkg:composer/ralouphie/getallheaders@3.0.3
phpBB-phpBB.cdx,react/promise,v3.3.0,,pkg:composer/react/promise@v3.3.0
phpBB-phpBB.cdx,s9e/regexp-builder,1.4.6,,pkg:composer/s9e/regexp-builder@1.4.6
phpBB-phpBB.cdx,s9e/sweetdom,3.4.1,,pkg:composer/s9e/sweetdom@3.4.1
phpBB-phpBB.cdx,s9e/text-formatter,2.19.3,,pkg:composer/s9e/text-formatter@2.19.3
phpBB-phpBB.cdx,seld/jsonlint,1.11.0,,pkg:composer/seld/jsonlint@1.11.0
phpBB-phpBB.cdx,seld/phar-utils,1.2.1,,pkg:composer/seld/phar-utils@1.2.1
phpBB-phpBB.cdx,seld/signal-handler,2.0.2,,pkg:composer/seld/signal-handler@2.0.2
phpBB-phpBB.cdx,shivammathur/setup-php,v2,,pkg:github/shivammathur/setup-php@v2
phpBB-phpBB.cdx,spomky-labs/base64url,v2.0.4,,pkg:composer/spomky-labs/base64url@v2.0.4
phpBB-phpBB.cdx,spomky-labs/pki-framework,1.4.1,,pkg:composer/spomky-labs/pki-framework@1.4.1
phpBB-phpBB.cdx,symfony/config,v7.4.3,,pkg:composer/symfony/config@v7.4.3
phpBB-phpBB.cdx,symfony/console,v7.4.3,,pkg:composer/symfony/console@v7.4.3
phpBB-phpBB.cdx,symfony/dependency-injection,v7.4.3,,pkg:composer/symfony/dependency-injection@v7.4.3
phpBB-phpBB.cdx,symfony/deprecation-contracts,v3.6.0,,pkg:composer/symfony/deprecation-contracts@v3.6.0
phpBB-phpBB.cdx,symfony/error-handler,v7.4.0,,pkg:composer/symfony/error-handler@v7.4.0
phpBB-phpBB.cdx,symfony/event-dispatcher,v7.4.0,,pkg:composer/symfony/event-dispatcher@v7.4.0
phpBB-phpBB.cdx,symfony/event-dispatcher-contracts,v3.6.0,,pkg:composer/symfony/event-dispatcher-contracts@v3.6.0
phpBB-phpBB.cdx,symfony/filesystem,v7.4.0,,pkg:composer/symfony/filesystem@v7.4.0
phpBB-phpBB.cdx,symfony/finder,v7.4.3,,pkg:composer/symfony/finder@v7.4.3
phpBB-phpBB.cdx,symfony/http-client,v7.4.3,,pkg:composer/symfony/http-client@v7.4.3
phpBB-phpBB.cdx,symfony/http-client-contracts,v3.6.0,,pkg:composer/symfony/http-client-contracts@v3.6.0
phpBB-phpBB.cdx,symfony/http-foundation,v7.4.3,,pkg:composer/symfony/http-foundation@v7.4.3
phpBB-phpBB.cdx,symfony/http-kernel,v7.4.3,,pkg:composer/symfony/http-kernel@v7.4.3
phpBB-phpBB.cdx,symfony/mailer,v7.4.3,,pkg:composer/symfony/mailer@v7.4.3
phpBB-phpBB.cdx,symfony/mime,v7.4.0,,pkg:composer/symfony/mime@v7.4.0
phpBB-phpBB.cdx,symfony/polyfill-ctype,v1.33.0,,pkg:composer/symfony/polyfill-ctype@v1.33.0
phpBB-phpBB.cdx,symfony/polyfill-intl-grapheme,v1.33.0,,pkg:composer/symfony/polyfill-intl-grapheme@v1.33.0
phpBB-phpBB.cdx,symfony/polyfill-intl-idn,v1.33.0,,pkg:composer/symfony/polyfill-intl-idn@v1.33.0
phpBB-phpBB.cdx,symfony/polyfill-intl-normalizer,v1.33.0,,pkg:composer/symfony/polyfill-intl-normalizer@v1.33.0
phpBB-phpBB.cdx,symfony/polyfill-mbstring,v1.33.0,,pkg:composer/symfony/polyfill-mbstring@v1.33.0
phpBB-phpBB.cdx,symfony/polyfill-php73,v1.33.0,,pkg:composer/symfony/polyfill-php73@v1.33.0
phpBB-phpBB.cdx,symfony/polyfill-php80,v1.33.0,,pkg:composer/symfony/polyfill-php80@v1.33.0
phpBB-phpBB.cdx,symfony/polyfill-php81,v1.33.0,,pkg:composer/symfony/polyfill-php81@v1.33.0
phpBB-phpBB.cdx,symfony/polyfill-php83,v1.33.0,,pkg:composer/symfony/polyfill-php83@v1.33.0
phpBB-phpBB.cdx,symfony/polyfill-php84,v1.33.0,,pkg:composer/symfony/polyfill-php84@v1.33.0
phpBB-phpBB.cdx,symfony/polyfill-php85,v1.33.0,,pkg:composer/symfony/polyfill-php85@v1.33.0
phpBB-phpBB.cdx,symfony/process,v7.4.3,,pkg:composer/symfony/process@v7.4.3
phpBB-phpBB.cdx,symfony/routing,v7.4.3,,pkg:composer/symfony/routing@v7.4.3
phpBB-phpBB.cdx,symfony/service-contracts,v3.6.1,,pkg:composer/symfony/service-contracts@v3.6.1
phpBB-phpBB.cdx,symfony/string,v7.4.0,,pkg:composer/symfony/string@v7.4.0
phpBB-phpBB.cdx,symfony/translation-contracts,v3.6.1,,pkg:composer/symfony/translation-contracts@v3.6.1
phpBB-phpBB.cdx,symfony/twig-bridge,v7.4.3,,pkg:composer/symfony/twig-bridge@v7.4.3
phpBB-phpBB.cdx,symfony/var-dumper,v7.4.3,,pkg:composer/symfony/var-dumper@v7.4.3
phpBB-phpBB.cdx,symfony/var-exporter,v7.4.0,,pkg:composer/symfony/var-exporter@v7.4.0
phpBB-phpBB.cdx,symfony/yaml,v7.4.1,,pkg:composer/symfony/yaml@v7.4.1
phpBB-phpBB.cdx,twig/twig,v3.22.2,,pkg:composer/twig/twig@v3.22.2
phpBB-phpBB.cdx,web-token/jwt-key-mgmt,3.4.8,,pkg:composer/web-token/jwt-key-mgmt@3.4.8
swdb_oss,./.github/actions/maven-owasp-scan,UNKNOWN,,
swdb_oss,/Users/dmk6603/Documents/cloned_repos_oss_swdb/FACEBOOK-Presto/.github/workflows/arrow-flight-tests.yml,,,
swdb_oss,/Users/dmk6603/Documents/cloned_repos_oss_swdb/FACEBOOK-Presto/.github/workflows/codenotify.yml,,,
swdb_oss,/Users/dmk6603/Documents/cloned_repos_oss_swdb/FACEBOOK-Presto/.github/workflows/conventional-commit-check.yml,,,
swdb_oss,/Users/dmk6603/Documents/cloned_repos_oss_swdb/FACEBOOK-Presto/.github/workflows/dependency-review.yml,,,
swdb_oss,/Users/dmk6603/Documents/cloned_repos_oss_swdb/FACEBOOK-Presto/.github/workflows/docs.yml,,,
swdb_oss,/Users/dmk6603/Documents/cloned_repos_oss_swdb/FACEBOOK-Presto/.github/workflows/hive-tests.yml,,,
swdb_oss,/Users/dmk6603/Documents/cloned_repos_oss_swdb/FACEBOOK-Presto/.github/workflows/jdbc-connector-tests.yml,,,
swdb_oss,/Users/dmk6603/Documents/cloned_repos_oss_swdb/FACEBOOK-Presto/.github/workflows/kudu.yml,,,
swdb_oss,/Users/dmk6603/Documents/cloned_repos_oss_swdb/FACEBOOK-Presto/.github/workflows/maven-checks.yml,,,
swdb_oss,/Users/dmk6603/Documents/cloned_repos_oss_swdb/FACEBOOK-Presto/.github/workflows/owasp-dependency-check.yml,,,
swdb_oss,/Users/dmk6603/Documents/cloned_repos_oss_swdb/FACEBOOK-Presto/.github/workflows/presto-release-prepare.yml,,,
swdb_oss,/Users/dmk6603/Documents/cloned_repos_oss_swdb/FACEBOOK-Presto/.github/workflows/presto-release-publish.yml,,,
swdb_oss,/Users/dmk6603/Documents/cloned_repos_oss_swdb/FACEBOOK-Presto/.github/workflows/prestocpp-format-and-header-check.yml,,,
swdb_oss,/Users/dmk6603/Documents/cloned_repos_oss_swdb/FACEBOOK-Presto/.github/workflows/prestocpp-linux-adapters-build.yml,,,
swdb_oss,/Users/dmk6603/Documents/cloned_repos_oss_swdb/FACEBOOK-Presto/.github/workflows/prestocpp-linux-build-and-unit-test.yml,,,
swdb_oss,/Users/dmk6603/Documents/cloned_repos_oss_swdb/FACEBOOK-Presto/.github/workflows/prestocpp-linux-build.yml,,,
swdb_oss,/Users/dmk6603/Documents/cloned_repos_oss_swdb/FACEBOOK-Presto/.github/workflows/prestocpp-macos-build.yml,,,
swdb_oss,/Users/dmk6603/Documents/cloned_repos_oss_swdb/FACEBOOK-Presto/.github/workflows/product-tests-basic-environment.yml,,,
swdb_oss,/Users/dmk6603/Documents/cloned_repos_oss_swdb/FACEBOOK-Presto/.github/workflows/product-tests-specific-environment.yml,,,
swdb_oss,/Users/dmk6603/Documents/cloned_repos_oss_swdb/FACEBOOK-Presto/.github/workflows/release-notes-check.yml,,,
swdb_oss,/Users/dmk6603/Documents/cloned_repos_oss_swdb/FACEBOOK-Presto/.github/workflows/singlestore-tests.yml,,,
swdb_oss,/Users/dmk6603/Documents/cloned_repos_oss_swdb/FACEBOOK-Presto/.github/workflows/spark-integration.yml,,,
swdb_oss,/Users/dmk6603/Documents/cloned_repos_oss_swdb/FACEBOOK-Presto/.github/workflows/test-other-modules.yml,,,
swdb_oss,/Users/dmk6603/Documents/cloned_repos_oss_swdb/FACEBOOK-Presto/.github/workflows/tests.yml,,,
swdb_oss,/Users/dmk6603/Documents/cloned_repos_oss_swdb/FACEBOOK-Presto/.github/workflows/web-ui-checks.yml,,,
swdb_oss,/Users/dmk6603/Documents/cloned_repos_oss_swdb/FACEBOOK-Presto/.mvn/wrapper/maven-wrapper.jar,,,
swdb_oss,/Users/dmk6603/Documents/cloned_repos_oss_swdb/FACEBOOK-Presto/pom.xml,,,
swdb_oss,/Users/dmk6603/Documents/cloned_repos_oss_swdb/FACEBOOK-Presto/presto-accumulo/pom.xml,,,
swdb_oss,/Users/dmk6603/Documents/cloned_repos_oss_swdb/FACEBOOK-Presto/presto-analyzer/pom.xml,,,
swdb_oss,/Users/dmk6603/Documents/cloned_repos_oss_swdb/FACEBOOK-Presto/presto-atop/pom.xml,,,
swdb_oss,/Users/dmk6603/Documents/cloned_repos_oss_swdb/FACEBOOK-Presto/presto-base-arrow-flight/pom.xml,,,
swdb_oss,/Users/dmk6603/Documents/cloned_repos_oss_swdb/FACEBOOK-Presto/presto-base-jdbc/pom.xml,,,
swdb_oss,/Users/dmk6603/Documents/cloned_repos_oss_swdb/FACEBOOK-Presto/presto-benchmark-driver/pom.xml,,,
swdb_oss,/Users/dmk6603/Documents/cloned_repos_oss_swdb/FACEBOOK-Presto/presto-benchmark-runner/pom.xml,,,
swdb_oss,/Users/dmk6603/Documents/cloned_repos_oss_swdb/FACEBOOK-Presto/presto-benchmark/pom.xml,,,
swdb_oss,/Users/dmk6603/Documents/cloned_repos_oss_swdb/FACEBOOK-Presto/presto-benchto-benchmarks/pom.xml,,,
swdb_oss,/Users/dmk6603/Documents/cloned_repos_oss_swdb/FACEBOOK-Presto/presto-bigquery/pom.xml,,,
swdb_oss,/Users/dmk6603/Documents/cloned_repos_oss_swdb/FACEBOOK-Presto/presto-blackhole/pom.xml,,,
swdb_oss,/Users/dmk6603/Documents/cloned_repos_oss_swdb/FACEBOOK-Presto/presto-built-in-worker-function-tools/pom.xml,,,
swdb_oss,/Users/dmk6603/Documents/cloned_repos_oss_swdb/FACEBOOK-Presto/presto-bytecode/pom.xml,,,
swdb_oss,/Users/dmk6603/Documents/cloned_repos_oss_swdb/FACEBOOK-Presto/presto-cache/pom.xml,,,
swdb_oss,/Users/dmk6603/Documents/cloned_repos_oss_swdb/FACEBOOK-Presto/presto-cassandra/pom.xml,,,
swdb_oss,/Users/dmk6603/Documents/cloned_repos_oss_swdb/FACEBOOK-Presto/presto-cli/pom.xml,,,
swdb_oss,/Users/dmk6603/Documents/cloned_repos_oss_swdb/FACEBOOK-Presto/presto-clickhouse/pom.xml,,,
swdb_oss,/Users/dmk6603/Documents/cloned_repos_oss_swdb/FACEBOOK-Presto/presto-client/pom.xml,,,
swdb_oss,/Users/dmk6603/Documents/cloned_repos_oss_swdb/FACEBOOK-Presto/presto-cluster-ttl-providers/pom.xml,,,
swdb_oss,/Users/dmk6603/Documents/cloned_repos_oss_swdb/FACEBOOK-Presto/presto-common-arrow/pom.xml,,,
swdb_oss,/Users/dmk6603/Documents/cloned_repos_oss_swdb/FACEBOOK-Presto/presto-common/pom.xml,,,
swdb_oss,/Users/dmk6603/Documents/cloned_repos_oss_swdb/FACEBOOK-Presto/presto-db-session-property-manager/pom.xml,,,
swdb_oss,/Users/dmk6603/Documents/cloned_repos_oss_swdb/FACEBOOK-Presto/presto-delta/pom.xml,,,
swdb_oss,/Users/dmk6603/Documents/cloned_repos_oss_swdb/FACEBOOK-Presto/presto-docs/pom.xml,,,
swdb_oss,/Users/dmk6603/Documents/cloned_repos_oss_swdb/FACEBOOK-Presto/presto-docs/requirements.txt,,,
swdb_oss,/Users/dmk6603/Documents/cloned_repos_oss_swdb/FACEBOOK-Presto/presto-druid/pom.xml,,,
swdb_oss,/Users/dmk6603/Documents/cloned_repos_oss_swdb/FACEBOOK-Presto/presto-elasticsearch/pom.xml,,,
swdb_oss,/Users/dmk6603/Documents/cloned_repos_oss_swdb/FACEBOOK-Presto/presto-example-http/pom.xml,,,
swdb_oss,/Users/dmk6603/Documents/cloned_repos_oss_swdb/FACEBOOK-Presto/presto-expressions/pom.xml,,,
swdb_oss,/Users/dmk6603/Documents/cloned_repos_oss_swdb/FACEBOOK-Presto/presto-file-session-property-manager/pom.xml,,,
swdb_oss,/Users/dmk6603/Documents/cloned_repos_oss_swdb/FACEBOOK-Presto/presto-function-namespace-managers-common/pom.xml,,,
swdb_oss,/Users/dmk6603/Documents/cloned_repos_oss_swdb/FACEBOOK-Presto/presto-function-namespace-managers/pom.xml,,,
swdb_oss,/Users/dmk6603/Documents/cloned_repos_oss_swdb/FACEBOOK-Presto/presto-function-server/pom.xml,,,
swdb_oss,/Users/dmk6603/Documents/cloned_repos_oss_swdb/FACEBOOK-Presto/presto-geospatial-toolkit/pom.xml,,,
swdb_oss,/Users/dmk6603/Documents/cloned_repos_oss_swdb/FACEBOOK-Presto/presto-google-sheets/pom.xml,,,
swdb_oss,/Users/dmk6603/Documents/cloned_repos_oss_swdb/FACEBOOK-Presto/presto-grpc-api/pom.xml,,,
swdb_oss,/Users/dmk6603/Documents/cloned_repos_oss_swdb/FACEBOOK-Presto/presto-grpc-testing-udf-server/pom.xml,,,
swdb_oss,/Users/dmk6603/Documents/cloned_repos_oss_swdb/FACEBOOK-Presto/presto-hana/pom.xml,,,
swdb_oss,/Users/dmk6603/Documents/cloned_repos_oss_swdb/FACEBOOK-Presto/presto-hdfs-core/pom.xml,,,
swdb_oss,/Users/dmk6603/Documents/cloned_repos_oss_swdb/FACEBOOK-Presto/presto-hive-common/pom.xml,,,
swdb_oss,/Users/dmk6603/Documents/cloned_repos_oss_swdb/FACEBOOK-Presto/presto-hive-function-namespace/pom.xml,,,
swdb_oss,/Users/dmk6603/Documents/cloned_repos_oss_swdb/FACEBOOK-Presto/presto-hive-hadoop2/pom.xml,,,
swdb_oss,/Users/dmk6603/Documents/cloned_repos_oss_swdb/FACEBOOK-Presto/presto-hive-metastore/pom.xml,,,
swdb_oss,/Users/dmk6603/Documents/cloned_repos_oss_swdb/FACEBOOK-Presto/presto-hive/pom.xml,,,
swdb_oss,/Users/dmk6603/Documents/cloned_repos_oss_swdb/FACEBOOK-Presto/presto-hudi/pom.xml,,,
swdb_oss,/Users/dmk6603/Documents/cloned_repos_oss_swdb/FACEBOOK-Presto/presto-i18n-functions/pom.xml,,,
swdb_oss,/Users/dmk6603/Documents/cloned_repos_oss_swdb/FACEBOOK-Presto/presto-iceberg/pom.xml,,,
swdb_oss,/Users/dmk6603/Documents/cloned_repos_oss_swdb/FACEBOOK-Presto/presto-internal-communication/pom.xml,,,
swdb_oss,/Users/dmk6603/Documents/cloned_repos_oss_swdb/FACEBOOK-Presto/presto-jdbc/pom.xml,,,
swdb_oss,/Users/dmk6603/Documents/cloned_repos_oss_swdb/FACEBOOK-Presto/presto-jmx/pom.xml,,,
swdb_oss,/Users/dmk6603/Documents/cloned_repos_oss_swdb/FACEBOOK-Presto/presto-kafka/pom.xml,,,
swdb_oss,/Users/dmk6603/Documents/cloned_repos_oss_swdb/FACEBOOK-Presto/presto-kudu/pom.xml,,,
swdb_oss,/Users/dmk6603/Documents/cloned_repos_oss_swdb/FACEBOOK-Presto/presto-lance/pom.xml,,,
swdb_oss,/Users/dmk6603/Documents/cloned_repos_oss_swdb/FACEBOOK-Presto/presto-lark-sheets/pom.xml,,,
swdb_oss,/Users/dmk6603/Documents/cloned_repos_oss_swdb/FACEBOOK-Presto/presto-local-file/pom.xml,,,
swdb_oss,/Users/dmk6603/Documents/cloned_repos_oss_swdb/FACEBOOK-Presto/presto-main-base/pom.xml,,,
swdb_oss,/Users/dmk6603/Documents/cloned_repos_oss_swdb/FACEBOOK-Presto/presto-main-tests/pom.xml,,,
swdb_oss,/Users/dmk6603/Documents/cloned_repos_oss_swdb/FACEBOOK-Presto/presto-main/pom.xml,,,
swdb_oss,/Users/dmk6603/Documents/cloned_repos_oss_swdb/FACEBOOK-Presto/presto-matching/pom.xml,,,
swdb_oss,/Users/dmk6603/Documents/cloned_repos_oss_swdb/FACEBOOK-Presto/presto-memory-context/pom.xml,,,
swdb_oss,/Users/dmk6603/Documents/cloned_repos_oss_swdb/FACEBOOK-Presto/presto-memory/pom.xml,,,
swdb_oss,/Users/dmk6603/Documents/cloned_repos_oss_swdb/FACEBOOK-Presto/presto-ml/pom.xml,,,
swdb_oss,/Users/dmk6603/Documents/cloned_repos_oss_swdb/FACEBOOK-Presto/presto-mongodb/pom.xml,,,
swdb_oss,/Users/dmk6603/Documents/cloned_repos_oss_swdb/FACEBOOK-Presto/presto-mysql/pom.xml,,,
swdb_oss,/Users/dmk6603/Documents/cloned_repos_oss_swdb/FACEBOOK-Presto/presto-native-execution/pom.xml,,,
swdb_oss,/Users/dmk6603/Documents/cloned_repos_oss_swdb/FACEBOOK-Presto/presto-native-sidecar-plugin/pom.xml,,,
swdb_oss,/Users/dmk6603/Documents/cloned_repos_oss_swdb/FACEBOOK-Presto/presto-native-tests/pom.xml,,,
swdb_oss,/Users/dmk6603/Documents/cloned_repos_oss_swdb/FACEBOOK-Presto/presto-node-ttl-fetchers/pom.xml,,,
swdb_oss,/Users/dmk6603/Documents/cloned_repos_oss_swdb/FACEBOOK-Presto/presto-open-telemetry/pom.xml,,,
swdb_oss,/Users/dmk6603/Documents/cloned_repos_oss_swdb/FACEBOOK-Presto/presto-openapi/pom.xml,,,
swdb_oss,/Users/dmk6603/Documents/cloned_repos_oss_swdb/FACEBOOK-Presto/presto-openlineage-event-listener/pom.xml,,,
swdb_oss,/Users/dmk6603/Documents/cloned_repos_oss_swdb/FACEBOOK-Presto/presto-oracle/pom.xml,,,
