Vulnerable Library,CVE Severity,Products Affected,Enterprises Exposed
twentytwentyone 2.7.0,Critical,1,2338038
form-data 2.3.3,Critical,13,1738932
handlebars 4.7.8,Critical,13,1554822
form-data 4.0.0,Critical,6,1483954
loader-utils 1.2.3,Critical,3,1478878
cipher-base 1.0.4,Critical,6,1380205
sha.js 2.4.11,Critical,6,1380205
pbkdf2 3.1.2,Critical,5,1378116
elliptic 6.5.4,Critical,3,1329919
basic-ftp 5.0.5,Critical,3,1327276
json-schema 0.2.3,Critical,6,1216683
minimist 1.2.5,Critical,4,1119132
form-data 2.1.4,Critical,4,1096732
loader-utils 1.4.0,Critical,4,1056655
eventsource 0.1.6,Critical,2,1003661
babel-traverse 6.26.0,Critical,6,1001272
loader-utils 1.1.0,Critical,3,993101
deep-extend 0.4.1,Critical,2,964615
fsevents 1.1.1,Critical,2,964615
growl 1.8.1,Critical,2,964615
lodash 4.17.4,Critical,2,964615
loader-utils 2.0.0,Critical,2,943519
loader-utils 0.2.16,Critical,2,940526
lodash 4.17.11,Critical,2,938374
pbkdf2 3.1.1,Critical,2,938374
loader-utils 0.2.17,Critical,2,937124
chrome-launcher 0.10.5,Critical,1,936285
deep-extend 0.4.2,Critical,1,936285
deep-extend 0.5.0,Critical,1,936285
elliptic 6.4.0,Critical,1,936285
eventsource 1.1.0,Critical,1,936285
form-data 2.1.2,Critical,1,936285
fsevents 1.0.17,Critical,1,936285
fsevents 1.1.2,Critical,1,936285
fsevents 1.1.3,Critical,1,936285
macaddress 0.2.8,Critical,1,936285
open 0.0.5,Critical,1,936285
pbkdf2 3.0.13,Critical,1,936285
pbkdf2 3.0.14,Critical,1,936285
sha.js 2.2.6,Critical,1,936285
sha.js 2.4.8,Critical,1,936285
sha.js 2.4.9,Critical,1,936285
shell-quote 1.7.1,Critical,1,936285
url-parse 1.0.5,Critical,1,936285
url-parse 1.1.7,Critical,1,936285
url-parse 1.1.9,Critical,1,936285
url-parse 1.2.0,Critical,1,936285
url-parse 1.5.1,Critical,1,936285
form-data 3.0.1,Critical,3,505232
j178/prek-action v1,Critical,1,392149
fast-xml-parser 5.3.0,Critical,1,386951
form-data 2.5.1,Critical,1,386951
locutus 2.0.16,Critical,1,386951
simple-git 3.21.0,Critical,1,386951
lodash 3.10.1,Critical,5,219290
minimist 1.2.0,Critical,5,219290
minimist 0.0.8,Critical,6,217507
derby 10.14.2.0,Critical,4,201867
h11 0.14.0,Critical,1,174761
pillow 10.0.1,Critical,1,174761
derby 10.16.1.1,Critical,1,170568
form-data 1.0.1,Critical,3,164626
flink-dashboard 2.0.0,Critical,1,159046
log4j-core @log4j.version@,Critical,1,159046
socket.io-parser 2.3.1,Critical,2,158358
xmlhttprequest-ssl 1.5.3,Critical,2,158358
kramdown 1.17.0,Critical,4,157285
lodash 2.4.2,Critical,3,146223
log4j 1.2.17,Critical,7,137789
lodash 2.3.0,Critical,2,136296
socket.io-parser 2.2.2,Critical,2,136296
socket.io-parser 2.2.4,Critical,2,136296
xmlhttprequest-ssl 1.5.1,Critical,2,136296
aquasecurity/trivy-action v0.33.1,Critical,1,130978
htmlunit 2.70.0,Critical,2,130795
apidoc-core 0.8.3,Critical,1,130028
lodash-es 3.10.1,Critical,1,130028
logback-classic 1.1.2,Critical,1,130028
xmldom 0.1.31,Critical,1,130028
laminas/laminas-http 2.3.1,Critical,1,115807
laminas/laminas-http 2.4.0,Critical,1,115807
laminas/laminas-http 2.8.4,Critical,1,115807
netty 3.10.5.Final,Critical,1,115545
plexus-utils 1.5.6,Critical,1,115545
form-data 0.0.8,Critical,1,111625
lodash 2.4.1,Critical,1,111625
underscore 1.4.4,Critical,1,111625
@xmldom/xmldom 0.8.3,Critical,2,108209
logback-classic 1.0.13,Critical,1,87080
logback-core 1.0.13,Critical,1,87080
loader-utils 2.0.2,Critical,2,72389
fast-xml-parser 4.2.5,Critical,1,67376
fast-xml-parser 4.5.0,Critical,1,67376
koa 2.7.0,Critical,1,67376
webpack 5.51.1,Critical,1,67376
jackson-databind @jackson.version@,Critical,1,65973
@angular/ssr 17.0.0,Critical,1,65706
@angular/ssr 18.0.2,Critical,1,65706
@angular/ssr 19.0.2,Critical,1,65706
@angular/ssr 20.0.3,Critical,1,65706
@babel/traverse 7.18.2,Critical,1,65706
@nguniversal/common 16.0.0,Critical,1,65706
@nguniversal/express-engine 16.0.0,Critical,1,65706
webpack 5.73.0,Critical,1,65706
hadoop-common 2.8.5,Critical,2,61320
activemq-client 5.15.9,Critical,1,59842
avro 1.8.2,Critical,1,59842
hive-jdbc 1.2.2,Critical,1,59842
jackson-databind 2.6.7.5,Critical,1,59842
spark-core_2.10 1.6.1,Critical,1,59842
set-value 0.4.3,Critical,3,58905
set-value 2.0.0,Critical,3,58905
@babel/traverse 7.4.0,Critical,2,54664
minimist 1.1.3,Critical,2,54664
mixin-deep 1.3.1,Critical,2,54664
@babel/traverse 7.22.10,Critical,2,52714
@babel/traverse 7.12.1,Critical,1,52575
@babel/traverse 7.21.5,Critical,1,52575
@babel/traverse 7.22.20,Critical,1,52575
@babel/traverse 7.4.5,Critical,1,52575
billboard.js 1.12.12,Critical,1,52575
billboard.js 1.8.1,Critical,1,52575
fast-xml-parser 4.4.1,Critical,1,52575
form-data 3.0.2,Critical,1,52575
fsevents 1.2.9,Critical,1,52575
jetty-server 8.1.8.v20121106,Critical,1,52575
jspdf 3.0.4,Critical,1,52575
lodash-es 4.17.11,Critical,1,52575
lodash-es 4.17.4,Critical,1,52575
log4j 1.2.14,Critical,1,52575
set-getter 0.1.0,Critical,1,52575
shiro-core 1.1.0,Critical,1,52575
spring-beans 4.1.2.RELEASE,Critical,1,52575
spring-beans 4.1.9.RELEASE,Critical,1,52575
spring-security-core 5.5.1,Critical,1,52575
spring-security-web 5.5.1,Critical,1,52575
spring-web 4.1.2.RELEASE,Critical,1,52575
spring-web 4.1.9.RELEASE,Critical,1,52575
spring-webmvc 4.1.2.RELEASE,Critical,1,52575
spring-webmvc 4.1.9.RELEASE,Critical,1,52575
underscore 1.9.1,Critical,1,52575
commons-collections 3.2.1,Critical,3,44061
google.golang.org/grpc v1.71.1,Critical,1,43748
google.golang.org/grpc v1.75.0,Critical,1,43748
@babel/traverse 7.7.2,Critical,1,42359
elliptic 6.5.5,Critical,1,42359
growl 1.9.2,Critical,3,40436
underscore 1.8.3,Critical,3,40436
dompurify 2.4.0,Critical,1,35570
fast-xml-parser 5.0.9,Critical,1,35570
maildev 2.1.0,Critical,1,35570
lodash 3.7.0,Critical,2,34598
morgan 1.8.1,Critical,2,34598
uglify-js 2.3.6,Critical,2,34598
xmldom 0.1.27,Critical,2,34598
zookeeper 3.5.5,Critical,2,30482
avro 1.7.4,Critical,2,29037
jackson-mapper-asl 1.9.2,Critical,2,28811
babel-traverse 6.24.1,Critical,1,28330
c3p0 [0.9.5.4],Critical,1,28330
deep-extend 0.2.11,Critical,1,28330
form-data 0.2.0,Critical,1,28330
fsevents 0.3.0,Critical,1,28330
fsevents 0.3.8,Critical,1,28330
h2 1.4.193,Critical,1,28330
hadoop-common 2.2.0,Critical,1,28330
hadoop-common 2.7.7,Critical,1,28330
handlebars 1.0.12,Critical,1,28330
handlebars 2.0.0,Critical,1,28330
handlebars 4.0.6,Critical,1,28330
jackson-databind 2.4.0,Critical,1,28330
java-xmlbuilder 0.4,Critical,1,28330
lodash 4.16.6,Critical,1,28330
netty 3.7.0.Final,Critical,1,28330
nimbus-jose-jwt 5.9,Critical,1,28330
spring-beans 3.1.2.RELEASE,Critical,1,28330
spring-beans 4.0.5.RELEASE,Critical,1,28330
spring-security-web 6.0.8,Critical,1,28330
spring-web 4.0.5.RELEASE,Critical,1,28330
spring-webmvc 4.0.5.RELEASE,Critical,1,28330
uglify-js 1.3.2,Critical,1,28330
avro 1.11.1,Critical,1,28178
hadoop-common 3.2.2,Critical,1,28178
mina-core 2.1.5,Critical,1,28178
parquet-avro 1.11.2,Critical,1,28178
nokogiri 1.13.6,Critical,1,27494
rack 1.6.12,Critical,1,27494
golang.org/x/crypto v0.27.0,Critical,1,25920
liquibase-core 0-SNAPSHOT,Critical,1,25920
liquibase-core 1.0-SNAPSHOT,Critical,1,25920
stdlib go1.21.13,Critical,1,25920
h2 1.4.199,Critical,1,22940
form-data 0.1.4,Critical,1,18683
postgresql 42.1.1.jre7,Critical,1,18048
form-data 4.0.2,Critical,1,16978
mysql2 2.3.3,Critical,1,16978
Python 3.10.10,Critical,1,16071
htmlunit 2.58.0,Critical,1,15250
sshd-core 1.7.0,Critical,2,12997
nokogiri 1.10.4,Critical,1,12777
com.liferay.portal.kernel 2.0.0,Critical,1,12500
log4j-core 2.8.2,Critical,1,12500
org.apache.karaf.specs.java.xml 4.2.1,Critical,1,12500
org.eclipse.jgit 3.5.1.201410131835-r,Critical,1,12500
pax-logging-log4j2 1.10.1,Critical,1,12500
form-data 3.0.3,Critical,1,11501
next 15.2.1,Critical,1,11501
webpack 5.66.0,Critical,1,10658
shell-quote 1.7.2,Critical,2,9323
next 14.1.3,Critical,1,8304
jackson-mapper-asl 1.9.13,Critical,2,7877
fast-xml-parser 4.5.3,Critical,2,7796
crypto-js 4.1.1,Critical,1,7599
swiper 11.1.14,Critical,1,7599
immer 8.0.1,Critical,1,7234
netty 3.10.6.Final,Critical,1,7234
ranger-plugins-common 2.7.0,Critical,1,7234
@angular/ssr 20.3.3,Critical,1,6867
dart 2.17.6,Critical,1,6867
happy-dom 15.7.4,Critical,1,6867
next 14.0.4,Critical,1,6867
next 14.2.16,Critical,1,6867
webpack 5.64.0,Critical,1,6867
fast-xml-parser 4.3.0,Critical,1,6683
spring-web 5.3.26,Critical,1,6683
handlebars 3.0.3,Critical,1,6268
fast-xml-parser 5.2.5,Critical,1,5838
underscore 1.7.0,Critical,1,5838
class-validator 0.13.2,Critical,1,4763
drools-core 6.0.0.Final-jahia2,Critical,1,4763
quartz 1.8.6,Critical,1,4763
spring-beans 3.2.18.jahia2_OSGI,Critical,1,4763
spring-web 3.2.18.jahia5_OSGI,Critical,1,4763
spring-webmvc 3.2.18.RELEASE_OSGI,Critical,1,4763
tj-actions/branch-names v8,Critical,1,4763
clojure 1.5.1,Critical,1,4230
groovy-all 1.8.5,Critical,1,4230
jython-standalone 2.5.2,Critical,1,4230
spark-core_2.10 1.1.1,Critical,1,4230
spark-core_2.10 1.6.3,Critical,1,4230
spark-core_2.10 2.4.0,Critical,1,4230
spark-core_2.12 3.0.0,Critical,1,4230
xmlbeans 2.6.0,Critical,1,4230
http 0.1.0,Critical,1,4040
rust-analyzer 0.5.0-dev,Critical,1,4040
lldb-dap 0.2.0,Critical,1,3695
nokogiri 1.10.8,Critical,1,3189
calcite-core 1.30.0-kylin-5.x-r3,Critical,1,3107
hadoop-common 2.10.1,Critical,1,3107
spark-core_2.12 3.3.0-kylin-5.2.2,Critical,1,3107
tomcat-embed-core 9.0.90,Critical,1,3107
unboundid-ldapsdk 3.1.1,Critical,1,3107
zookeeper 3.4.14,Critical,1,3107
minimist 0.0.10,Critical,2,2928
opentelemetry-javaagent 2.14.0,Critical,1,2922
sqlalchemy 1.0.13,Critical,1,2846
log4j 1.2.16,Critical,3,2774
webpack 5.74.0,Critical,2,2228
kramdown 1.6.0,Critical,1,2177
nokogiri 1.8.2,Critical,1,2177
rack 1.6.0,Critical,1,2177
uglifier 2.7.1,Critical,1,2177
commons-collections4 4.0,Critical,1,2152
github.com/emicklei/go-restful v0.0.0-20170410110728-ff4f55a20633,Critical,1,2152
golang.org/x/crypto v0.0.0-20190820162420-60c769a6c586,Critical,1,2152
golang.org/x/crypto v0.0.0-20200622213623-75b288015ac9,Critical,1,2152
golang.org/x/crypto v0.1.0,Critical,1,2152
google.golang.org/grpc v1.37.1,Critical,1,2152
parquet-avro 1.11.0,Critical,1,2152
stdlib go1.17,Critical,1,2152
@babel/traverse 7.0.0-beta.44,Critical,1,2089
@babel/traverse 7.10.5,Critical,1,2089
elliptic 6.4.1,Critical,1,2089
elliptic 6.5.3,Critical,1,2089
eslint-utils 1.3.1,Critical,1,2089
form-data 2.3.2,Critical,1,2089
fsevents 1.2.7,Critical,1,2089
getobject 0.1.0,Critical,1,2089
handlebars 4.1.1,Critical,1,2089
lodash 4.17.10,Critical,1,2089
lodash 4.17.5,Critical,1,2089
minimist 0.1.0,Critical,1,2089
pbkdf2 3.0.17,Critical,1,2089
replicator 1.0.3,Critical,1,2089
tree-kill 1.2.1,Critical,1,2089
cassandra-all 3.11.3,Critical,1,1478
hadoop-common 2.9.2,Critical,1,1478
hadoop-common 3.3.2,Critical,1,1478
hsqldb 1.8.0.10,Critical,1,1478
ignite-core 2.4.0,Critical,1,1478
postgresql 42.5.4,Critical,1,1478
spring-beans 5.2.15.RELEASE,Critical,1,1472
spring-web 5.2.15.RELEASE,Critical,1,1472
zk-build-utils 2.0.0,Critical,1,1472
zookeeper 3.4.5,Critical,3,1429
commons-collections 3.1,Critical,1,914
commons-fileupload 1.2,Critical,1,914
hadoop-common 2.7.2,Critical,1,914
log4j 1.2.15,Critical,1,914
parquet-avro 1.7.0,Critical,1,914
shiro-core 1.2.3,Critical,1,914
shiro-web 1.2.3,Critical,1,914
ejs 2.7.4,Critical,1,839
locutus 2.0.39,Critical,1,839
log4j-core 2.1,Critical,1,707
netty 3.6.6.Final,Critical,1,707
hadoop-common 2.6.0,Critical,1,643
google.golang.org/grpc v1.77.0,Critical,2,538
avro 1.11.0,Critical,1,497
hadoop-common 2.3.0,Critical,1,497
quartz 2.2.0,Critical,1,497
spark-core_2.12 3.1.1,Critical,1,497
spark-core_2.12 3.3.2,Critical,1,497
unboundid-ldapsdk 2.3.6,Critical,1,497
maven-core 3.6.3,Critical,1,444
golang.org/x/crypto v0.3.0,Critical,1,380
google.golang.org/grpc v1.41.0,Critical,1,380
@babel/traverse 7.12.0,Critical,1,244
activestorage 7.1.5.1,Critical,1,244
nokogiri 1.16.8,Critical,1,244
symfony/http-foundation v3.0.9,Critical,1,190
@xmldom/xmldom 0.8.2,Critical,1,139
lodash 4.2.1,Critical,1,82
xwiki-platform-oldcore [18.3.0-SNAPSHOT],Critical,1,82
gevent 21.8.0,Critical,1,75
gevent 22.10.2,Critical,1,75
pillow 9.0.1,Critical,1,75
pillow 9.4.0,Critical,1,75
LiteDB 3.1.0.0,Critical,1,56
log4net 1.2.10.0,Critical,1,56
log4net 2.0.6.0-.NET 4.5,Critical,1,56
avro 1.7.3,Critical,1,34
jackson-mapper-asl 1.8.8,Critical,1,34
jetty-server 9.2.10.v20150310,Critical,1,34
jython-standalone 2.5.3,Critical,1,34
django 3.0.4,Critical,1,2
pillow 7.0.0,Critical,1,2
eslint-tools 0.0.0,Critical,1,0
pyarrow 10.0.1,Critical,1,0
picomatch 2.3.1,High,40,3522178
serialize-javascript 6.0.2,High,28,2708406
path-to-regexp 0.1.12,High,21,2705206
serialize-javascript 4.0.0,High,11,2522455
braces 3.0.2,High,17,2236101
actions/download-artifact v4,High,19,2050869
path-to-regexp 0.1.7,High,10,1844816
cross-spawn 7.0.3,High,12,1759235
body-parser 1.20.2,High,5,1661173
minimatch 3.1.2,High,28,1639083
cross-spawn 5.1.0,High,10,1633792
lodash.template 4.5.0,High,8,1590806
handlebars 4.7.8,High,13,1554822
node-forge 1.3.1,High,12,1541811
svgo 2.8.0,High,8,1511034
loader-utils 1.2.3,High,3,1478878
body-parser 1.20.1,High,6,1477531
braces 2.3.2,High,13,1470615
nth-check 1.0.2,High,9,1469018
http-proxy-middleware 2.0.6,High,5,1441961
minimatch 3.0.4,High,12,1433778
trim 0.0.1,High,8,1426680
trim-newlines 1.0.0,High,6,1413464
serialize-javascript 6.0.1,High,6,1397298
d3-color 1.4.1,High,5,1380052
semver 6.3.0,High,5,1292795
semver 5.7.1,High,5,1166010
node-fetch 1.7.3,High,5,1163336
braces 1.8.5,High,7,1157515
ini 1.3.5,High,4,1120977
kind-of 6.0.2,High,4,1120977
body-parser 1.19.0,High,3,1118888
qs 6.7.0,High,3,1118888
websocket-extensions 0.1.3,High,3,1118888
hawk 3.1.3,High,5,1103000
hoek 2.16.3,High,5,1103000
debug 2.2.0,High,4,1096732
dot-prop 3.0.0,High,4,1096732
qs 6.4.0,High,4,1096732
mime 1.2.11,High,4,1094923
ansi-html 0.0.7,High,5,1072620
tar 2.2.2,High,3,1066557
async 2.6.3,High,2,1066313
ansi-regex 3.0.0,High,4,1058325
json5 1.0.1,High,4,1056655
loader-utils 1.4.0,High,4,1056655
path-to-regexp 1.7.0,High,3,1056236
path-to-regexp 8.2.0,High,2,1038656
y18n 3.2.1,High,5,1025547
json5 0.5.1,High,6,1024359
image-size 1.1.1,High,2,1024293
path-to-regexp 1.8.0,High,5,1008517
decode-uri-component 0.2.0,High,7,1008477
loader-utils 3.2.0,High,3,1002130
semver 7.0.0,High,2,1001991
html-minifier 3.5.21,High,4,993940
loader-utils 1.1.0,High,3,993101
nth-check 1.0.1,High,3,993101
ansi-regex 4.1.0,High,3,990949
glob-parent 5.1.1,High,3,990949
ip 1.1.5,High,3,990949
picomatch 2.2.2,High,3,990949
node-forge 0.10.0,High,3,989699
ansi-regex 5.0.0,High,2,988860
dns-packet 1.3.1,High,2,988860
json5 2.1.3,High,2,988860
next 15.5.9,High,2,988860
websocket-extensions 0.1.1,High,4,975124
underscore 1.12.1,High,4,973607
fstream 1.0.11,High,4,972972
tar 2.2.1,High,4,972972
forwarded 0.1.0,High,3,970883
fresh 0.5.0,High,3,970883
http-proxy 1.16.2,High,3,970883
ini 1.3.4,High,3,970883
mime 1.3.4,High,3,970883
tough-cookie 2.3.2,High,3,970883
lodash 4.17.4,High,2,964615
qs 2.3.3,High,2,964615
jsonpath 1.1.1,High,2,947786
path-to-regexp 8.3.0,High,8,946103
terser 4.8.0,High,3,945057
loader-utils 2.0.0,High,2,943519
semver-regex 2.0.0,High,2,943519
http-cache-semantics 4.1.0,High,2,942968
is-svg 2.1.0,High,3,942615
sshpk 1.11.0,High,2,942553
axios 0.21.4,High,5,940601
dot-prop 4.2.0,High,2,938374
lodash 4.17.11,High,2,938374
lodash.template 4.4.0,High,2,938374
mout 1.1.0,High,2,938374
ua-parser-js 0.7.22,High,2,936529
path-to-regexp 0.1.10,High,2,936424
@modelcontextprotocol/sdk 1.9.0,High,1,936285
ansi-html 0.0.5,High,1,936285
async 2.5.0,High,1,936285
axios 1.7.4,High,1,936285
axios 1.7.7,High,1,936285
base-x 3.0.10,High,1,936285
body-parser 1.18.2,High,1,936285
body-parser 1.19.2,High,1,936285
cached-path-relative 1.0.1,High,1,936285
cross-spawn 4.0.2,High,1,936285
debug 2.6.7,High,1,936285
debug 2.6.8,High,1,936285
dns-packet 1.2.2,High,1,936285
elliptic 6.4.0,High,1,936285
file-type 14.7.1,High,1,936285
fresh 0.3.0,High,1,936285
fstream 1.0.10,High,1,936285
html-minifier 3.2.3,High,1,936285
html-minifier 3.5.3,High,1,936285
html-minifier 3.5.6,High,1,936285
http-proxy-middleware 0.17.3,High,1,936285
http-proxy-middleware 0.17.4,High,1,936285
immutable 4.0.0-rc.12,High,1,936285
ip 1.1.9,High,1,936285
jpeg-js 0.1.2,High,1,936285
mime 1.3.6,High,1,936285
no-case 2.3.1,High,1,936285
node-forge 0.6.33,High,1,936285
normalize-url 4.5.0,High,1,936285
picomatch 2.3.0,High,1,936285
playwright 1.51.1,High,1,936285
qs 6.5.1,High,1,936285
querystringify 0.0.4,High,1,936285
querystringify 1.0.0,High,1,936285
react-dev-utils 3.1.1,High,1,936285
react-dev-utils 4.2.1,High,1,936285
requirejs 2.3.5,High,1,936285
sshpk 1.13.1,High,1,936285
tar-fs 2.1.2,High,1,936285
tar-fs 3.0.8,High,1,936285
urijs 1.18.12,High,1,936285
urijs 1.19.0,High,1,936285
urijs 1.19.6,High,1,936285
webpack-dev-middleware 1.12.0,High,1,936285
webpack-dev-middleware 1.12.2,High,1,936285
webpack-dev-middleware 1.9.0,High,1,936285
webpack-dev-server 1.16.2,High,1,936285
webpack-dev-server 2.11.3,High,1,936285
webpack-dev-server 2.7.1,High,1,936285
webpack-dev-server 2.9.4,High,1,936285
ws 3.3.2,High,1,936285
picomatch 4.0.3,High,12,787451
minimatch 9.0.5,High,11,698907
flatted 3.3.3,High,11,693420
picomatch 4.0.2,High,5,674920
angular 1.6.10,High,2,670532
glob 10.3.10,High,4,616868
webpack-dev-middleware 5.3.3,High,4,607603
angular 1.8.3,High,2,544745
@angular/common 19.1.7,High,1,540504
@angular/compiler 19.1.7,High,1,540504
@angular/core 19.1.7,High,1,540504
angular 1.5.11,High,1,540504
angular 1.7.9,High,1,540504
lite-server 2.6.1,High,1,540504
rollup 1.11.3,High,1,540504
minimatch 9.0.3,High,7,539385
minimatch 3.0.8,High,6,538499
flatted 3.3.1,High,4,530533
ip 2.0.0,High,4,515913
flatted 3.3.2,High,4,512099
serialize-javascript 5.0.1,High,3,506902
ws 8.13.0,High,4,505676
node-fetch 2.6.1,High,5,503797
jws 3.2.2,High,4,502027
socket.io-parser 4.2.4,High,6,501347
rack 3.2.1,High,2,462036
rollup 2.79.1,High,2,456523
flatted 3.2.9,High,4,455585
tar-fs 2.1.1,High,2,454327
minimatch 3.0.5,High,2,452657
cross-spawn 6.0.5,High,4,446378
ip 2.0.1,High,3,445364
@isaacs/brace-expansion 5.0.0,High,5,442501
immutable 4.3.4,High,3,441615
webpack-dev-middleware 3.7.3,High,3,440365
minimatch 7.4.6,High,2,439526
path-to-regexp 6.2.1,High,2,439526
webpack-dev-middleware 6.1.1,High,2,439526
ws 8.5.0,High,2,439526
minimatch 10.1.1,High,4,436177
ws 6.2.2,High,3,430149
tar-fs 2.0.0,High,2,429310
ws 7.4.6,High,2,429310
minimatch 5.1.6,High,5,418081
tar 6.2.0,High,2,405905
svgo 3.3.2,High,4,404325
json 2.15.2,High,1,403948
sigstore 0.2.2,High,1,403948
urijs 1.17.1,High,1,403948
flatted 2.0.2,High,5,396793
minimatch 9.0.1,High,3,387037
@remix-run/router 1.16.0,High,1,386951
async 3.1.1,High,1,386951
axios 0.24.0,High,1,386951
axios 1.8.4,High,1,386951
fast-json-patch 2.2.1,High,1,386951
fast-xml-parser 5.3.0,High,1,386951
grunt 1.3.0,High,1,386951
js-yaml 3.5.3,High,1,386951
locutus 2.0.16,High,1,386951
storybook 7.6.19,High,1,386951
storybook 7.6.4,High,1,386951
svgo 3.1.0,High,1,386951
tar-fs 3.0.4,High,1,386951
tar-fs 3.0.6,High,1,386951
undici 5.28.2,High,1,386951
multer 2.0.2,High,3,310868
protobuf-java 3.24.4,High,3,291486
protobuf-javalite 3.24.4,High,3,291486
protobuf-kotlin 3.24.4,High,3,291486
protobuf-kotlin-lite 3.24.4,High,3,291486
underscore 1.13.2,High,1,288237
assertj-core 3.27.3,High,2,274591
tar 7.4.3,High,2,271977
drupal/core 9.8.0,High,1,268561
drupal/core-recommended 9.8.0,High,1,268561
@remix-run/router 1.23.0,High,2,255234
qs 6.5.2,High,4,252068
tar 6.2.1,High,8,246304
lodash 3.10.1,High,5,219290
semver 4.3.6,High,5,219290
tmpl 1.0.4,High,4,217201
minimatch 10.2.2,High,2,202698
minimatch 3.1.3,High,2,202698
minimatch 9.0.6,High,2,202698
electron-updater 6.1.7,High,1,202659
glob 10.3.1,High,1,202659
json 2.18.1,High,1,202659
json 2.18.1-java,High,1,202659
minimatch 9.0.2,High,1,202659
quinn-proto 0.11.13,High,1,202659
tar 7.1.0,High,1,202659
ws 8.14.2,High,1,202659
protobuf-java 2.5.0,High,7,192382
fast-xml-parser 4.5.4,High,2,190379
immutable 4.3.7,High,3,182631
github.com/docker/docker v28.5.2+incompatible,High,2,176342
cryptography 44.0.2,High,1,174761
ecdsa 0.19.0,High,1,174761
jaraco-context 6.0.1,High,1,174761
pillow 10.0.1,High,1,174761
protobuf 5.29.3,High,1,174761
pyasn1 0.6.1,High,1,174761
pyjwt 2.10.1,High,1,174761
pyopenssl 25.0.0,High,1,174761
urllib3 2.3.0,High,2,174761
urllib3 2.5.0,High,1,174761
werkzeug 2.3.7,High,1,174761
wheel 0.45.0,High,1,174761
okhttp 3.12.12,High,2,173675
body-parser 1.14.2,High,4,166715
semver 5.3.0,High,4,166715
json5 0.4.0,High,3,164626
minimatch 0.2.14,High,3,164626
minimatch 2.0.10,High,3,164626
npm-user-validate 0.1.5,High,3,164626
printf 0.2.5,High,3,164626
shelljs 0.3.0,High,3,164626
tough-cookie 2.2.2,High,3,164626
flatted 3.4.1,High,2,163635
phpseclib/phpseclib 3.0.46,High,1,163635
qs 5.1.0,High,3,160447
qs 5.2.0,High,3,160447
@angular/common 20.1.3,High,1,159046
@angular/compiler 20.1.3,High,1,159046
@angular/core 20.1.3,High,1,159046
aircompressor 0.27,High,1,159046
log4j-core @log4j.version@,High,1,159046
okhttp 3.14.9,High,1,159046
okhttp 3.7.0,High,1,159046
debug 0.7.4,High,2,158358
debug 2.3.3,High,2,158358
engine.io 1.8.0,High,2,158358
lodash.merge 3.3.2,High,2,158358
parsejson 0.0.3,High,2,158358
socket.io-parser 2.3.1,High,2,158358
ws 1.1.1,High,2,158358
kramdown 1.17.0,High,4,157285
commons-beanutils 1.9.4,High,4,148454
lodash 2.4.2,High,3,146223
moment 2.24.0,High,4,145554
phpseclib/phpseclib 3.0.49,High,2,143831
serialize-javascript 6.0.0,High,3,143740
merge 1.2.1,High,3,137955
log4j 1.2.17,High,7,137789
lodash 2.3.0,High,2,136296
parsejson 0.0.1,High,2,136296
socket.io-parser 2.2.2,High,2,136296
socket.io-parser 2.2.4,High,2,136296
redis 4.5.1,High,1,132399
hoek 0.9.1,High,2,130308
apidoc-core 0.8.3,High,1,130028
assertj-core 3.12.2,High,1,130028
debug 1.0.2,High,1,130028
debug 1.0.3,High,1,130028
debug 1.0.4,High,1,130028
debug 2.1.0,High,1,130028
diff 2.2.3,High,1,130028
lodash-es 3.10.1,High,1,130028
logback-classic 1.1.2,High,1,130028
ms 0.6.2,High,1,130028
npm 2.15.1,High,1,130028
qs 6.0.4,High,1,130028
qs 6.2.3,High,1,130028
semver 5.1.1,High,1,130028
shelljs 0.2.6,High,1,130028
solr-core 8.11.2,High,1,130028
tar 4.4.19,High,1,130028
underscore 1.13.1,High,1,130028
minimatch 5.1.0,High,3,123278
lodash 4.17.15,High,3,123264
rollup 2.79.2,High,2,123126
zookeeper 3.8.4,High,3,121857
glob 10.4.5,High,4,117863
spring-core 5.3.39,High,2,117023
composer/composer 1.0.0-alpha8,High,1,115807
composer/composer 1.8.5,High,1,115807
composer/composer 2.2.17,High,1,115807
guzzlehttp/guzzle 6.3.3,High,1,115807
laminas/laminas-diactoros 1.8.6,High,1,115807
magento/product-community-edition 2.3.1,High,1,115807
phpseclib/phpseclib 0.3.10,High,1,115807
phpseclib/phpseclib 2.0.15,High,1,115807
symfony/process 2.8.x-dev,High,1,115807
symfony/process v2.8.52,High,1,115807
symfony/process v4.1.11,High,1,115807
grpc-netty-shaded 1.72.0,High,1,115545
libthrift 0.9.1,High,1,115545
netty 3.10.5.Final,High,1,115545
plexus-utils 1.5.6,High,1,115545
spring-boot-starter-actuator 2.7.18,High,1,115545
commons-io 2.4,High,2,115410
node-forge 1.3.3,High,4,112819
glob 11.0.3,High,1,111625
hawk 0.13.1,High,1,111625
hoek 0.8.5,High,1,111625
lodash 2.4.1,High,1,111625
parse-link-header 0.1.0,High,1,111625
playwright 1.50.1,High,1,111625
qs 0.6.6,High,1,111625
requestretry 1.9.1,High,1,111625
semver 5.4.1,High,1,111625
underscore 1.4.4,High,1,111625
json 2.18.0,High,2,107991
ws 7.5.9,High,5,105835
protobuf 6.31.1,High,1,104572
wheel 0.41.3,High,1,104572
@hono/node-server 1.19.9,High,1,104259
github.com/moby/moby v28.5.2+incompatible,High,1,104259
tar 7.5.8,High,1,104259
tj-actions/changed-files ed68ef82c095e0d48ec87eccea555d944a631a4c,High,1,104259
@angular/common 14.3.0,High,1,102371
@angular/compiler 14.3.0,High,1,102371
@angular/core 14.3.0,High,1,102371
astro 3.5.0,High,1,102371
devalue 4.3.3,High,1,102371
effect 3.16.12,High,1,102371
fast-xml-parser 5.3.6,High,1,102371
h3 1.15.3,High,1,102371
jws 4.0.0,High,1,102371
next 14.2.35,High,1,102371
undici 5.29.0,High,1,102371
undici 7.18.2,High,1,102371
minimatch 3.0.3,High,3,101974
axios 1.12.2,High,3,101824
ws 6.2.1,High,2,94934
ws 8.11.0,High,3,93983
commons-io 2.11.0,High,2,88020
rexml 3.2.6,High,1,88008
undici 6.23.0,High,1,88008
logback-classic 1.0.13,High,1,87080
logback-core 1.0.13,High,1,87080
immutable 5.0.3,High,2,76385
json5 2.2.1,High,2,72389
loader-utils 2.0.2,High,2,72389
semver 7.3.7,High,2,72389
github.com/buger/jsonparser v1.1.1,High,1,72083
d3-color 2.0.0,High,2,71258
immutable 4.3.0,High,2,69553
fast-xml-parser 4.2.5,High,1,67376
fast-xml-parser 4.5.0,High,1,67376
koa 2.7.0,High,1,67376
qs 4.0.0,High,1,67376
terser 5.7.1,High,1,67376
ws 7.5.3,High,1,67376
jackson-databind @jackson.version@,High,1,65973
@angular/common 16.0.0,High,1,65706
@angular/common 17.0.2,High,1,65706
@angular/common 18.0.1,High,1,65706
@angular/common 19.0.0,High,1,65706
@angular/common 20.0.4,High,1,65706
@angular/compiler 16.0.0,High,1,65706
@angular/compiler 17.0.2,High,1,65706
@angular/compiler 18.0.1,High,1,65706
@angular/compiler 19.0.0,High,1,65706
@angular/compiler 20.0.4,High,1,65706
@angular/core 16.0.0,High,1,65706
@angular/core 17.0.2,High,1,65706
@angular/core 18.0.1,High,1,65706
@angular/core 19.0.0,High,1,65706
@angular/core 20.0.4,High,1,65706
@angular/platform-server 16.0.0,High,1,65706
@angular/platform-server 17.0.2,High,1,65706
@angular/platform-server 18.0.1,High,1,65706
@angular/platform-server 19.0.0,High,1,65706
@angular/platform-server 20.0.4,High,1,65706
@angular/ssr 17.0.0,High,1,65706
@angular/ssr 18.0.2,High,1,65706
@angular/ssr 19.0.2,High,1,65706
@angular/ssr 20.0.3,High,1,65706
@nguniversal/common 16.0.0,High,1,65706
body-parser 1.20.0,High,1,65706
flatted 3.2.5,High,1,65706
rollup 2.75.6,High,1,65706
terser 5.14.0,High,1,65706
terser 5.14.1,High,1,65706
ws 7.5.8,High,1,65706
ws 8.7.0,High,1,65706
ws 8.8.0,High,1,65706
tar 6.1.11,High,2,64116
rollup 3.29.5,High,3,64076
lodash.pick 4.4.0,High,3,63287
http-cache-semantics 3.8.1,High,3,61898
hadoop-common 2.8.5,High,2,61320
psf/black stable,High,2,61234
avro 1.8.2,High,1,59842
gson 2.8.5,High,1,59842
hive-exec 1.2.2,High,1,59842
jackson-core 2.6.7,High,1,59842
jackson-databind 2.6.7.5,High,1,59842
jetty-server 9.4.44.v20210927,High,1,59842
mysql-connector-java 5.1.34,High,1,59842
org.eclipse.jgit 5.0.1.201806211838-r,High,1,59842
spark-core_2.10 1.6.1,High,1,59842
xercesImpl 2.11.0,High,1,59842
set-value 0.4.3,High,3,58905
set-value 2.0.0,High,3,58905
immutable 5.1.4,High,3,58842
robrichards/xmlseclibs 3.1.4,High,1,57433
taffydb 2.6.2,High,2,57338
marked 0.7.0,High,2,55991
axios 1.13.2,High,3,55508
acorn 5.7.3,High,2,54664
flatted 2.0.0,High,2,54664
json5 2.1.0,High,2,54664
semver-regex 1.0.0,High,2,54664
tar 4.4.8,High,2,54664
y18n 4.0.0,High,2,54664
flatted 3.2.7,High,3,54186
http-proxy-middleware 0.19.1,High,2,53414
immutable 3.8.2,High,2,52819
lodash 4.17.20,High,2,52819
@angular/common 16.2.1,High,1,52575
@angular/compiler 16.2.1,High,1,52575
@angular/core 16.2.1,High,1,52575
@remix-run/router 1.14.2,High,1,52575
async 3.2.0,High,1,52575
billboard.js 1.12.12,High,1,52575
billboard.js 1.8.1,High,1,52575
com.liferay.util.java 4.0.0,High,1,52575
copy-props 2.0.4,High,1,52575
cross-spawn 2.2.3,High,1,52575
css-what 2.1.0,High,1,52575
d3-color 1.2.3,High,1,52575
d3-color 3.0.1,High,1,52575
fast-json-patch 3.0.0-1,High,1,52575
fast-xml-parser 4.4.1,High,1,52575
flatted 3.1.1,High,1,52575
glob 10.3.3,High,1,52575
glob 10.4.1,High,1,52575
immutable 4.3.3,High,1,52575
immutable 4.3.6,High,1,52575
jetty-server 8.1.8.v20121106,High,1,52575
jetty-webapp 8.1.8.v20121106,High,1,52575
jspdf 3.0.4,High,1,52575
lodash-es 4.17.11,High,1,52575
lodash-es 4.17.4,High,1,52575
lodash.template 3.6.2,High,1,52575
log4j 1.2.14,High,1,52575
marked 0.6.3,High,1,52575
minimatch 4.2.1,High,1,52575
minimatch 9.0.4,High,1,52575
path-to-regexp 3.0.0,High,1,52575
qs 6.9.6,High,1,52575
rollup 3.28.1,High,1,52575
rollup 3.29.3,High,1,52575
rollup 3.29.4,High,1,52575
semver 5.7.0,High,1,52575
semver 6.1.1,High,1,52575
semver 7.3.2,High,1,52575
semver 7.3.4,High,1,52575
shiro-core 1.1.0,High,1,52575
spring-beans 4.1.2.RELEASE,High,1,52575
spring-beans 4.1.9.RELEASE,High,1,52575
spring-context 4.1.2.RELEASE,High,1,52575
spring-context 4.1.9.RELEASE,High,1,52575
spring-core 4.1.2.RELEASE,High,1,52575
spring-core 4.1.9.RELEASE,High,1,52575
spring-expression 4.1.2.RELEASE,High,1,52575
spring-expression 4.1.9.RELEASE,High,1,52575
spring-security-core 5.5.1,High,1,52575
spring-web 4.1.2.RELEASE,High,1,52575
spring-web 4.1.9.RELEASE,High,1,52575
spring-webmvc 4.1.2.RELEASE,High,1,52575
spring-webmvc 4.1.9.RELEASE,High,1,52575
storybook 8.6.15,High,1,52575
tar 6.1.15,High,1,52575
tar 7.2.0,High,1,52575
tar-fs 1.16.3,High,1,52575
tar-fs 1.16.4,High,1,52575
trim-newlines 3.0.0,High,1,52575
ua-parser-js 0.7.17,High,1,52575
ua-parser-js 0.7.20,High,1,52575
underscore 1.9.1,High,1,52575
undici 5.0.0,High,1,52575
vite 3.2.7,High,1,52575
vite 4.4.7,High,1,52575
vite 4.4.9,High,1,52575
vite 4.5.1,High,1,52575
webpack-dev-middleware 3.7.2,High,1,52575
webpack-dev-middleware 4.3.0,High,1,52575
webpack-dev-middleware 7.0.0,High,1,52575
ws 7.3.1,High,1,52575
ws 8.16.0,High,1,52575
assertj-core 3.26.3,High,1,51288
rack 3.2.4,High,1,49903
@angular/common 11.2.14,High,1,45452
@angular/compiler 11.2.14,High,1,45452
@angular/core 11.2.14,High,1,45452
commons-collections 3.2.1,High,3,44061
github.com/docker/docker v24.0.0-rc.2.0.20230908212318-6ce5aa1cd5a4+incompatible,High,1,43748
dnsjava 3.5.1,High,1,42493
playwright 1.48.2,High,2,42437
aws-sdk 2.572.0,High,1,42359
glob 11.0.0,High,1,42359
markdown-to-jsx 4.0.3,High,1,42359
minimatch 10.0.1,High,1,42359
diff 1.4.0,High,3,40436
underscore 1.8.3,High,3,40436
dompurify 2.4.0,High,1,35570
fast-xml-parser 5.0.9,High,1,35570
guzzlehttp/guzzle 7.3.0,High,1,35570
nodemailer 6.7.3,High,1,35570
nodemailer 6.8.0,High,1,35570
pdfjs-dist 3.6.172,High,1,35570
pear/archive_tar 1.4.13,High,1,35570
phpoffice/phpspreadsheet 1.17.1,High,1,35570
phpunit/phpunit 7.3.2,High,1,35570
prestashop/blockwishlist v2.0.1,High,1,35570
smarty/smarty v3.1.43,High,1,35570
symfony/symfony v4.4.32,High,1,35570
tar 6.1.13,High,1,35570
tecnickcom/tcpdf 6.4.1,High,1,35570
twig/twig v3.3.8,High,1,35570
validator 13.15.15,High,1,35570
vue-i18n 10.0.3,High,1,35570
xlsx 0.18.5,High,1,35570
commons-io 2.8.0,High,2,35013
body-parser 1.17.1,High,2,34598
bower 1.8.4,High,2,34598
js-yaml 3.8.3,High,2,34598
lodash 3.7.0,High,2,34598
merge 1.2.0,High,2,34598
minimatch 1.0.0,High,2,34598
mout 0.9.1,High,2,34598
npm 2.14.10,High,2,34598
semver 5.0.3,High,2,34598
tar 1.0.3,High,2,34598
uglify-js 2.3.6,High,2,34598
moment 2.18.1,High,2,32571
semver 2.3.2,High,2,30419
mysql-connector-java 8.0.13,High,2,29808
i18n 0.7.0,High,2,29671
avro 1.7.4,High,2,29037
jersey-core 1.9,High,2,28973
commons-io 2.1,High,3,28845
jackson-mapper-asl 1.9.2,High,2,28811
jetty-server 9.4.51.v20230217,High,2,28675
jersey-core 1.8,High,2,28364
ambari 2.7.6,High,1,28330
async 2.3.0,High,1,28330
bower 1.7.2,High,1,28330
bower 1.8.0,High,1,28330
braces 0.1.5,High,1,28330
c3p0 [0.9.5.4],High,1,28330
commons-compress 1.4.1,High,1,28330
cross-spawn 3.0.1,High,1,28330
debug 2.1.3,High,1,28330
debug 2.6.1,High,1,28330
debug 2.6.3,High,1,28330
debug 2.6.4,High,1,28330
debug 2.6.6,High,1,28330
decompress-zip 0.1.0,High,1,28330
engine.io 1.8.3,High,1,28330
fresh 0.2.0,High,1,28330
gson 2.2.2,High,1,28330
hadoop-common 2.2.0,High,1,28330
hadoop-common 2.7.7,High,1,28330
handlebars 1.0.12,High,1,28330
handlebars 2.0.0,High,1,28330
handlebars 4.0.6,High,1,28330
hawk 2.3.1,High,1,28330
httpclient 4.1.2,High,1,28330
jackson-core 2.4.0,High,1,28330
jackson-databind 2.4.0,High,1,28330
jettison 1.1,High,1,28330
lodash 4.16.6,High,1,28330
lodash.merge 4.6.0,High,1,28330
mime 1.2.4,High,1,28330
minimatch 0.3.0,High,1,28330
mout 0.11.1,High,1,28330
mout 1.0.0,High,1,28330
ms 0.7.0,High,1,28330
netty 3.7.0.Final,High,1,28330
nimbus-jose-jwt 5.9,High,1,28330
phantomjs 1.9.20,High,1,28330
qs 0.4.2,High,1,28330
qs 0.6.5,High,1,28330
qs 5.2.1,High,1,28330
scss-tokenizer 0.2.1,High,1,28330
snappy-java 1.0.4.1,High,1,28330
spring-beans 3.1.2.RELEASE,High,1,28330
spring-beans 4.0.5.RELEASE,High,1,28330
spring-context 4.0.5.RELEASE,High,1,28330
spring-core 4.0.5.RELEASE,High,1,28330
spring-core 6.0.23,High,1,28330
spring-expression 4.0.5.RELEASE,High,1,28330
spring-security-core 6.0.8,High,1,28330
spring-web 4.0.5.RELEASE,High,1,28330
spring-webmvc 4.0.5.RELEASE,High,1,28330
spring-webmvc 6.0.23,High,1,28330
sshpk 1.13.0,High,1,28330
tar-fs 1.15.2,High,1,28330
uglify-js 1.3.2,High,1,28330
uglify-js 2.4.24,High,1,28330
ws 1.1.2,High,1,28330
xstream 1.4.7,High,1,28330
yamlbeans 1.13,High,1,28330
avro 1.11.1,High,1,28178
jdom 1.1.3,High,1,28178
parquet-avro 1.11.2,High,1,28178
snappy-java 1.1.8.4,High,1,28178
fabric 4.6.0,High,1,28024
addressable 2.3.8,High,1,27494
nokogiri 1.13.6,High,1,27494
pyinstaller 3.6,High,1,27494
rack 1.6.12,High,1,27494
underscore 1.13.7,High,1,27214
github.com/sirupsen/logrus v1.7.0,High,1,25920
golang.org/x/crypto v0.27.0,High,1,25920
stdlib go1.21.13,High,1,25920
h2 1.4.199,High,1,22940
assertj-core 3.11.1,High,3,22414
aws/aws-sdk-php 3.369.22,High,1,18954
dompurify 3.0.6,High,1,18954
league/commonmark 2.4.1,High,1,18954
mermaid 10.6.0,High,1,18954
symfony/http-foundation v6.4.3,High,1,18954
symfony/process v6.4.3,High,1,18954
diff 1.0.8,High,1,18683
hawk 1.1.1,High,1,18683
qs 1.0.2,High,1,18683
underscore 1.1.7,High,1,18683
jdom 1.1,High,1,18048
postgresql 42.1.1.jre7,High,1,18048
axios 1.9.0,High,1,16978
lodash.set 4.3.2,High,1,16978
mysql2 2.3.3,High,1,16978
phpunit/phpunit 9.6.11,High,1,16978
semver 7.5.1,High,1,16978
tar-fs 2.1.3,High,1,16978
tj-actions/changed-files v35,High,1,16978
Python 3.10.10,High,1,16071
commonmarker 0.17.13,High,2,15966
tzinfo 1.2.5,High,2,15966
socket.io-parser 4.2.5,High,2,15767
commons-beanutils 1.9.3,High,1,15250
mysql-connector-java 5.1.15,High,1,15250
aircompressor 0.25,High,1,14544
zookeeper 3.9.3,High,1,14544
addressable 2.7.0,High,1,12777
aiohttp 3.5.4,High,1,12777
certifi 2019.6.16,High,1,12777
cryptography 2.7,High,1,12777
nokogiri 1.10.4,High,1,12777
py 1.8.0,High,1,12777
pyasn1 0.4.5,High,1,12777
pygments 2.4.2,High,1,12777
pyjwt 1.4.2,High,1,12777
urllib3 1.25.3,High,1,12777
browserify-sign 4.2.1,High,2,12521
com.liferay.portal.kernel 2.0.0,High,1,12500
commons-io 2.2,High,1,12500
log4j-core 2.8.2,High,1,12500
org.apache.karaf.management.server 4.2.1,High,1,12500
org.eclipse.jgit 3.5.1.201410131835-r,High,1,12500
pax-logging-log4j2 1.10.1,High,1,12500
plexus-utils 3.0.17,High,1,12500
portal-service 6.2.5,High,1,12500
next 15.2.1,High,1,11501
playwright 1.43.1,High,1,11501
rollup 4.34.9,High,1,11501
tj-actions/changed-files 8cba46e29c11878d930bca7870bb54394d3e8b21,High,2,10103
mcp 0.8.0,High,1,9443
ruby-lsp 0.26.8,High,1,9443
xstream 1.4.20,High,2,8835
immutable 4.3.5,High,1,8304
next 14.1.3,High,1,8304
next-mdx-remote 4.4.1,High,1,8304
svgo 3.2.0,High,1,8304
jackson-mapper-asl 1.9.13,High,2,7877
fast-xml-parser 4.5.3,High,2,7796
axios 0.26.1,High,1,7599
uplot 1.6.18,High,1,7599
ip 1.1.8,High,2,7522
grpc-netty-shaded 1.65.1,High,1,7234
image-size 1.2.0,High,1,7234
immer 8.0.1,High,1,7234
jetty-server 12.0.30,High,1,7234
libthrift 0.13.0,High,1,7234
netty 3.10.6.Final,High,1,7234
@angular/common 20.3.2,High,1,6867
@angular/compiler 20.3.2,High,1,6867
@angular/compiler 21.2.1,High,1,6867
@angular/compiler 9.0.0,High,1,6867
@angular/core 20.3.2,High,1,6867
@angular/core 21.2.1,High,1,6867
@angular/core 9.0.0,High,1,6867
@angular/ssr 20.3.3,High,1,6867
@modelcontextprotocol/sdk 1.25.2,High,1,6867
dart 2.17.6,High,1,6867
flatted 3.2.6,High,1,6867
flatted 3.4.0,High,1,6867
happy-dom 15.7.4,High,1,6867
happy-dom 20.8.3,High,1,6867
koa 3.0.1,High,1,6867
koa 3.0.3,High,1,6867
minimatch 10.2.1,High,1,6867
next 14.0.4,High,1,6867
next 14.2.16,High,1,6867
path-to-regexp 2.4.0,High,1,6867
picomatch 4.0.1,High,1,6867
rollup 4.14.0,High,1,6867
storybook 10.2.9,High,1,6867
tar 7.5.1,High,1,6867
undici 5.28.4,High,1,6867
undici 7.22.0,High,1,6867
assertj-core 3.23.1,High,1,6683
esapi 2.1.0.1,High,1,6683
fast-xml-parser 4.3.0,High,1,6683
ini4j 0.5.4,High,1,6683
jackson-core 2.13.3,High,1,6683
jackson-databind 2.13.3,High,1,6683
minio 8.5.2,High,1,6683
moment 2.29.3,High,1,6683
mysql-connector-j 8.0.33,High,1,6683
spring-web 5.3.26,High,1,6683
testng 7.1.0,High,1,6683
tomcat-embed-core 10.0.22,High,1,6683
vue-i18n 9.2.2,High,1,6683
js-yaml 3.7.0,High,2,6330
eazy-logger 3.1.0,High,1,6324
ua-parser-js 1.0.2,High,1,6324
bower 1.7.7,High,1,6268
brace-expansion 1.1.6,High,1,6268
handlebars 3.0.3,High,1,6268
hoek 6.1.3,High,1,6268
@tryghost/members-csv 2.0.3,High,1,5838
fast-xml-parser 5.2.5,High,1,5838
html-minifier 4.0.0,High,1,5838
jsonwebtoken 8.5.1,High,1,5838
knex 0.20.15,High,1,5838
knex 0.21.21,High,1,5838
luxon 1.28.0,High,1,5838
nodemailer 6.10.1,High,1,5838
react-router 7.9.4,High,1,5838
rollup 0.57.1,High,1,5838
rollup 1.32.1,High,1,5838
rollup 4.52.2,High,1,5838
storybook 8.6.14,High,1,5838
storybook 9.1.10,High,1,5838
svgo 4.0.0,High,1,5838
tar 6.1.14,High,1,5838
underscore 1.13.6,High,1,5838
underscore 1.7.0,High,1,5838
undici 5.22.1,High,1,5838
validator 13.12.0,High,1,5838
validator 7.2.0,High,1,5838
angular 0.0.0-use.local,High,1,5479
commons-io 2.7,High,2,5259
camel-core 2.25.2,High,1,4763
drools-core 6.0.0.Final-jahia2,High,1,4763
immutable 4.1.0,High,1,4763
jackrabbit-core 2.22.0-jahia1,High,1,4763
jackrabbit-spi-commons 2.22.0-jahia1,High,1,4763
jbpm-bpmn2 6.0.0.Final,High,1,4763
solr-core 3.6.2-jahia1,High,1,4763
spring-beans 3.2.18.jahia2_OSGI,High,1,4763
spring-context 3.2.18.RELEASE_OSGI,High,1,4763
spring-core 3.2.18.RELEASE_OSGI,High,1,4763
spring-web 3.2.18.jahia5_OSGI,High,1,4763
spring-webmvc 3.2.18.RELEASE_OSGI,High,1,4763
underscore 1.13.3,High,1,4763
validator 13.7.0,High,1,4763
velocity 1.6.4,High,1,4763
@angular/common 4.4.7,High,1,4241
@angular/compiler 4.4.7,High,1,4241
@angular/core 4.4.7,High,1,4241
angular 1.5.9,High,1,4241
hazelcast 3.12.13,High,1,4241
string 3.3.3,High,1,4241
commons-compress 1.14,High,1,4230
jackson-core 2.10.1,High,1,4230
jackson-databind 2.10.1,High,1,4230
jetty 6.1.21,High,1,4230
spark-core_2.10 1.1.1,High,1,4230
spark-core_2.10 1.6.3,High,1,4230
spark-core_2.12 3.0.0,High,1,4230
sqlite-jdbc 3.16.1,High,1,4230
xstream 1.4.18,High,1,4230
openssl 3.6.1,High,1,4086
generic-array 0.12.3,High,1,4040
generic-array 0.13.2,High,1,4040
http 0.1.0,High,1,4040
black 23.12.1,High,1,3695
cryptography 42.0.5,High,1,3695
pyjwt 2.8.0,High,1,3695
urllib3 2.1.0,High,1,3695
urllib3 2.2.1,High,1,3695
@angular/common 20.0.0-rc.2,High,1,3416
@angular/common 20.2.0,High,1,3416
@angular/compiler 20.0.0-rc.2,High,1,3416
@angular/compiler 20.2.0,High,1,3416
@angular/compiler 21.0.6,High,1,3416
@angular/compiler 21.2.0,High,1,3416
@angular/core 20.0.0-rc.2,High,1,3416
@angular/core 20.2.0,High,1,3416
@angular/core 21.0.6,High,1,3416
@angular/core 21.2.0,High,1,3416
@modelcontextprotocol/sdk 1.17.3,High,1,3416
@modelcontextprotocol/sdk 1.24.0,High,1,3416
immutable 5.1.1,High,1,3416
rollup 4.50.0,High,1,3416
rollup 4.53.5,High,1,3416
tar 7.5.2,High,1,3416
undici 7.16.0,High,1,3416
addressable 2.5.2,High,1,3189
nokogiri 1.10.8,High,1,3189
aws-java-sdk-s3 1.11.791,High,1,3107
commons-fileupload 1.5,High,1,3107
jackson-core 2.13.1,High,1,3107
jackson-databind 2.13.2.1,High,1,3107
jetty-server 9.4.53.v20231009,High,1,3107
kafka_2.12 2.8.2,High,1,3107
mysql-connector-java 8.0.28,High,1,3107
protobuf-java 3.4.0,High,1,3107
spark-core_2.12 3.3.0-kylin-5.2.2,High,1,3107
spring-webmvc 5.3.31,High,1,3107
tomcat-embed-core 9.0.90,High,1,3107
aws/aws-sdk-php 3.359.13,High,1,2851
minimatch 8.0.4,High,1,2851
celery 4.2.0,High,1,2846
certifi 2018.8.24,High,1,2846
flask 1.0,High,1,2846
flask-cors 3.0.2,High,1,2846
gunicorn 19.6.0,High,1,2846
jinja2 2.10,High,1,2846
mako 1.0.7,High,1,2846
requests 2.1.0,High,1,2846
urllib3 1.23,High,1,2846
werkzeug 0.14.1,High,1,2846
log4j 1.2.16,High,3,2774
golang.org/x/net v0.7.0,High,2,2532
trim-newlines 2.0.0,High,2,2228
addressable 2.4.0,High,1,2177
ffi 1.9.10,High,1,2177
json 1.8.3,High,1,2177
nokogiri 1.8.2,High,1,2177
rack 1.6.0,High,1,2177
sprockets 2.12.3,High,1,2177
tzinfo 1.2.2,High,1,2177
aws-java-sdk-s3 1.11.815,High,1,2152
commons-collections4 4.0,High,1,2152
github.com/dgrijalva/jwt-go v3.2.0+incompatible,High,1,2152
github.com/gogo/protobuf v1.1.1,High,1,2152
github.com/gogo/protobuf v1.2.2-0.20190723190241-65acae22fc9d,High,1,2152
github.com/gogo/protobuf v1.3.1,High,1,2152
github.com/prometheus/client_golang v1.0.0,High,1,2152
github.com/ulikunitz/xz v0.5.5,High,1,2152
golang.org/x/crypto v0.0.0-20190820162420-60c769a6c586,High,1,2152
golang.org/x/crypto v0.0.0-20200622213623-75b288015ac9,High,1,2152
golang.org/x/crypto v0.1.0,High,1,2152
golang.org/x/net v0.0.0-20200625001655-4c5254603344,High,1,2152
golang.org/x/net v0.0.0-20210825183410-e898025ed96a,High,1,2152
golang.org/x/oauth2 v0.0.0-20190402181905-9f3314589c9a,High,1,2152
golang.org/x/oauth2 v0.0.0-20190604053449-0f29369cfe45,High,1,2152
golang.org/x/text v0.3.2,High,1,2152
golang.org/x/text v0.3.7,High,1,2152
google.golang.org/grpc v1.37.1,High,1,2152
gopkg.in/yaml.v3 v3.0.0-20200313102051-9f266ea9e77c,High,1,2152
gopkg.in/yaml.v3 v3.0.0-20210107192922-496545a6307b,High,1,2152
grpc-protobuf 1.54.1,High,1,2152
jackson-core 2.13.5,High,1,2152
jetty-server 9.4.46.v20220331,High,1,2152
k8s.io/apimachinery v0.0.0-20190817020851-f2f3a405f61d,High,1,2152
k8s.io/kubernetes v1.15.4,High,1,2152
lz4-java 1.8.0,High,1,2152
okhttp 3.10.0,High,1,2152
parquet-avro 1.11.0,High,1,2152
protobuf-java 3.19.6,High,1,2152
stdlib go1.17,High,1,2152
acorn 6.1.1,High,1,2089
async 2.6.2,High,1,2089
browserify-sign 4.0.4,High,1,2089
browserify-sign 4.2.0,High,1,2089
cross-spawn 4.0.0,High,1,2089
dompurify 2.4.7,High,1,2089
elliptic 6.4.1,High,1,2089
ffi 1.9.6,High,1,2089
get-func-name 2.0.0,High,1,2089
grunt 1.0.2,High,1,2089
grunt 1.0.3,High,1,2089
handlebars 4.1.1,High,1,2089
is-svg 3.0.0,High,1,2089
js-yaml 3.13.0,High,1,2089
js-yaml 3.5.5,High,1,2089
lodash 4.17.10,High,1,2089
lodash 4.17.5,High,1,2089
mout 1.2.2,High,1,2089
npm 5.10.0,High,1,2089
npm 5.8.0,High,1,2089
npm-user-validate 1.0.0,High,1,2089
pathval 1.1.0,High,1,2089
qs 6.6.0,High,1,2089
semver 5.5.0,High,1,2089
semver 5.6.0,High,1,2089
serialize-javascript 3.1.0,High,1,2089
shelljs 0.8.3,High,1,2089
shelljs 0.8.4,High,1,2089
ssri 5.3.0,High,1,2089
ssri 6.0.0,High,1,2089
ssri 6.0.1,High,1,2089
tar 4.4.4,High,1,2089
tree-kill 1.2.1,High,1,2089
ua-parser-js 0.7.19,High,1,2089
urllib3 2.0.6,High,1,2089
ws 3.3.3,High,1,2089
ws 5.2.2,High,1,2089
ws 6.2.0,High,1,2089
rollup 0.51.8,High,1,1940
shelljs 0.7.8,High,1,1940
composer 2.7.2,High,1,1865
symfony/process v4.4.44,High,1,1865
composer/composer 1.10.26,High,1,1513
laravel/framework v8.83.15,High,1,1513
league/commonmark 2.3.1,High,1,1513
symfony/http-foundation v5.4.9,High,1,1513
symfony/process v5.4.8,High,1,1513
twig/twig v2.15.1,High,1,1513
ant 1.9.15,High,1,1478
cassandra-all 3.11.3,High,1,1478
hadoop-common 2.9.2,High,1,1478
hibernate-core 4.2.21.Final,High,1,1478
hibernate-core 5.1.5.Final,High,1,1478
mesos 1.5.3,High,1,1478
xstream 1.4.8,High,1,1478
jackson-core 2.12.4,High,1,1472
jasperreports 6.20.5,High,1,1472
logback-classic 1.2.3,High,1,1472
logback-core 1.2.3,High,1,1472
snakeyaml 1.13,High,1,1472
spring-beans 5.2.15.RELEASE,High,1,1472
spring-context 5.2.15.RELEASE,High,1,1472
spring-web 5.2.15.RELEASE,High,1,1472
zookeeper 3.4.5,High,3,1429
velocity 1.7,High,2,1395
rollup 4.57.1,High,1,1090
commons-beanutils 1.8.0,High,1,914
commons-collections 3.1,High,1,914
commons-fileupload 1.2,High,1,914
esapi 2.1.0,High,1,914
hadoop-common 2.7.2,High,1,914
jetty 6.1.14,High,1,914
jetty 6.1.6,High,1,914
jsoup 1.8.3,High,1,914
log4j 1.2.15,High,1,914
parquet-avro 1.7.0,High,1,914
shiro-core 1.2.3,High,1,914
shiro-web 1.2.3,High,1,914
xercesImpl 2.10.0,High,1,914
http-proxy-middleware 1.3.1,High,1,839
locutus 2.0.39,High,1,839
marked 2.1.3,High,1,839
log4j-core 2.1,High,1,707
netty 3.6.6.Final,High,1,707
netty-all 4.0.4.Final,High,1,707
protobuf-java 3.16.3,High,1,707
ant 1.9.2,High,1,643
commons-beanutils 1.9.2,High,1,643
hadoop-common 2.6.0,High,1,643
rollup 4.45.1,High,1,570
avro 1.11.0,High,1,497
aws-java-sdk-s3 1.11.133,High,1,497
gson 2.3.1,High,1,497
hadoop-common 2.3.0,High,1,497
ion-java 1.0.2,High,1,497
kafka_2.12 0.10.2.2,High,1,497
libthrift 0.9.3,High,1,497
logback-classic 1.2.11,High,1,497
logback-classic 1.2.8,High,1,497
logback-core 1.2.11,High,1,497
logback-core 1.2.8,High,1,497
netty-codec-http 4.1.75.Final,High,1,497
okhttp 4.9.1,High,1,497
org.eclipse.jgit 5.9.0.202009080501-r,High,1,497
snappy-java 1.1.1.7,High,1,497
spark-core_2.12 3.1.1,High,1,497
spark-core_2.12 3.3.2,High,1,497
json 20160810,High,1,481
netty-all 4.1.36.Final,High,1,481
axios 0.30.2,High,1,444
dompurify 2.4.3,High,1,444
mermaid 9.4.3,High,1,444
undici 7.18.0,High,1,444
github.com/golang-jwt/jwt/v4 v4.4.2,High,1,380
github.com/jackc/pgx/v5 v5.1.1,High,1,380
github.com/mholt/archiver/v3 v3.3.1-0.20191129193105-44285f7ed244,High,1,380
github.com/sirupsen/logrus v1.9.0,High,1,380
golang.org/x/crypto v0.3.0,High,1,380
google.golang.org/grpc v1.41.0,High,1,380
certifi 2022.12.7,High,1,324
tornado 6.3.2,High,1,324
urllib3 1.26.14,High,1,324
immutable 3.7.6,High,2,283
cryptography 46.0.4,High,1,248
pyjwt 2.11.0,High,1,248
activestorage 7.1.5.1,High,1,244
httparty 0.22.0,High,1,244
nokogiri 1.16.8,High,1,244
rack 3.1.8,High,1,244
composer/composer dev-master,High,1,190
symfony/http-foundation v3.0.9,High,1,190
symfony/process v3.2.2,High,1,190
twig/twig v1.31.0,High,1,190
axios 1.12.0,High,1,139
ws 8.9.0,High,1,139
yaml 2.1.1,High,1,139
happy-dom 20.8.7,High,1,82
lodash 4.2.1,High,1,82
rollup 4.55.1,High,1,82
solr-core 9.4.1,High,1,82
undici 7.21.0,High,1,82
xwiki-platform-oldcore [18.3.0-SNAPSHOT],High,1,82
cbor2 5.4.2.post1,High,1,75
cbor2 5.4.6,High,1,75
cbor2 5.6.2,High,1,75
cryptography 3.4.8,High,1,75
cryptography 42.0.8,High,1,75
pillow 10.2.0,High,1,75
pillow 11.1.0,High,1,75
pillow 9.0.1,High,1,75
pillow 9.4.0,High,1,75
pyopenssl 24.1.0,High,1,75
reportlab 3.6.12,High,1,75
reportlab 3.6.8,High,1,75
urllib3 1.26.5,High,2,75
urllib3 2.0.7,High,1,75
werkzeug 2.0.2,High,1,75
werkzeug 2.2.2,High,1,75
werkzeug 3.0.1,High,1,75
undici 7.19.0,High,1,39
avro 1.7.3,High,1,34
jackson-mapper-asl 1.8.8,High,1,34
jettison 1.3.5,High,1,34
jetty-server 9.2.10.v20150310,High,1,34
django 3.0.4,High,1,2
pillow 7.0.0,High,1,2
geshi/geshi dev-master,High,1,0
keycloak-services 25.0.6,High,1,0
koa 2.16.1,High,1,0
scikit-learn 0.24.2,High,1,0
symfony/http-foundation v6.4.14,High,1,0
wheel 0.42.0,High,1,0
picomatch 2.3.1,Medium,40,3522178
lodash 4.17.21,Medium,30,3159670
serialize-javascript 6.0.2,Medium,28,2708406
ajv 6.12.6,Medium,32,2705677
serialize-javascript 4.0.0,Medium,11,2522455
brace-expansion 1.1.11,Medium,26,2455072
js-yaml 4.1.0,Medium,18,2417702
qs 6.11.0,Medium,9,2088135
yaml 1.10.2,Medium,14,1876998
qs 6.13.0,Medium,15,1675919
handlebars 4.7.8,Medium,13,1554822
node-forge 1.3.1,Medium,12,1541811
nanoid 3.3.7,Medium,7,1486043
postcss 7.0.39,Medium,10,1473751
micromatch 3.1.10,Medium,13,1470615
http-proxy-middleware 2.0.6,Medium,5,1441961
serialize-javascript 6.0.1,Medium,6,1397298
bn.js 5.2.1,Medium,6,1382357
tough-cookie 2.5.0,Medium,14,1348056
request 2.88.2,Medium,13,1345967
webpack-dev-server 4.15.2,Medium,5,1342415
bn.js 4.12.0,Medium,5,1338794
color-string 0.3.0,Medium,4,1329566
got 6.7.1,Medium,3,1325325
postcss 6.0.23,Medium,3,1325325
@babel/runtime 7.26.0,Medium,2,1323236
brace-expansion 2.0.1,Medium,16,1211868
micromatch 2.3.11,Medium,7,1157515
brace-expansion 1.1.12,Medium,24,1155654
ajv 8.11.0,Medium,3,1139083
express 4.17.1,Medium,3,1118888
path-parse 1.0.6,Medium,3,1118888
qs 6.7.0,Medium,3,1118888
word-wrap 1.2.3,Medium,8,1106527
postcss 5.2.18,Medium,4,1102574
hosted-git-info 2.1.5,Medium,4,1100911
ajv 4.11.8,Medium,4,1096732
ms 0.7.1,Medium,4,1096732
qs 6.4.0,Medium,4,1096732
request 2.81.0,Medium,4,1096732
tar 2.2.2,Medium,3,1066557
path-to-regexp 8.2.0,Medium,2,1038656
got 9.6.0,Medium,6,1031648
qs 6.14.0,Medium,8,1029254
yaml 2.5.0,Medium,2,1024293
yaml 2.7.0,Medium,4,1009486
nanoid 3.3.4,Medium,4,1008813
picomatch 2.2.2,Medium,3,990949
node-forge 0.10.0,Medium,3,989699
@babel/runtime 7.12.5,Medium,2,988860
@babel/runtime 7.25.6,Medium,2,988860
next 15.5.9,Medium,2,988860
yaml 1.10.0,Medium,2,988860
yargs-parser 5.0.0,Medium,2,988860
qs 6.12.1,Medium,2,978644
xml2js 0.4.19,Medium,2,978644
http-proxy-middleware 2.0.7,Medium,4,977960
tar 2.2.1,Medium,4,972972
extend 3.0.0,Medium,3,970883
path-parse 1.0.5,Medium,3,970883
randomatic 1.1.6,Medium,3,970883
stringstream 0.0.5,Medium,3,970883
tough-cookie 2.3.2,Medium,3,970883
brace-expansion 2.0.2,Medium,20,969202
extend 3.0.1,Medium,3,966704
got 5.7.1,Medium,2,964615
lodash 4.17.4,Medium,2,964615
qs 2.3.3,Medium,2,964615
yargs-parser 4.2.1,Medium,2,964615
qs 6.5.3,Medium,9,962044
jsonpath 1.1.1,Medium,2,947786
body-parser 2.2.0,Medium,3,946568
path-to-regexp 8.3.0,Medium,8,946103
mem 1.1.0,Medium,3,942615
yargs-parser 7.0.0,Medium,3,942615
axios 0.21.4,Medium,5,940601
postcss 5.2.17,Medium,2,940526
ajv 6.12.3,Medium,2,938374
bn.js 4.11.8,Medium,2,938374
lodash 4.17.11,Medium,2,938374
postcss 7.0.32,Medium,2,938374
tough-cookie 2.3.3,Medium,2,938374
postcss 8.4.16,Medium,2,936424
@babel/helpers 7.14.0,Medium,1,936285
@babel/runtime 7.12.1,Medium,1,936285
@babel/runtime 7.22.3,Medium,1,936285
@parcel/reporter-dev-server 2.0.0-canary.1778,Medium,1,936285
ajv 4.11.5,Medium,1,936285
ajv 8.16.0,Medium,1,936285
bn.js 4.11.9,Medium,1,936285
bn.js 4.12.1,Medium,1,936285
bn.js 5.2.0,Medium,1,936285
ecstatic 2.2.2,Medium,1,936285
electron 23.1.2,Medium,1,936285
elliptic 6.4.0,Medium,1,936285
express 4.14.0,Medium,1,936285
express 4.15.4,Medium,1,936285
express 4.16.2,Medium,1,936285
express 4.17.3,Medium,1,936285
fast-xml-parser 3.19.0,Medium,1,936285
file-type 14.7.1,Medium,1,936285
http-proxy-middleware 3.0.3,Medium,1,936285
jpeg-js 0.1.2,Medium,1,936285
node-forge 0.6.33,Medium,1,936285
picomatch 2.3.0,Medium,1,936285
postcss 5.2.15,Medium,1,936285
postcss 6.0.14,Medium,1,936285
postcss 6.0.9,Medium,1,936285
puppeteer 1.11.0,Medium,1,936285
qs 6.4.1,Medium,1,936285
qs 6.5.1,Medium,1,936285
qs 6.9.7,Medium,1,936285
randomatic 1.1.7,Medium,1,936285
react-dev-utils 0.5.2,Medium,1,936285
react-dev-utils 3.1.1,Medium,1,936285
react-dev-utils 4.2.1,Medium,1,936285
react-dev-utils 5.0.3,Medium,1,936285
react-dom 16.2.0,Medium,1,936285
sockjs 0.3.18,Medium,1,936285
sockjs 0.3.19,Medium,1,936285
urijs 1.18.12,Medium,1,936285
urijs 1.19.0,Medium,1,936285
urijs 1.19.6,Medium,1,936285
url-parse 1.0.5,Medium,1,936285
url-parse 1.1.7,Medium,1,936285
url-parse 1.1.9,Medium,1,936285
url-parse 1.2.0,Medium,1,936285
url-parse 1.5.1,Medium,1,936285
webpack 5.82.1,Medium,1,936285
webpack 5.93.0,Medium,1,936285
webpack-dev-server 1.16.2,Medium,1,936285
webpack-dev-server 2.11.3,Medium,1,936285
webpack-dev-server 2.7.1,Medium,1,936285
webpack-dev-server 2.9.4,Medium,1,936285
webpack-dev-server 4.15.0,Medium,1,936285
yaml 2.5.1,Medium,1,936285
micromatch 4.0.5,Medium,11,796093
picomatch 4.0.3,Medium,12,787451
yaml 2.8.2,Medium,9,763905
js-yaml 3.14.1,Medium,11,740744
serialize-javascript 7.0.4,Medium,6,739264
mdast-util-to-hast 13.2.0,Medium,5,715765
ajv 8.17.1,Medium,14,692876
picomatch 4.0.2,Medium,5,674920
angular 1.6.10,Medium,2,670532
xml2js 0.4.23,Medium,6,631231
@babel/runtime 7.23.6,Medium,2,589610
ajv 8.12.0,Medium,9,572301
brace-expansion 5.0.4,Medium,6,569355
prismjs 1.29.0,Medium,5,554969
qs 6.5.5,Medium,3,544759
angular 1.8.3,Medium,2,544745
express 4.18.2,Medium,5,541246
angular 1.5.11,Medium,1,540504
angular 1.7.9,Medium,1,540504
lodash-es 4.17.21,Medium,10,529481
serialize-javascript 5.0.1,Medium,3,506902
@octokit/plugin-paginate-rest 2.21.3,Medium,2,489322
@octokit/request 5.6.3,Medium,2,489322
@octokit/request-error 2.1.0,Medium,2,489322
markdown-it 13.0.1,Medium,2,489322
follow-redirects 1.15.1,Medium,4,466939
rack 3.2.1,Medium,2,462036
request 2.88.0,Medium,3,458612
tough-cookie 2.4.3,Medium,3,458612
webpack 5.89.0,Medium,3,458480
follow-redirects 1.15.2,Medium,2,456523
micromatch 4.0.7,Medium,2,452657
esbuild 0.18.20,Medium,3,451027
dompurify 3.2.6,Medium,3,446209
ajv 5.5.2,Medium,3,441615
prismjs 1.27.0,Medium,2,439526
webpack-dev-server 4.15.1,Medium,2,439526
@babel/runtime 7.24.7,Medium,2,429310
nokogiri 1.19.1-aarch64-linux-gnu,Medium,2,416148
tar 6.2.0,Medium,2,405905
bcrypt 3.1.20,Medium,2,404192
action_text-trix 2.1.16,Medium,1,403948
aws-sdk-s3 1.197.0,Medium,1,403948
faraday 2.14.0,Medium,1,403948
net-imap 0.5.5,Medium,1,403948
trix 2.0.5,Medium,1,403948
urijs 1.17.1,Medium,1,403948
@octokit/endpoint 9.0.5,Medium,2,393818
@octokit/plugin-paginate-rest 9.2.1,Medium,2,393818
@octokit/request 8.4.0,Medium,2,393818
@octokit/request-error 5.1.0,Medium,2,393818
store2 2.14.2,Medium,2,392789
commons-lang 2.6,Medium,9,391174
@babel/helpers 7.26.0,Medium,1,386951
@babel/runtime 7.23.5,Medium,1,386951
@babel/runtime 7.25.0,Medium,1,386951
@babel/runtime 7.25.7,Medium,1,386951
@babel/runtime-corejs2 7.5.5,Medium,1,386951
@octokit/plugin-paginate-rest 6.1.2,Medium,1,386951
@octokit/request 6.2.8,Medium,1,386951
@octokit/request-error 3.0.3,Medium,1,386951
axios 0.24.0,Medium,1,386951
brace-expansion 4.0.0,Medium,1,386951
ejs 3.1.9,Medium,1,386951
fast-xml-parser 5.3.0,Medium,1,386951
grunt 1.3.0,Medium,1,386951
js-yaml 3.5.3,Medium,1,386951
locutus 2.0.16,Medium,1,386951
markdown-it 12.0.4,Medium,1,386951
markdown-to-jsx 7.3.2,Medium,1,386951
qs 6.11.2,Medium,1,386951
react-router 6.23.0,Medium,1,386951
react-router 6.3.0,Medium,1,386951
smol-toml 1.3.4,Medium,1,386951
undici 5.28.2,Medium,1,386951
yaml 2.3.4,Medium,1,386951
yaml 2.6.1,Medium,1,386951
yargs-parser 2.4.1,Medium,1,386951
requests 2.32.5,Medium,3,377668
js-yaml 3.13.1,Medium,3,294228
jinja2 3.0.0,Medium,3,291486
underscore.string 2.3.3,Medium,4,276251
drupal/core 9.8.0,Medium,1,268561
drupal/core-recommended 9.8.0,Medium,1,268561
smol-toml 1.4.2,Medium,1,268561
yaml 2.8.0,Medium,1,268561
@babel/runtime 7.22.6,Medium,2,255234
react-router 6.30.1,Medium,2,255234
jinja2 3.1.5,Medium,2,254910
requests 2.32.4,Medium,4,254060
qs 6.5.2,Medium,4,252068
lodash 3.10.1,Medium,5,219290
minimist 1.2.0,Medium,5,219290
minimist 0.0.8,Medium,6,217507
brace-expansion 5.0.3,Medium,4,211905
@babel/runtime 7.24.0,Medium,2,210963
@babel/runtime 7.19.0,Medium,2,202798
@babel/helpers 7.22.6,Medium,1,202659
activesupport 7.2.3,Medium,1,202659
bytes 1.10.1,Medium,2,202659
jruby-openssl 0.15.3,Medium,1,202659
rustls-webpki 0.103.6,Medium,1,202659
tar 0.4.44,Medium,1,202659
time 0.3.44,Medium,1,202659
protobuf-java 2.5.0,Medium,7,192382
fast-xml-parser 4.5.4,Medium,2,190379
markdown-it 8.4.2,Medium,3,188441
tunnel-agent 0.4.3,Medium,4,183309
github.com/go-viper/mapstructure/v2 v2.3.0,Medium,1,180955
github.com/golang/glog v1.2.2,Medium,1,180955
pynacl 1.5.0,Medium,2,178456
markdown-it 4.4.0,Medium,3,177041
github.com/docker/docker v28.5.2+incompatible,Medium,2,176342
dnspython 2.4.2,Medium,1,174761
ecdsa 0.19.0,Medium,1,174761
eventlet 0.39.0,Medium,1,174761
filelock 3.18.0,Medium,1,174761
flask-cors 5.0.0,Medium,1,174761
fonttools 4.43.0,Medium,1,174761
requests 2.32.3,Medium,2,174761
scikit-learn 1.3.1,Medium,1,174761
urllib3 2.3.0,Medium,2,174761
virtualenv 20.29.2,Medium,1,174761
werkzeug 2.3.7,Medium,1,174761
hive-exec 2.3.10,Medium,2,173675
hive-llap-common 2.3.10,Medium,1,170568
tinymce 6.8.6,Medium,2,170502
commons-lang3 3.17.0,Medium,2,166833
bl 1.0.3,Medium,3,164626
concat-stream 1.5.0,Medium,3,164626
moment-timezone 0.3.1,Medium,3,164626
ms 0.7.2,Medium,3,164626
shelljs 0.3.0,Medium,3,164626
tough-cookie 2.2.2,Medium,3,164626
web-auth/webauthn-lib 4.5.2,Medium,1,163635
qs 5.1.0,Medium,3,160447
qs 5.2.0,Medium,3,160447
guava 30.0-jre,Medium,1,159046
jackson-core 2.15.2,Medium,1,159046
kafka-clients 3.2.3,Medium,1,159046
engine.io 1.8.0,Medium,2,158358
jsonpointer 4.0.1,Medium,2,158358
parseuri 0.0.5,Medium,2,158358
socket.io 1.6.0,Medium,2,158358
socket.io-parser 2.3.1,Medium,2,158358
nanoid 3.3.6,Medium,5,154352
lodash 2.4.2,Medium,3,146223
serialize-javascript 6.0.0,Medium,3,143740
bl 0.9.5,Medium,2,139955
bl 1.1.2,Medium,2,136296
lodash 2.3.0,Medium,2,136296
parseuri 0.0.2,Medium,2,136296
parseuri 0.0.4,Medium,2,136296
request 2.74.0,Medium,2,136296
socket.io-parser 2.2.2,Medium,2,136296
socket.io-parser 2.2.4,Medium,2,136296
redis 4.5.1,Medium,1,132399
tough-cookie 2.3.4,Medium,2,132117
aquasecurity/trivy-action v0.33.1,Medium,1,130978
@babel/runtime 7.12.18,Medium,3,130497
bootstrap 3.3.7,Medium,1,130028
follow-redirects 1.14.7,Medium,1,130028
hosted-git-info 2.8.5,Medium,1,130028
jquery 3.3.1,Medium,1,130028
jsonschema2pojo-core 1.0.2,Medium,1,130028
markdown-it 6.0.1,Medium,1,130028
ms 0.6.2,Medium,1,130028
node-notifier 5.4.5,Medium,1,130028
npm 2.15.1,Medium,1,130028
qs 6.0.4,Medium,1,130028
qs 6.2.3,Medium,1,130028
request 2.69.0,Medium,1,130028
select2 4.0.0,Medium,1,130028
shelljs 0.2.6,Medium,1,130028
solr-core 8.11.2,Medium,1,130028
solr-solrj 8.11.2,Medium,1,130028
tar 4.4.19,Medium,1,130028
xmldom 0.1.31,Medium,1,130028
lodash 4.17.15,Medium,3,123264
ejs 3.1.8,Medium,2,123139
guzzlehttp/psr7 1.5.2,Medium,1,115807
laminas/laminas-diactoros 1.8.6,Medium,1,115807
laminas/laminas-form 2.13.0,Medium,1,115807
laminas/laminas-form 2.3.1,Medium,1,115807
laminas/laminas-form 2.4.0,Medium,1,115807
magento/product-community-edition 2.3.1,Medium,1,115807
paragonie/sodium_compat v1.9.1,Medium,1,115807
symfony/process 2.8.x-dev,Medium,1,115807
symfony/process v2.8.52,Medium,1,115807
symfony/process v4.1.11,Medium,1,115807
guava 16.0.1,Medium,1,115545
guava 22.0,Medium,1,115545
jetty-http 9.4.57.v20241219,Medium,1,115545
netty 3.10.5.Final,Medium,1,115545
plexus-utils 1.5.6,Medium,1,115545
commons-io 2.4,Medium,2,115410
phin 2.9.3,Medium,2,112464
lodash 2.4.1,Medium,1,111625
moment-timezone 0.5.5,Medium,1,111625
qs 0.6.6,Medium,1,111625
request 2.22.0,Medium,1,111625
tunnel-agent 0.3.0,Medium,1,111625
brace-expansion 5.0.2,Medium,2,108710
tough-cookie 3.0.1,Medium,3,107813
markdown 3.8,Medium,1,104572
torch 2.7.0,Medium,1,104572
werkzeug 3.1.5,Medium,1,104572
github.com/moby/moby v28.5.2+incompatible,Medium,1,104259
github.com/openfga/openfga v1.11.3,Medium,1,104259
@babel/runtime 7.18.9,Medium,1,102371
@nestjs/common 10.4.15,Medium,1,102371
astro 3.5.0,Medium,1,102371
devalue 4.3.3,Medium,1,102371
fast-xml-parser 5.3.6,Medium,1,102371
h3 1.15.3,Medium,1,102371
h3 2.0.1-rc.17,Medium,1,102371
jsondiffpatch 0.6.0,Medium,1,102371
langsmith 0.3.74,Medium,1,102371
nanotar 0.2.0,Medium,1,102371
next 14.2.35,Medium,1,102371
svelte 3.59.2,Medium,1,102371
svelte 4.2.8,Medium,1,102371
undici 5.29.0,Medium,1,102371
undici 7.18.2,Medium,1,102371
webpack-dev-server 4.11.0,Medium,1,102371
bn.js 4.12.2,Medium,3,97785
bn.js 5.2.2,Medium,3,97785
ws 6.2.1,Medium,2,94934
guava 11.0.2,Medium,4,93040
got 7.1.0,Medium,3,88139
activesupport 7.0.8,Medium,1,88008
activesupport 7.0.8.4,Medium,1,88008
rexml 3.2.6,Medium,1,88008
undici 6.23.0,Medium,1,88008
yaml 2.8.1,Medium,2,88008
logback-core 1.0.13,Medium,1,87080
dompurify 3.3.1,Medium,3,85627
"org.eclipse.paho.client.mqttv3 [1.2.5,)",Medium,1,85034
@babel/runtime 7.26.9,Medium,3,84441
esbuild 0.21.5,Medium,3,77096
@babel/helpers 7.23.2,Medium,3,73618
@babel/runtime 7.23.2,Medium,3,73618
httpclient 4.3.6,Medium,3,72985
@babel/helpers 7.24.5,Medium,2,70383
@babel/runtime 7.24.6,Medium,2,69573
bcpkix-jdk18on 1.78.1,Medium,2,69336
@babel/runtime 7.18.6,Medium,1,67376
fast-xml-parser 4.2.5,Medium,1,67376
fast-xml-parser 4.5.0,Medium,1,67376
js-yaml 4.0.0,Medium,1,67376
koa 2.7.0,Medium,1,67376
nanoid 3.1.20,Medium,1,67376
qs 4.0.0,Medium,1,67376
react-dev-utils 4.2.3,Medium,1,67376
webpack 5.51.1,Medium,1,67376
bootstrap 3.4.1,Medium,3,67025
commons-io @commons-io.version@,Medium,1,65973
commons-io @commons.io.version@,Medium,1,65973
@adobe/css-tools 4.2.0,Medium,1,65706
@angular/ssr 19.0.2,Medium,1,65706
@angular/ssr 20.0.3,Medium,1,65706
@babel/helpers 7.18.2,Medium,1,65706
@babel/runtime 7.18.3,Medium,1,65706
@babel/runtime-corejs3 7.18.3,Medium,1,65706
express 4.18.1,Medium,1,65706
postcss 8.4.14,Medium,1,65706
postcss 8.4.23,Medium,1,65706
qs 6.10.3,Medium,1,65706
webpack 5.73.0,Medium,1,65706
webpack-dev-server 4.9.2,Medium,1,65706
tar 6.1.11,Medium,2,64116
commons-compress 1.21,Medium,4,62890
junit 4.11,Medium,6,62204
guava 14.0.1,Medium,2,61994
activemq-client 5.15.9,Medium,1,59842
commons-lang3 3.3.2,Medium,1,59842
hive-exec 1.2.2,Medium,1,59842
hive-jdbc 1.2.2,Medium,1,59842
jackson-core 2.6.7,Medium,1,59842
jetty-http 9.4.44.v20210927,Medium,1,59842
jetty-server 9.4.44.v20210927,Medium,1,59842
jython-standalone 2.7.1,Medium,1,59842
mysql-connector-java 5.1.34,Medium,1,59842
org.eclipse.jgit 5.0.1.201806211838-r,Medium,1,59842
spark-core_2.10 1.6.1,Medium,1,59842
xercesImpl 2.11.0,Medium,1,59842
got 8.3.2,Medium,2,59809
esbuild 0.20.2,Medium,2,58413
activesupport 7.2.2.2,Medium,1,58088
aws-sdk-s3 1.198.0,Medium,1,58088
faraday 1.2.0,Medium,1,58088
junit 4.8.2,Medium,1,57433
logback-core 1.5.16,Medium,1,57433
log4j-core 2.17.1,Medium,2,54727
@babel/helpers 7.4.2,Medium,2,54664
hosted-git-info 2.5.0,Medium,2,54664
hosted-git-info 2.7.1,Medium,2,54664
minimist 1.1.3,Medium,2,54664
tar 4.4.8,Medium,2,54664
webpack-dev-server 3.11.3,Medium,2,53414
lodash 4.17.20,Medium,2,52819
@babel/helpers 7.12.1,Medium,1,52575
@babel/helpers 7.21.5,Medium,1,52575
@babel/helpers 7.22.10,Medium,1,52575
@babel/helpers 7.22.15,Medium,1,52575
@babel/runtime 7.10.4,Medium,1,52575
@babel/runtime 7.11.2,Medium,1,52575
@babel/runtime 7.22.10,Medium,1,52575
@babel/runtime 7.22.15,Medium,1,52575
@babel/runtime 7.23.1,Medium,1,52575
@babel/runtime 7.23.8,Medium,1,52575
@babel/runtime 7.3.1,Medium,1,52575
@babel/runtime 7.9.2,Medium,1,52575
@babel/runtime-corejs3 7.11.2,Medium,1,52575
@babel/runtime-corejs3 7.25.6,Medium,1,52575
@ckeditor/ckeditor5-html-support 46.0.3,Medium,1,52575
ajv 6.10.1,Medium,1,52575
ajv 6.10.2,Medium,1,52575
ajv 7.2.3,Medium,1,52575
ajv 8.14.0,Medium,1,52575
brace-expansion 1.1.8,Medium,1,52575
browserslist 4.6.2,Medium,1,52575
ckeditor4 4.22.1,Medium,1,52575
ckeditor5 46.0.3,Medium,1,52575
com.liferay.util.java 4.0.0,Medium,1,52575
dompurify 2.5.8,Medium,1,52575
esbuild 0.15.18,Medium,1,52575
esbuild 0.17.19,Medium,1,52575
esbuild 0.18.17,Medium,1,52575
estree-util-value-to-estree 3.2.1,Medium,1,52575
fast-xml-parser 4.4.1,Medium,1,52575
follow-redirects 1.15.4,Medium,1,52575
guava 13.0,Medium,1,52575
guava 18.0,Medium,1,52575
jackson-core 2.15.0,Medium,1,52575
javax.faces 2.2.18,Medium,1,52575
jetty-http 8.1.8.v20121106,Medium,1,52575
jetty-server 8.1.8.v20121106,Medium,1,52575
jspdf 3.0.4,Medium,1,52575
lodash-es 4.17.11,Medium,1,52575
lodash-es 4.17.4,Medium,1,52575
micromatch 3.1.0,Medium,1,52575
micromatch 3.1.5,Medium,1,52575
micromatch 4.0.2,Medium,1,52575
mjml 4.6.3,Medium,1,52575
next 15.5.10,Medium,1,52575
node-notifier 8.0.0,Medium,1,52575
postcss 7.0.18,Medium,1,52575
postcss 7.0.26,Medium,1,52575
postcss 8.4.27,Medium,1,52575
postcss 8.4.28,Medium,1,52575
postcss 8.4.30,Medium,1,52575
qs 6.11.1,Medium,1,52575
qs 6.7.3,Medium,1,52575
qs 6.9.6,Medium,1,52575
react-router 6.21.2,Medium,1,52575
shiro-core 1.1.0,Medium,1,52575
spring-context 4.1.2.RELEASE,Medium,1,52575
spring-context 4.1.9.RELEASE,Medium,1,52575
spring-core 4.1.2.RELEASE,Medium,1,52575
spring-core 4.1.9.RELEASE,Medium,1,52575
spring-expression 4.1.2.RELEASE,Medium,1,52575
spring-expression 4.1.9.RELEASE,Medium,1,52575
spring-security-core 5.5.1,Medium,1,52575
spring-web 4.1.2.RELEASE,Medium,1,52575
spring-web 4.1.9.RELEASE,Medium,1,52575
tar 6.1.15,Medium,1,52575
undici 5.0.0,Medium,1,52575
vite 3.2.7,Medium,1,52575
vite 4.4.7,Medium,1,52575
vite 4.4.9,Medium,1,52575
vite 4.5.1,Medium,1,52575
vite 4.5.14,Medium,1,52575
webpack 5.88.2,Medium,1,52575
ws 7.3.1,Medium,1,52575
yargs-parser 16.1.0,Medium,1,52575
jackson-core 2.18.0,Medium,1,51288
log4j-core 2.20.0,Medium,1,51288
logback-core 1.5.9,Medium,1,51288
neo4j 5.26.0,Medium,1,51288
rack 3.2.4,Medium,1,49903
junit 4.10,Medium,5,47969
github.com/docker/docker v24.0.0-rc.2.0.20230908212318-6ce5aa1cd5a4+incompatible,Medium,1,43748
golang.org/x/crypto v0.36.0,Medium,1,43748
golang.org/x/crypto v0.41.0,Medium,1,43748
bcpkix-jdk18on 1.78,Medium,1,42493
logback-core 1.3.15,Medium,1,42493
@babel/helpers 7.24.4,Medium,1,42359
@babel/runtime 7.17.2,Medium,1,42359
@babel/runtime 7.20.7,Medium,1,42359
@babel/runtime 7.24.5,Medium,1,42359
bl 1.2.2,Medium,1,42359
markdown-to-jsx 4.0.3,Medium,1,42359
meteor 0.0.1,Medium,1,42359
mysql 2.17.1,Medium,1,42359
xml2js 0.4.22,Medium,1,42359
rustls-webpki 0.102.8,Medium,2,40873
activesupport 4.2.11.1,Medium,2,40271
@intlify/core-base 10.0.3,Medium,1,35570
@intlify/shared 10.0.3,Medium,1,35570
dompurify 2.4.0,Medium,1,35570
fast-xml-parser 5.0.9,Medium,1,35570
guzzlehttp/psr7 1.8.2,Medium,1,35570
jquery 2.2.4,Medium,1,35570
moment-timezone 0.4.1,Medium,1,35570
nodemailer 6.7.3,Medium,1,35570
nodemailer 6.8.0,Medium,1,35570
phpoffice/phpspreadsheet 1.17.1,Medium,1,35570
prestashop/blockreassurance v5.1.1,Medium,1,35570
prestashop/productcomments v5.0.1,Medium,1,35570
prestashop/ps_contactinfo v3.3.0,Medium,1,35570
smarty/smarty v3.1.43,Medium,1,35570
socket.io 4.6.0,Medium,1,35570
symfony/process v6.4.26,Medium,1,35570
symfony/symfony v4.4.32,Medium,1,35570
tar 6.1.13,Medium,1,35570
tecnickcom/tcpdf 6.4.1,Medium,1,35570
tough-cookie 4.1.2,Medium,1,35570
twig/twig v3.3.8,Medium,1,35570
validator 13.15.15,Medium,1,35570
vue-i18n 10.0.3,Medium,1,35570
express 4.15.2,Medium,2,34598
js-yaml 3.8.3,Medium,2,34598
lodash 3.7.0,Medium,2,34598
markdown-it 4.3.0,Medium,2,34598
npm 2.14.10,Medium,2,34598
request 2.65.0,Medium,2,34598
tar 1.0.3,Medium,2,34598
xmldom 0.1.27,Medium,2,34598
commons-lang 2.4,Medium,3,34290
commons-lang3 3.12.0,Medium,3,31934
log4j-core 2.18.0,Medium,2,31285
junit 4.8.1,Medium,2,30156
mysql-connector-java 8.0.13,Medium,2,29808
commons-net 1.4.1,Medium,2,29244
commons-io 2.1,Medium,3,28845
commons-net 3.1,Medium,2,28811
jetty-server 9.4.51.v20230217,Medium,2,28675
ajv 4.11.7,Medium,1,28330
ambari 2.7.6,Medium,1,28330
brace-expansion 1.1.7,Medium,1,28330
checkstyle 8.9,Medium,1,28330
commons-compress 1.4.1,Medium,1,28330
commons-configuration2 2.8.0,Medium,1,28330
commons-lang3 3.9,Medium,1,28330
connect 1.9.2,Medium,1,28330
connect 2.8.8,Medium,1,28330
cookie-signature 1.0.1,Medium,1,28330
engine.io 1.8.3,Medium,1,28330
express 2.5.8,Medium,1,28330
express 3.3.8,Medium,1,28330
guava 27.0-jre,Medium,1,28330
hadoop-common 2.2.0,Medium,1,28330
handlebars 1.0.12,Medium,1,28330
handlebars 2.0.0,Medium,1,28330
handlebars 4.0.6,Medium,1,28330
hosted-git-info 2.4.2,Medium,1,28330
httpclient 4.1.2,Medium,1,28330
is-my-json-valid 2.16.0,Medium,1,28330
jackson-core 2.18.2,Medium,1,28330
jackson-core 2.4.0,Medium,1,28330
jackson-databind 2.4.0,Medium,1,28330
jettison 1.1,Medium,1,28330
karma 1.6.0,Medium,1,28330
lodash 4.16.6,Medium,1,28330
log4js 0.6.38,Medium,1,28330
logback-core 1.2.13,Medium,1,28330
moment-timezone 0.5.13,Medium,1,28330
ms 0.7.0,Medium,1,28330
ms 0.7.3,Medium,1,28330
netty 3.7.0.Final,Medium,1,28330
nimbus-jose-jwt 5.9,Medium,1,28330
node-notifier 5.1.2,Medium,1,28330
node-sass 3.13.1,Medium,1,28330
nwmatcher 1.3.9,Medium,1,28330
qs 0.4.2,Medium,1,28330
qs 0.6.5,Medium,1,28330
qs 5.2.1,Medium,1,28330
request 2.53.0,Medium,1,28330
request 2.67.0,Medium,1,28330
send 0.1.4,Medium,1,28330
snappy-java 1.0.4.1,Medium,1,28330
socket.io 1.7.3,Medium,1,28330
spring-context 4.0.5.RELEASE,Medium,1,28330
spring-context 6.0.23,Medium,1,28330
spring-core 4.0.5.RELEASE,Medium,1,28330
spring-expression 4.0.5.RELEASE,Medium,1,28330
spring-ldap-core 2.3.2.RELEASE,Medium,1,28330
spring-security-core 6.0.8,Medium,1,28330
spring-web 4.0.5.RELEASE,Medium,1,28330
spring-web 6.0.23,Medium,1,28330
spring-webmvc 4.0.5.RELEASE,Medium,1,28330
spring-webmvc 6.0.23,Medium,1,28330
spring-websocket 6.0.23,Medium,1,28330
useragent 2.1.13,Medium,1,28330
xstream 1.4.7,Medium,1,28330
yamlbeans 1.13,Medium,1,28330
dompurify 3.3.0,Medium,3,28248
activemq-core 5.7.0,Medium,1,28178
guava 29.0-jre,Medium,1,28178
snappy-java 1.1.8.4,Medium,1,28178
nokogiri 1.13.6,Medium,1,27494
pygments 2.7.4,Medium,1,27494
rack 1.6.12,Medium,1,27494
dapphp/securimage dev-mantis,Medium,1,26339
golang.org/x/crypto v0.27.0,Medium,1,25920
stdlib go1.21.13,Medium,1,25920
@babel/helpers 7.26.7,Medium,1,22940
elasticsearch 7.17.27,Medium,1,22940
hive-llap-common 2.3.4,Medium,1,22940
jackson-core 2.15.4,Medium,1,22940
webpack-dev-server 5.2.0,Medium,1,22940
symfony/process v7.4.3,Medium,1,22808
dompurify 3.2.7,Medium,1,21966
junit 4.12,Medium,4,19835
dompurify 3.0.6,Medium,1,18954
katex 0.16.9,Medium,1,18954
league/commonmark 2.4.1,Medium,1,18954
symfony/process v6.4.3,Medium,1,18954
@babel/helpers 7.26.9,Medium,2,18735
qs 1.0.2,Medium,1,18683
request 2.40.0,Medium,1,18683
netty-codec 4.1.73.Final,Medium,1,18048
netty-common 4.1.73.Final,Medium,1,18048
netty-handler 4.1.73.Final,Medium,1,18048
postgresql 42.1.1.jre7,Medium,1,18048
@babel/runtime 7.13.10,Medium,1,16978
mysql2 2.3.3,Medium,1,16978
postcss 8.4.24,Medium,1,16978
commons-httpclient 3.1,Medium,3,16246
Python 3.10.10,Medium,1,16071
commonmarker 0.17.13,Medium,2,15966
junit 4.13,Medium,1,15250
mysql-connector-java 5.1.15,Medium,1,15250
nokogiri 1.18.10-x86_64-linux-gnu,Medium,2,14922
hive-exec 3.1.3,Medium,1,14544
zookeeper 3.9.3,Medium,1,14544
sshd-core 1.7.0,Medium,2,12997
aiohttp 3.5.4,Medium,1,12777
certifi 2019.6.16,Medium,1,12777
cryptography 2.7,Medium,1,12777
idna 2.8,Medium,1,12777
nokogiri 1.10.4,Medium,1,12777
pygments 2.4.2,Medium,1,12777
pynacl 1.3.0,Medium,1,12777
requests 2.22.0,Medium,1,12777
urllib3 1.25.3,Medium,1,12777
com.liferay.portal.kernel 2.0.0,Medium,1,12500
commons-io 2.2,Medium,1,12500
hibernate-validator 5.3.6.Final,Medium,1,12500
javax.el 3.0.0,Medium,1,12500
jsoup 1.14.3,Medium,1,12500
log4j-core 2.8.2,Medium,1,12500
org.apache.karaf.config.core 4.2.1,Medium,1,12500
org.apache.karaf.management.server 4.2.1,Medium,1,12500
org.eclipse.jgit 3.5.1.201410131835-r,Medium,1,12500
pax-logging-log4j2 1.10.1,Medium,1,12500
plexus-utils 3.0.17,Medium,1,12500
vaadin-server 8.14-SNAPSHOT,Medium,1,12500
nokogiri 1.19.1-aarch64-linux-musl,Medium,1,12200
next 15.2.1,Medium,1,11501
vite 4.5.9,Medium,1,11501
vite 6.2.0,Medium,1,11501
guzzlehttp/psr7 2.4.3,Medium,1,10658
micromatch 4.0.4,Medium,1,10658
webpack 5.66.0,Medium,1,10658
aws-sdk-s3 1.182.0,Medium,1,9443
nanoid 5.0.8,Medium,1,9443
nokogiri 1.18.10-aarch64-linux-gnu,Medium,1,9443
nokogiri 1.18.10-aarch64-linux-musl,Medium,1,9443
nokogiri 1.18.10-arm-linux-gnu,Medium,1,9443
nokogiri 1.18.10-arm-linux-musl,Medium,1,9443
nokogiri 1.18.10-arm64-darwin,Medium,1,9443
nokogiri 1.18.10-x86_64-darwin,Medium,1,9443
nokogiri 1.18.10-x86_64-linux-musl,Medium,1,9443
locutus 3.0.24,Medium,1,9125
commons-lang3 3.11,Medium,2,8835
commons-lang3 3.7,Medium,1,8575
@babel/helpers 7.24.0,Medium,1,8304
mdast-util-to-hast 13.1.0,Medium,1,8304
next 14.1.3,Medium,1,8304
webpack 5.90.3,Medium,1,8304
file-type 16.5.4,Medium,3,7926
dompurify 3.2.4,Medium,2,7796
fast-xml-parser 4.5.3,Medium,2,7796
axios 0.26.1,Medium,1,7599
jquery-validation 1.19.5,Medium,1,7599
jszip 3.7.1,Medium,1,7599
moment-timezone 0.5.34,Medium,1,7599
summernote 0.8.20,Medium,1,7599
@babel/runtime-corejs3 7.26.9,Medium,1,7234
browserslist 4.14.2,Medium,1,7234
estree-util-value-to-estree 3.3.2,Medium,1,7234
highlight.js 9.18.5,Medium,1,7234
mermaid 11.4.1,Medium,1,7234
netty 3.10.6.Final,Medium,1,7234
nimbus-jose-jwt 9.37.2,Medium,1,7234
bcpkix-jdk15on 1.70,Medium,2,7180
bcprov-jdk15on 1.70,Medium,2,7180
guava 31.1-jre,Medium,2,7180
@angular/core 9.0.0,Medium,1,6867
@angular/ssr 20.3.3,Medium,1,6867
@octokit/plugin-paginate-rest 11.3.1,Medium,1,6867
esbuild 0.19.2,Medium,1,6867
hono 4.12.5,Medium,1,6867
jose 4.14.4,Medium,1,6867
koa 3.0.1,Medium,1,6867
next 14.0.4,Medium,1,6867
next 14.2.16,Medium,1,6867
picomatch 4.0.1,Medium,1,6867
tar 7.5.1,Medium,1,6867
tinymce 6.8.3,Medium,1,6867
undici 5.28.4,Medium,1,6867
undici 7.22.0,Medium,1,6867
webpack 5.64.0,Medium,1,6867
@babel/runtime 7.24.4,Medium,1,6683
amqp-client 5.17.0,Medium,1,6683
commons-net 3.7.2,Medium,1,6683
esapi 2.1.0.1,Medium,1,6683
fast-xml-parser 4.3.0,Medium,1,6683
groovy-all 2.4.17,Medium,1,6683
jackson-core 2.13.3,Medium,1,6683
kafka-clients 2.7.0,Medium,1,6683
log4j-core 2.19.0,Medium,1,6683
spring-context 5.3.26,Medium,1,6683
spring-web 5.3.26,Medium,1,6683
tomcat-embed-core 10.0.22,Medium,1,6683
vue-i18n 9.2.2,Medium,1,6683
xmlrpc-common 3.1.3,Medium,1,6683
markdown-it 14.1.0,Medium,3,6490
js-yaml 3.7.0,Medium,2,6330
pug 3.0.2,Medium,1,6324
brace-expansion 1.1.6,Medium,1,6268
handlebars 3.0.3,Medium,1,6268
jsonpointer 4.1.0,Medium,1,6268
qs 6.2.4,Medium,1,6268
jinja2 3.1.2,Medium,4,6183
requests 2.31.0,Medium,3,5859
codemirror 5.48.2,Medium,1,5838
esbuild 0.18.14,Medium,1,5838
express-brute 1.0.1,Medium,1,5838
fast-xml-parser 5.2.5,Medium,1,5838
jsonwebtoken 8.5.1,Medium,1,5838
nodemailer 6.10.1,Medium,1,5838
parse-uri 1.0.7,Medium,1,5838
react-router 7.9.4,Medium,1,5838
tar 6.1.14,Medium,1,5838
undici 5.22.1,Medium,1,5838
validator 13.12.0,Medium,1,5838
validator 7.2.0,Medium,1,5838
vite 5.4.20,Medium,1,5838
vue-template-compiler 2.7.14,Medium,1,5838
velocity-tools 2.0,Medium,2,5677
angular 0.0.0-use.local,Medium,1,5479
nokogiri 1.18.10-java,Medium,1,5479
step-security/harden-runner v2.15.1,Medium,1,5105
drools-core 6.0.0.Final-jahia2,Medium,1,4763
jackrabbit-core 2.22.0-jahia1,Medium,1,4763
jackrabbit-jcr-commons 2.22.0-jahia1,Medium,1,4763
jackson-core 2.19.0,Medium,1,4763
log4j-core 2.23.1,Medium,1,4763
org.apache.felix.webconsole 4.3.16-jahia3,Medium,1,4763
shiro-spring 1.13.0,Medium,1,4763
solr-core 3.6.2-jahia1,Medium,1,4763
spring-context 3.2.18.RELEASE_OSGI,Medium,1,4763
spring-core 3.2.18.RELEASE_OSGI,Medium,1,4763
spring-web 3.2.18.jahia5_OSGI,Medium,1,4763
validator 13.7.0,Medium,1,4763
commons-httpclient 3.0.1,Medium,2,4711
@angular/core 4.4.7,Medium,1,4241
angular 1.5.9,Medium,1,4241
angular-sanitize 1.8.3,Medium,1,4241
bn.js 4.11.6,Medium,1,4241
postcss 6.0.8,Medium,1,4241
commons-compress 1.14,Medium,1,4230
commons-io 1.3.2,Medium,1,4230
groovy 2.5.5,Medium,1,4230
groovy-all 2.5.5,Medium,1,4230
guava 22.0-android,Medium,1,4230
jackson-core 2.10.1,Medium,1,4230
jython-standalone 2.5.2,Medium,1,4230
poi 3.17,Medium,1,4230
poi-ooxml 3.17,Medium,1,4230
poi-scratchpad 3.17,Medium,1,4230
spark-core_2.10 1.1.1,Medium,1,4230
spark-core_2.10 1.6.3,Medium,1,4230
spark-core_2.10 2.4.0,Medium,1,4230
spark-core_2.12 3.0.0,Medium,1,4230
libarchive 3.8.1,Medium,1,4086
zlib 1.3.1,Medium,1,4086
anstream 0.5.0,Medium,1,4040
bytes 1.10.0,Medium,1,4040
jinja2 3.1.4,Medium,1,4040
protobuf 3.7.1,Medium,1,4040
ring 0.17.11,Medium,1,4040
time 0.3.38,Medium,1,4040
idna 3.6,Medium,2,3770
black 23.12.1,Medium,1,3695
cryptography 42.0.5,Medium,1,3695
markdown 3.5.1,Medium,1,3695
urllib3 2.1.0,Medium,1,3695
urllib3 2.2.1,Medium,1,3695
undici 7.16.0,Medium,1,3416
validate.js 0.12.0,Medium,1,3416
vite 6.3.5,Medium,1,3416
vite 7.1.2,Medium,1,3416
activesupport 4.2.10,Medium,1,3189
nokogiri 1.10.8,Medium,1,3189
guava 14.0,Medium,1,3107
jackson-core 2.13.1,Medium,1,3107
jetty-server 9.4.53.v20231009,Medium,1,3107
json-path 2.7.0,Medium,1,3107
kafka-clients 2.8.2,Medium,1,3107
poi-ooxml 4.1.2,Medium,1,3107
protobuf-java 3.4.0,Medium,1,3107
spring-security-core 5.7.12,Medium,1,3107
spring-webmvc 5.3.31,Medium,1,3107
tomcat-embed-core 9.0.90,Medium,1,3107
hawtjni-runtime 1.5,Medium,1,3058
minimist 0.0.10,Medium,2,2928
aws/aws-sdk-php 3.359.13,Medium,1,2851
paragonie/sodium_compat v2.4.0,Medium,1,2851
certifi 2018.8.24,Medium,1,2846
flask-cors 3.0.2,Medium,1,2846
idna 2.7,Medium,1,2846
jinja2 2.10,Medium,1,2846
lxml 4.2.5,Medium,1,2846
requests 2.1.0,Medium,1,2846
urllib3 1.23,Medium,1,2846
werkzeug 0.14.1,Medium,1,2846
golang.org/x/net v0.7.0,Medium,2,2532
idna 3.4,Medium,2,2413
webpack 5.74.0,Medium,2,2228
yargs-parser 10.1.0,Medium,2,2228
activesupport 4.1.10,Medium,1,2177
bootstrap-sass 3.3.5.1,Medium,1,2177
excon 0.45.1,Medium,1,2177
haml 4.0.6,Medium,1,2177
nokogiri 1.8.2,Medium,1,2177
rack 1.6.0,Medium,1,2177
redcarpet 3.3.4,Medium,1,2177
github.com/golang/glog v0.0.0-20210429001901-424d2337a529,Medium,1,2152
github.com/ulikunitz/xz v0.5.5,Medium,1,2152
go.mongodb.org/mongo-driver v1.1.2,Medium,1,2152
golang.org/x/crypto v0.0.0-20190820162420-60c769a6c586,Medium,1,2152
golang.org/x/crypto v0.0.0-20200622213623-75b288015ac9,Medium,1,2152
golang.org/x/crypto v0.1.0,Medium,1,2152
golang.org/x/net v0.0.0-20200625001655-4c5254603344,Medium,1,2152
golang.org/x/net v0.0.0-20210825183410-e898025ed96a,Medium,1,2152
golang.org/x/sys v0.0.0-20200323222414-85ca7c5b95cd,Medium,1,2152
golang.org/x/sys v0.0.0-20210831042530-f4d43177bf5e,Medium,1,2152
golang.org/x/text v0.3.2,Medium,1,2152
google.golang.org/protobuf v1.25.0,Medium,1,2152
grpc-protobuf 1.54.1,Medium,1,2152
guava 31.0.1-jre,Medium,1,2152
jackson-core 2.13.5,Medium,1,2152
jetty-server 9.4.46.v20220331,Medium,1,2152
k8s.io/apimachinery v0.0.0-20190817020851-f2f3a405f61d,Medium,1,2152
k8s.io/apimachinery v0.17.1-beta.0,Medium,1,2152
k8s.io/apiserver v0.0.0-20190918200908-1e17798da8c1,Medium,1,2152
k8s.io/client-go v0.0.0-20190918200256-06eb1244587a,Medium,1,2152
k8s.io/client-go v0.17.0,Medium,1,2152
k8s.io/client-go v0.18.10,Medium,1,2152
k8s.io/kubernetes v1.15.4,Medium,1,2152
s3proxy 2.0.0,Medium,1,2152
stdlib go1.17,Medium,1,2152
@babel/helpers 7.10.4,Medium,1,2089
ajv 6.10.0,Medium,1,2089
bn.js 5.1.2,Medium,1,2089
browserslist 4.13.0,Medium,1,2089
browserslist 4.5.2,Medium,1,2089
color-string 1.5.3,Medium,1,2089
dompurify 2.4.7,Medium,1,2089
elliptic 6.4.1,Medium,1,2089
elliptic 6.5.3,Medium,1,2089
grunt 1.0.2,Medium,1,2089
grunt 1.0.3,Medium,1,2089
handlebars 4.1.1,Medium,1,2089
hosted-git-info 2.6.0,Medium,1,2089
https-proxy-agent 2.2.1,Medium,1,2089
js-yaml 3.13.0,Medium,1,2089
js-yaml 3.5.5,Medium,1,2089
lodash 4.17.10,Medium,1,2089
lodash 4.17.5,Medium,1,2089
minimist 0.1.0,Medium,1,2089
nanoid 0.2.2,Medium,1,2089
nanoid 1.3.4,Medium,1,2089
node-notifier 5.4.0,Medium,1,2089
npm 5.10.0,Medium,1,2089
npm 5.8.0,Medium,1,2089
npm-registry-fetch 1.1.1,Medium,1,2089
postcss 7.0.14,Medium,1,2089
qs 6.6.0,Medium,1,2089
request 2.87.0,Medium,1,2089
serialize-javascript 3.1.0,Medium,1,2089
shelljs 0.8.3,Medium,1,2089
shelljs 0.8.4,Medium,1,2089
tar 4.4.4,Medium,1,2089
underscore.string 3.3.4,Medium,1,2089
urllib3 2.0.6,Medium,1,2089
useragent 2.3.0,Medium,1,2089
ws 5.2.2,Medium,1,2089
ws 6.2.0,Medium,1,2089
yargs-parser 9.0.2,Medium,1,2089
guava 25.1-jre,Medium,2,1975
league/commonmark 2.7.0,Medium,1,1940
shelljs 0.7.8,Medium,1,1940
tinymce 6.8.5,Medium,1,1940
composer 2.7.2,Medium,1,1865
symfony/process v4.4.44,Medium,1,1865
guzzlehttp/psr7 2.2.1,Medium,1,1513
laravel/framework v8.83.15,Medium,1,1513
league/commonmark 2.3.1,Medium,1,1513
maximebf/debugbar v1.18.0,Medium,1,1513
nesbot/carbon 2.58.0,Medium,1,1513
symfony/http-kernel v5.4.9,Medium,1,1513
symfony/process v5.4.8,Medium,1,1513
twig/twig v2.15.1,Medium,1,1513
ant 1.9.15,Medium,1,1478
cassandra-all 3.11.3,Medium,1,1478
hibernate-core 4.2.21.Final,Medium,1,1478
hibernate-core 5.1.5.Final,Medium,1,1478
jackson-core 2.16.0,Medium,1,1478
jetty-http 9.4.58.v20250814,Medium,1,1478
spring-context 5.3.39,Medium,1,1478
xstream 1.4.8,Medium,1,1478
dompurify 3.2.5,Medium,1,1472
jackson-core 2.12.4,Medium,1,1472
logback-core 1.2.3,Medium,1,1472
snakeyaml 1.13,Medium,1,1472
spring-context 5.2.15.RELEASE,Medium,1,1472
spring-core 5.2.15.RELEASE,Medium,1,1472
spring-web 5.2.15.RELEASE,Medium,1,1472
zookeeper 3.4.5,Medium,3,1429
commons-lang3 3.4,Medium,2,1395
activemq-core 5.5.1,Medium,1,914
esapi 2.1.0,Medium,1,914
guava 12.0.1,Medium,1,914
jetty 6.1.14,Medium,1,914
jetty 6.1.6,Medium,1,914
jsoup 1.8.3,Medium,1,914
shiro-core 1.2.3,Medium,1,914
shiro-web 1.2.3,Medium,1,914
xercesImpl 2.10.0,Medium,1,914
ejs 2.7.4,Medium,1,839
http-proxy-middleware 1.3.1,Medium,1,839
locutus 2.0.39,Medium,1,839
vue-template-compiler 2.7.15,Medium,1,839
log4j-core 2.1,Medium,1,707
netty 3.6.6.Final,Medium,1,707
netty-all 4.0.4.Final,Medium,1,707
hybridauth/hybridauth v3.12.1,Medium,1,660
ant 1.9.2,Medium,1,643
hadoop-common 2.6.0,Medium,1,643
zip4j 1.3.2,Medium,1,643
github.com/canonical/lxd v0.0.0-20251125210512-b190d213bd11,Medium,1,538
github.com/go-jose/go-jose/v3 v3.0.3,Medium,1,538
commons-compress 1.22,Medium,1,497
guava 13.0.1,Medium,1,497
guava 20.0,Medium,1,497
hadoop-common 2.3.0,Medium,1,497
httpclient 4.5.2,Medium,1,497
jackson-core 2.15.1,Medium,1,497
libthrift 0.9.3,Medium,1,497
logback-core 1.2.11,Medium,1,497
logback-core 1.2.8,Medium,1,497
netty-codec-http 4.1.75.Final,Medium,1,497
netty-handler 4.1.75.Final,Medium,1,497
org.eclipse.jgit 5.9.0.202009080501-r,Medium,1,497
snappy-java 1.1.1.7,Medium,1,497
spark-core_2.12 3.1.1,Medium,1,497
guava 21.0,Medium,1,481
@babel/runtime 7.21.0,Medium,1,444
dom-iterator 1.0.0,Medium,1,444
dompurify 2.4.3,Medium,1,444
guava 19.0,Medium,1,444
undici 7.18.0,Medium,1,444
github.com/jackc/pgx/v5 v5.1.1,Medium,1,380
github.com/mholt/archiver/v3 v3.3.1-0.20191129193105-44285f7ed244,Medium,1,380
github.com/nwaples/rardecode v1.0.0,Medium,1,380
github.com/ulikunitz/xz v0.5.10,Medium,1,380
golang.org/x/crypto v0.3.0,Medium,1,380
google.golang.org/protobuf v1.27.1,Medium,1,380
pygments 2.14.0,Medium,1,324
requests 2.28.2,Medium,1,324
tornado 6.3.2,Medium,1,324
urllib3 1.26.14,Medium,1,324
zipp 3.11.0,Medium,1,324
@babel/runtime 7.12.0,Medium,1,244
activerecord 7.1.5.1,Medium,1,244
activestorage 7.1.5.1,Medium,1,244
activesupport 7.1.5.1,Medium,1,244
carrierwave 1.3.4,Medium,1,244
devise 4.9.4,Medium,1,244
jquery-ui-rails 6.0.1,Medium,1,244
nokogiri 1.16.8,Medium,1,244
rack 3.1.8,Medium,1,244
rack-session 2.0.0,Medium,1,244
react-draft-wysiwyg 1.14.5,Medium,1,244
striptags 2.2.1,Medium,1,244
maximebf/debugbar v1.11.1,Medium,1,190
swiftmailer/swiftmailer v5.4.5,Medium,1,190
symfony/http-foundation v3.0.9,Medium,1,190
symfony/process v3.2.2,Medium,1,190
twig/twig v1.31.0,Medium,1,190
@babel/runtime 7.19.4,Medium,1,139
@sideway/formula 3.0.0,Medium,1,139
postcss 8.4.18,Medium,1,139
webpack-dev-server 4.11.1,Medium,1,139
yaml 2.1.1,Medium,1,139
symfony/process v7.3.0,Medium,1,101
lodash 4.2.1,Medium,1,82
solr-core 9.4.1,Medium,1,82
undici 7.21.0,Medium,1,82
xwiki-platform-oldcore [18.3.0-SNAPSHOT],Medium,1,82
cbor2 5.4.2.post1,Medium,1,75
cbor2 5.4.6,Medium,1,75
cbor2 5.6.2,Medium,1,75
cryptography 3.4.8,Medium,1,75
cryptography 42.0.8,Medium,1,75
idna 2.10,Medium,1,75
jinja2 3.0.3,Medium,2,75
lxml 4.8.0,Medium,1,75
pypdf 5.4.0,Medium,1,75
pypdf2 1.26.0,Medium,1,75
pypdf2 2.12.1,Medium,1,75
python-ldap 3.4.0,Medium,1,75
python-ldap 3.4.4,Medium,1,75
requests 2.25.1,Medium,1,75
urllib3 1.26.5,Medium,2,75
urllib3 2.0.7,Medium,1,75
werkzeug 2.0.2,Medium,1,75
werkzeug 2.2.2,Medium,1,75
werkzeug 3.0.1,Medium,1,75
next 15.5.12,Medium,1,39
smol-toml 1.6.0,Medium,1,39
undici 7.19.0,Medium,1,39
commons-lang 2.5,Medium,1,34
jettison 1.3.5,Medium,1,34
jetty-server 9.2.10.v20150310,Medium,1,34
jython-standalone 2.5.3,Medium,1,34
django 3.0.4,Medium,1,2
pillow 7.0.0,Medium,1,2
bcpkix-jdk15on 1.69,Medium,1,0
bcprov-jdk15on 1.69,Medium,1,0
geshi/geshi dev-master,Medium,1,0
github.com/pion/dtls/v2 v2.2.7,Medium,1,0
golang.org/x/crypto v0.44.0,Medium,1,0
jetty-http 11.0.25,Medium,1,0
keycloak-services 25.0.6,Medium,1,0
mockserver 5.6.1,Medium,1,0
requests 2.27.1,Medium,1,0
scikit-learn 0.24.2,Medium,1,0
scikit-learn 1.2.2,Medium,1,0
step-security/harden-runner v2.15.0,Medium,1,0
twig/twig v3.8.0,Medium,1,0
@tootallnate/once 2.0.0,Low,15,2518785
brace-expansion 1.1.11,Low,26,2455072
qs 6.11.0,Low,9,2088135
cookie 0.4.2,Low,6,1821167
on-headers 1.0.2,Low,16,1803357
qs 6.13.0,Low,15,1675919
handlebars 4.7.8,Low,13,1554822
diff 3.5.0,Low,4,1436950
diff 4.0.2,Low,6,1402692
webpack 5.97.1,Low,3,1346176
elliptic 6.5.4,Low,3,1329919
cookie 0.6.0,Low,5,1307160
debug 3.2.6,Low,4,1230513
brace-expansion 2.0.1,Low,16,1211868
cookie 0.4.0,Low,3,1118888
express 4.17.1,Low,3,1118888
qs 6.7.0,Low,3,1118888
send 0.17.1,Low,3,1118888
serve-static 1.14.1,Low,3,1118888
cookie 0.3.1,Low,5,1117889
debug 2.2.0,Low,4,1096732
elliptic 6.6.1,Low,8,1054113
qs 6.14.0,Low,8,1029254
es5-ext 0.10.53,Low,3,996459
ip 1.1.5,Low,3,990949
node-forge 0.10.0,Low,3,989699
diff 5.2.0,Low,4,985997
qs 6.12.1,Low,2,978644
on-headers 1.0.1,Low,3,970883
tmp 0.2.3,Low,7,949422
semver-regex 2.0.0,Low,2,943519
send 0.17.2,Low,2,939701
serve-static 1.14.2,Low,2,939701
clean-css 3.4.23,Low,1,936285
clean-css 4.1.7,Low,1,936285
clean-css 4.1.9,Low,1,936285
debug 2.6.7,Low,1,936285
debug 2.6.8,Low,1,936285
debug 4.1.0,Low,1,936285
elliptic 6.4.0,Low,1,936285
es5-ext 0.10.29,Low,1,936285
es5-ext 0.10.35,Low,1,936285
express 4.14.0,Low,1,936285
express 4.15.4,Low,1,936285
express 4.16.2,Low,1,936285
express 4.17.3,Low,1,936285
node-forge 0.6.33,Low,1,936285
qs 6.9.7,Low,1,936285
send 0.14.1,Low,1,936285
send 0.15.3,Low,1,936285
send 0.15.4,Low,1,936285
send 0.15.6,Low,1,936285
send 0.16.1,Low,1,936285
serve-static 1.11.1,Low,1,936285
serve-static 1.12.3,Low,1,936285
serve-static 1.12.4,Low,1,936285
serve-static 1.13.1,Low,1,936285
webpack 5.82.1,Low,1,936285
webpack 5.93.0,Low,1,936285
diff 7.0.0,Low,6,812697
send 0.18.0,Low,7,762588
serve-static 1.15.0,Low,6,743905
tmp 0.0.33,Low,10,684686
angular 1.6.10,Low,2,670532
cookie 0.5.0,Low,5,643173
@tootallnate/once 1.1.2,Low,8,632874
qs 6.14.1,Low,4,569998
angular 1.8.3,Low,2,544745
tmp 0.0.30,Low,2,543920
express 4.18.2,Low,5,541246
angular 1.5.11,Low,1,540504
angular 1.7.9,Low,1,540504
send 0.16.2,Low,1,540504
serve-static 1.13.2,Low,1,540504
ip 2.0.0,Low,4,515913
uri 1.0.3,Low,2,462036
webpack 5.89.0,Low,3,458480
diff 5.1.0,Low,4,446294
min-document 2.19.0,Low,3,439526
cryptography 46.0.5,Low,4,435429
tmp 0.1.0,Low,3,415077
action_text-trix 2.1.16,Low,1,403948
loofah 2.25.0,Low,1,403948
rexml 3.4.0,Low,1,403948
sinatra 4.1.1,Low,1,403948
trix 2.0.5,Low,1,403948
formidable 2.1.2,Low,2,392789
aws-sdk 2.1515.0,Low,1,386951
brace-expansion 4.0.0,Low,1,386951
fast-xml-parser 5.3.0,Low,1,386951
qs 6.11.2,Low,1,386951
undici 5.28.2,Low,1,386951
webpack 5.99.7,Low,1,386951
pygments 2.19.2,Low,5,364222
diff 5.0.0,Low,2,335937
webpack 5.102.1,Low,3,316758
pygments 2.19.1,Low,3,279333
drupal/core 9.8.0,Low,1,268561
drupal/core-recommended 9.8.0,Low,1,268561
express 4.19.2,Low,2,268365
clean-css 3.4.28,Low,4,240326
tmp 0.0.28,Low,7,213795
hadoop-common 3.3.4,Low,3,189528
cryptography 44.0.2,Low,1,174761
flask 2.3.3,Low,1,174761
pyopenssl 25.0.0,Low,1,174761
chownr 1.0.1,Low,4,166715
moment-timezone 0.3.1,Low,3,164626
npm-user-validate 0.1.5,Low,3,164626
guava 30.0-jre,Low,1,159046
hadoop-common 2.10.2,Low,1,159046
log4j-core @log4j.version@,Low,1,159046
wiremock-jre8 2.32.0,Low,1,159046
debug 0.7.4,Low,2,158358
debug 2.3.3,Low,2,158358
debug 1.0.2,Low,1,130028
debug 1.0.3,Low,1,130028
debug 1.0.4,Low,1,130028
debug 2.1.0,Low,1,130028
diff 2.2.3,Low,1,130028
solr-core 8.11.2,Low,1,130028
commons-configuration 1.10,Low,2,122228
composer/composer 2.2.17,Low,1,115807
monolog/monolog 1.11.0,Low,1,115807
guava 16.0.1,Low,1,115545
guava 22.0,Low,1,115545
jetty-http 9.4.57.v20241219,Low,1,115545
wiremock-jre8-standalone 2.32.0,Low,1,115545
moment-timezone 0.5.5,Low,1,111625
pygments 2.18.0,Low,1,104572
torch 2.7.0,Low,1,104572
ai 4.3.16,Low,1,102371
astro 3.5.0,Low,1,102371
devalue 4.3.3,Low,1,102371
fast-xml-parser 5.3.6,Low,1,102371
nuxt 3.17.7,Low,1,102371
debug 4.1.1,Low,3,97023
guava 11.0.2,Low,4,93040
rexml 3.4.1,Low,2,88252
logback-core 1.0.13,Low,1,87080
@smithy/config-resolver 2.0.4,Low,1,67376
aws-sdk 2.1441.0,Low,1,67376
fast-xml-parser 4.2.5,Low,1,67376
fast-xml-parser 4.5.0,Low,1,67376
koa 2.7.0,Low,1,67376
webpack 5.51.1,Low,1,67376
jetty-http @project.version@,Low,1,65973
express 4.18.1,Low,1,65706
qs 6.10.3,Low,1,65706
webpack 5.73.0,Low,1,65706
guava 14.0.1,Low,2,61994
hadoop-common 2.8.5,Low,2,61320
hive-exec 1.2.2,Low,1,59842
jetty-http 9.4.44.v20210927,Low,1,59842
jetty-server 9.4.44.v20210927,Low,1,59842
mysql-connector-java 5.1.34,Low,1,59842
xmlunit-core 2.3.0,Low,1,59842
firebase/php-jwt v6.10.0,Low,1,57433
logback-core 1.5.16,Low,1,57433
semver-regex 1.0.0,Low,2,54664
brace-expansion 1.1.8,Low,1,52575
es5-ext 0.10.62,Low,1,52575
fast-xml-parser 4.4.1,Low,1,52575
guava 13.0,Low,1,52575
guava 18.0,Low,1,52575
jetty-http 8.1.8.v20121106,Low,1,52575
jetty-server 8.1.8.v20121106,Low,1,52575
jetty-xml 8.1.8.v20121106,Low,1,52575
marked 0.6.3,Low,1,52575
qs 6.11.1,Low,1,52575
qs 6.7.3,Low,1,52575
qs 6.9.6,Low,1,52575
sassdoc-extras 2.5.1,Low,1,52575
shiro-core 1.1.0,Low,1,52575
spring-context 4.1.2.RELEASE,Low,1,52575
spring-context 4.1.9.RELEASE,Low,1,52575
tmp 0.2.1,Low,1,52575
undici 5.0.0,Low,1,52575
vite 3.2.7,Low,1,52575
vite 4.4.7,Low,1,52575
vite 4.4.9,Low,1,52575
vite 4.5.1,Low,1,52575
vite 4.5.14,Low,1,52575
webpack 5.88.2,Low,1,52575
logback-core 1.5.9,Low,1,51288
neo4j 5.26.0,Low,1,51288
shiro-core 2.0.1,Low,1,51288
wiremock-jre8-standalone 2.35.0,Low,1,51288
github.com/docker/docker v24.0.0-rc.2.0.20230908212318-6ce5aa1cd5a4+incompatible,Low,1,43748
logback-core 1.3.15,Low,1,42493
aws-sdk 2.572.0,Low,1,42359
elliptic 6.5.5,Low,1,42359
diff 1.4.0,Low,3,40436
activesupport 4.2.11.1,Low,2,40271
@keycloak/keycloak-admin-client 26.0.0,Low,1,35570
fast-xml-parser 5.0.9,Low,1,35570
moment-timezone 0.4.1,Low,1,35570
nodemailer 6.7.3,Low,1,35570
nodemailer 6.8.0,Low,1,35570
symfony/symfony v4.4.32,Low,1,35570
twig/twig v3.3.8,Low,1,35570
webpack 5.95.0,Low,1,35570
clean-css 2.2.23,Low,2,34598
es5-ext 0.10.15,Low,2,34598
express 4.15.2,Low,2,34598
send 0.15.1,Low,2,34598
serve-static 1.12.1,Low,2,34598
webpack 5.99.8,Low,2,30630
commons-configuration 1.6,Low,3,28845
brace-expansion 1.1.7,Low,1,28330
clean-css 0.8.3,Low,1,28330
clean-css 2.0.8,Low,1,28330
clean-css 3.4.25,Low,1,28330
connect 1.9.2,Low,1,28330
cookie 0.1.0,Low,1,28330
debug 2.1.3,Low,1,28330
debug 2.6.1,Low,1,28330
debug 2.6.3,Low,1,28330
debug 2.6.4,Low,1,28330
debug 2.6.6,Low,1,28330
express 2.5.8,Low,1,28330
express 3.3.8,Low,1,28330
guava 27.0-jre,Low,1,28330
hadoop-common 2.2.0,Low,1,28330
hadoop-common 2.7.7,Low,1,28330
handlebars 4.0.6,Low,1,28330
logback-core 1.2.13,Low,1,28330
moment-timezone 0.5.13,Low,1,28330
send 0.1.4,Low,1,28330
spring-context 4.0.5.RELEASE,Low,1,28330
spring-context 6.0.23,Low,1,28330
spring-webmvc 6.0.23,Low,1,28330
tmp 0.0.24,Low,1,28330
tmp 0.0.31,Low,1,28330
guava 29.0-jre,Low,1,28178
hadoop-common 3.2.2,Low,1,28178
vue 2.7.16,Low,1,28024
nokogiri 1.13.6,Low,1,27494
pygments 2.7.4,Low,1,27494
rack 1.6.12,Low,1,27494
snowflake-jdbc 4.0.1,Low,1,25920
stdlib go1.21.13,Low,1,25920
symfony/http-foundation v6.4.3,Low,1,18954
webpack 5.98.0,Low,2,18735
diff 1.0.8,Low,1,18683
postgresql 42.1.1.jre7,Low,1,18048
vue 2.7.14,Low,1,16978
Python 3.10.10,Low,1,16071
mysql-connector-java 5.1.15,Low,1,15250
logback-core 1.3.16,Low,1,14544
aiohttp 3.5.4,Low,1,12777
cryptography 2.7,Low,1,12777
nokogiri 1.10.4,Low,1,12777
pygments 2.4.2,Low,1,12777
com.liferay.portal.kernel 2.0.0,Low,1,12500
log4j-core 2.8.2,Low,1,12500
next 15.2.1,Low,1,11501
vite 4.5.9,Low,1,11501
vite 6.2.0,Low,1,11501
webpack 5.66.0,Low,1,10658
webpack 5.99.9,Low,1,9443
next 14.1.3,Low,1,8304
webpack 5.90.3,Low,1,8304
fast-xml-parser 4.5.3,Low,2,7796
hadoop-common 3.3.6,Low,2,7731
moment-timezone 0.5.34,Low,1,7599
sweetalert2 11.4.26,Low,1,7599
ip 1.1.8,Low,2,7522
jetty-http 12.0.30,Low,1,7234
guava 31.1-jre,Low,2,7180
@eslint/plugin-kit 0.2.5,Low,1,6867
next 14.0.4,Low,1,6867
next 14.2.16,Low,1,6867
undici 5.28.4,Low,1,6867
webpack 5.64.0,Low,1,6867
fast-xml-parser 4.3.0,Low,1,6683
spring-context 5.3.26,Low,1,6683
brace-expansion 1.1.6,Low,1,6268
@smithy/config-resolver 4.1.5,Low,1,5838
fast-xml-parser 5.2.5,Low,1,5838
nodemailer 6.10.1,Low,1,5838
undici 5.22.1,Low,1,5838
angular 0.0.0-use.local,Low,1,5479
es5-ext 0.10.61,Low,1,4763
shiro-core 1.13.0,Low,1,4763
spring-context 3.2.18.RELEASE_OSGI,Low,1,4763
xmlunit-core 2.8.2,Low,1,4763
firebase/php-jwt v6.5.0,Low,1,4302
angular 1.5.9,Low,1,4241
guava 22.0-android,Low,1,4230
pypa/gh-action-pypi-publish release/v1,Low,3,4134
git2 0.20.2,Low,1,4040
tracing-subscriber 0.3.17,Low,1,4040
tracing-subscriber 0.3.18,Low,1,4040
tracing-subscriber 0.3.19,Low,1,4040
certifi 2023.11.17,Low,1,3695
certifi 2024.2.2,Low,1,3695
cryptography 42.0.5,Low,1,3695
pygments 2.17.2,Low,1,3695
vite 6.3.5,Low,1,3416
vite 7.1.2,Low,1,3416
webpack 5.101.2,Low,1,3416
activesupport 4.2.10,Low,1,3189
nokogiri 1.10.8,Low,1,3189
guava 14.0,Low,1,3107
hadoop-common 2.10.1,Low,1,3107
kafka_2.12 2.8.2,Low,1,3107
spring-webmvc 5.3.31,Low,1,3107
tomcat-embed-core 9.0.90,Low,1,3107
webpack 5.103.0,Low,1,2851
webpack 5.104.0,Low,1,2851
flask 1.0,Low,1,2846
werkzeug 0.14.1,Low,1,2846
webpack 5.74.0,Low,2,2228
activesupport 4.1.10,Low,1,2177
nokogiri 1.8.2,Low,1,2177
rack 1.6.0,Low,1,2177
guava 31.0.1-jre,Low,1,2152
jetty-server 9.4.46.v20220331,Low,1,2152
k8s.io/kubernetes v1.15.4,Low,1,2152
stdlib go1.17,Low,1,2152
bin-links 1.1.2,Low,1,2089
certifi 2023.7.22,Low,1,2089
elliptic 6.4.1,Low,1,2089
elliptic 6.5.3,Low,1,2089
es5-ext 0.10.49,Low,1,2089
handlebars 4.1.1,Low,1,2089
npm-user-validate 1.0.0,Low,1,2089
pygments 2.16.1,Low,1,2089
guava 25.1-jre,Low,2,1975
symfony/http-client v4.4.51,Low,1,1865
twig/twig v1.44.8,Low,1,1865
symfony/http-foundation v5.4.9,Low,1,1513
twig/twig v2.15.1,Low,1,1513
hadoop-common 2.9.2,Low,1,1478
hadoop-common 3.3.2,Low,1,1478
spring-context 5.3.39,Low,1,1478
logback-core 1.2.3,Low,1,1472
spring-context 5.2.15.RELEASE,Low,1,1472
nodemailer 8.0.2,Low,1,1249
commons-configuration 1.7,Low,1,914
commons-fileupload 1.2,Low,1,914
guava 12.0.1,Low,1,914
hadoop-common 2.7.2,Low,1,914
shiro-core 1.2.3,Low,1,914
vue 2.7.15,Low,1,839
log4j-core 2.1,Low,1,707
hadoop-common 2.6.0,Low,1,643
guava 13.0.1,Low,1,497
guava 20.0,Low,1,497
hadoop-common 2.3.0,Low,1,497
kafka_2.12 0.10.2.2,Low,1,497
logback-core 1.2.11,Low,1,497
logback-core 1.2.8,Low,1,497
netty-codec-http 4.1.75.Final,Low,1,497
guava 21.0,Low,1,481
guava 19.0,Low,1,444
"guava [32.0.0-android,)",Low,1,444
github.com/golang-jwt/jwt/v4 v4.4.2,Low,1,380
certifi 2022.12.7,Low,1,324
pygments 2.14.0,Low,1,324
cryptography 46.0.4,Low,1,248
actionview 7.1.5.1,Low,1,244
activestorage 7.1.5.1,Low,1,244
debug 4.2.0,Low,1,244
nokogiri 1.16.8,Low,1,244
react-draft-wysiwyg 1.14.5,Low,1,244
symfony/http-foundation v3.0.9,Low,1,190
twig/twig v1.31.0,Low,1,190
xwiki-platform-oldcore [18.3.0-SNAPSHOT],Low,1,82
cryptography 3.4.8,Low,1,75
cryptography 42.0.8,Low,1,75
pyopenssl 21.0.0,Low,1,75
pyopenssl 24.1.0,Low,1,75
pypdf 5.4.0,Low,1,75
werkzeug 2.0.2,Low,1,75
werkzeug 2.2.2,Low,1,75
webpack 5.101.3,Low,1,39
jetty-server 9.2.10.v20150310,Low,1,34
pillow 7.0.0,Low,1,2
composer/composer 2.7.7,Low,1,0
jetty-http 11.0.25,Low,1,0
keycloak-services 25.0.6,Low,1,0
koa 2.16.1,Low,1,0
pygments 2.15.1,Low,1,0
twig/twig v3.8.0,Low,1,0
minimatch 5.1.6,Unknown,7,1538132
minimatch 3.1.2,Unknown,8,1516558
ajv 8.17.1,Unknown,8,1516520
js-yaml 3.14.1,Unknown,5,1251086
minimatch 9.0.5,Unknown,5,1221882
glob 10.4.5,Unknown,3,1209720
cross-spawn 6.0.5,Unknown,5,1149900
form-data 3.0.1,Unknown,3,1144782
tmp 0.0.33,Unknown,6,1140792
flatted 3.2.7,Unknown,2,1138944
flatted 3.3.1,Unknown,3,1125254
flatted 3.3.2,Unknown,2,1111046
brace-expansion 2.0.1,Unknown,4,1047958
tmp 0.1.0,Unknown,3,1044494
ajv 8.12.0,Unknown,2,1024293
diff 5.1.0,Unknown,2,955239
form-data 2.3.3,Unknown,3,942367
debug 4.1.1,Unknown,2,942123
minimatch 9.0.3,Unknown,2,942123
minimist 0.0.8,Unknown,2,942123
@babel/helpers 7.25.6,Unknown,2,941159
flatted 2.0.2,Unknown,2,941159
handlebars 4.7.8,Unknown,2,941159
minimatch 9.0.1,Unknown,2,941159
rollup 2.79.2,Unknown,2,941159
@babel/helpers 7.10.4,Unknown,2,936529
micromatch 4.0.2,Unknown,2,936529
qs 6.5.2,Unknown,2,936529
request 2.88.2,Unknown,2,936529
semver 5.3.0,Unknown,2,936529
semver 7.3.2,Unknown,2,936529
tmpl 1.0.4,Unknown,2,936529
tough-cookie 2.5.0,Unknown,2,936529
y18n 4.0.0,Unknown,2,936529
@babel/helpers 7.12.5,Unknown,1,936285
@babel/helpers 7.15.4,Unknown,1,936285
@babel/helpers 7.17.9,Unknown,1,936285
@babel/helpers 7.18.9,Unknown,1,936285
@babel/helpers 7.19.0,Unknown,1,936285
@babel/helpers 7.20.13,Unknown,1,936285
@babel/helpers 7.24.4,Unknown,1,936285
@babel/helpers 7.24.5,Unknown,1,936285
@babel/helpers 7.26.0,Unknown,1,936285
@babel/helpers 7.26.7,Unknown,1,936285
@babel/helpers 7.7.0,Unknown,1,936285
@babel/runtime 7.10.5,Unknown,1,936285
@babel/runtime 7.11.2,Unknown,1,936285
@babel/runtime 7.15.4,Unknown,1,936285
@babel/runtime 7.17.9,Unknown,1,936285
@babel/runtime 7.18.9,Unknown,1,936285
@babel/runtime 7.19.0,Unknown,1,936285
@babel/runtime 7.22.5,Unknown,1,936285
@babel/runtime 7.23.9,Unknown,1,936285
@babel/runtime 7.24.7,Unknown,1,936285
@babel/runtime 7.26.7,Unknown,1,936285
@babel/traverse 7.10.5,Unknown,1,936285
@babel/traverse 7.11.0,Unknown,1,936285
@babel/traverse 7.11.5,Unknown,1,936285
@babel/traverse 7.12.9,Unknown,1,936285
@babel/traverse 7.17.9,Unknown,1,936285
@babel/traverse 7.18.11,Unknown,1,936285
@babel/traverse 7.20.13,Unknown,1,936285
@babel/traverse 7.22.5,Unknown,1,936285
@babel/traverse 7.7.2,Unknown,1,936285
@babel/traverse 7.7.4,Unknown,1,936285
@babel/traverse 7.8.3,Unknown,1,936285
@eslint/plugin-kit 0.2.4,Unknown,1,936285
@octokit/plugin-paginate-rest 2.21.3,Unknown,1,936285
@octokit/request 5.6.3,Unknown,1,936285
@octokit/request-error 2.1.0,Unknown,1,936285
@tootallnate/once 1.1.2,Unknown,1,936285
ajv 4.10.4,Unknown,1,936285
ajv 5.2.2,Unknown,1,936285
ajv 5.3.0,Unknown,1,936285
ajv 5.5.2,Unknown,1,936285
ajv 6.12.2,Unknown,1,936285
ajv 6.12.4,Unknown,1,936285
ajv 8.11.2,Unknown,1,936285
async 2.1.4,Unknown,1,936285
async 2.6.0,Unknown,1,936285
babel-traverse 6.23.1,Unknown,1,936285
bl 1.2.1,Unknown,1,936285
bl 3.0.0,Unknown,1,936285
brace-expansion 1.1.6,Unknown,1,936285
brace-expansion 1.1.8,Unknown,1,936285
browserslist 4.1.2,Unknown,1,936285
browserslist 4.13.0,Unknown,1,936285
browserslist 4.14.0,Unknown,1,936285
browserslist 4.8.5,Unknown,1,936285
cross-spawn 7.0.1,Unknown,1,936285
cryptiles 3.1.2,Unknown,1,936285
debug 2.6.0,Unknown,1,936285
debug 2.6.3,Unknown,1,936285
debug 4.2.0,Unknown,1,936285
diff 3.2.0,Unknown,1,936285
diff 3.3.0,Unknown,1,936285
diff 3.4.0,Unknown,1,936285
es5-ext 0.10.12,Unknown,1,936285
form-data 2.3.1,Unknown,1,936285
form-data 3.0.2,Unknown,1,936285
glob 10.2.7,Unknown,1,936285
glob 10.3.10,Unknown,1,936285
glob 10.4.2,Unknown,1,936285
glob 11.0.1,Unknown,1,936285
got 7.1.0,Unknown,1,936285
got 8.3.2,Unknown,1,936285
handlebars 4.5.3,Unknown,1,936285
handlebars 4.7.7,Unknown,1,936285
hawk 6.0.2,Unknown,1,936285
hoek 4.2.0,Unknown,1,936285
hosted-git-info 2.5.0,Unknown,1,936285
http-cache-semantics 3.8.1,Unknown,1,936285
http-cache-semantics 4.0.3,Unknown,1,936285
is-my-json-valid 2.15.0,Unknown,1,936285
js-yaml 3.10.0,Unknown,1,936285
js-yaml 3.13.1,Unknown,1,936285
js-yaml 3.6.1,Unknown,1,936285
js-yaml 3.7.0,Unknown,1,936285
js-yaml 3.9.1,Unknown,1,936285
json5 2.1.0,Unknown,1,936285
json5 2.2.0,Unknown,1,936285
json5 2.2.1,Unknown,1,936285
jsonpointer 4.0.1,Unknown,1,936285
jsonpointer 4.1.0,Unknown,1,936285
lodash 3.10.1,Unknown,1,936285
lodash 4.17.15,Unknown,1,936285
lodash 4.17.20,Unknown,1,936285
marked 0.3.6,Unknown,1,936285
marked 0.7.0,Unknown,1,936285
merge 1.2.0,Unknown,1,936285
merge 1.2.1,Unknown,1,936285
micromatch 4.0.5,Unknown,1,936285
micromatch 4.0.7,Unknown,1,936285
minimatch 10.0.1,Unknown,1,936285
minimatch 3.0.3,Unknown,1,936285
minimist 0.0.10,Unknown,1,936285
minimist 1.2.0,Unknown,1,936285
minimist 1.2.3,Unknown,1,936285
ms 0.7.2,Unknown,1,936285
node-fetch 1.7.1,Unknown,1,936285
node-fetch 1.7.2,Unknown,1,936285
node-notifier 4.6.1,Unknown,1,936285
node-notifier 5.1.2,Unknown,1,936285
node-notifier 5.4.5,Unknown,1,936285
normalize-url 4.3.0,Unknown,1,936285
nwmatcher 1.3.9,Unknown,1,936285
nwmatcher 1.4.1,Unknown,1,936285
nwmatcher 1.4.3,Unknown,1,936285
parse-git-config 2.0.3,Unknown,1,936285
picomatch 2.2.1,Unknown,1,936285
picomatch 2.2.3,Unknown,1,936285
picomatch 4.0.2,Unknown,1,936285
qs 6.2.0,Unknown,1,936285
qs 6.3.0,Unknown,1,936285
qs 6.5.0,Unknown,1,936285
qs 6.5.3,Unknown,1,936285
request 2.79.0,Unknown,1,936285
request 2.83.0,Unknown,1,936285
rollup 0.36.4,Unknown,1,936285
rollup 3.29.5,Unknown,1,936285
rollup 4.34.9,Unknown,1,936285
rollup 4.35.0,Unknown,1,936285
semver 4.3.6,Unknown,1,936285
semver 5.4.1,Unknown,1,936285
semver 5.7.0,Unknown,1,936285
semver 7.1.1,Unknown,1,936285
semver 7.3.5,Unknown,1,936285
semver 7.3.6,Unknown,1,936285
semver 7.3.7,Unknown,1,936285
semver 7.3.8,Unknown,1,936285
shelljs 0.7.6,Unknown,1,936285
shelljs 0.7.8,Unknown,1,936285
simple-git 3.28.0,Unknown,1,936285
sshpk 1.10.1,Unknown,1,936285
tar-fs 1.16.0,Unknown,1,936285
thenify 3.3.0,Unknown,1,936285
tmp 0.0.31,Unknown,1,936285
tmp 0.2.3,Unknown,1,936285
tough-cookie 2.3.4,Unknown,1,936285
tunnel-agent 0.4.3,Unknown,1,936285
ua-parser-js 0.7.12,Unknown,1,936285
ua-parser-js 0.7.14,Unknown,1,936285
ua-parser-js 0.7.17,Unknown,1,936285
ua-parser-js 0.7.20,Unknown,1,936285
undici 5.22.1,Unknown,1,936285
undici 5.28.4,Unknown,1,936285
undici 6.23.0,Unknown,1,936285
brace-expansion 1.1.11,Unknown,8,764328
ajv 6.12.6,Unknown,10,704994
picomatch 2.3.1,Unknown,7,576937
picomatch 4.0.3,Unknown,6,575361
serialize-javascript 6.0.0,Unknown,3,572181
js-yaml 4.1.0,Unknown,5,374442
minimatch 5.0.1,Unknown,2,369522
diff 4.0.2,Unknown,4,316228
ejs 3.1.8,Unknown,2,305030
yaml 2.8.1,Unknown,2,274399
minimatch 3.0.8,Unknown,2,273435
underscore 1.13.7,Unknown,2,273435
yaml 1.10.2,Unknown,4,218792
serialize-javascript 6.0.2,Unknown,4,214530
semver 5.7.1,Unknown,3,208741
esbuild 0.21.5,Unknown,2,203332
@tootallnate/once 2.0.0,Unknown,2,202687
app-builder-lib 24.9.1,Unknown,1,202659
body-parser 1.20.1,Unknown,1,202659
cookie 0.5.0,Unknown,1,202659
electron 28.0.0,Unknown,1,202659
electron 28.2.0,Unknown,1,202659
express 4.18.2,Unknown,1,202659
follow-redirects 1.15.2,Unknown,1,202659
form-data 4.0.0,Unknown,1,202659
http-proxy-middleware 2.0.6,Unknown,1,202659
nanoid 3.3.6,Unknown,1,202659
node-forge 1.3.1,Unknown,1,202659
on-headers 1.0.2,Unknown,1,202659
postcss 8.4.24,Unknown,1,202659
semver 5.6.0,Unknown,1,202659
serialize-javascript 6.0.1,Unknown,1,202659
tar 6.1.15,Unknown,1,202659
webpack 5.89.0,Unknown,1,202659
webpack-dev-server 5.0.4,Unknown,1,202659
ws 8.16.0,Unknown,1,202659
brace-expansion 2.0.2,Unknown,3,196703
go 1.26.0,Unknown,1,180955
@eslint/plugin-kit 0.2.5,Unknown,1,174761
nanoid 3.3.7,Unknown,3,124789
brace-expansion 1.1.12,Unknown,3,116062
immutable 3.8.2,Unknown,3,115457
braces 2.3.2,Unknown,4,113327
micromatch 3.1.10,Unknown,4,113327
qs 6.14.1,Unknown,2,110583
json5 0.5.1,Unknown,2,108209
tmp 0.0.28,Unknown,2,108209
cross-spawn 7.0.3,Unknown,3,106079
lodash 4.17.21,Unknown,4,105044
brace-expansion 5.0.2,Unknown,1,104259
dompurify 3.3.1,Unknown,1,104259
file-type 16.5.4,Unknown,1,104259
glob 10.4.1,Unknown,1,104259
mailparser 3.7.1,Unknown,1,104259
minimatch 10.2.2,Unknown,1,104259
nodemailer 7.0.12,Unknown,1,104259
path-to-regexp 8.2.0,Unknown,1,104259
qs 6.14.0,Unknown,1,104259
tar 7.5.9,Unknown,1,104259
ajv 8.11.0,Unknown,1,102371
brace-expansion 5.0.3,Unknown,1,102371
esbuild 0.15.18,Unknown,1,102371
esbuild 0.15.5,Unknown,1,102371
esbuild 0.18.20,Unknown,1,102371
esbuild 0.19.12,Unknown,1,102371
esbuild 0.20.0,Unknown,1,102371
esbuild 0.23.1,Unknown,1,102371
vite 4.4.11,Unknown,1,102371
webpack 5.76.1,Unknown,1,102371
braces 3.0.2,Unknown,2,101205
diff 5.0.0,Unknown,1,100961
mdast-util-to-hast 13.2.0,Unknown,1,100961
rollup 3.29.4,Unknown,1,100961
rollup 4.24.0,Unknown,1,100961
vite 5.4.8,Unknown,1,100961
@babel/runtime 7.26.9,Unknown,1,88008
ajv 8.13.0,Unknown,1,88008
markdown-it 14.1.0,Unknown,1,88008
ip 1.1.9,Unknown,1,18954
flatted 3.3.3,Unknown,3,12190
immutable 4.3.7,Unknown,2,11198
postcss 7.0.39,Unknown,2,11198
send 0.16.2,Unknown,2,11198
serve-static 1.13.2,Unknown,2,11198
@parcel/reporter-dev-server 2.13.3,Unknown,1,6324
immutable 5.1.4,Unknown,1,6324
minimatch 10.1.1,Unknown,1,6324
path-to-regexp 0.1.12,Unknown,1,6324
postcss 8.4.21,Unknown,1,6324
qs 6.2.3,Unknown,1,6324
rollup 4.55.1,Unknown,1,6324
tar 7.5.2,Unknown,1,6324
vue 2.7.16,Unknown,1,6324
vue-template-compiler 2.7.16,Unknown,1,6324
webpack 5.94.0,Unknown,1,6324
@babel/runtime 7.12.18,Unknown,1,5838
@babel/runtime 7.26.0,Unknown,1,5838
axios 1.13.2,Unknown,1,5838
bl 0.8.2,Unknown,1,5838
brace-expansion 5.0.4,Unknown,1,5838
debug 2.2.0,Unknown,1,5838
minimatch 0.3.0,Unknown,1,5838
ms 0.7.1,Unknown,1,5838
semver 2.3.2,Unknown,1,5838
diff 3.5.0,Unknown,2,5118
@babel/runtime 7.25.6,Unknown,1,4874
ajv 4.11.8,Unknown,1,4874
axios 0.21.4,Unknown,1,4874
cookie 0.4.2,Unknown,1,4874
cross-spawn 2.2.3,Unknown,1,4874
diff 5.2.0,Unknown,1,4874
eazy-logger 4.0.1,Unknown,1,4874
got 9.6.0,Unknown,1,4874
highlight.js 8.9.1,Unknown,1,4874
highlight.js 9.18.5,Unknown,1,4874
html-minifier 3.5.21,Unknown,1,4874
lodash.template 4.5.0,Unknown,1,4874
marked 0.6.3,Unknown,1,4874
marked 2.1.3,Unknown,1,4874
sassdoc-extras 2.5.1,Unknown,1,4874
semver-regex 1.0.0,Unknown,1,4874
socket.io-parser 4.2.4,Unknown,1,4874
taffydb 2.6.2,Unknown,1,4874
tar-fs 2.1.1,Unknown,1,4874
undici 6.19.8,Unknown,1,4874
webpack 5.95.0,Unknown,1,4874
ws 8.5.0,Unknown,1,4874
yaml 2.5.1,Unknown,1,4874
@babel/helpers 7.26.9,Unknown,1,3416
http-proxy-middleware 2.0.7,Unknown,1,3416
immutable 5.0.3,Unknown,1,3416
rollup 4.40.2,Unknown,1,3416
ansi-regex 3.0.0,Unknown,1,244
ansi-regex 4.1.0,Unknown,1,244
ansi-regex 5.0.0,Unknown,1,244
bn.js 4.11.9,Unknown,1,244
bn.js 5.1.3,Unknown,1,244
braces 1.8.5,Unknown,1,244
browserify-sign 4.2.1,Unknown,1,244
browserslist 4.14.5,Unknown,1,244
cipher-base 1.0.4,Unknown,1,244
cross-spawn 3.0.1,Unknown,1,244
elliptic 6.5.3,Unknown,1,244
get-func-name 2.0.0,Unknown,1,244
glob-parent 5.1.1,Unknown,1,244
handlebars 4.7.6,Unknown,1,244
hoek 4.2.1,Unknown,1,244
hoek 6.1.3,Unknown,1,244
hosted-git-info 2.8.8,Unknown,1,244
ini 1.3.5,Unknown,1,244
js-yaml 3.14.0,Unknown,1,244
json-schema 0.2.3,Unknown,1,244
json5 1.0.1,Unknown,1,244
json5 2.1.3,Unknown,1,244
loader-utils 1.4.0,Unknown,1,244
merge-deep 3.0.2,Unknown,1,244
micromatch 2.3.11,Unknown,1,244
node-notifier 8.0.0,Unknown,1,244
node-sass 4.14.1,Unknown,1,244
nth-check 1.0.2,Unknown,1,244
path-parse 1.0.6,Unknown,1,244
pathval 1.1.0,Unknown,1,244
pbkdf2 3.1.1,Unknown,1,244
picomatch 2.2.2,Unknown,1,244
postcss 6.0.23,Unknown,1,244
postcss 7.0.35,Unknown,1,244
scss-tokenizer 0.2.3,Unknown,1,244
semver 6.3.0,Unknown,1,244
semver 7.0.0,Unknown,1,244
serialize-javascript 3.1.0,Unknown,1,244
serialize-javascript 4.0.0,Unknown,1,244
set-value 3.0.2,Unknown,1,244
sha.js 2.4.11,Unknown,1,244
ssri 6.0.1,Unknown,1,244
terser 4.8.0,Unknown,1,244
tough-cookie 3.0.1,Unknown,1,244
trim-newlines 1.0.0,Unknown,1,244
word-wrap 1.2.3,Unknown,1,244
ws 6.2.1,Unknown,1,244
ws 7.3.1,Unknown,1,244
y18n 3.2.1,Unknown,1,244
yargs-parser 9.0.2,Unknown,1,244
